WIDTH=8;
DEPTH=50400;

ADDRESS_RADIX=UNS;
DATA_RADIX=HEX;

CONTENT BEGIN
    [0..274] : 00;
    275 : 44;
    [276..277] : F8;
    278 : FC;
    279 : F8;
    280 : 68;
    [281..565] : 00;
    566 : 6D;
    567 : 6C;
    [568..572] : 8C;
    573 : 6C;
    574 : 8C;
    575 : 24;
    [576..577] : 00;
    578 : 48;
    [579..807] : 6C;
    [808..820] : 68;
    821 : 44;
    [822..834] : 00;
    835 : 91;
    [836..839] : F8;
    840 : B0;
    841 : 8C;
    [842..843] : 68;
    [844..850] : 00;
    [851..852] : 44;
    853 : 40;
    [854..866] : 68;
    [867..1104] : 6C;
    1105 : 20;
    1106 : 00;
    [1107..1115] : 6C;
    [1116..1125] : 00;
    1126 : 6D;
    1127 : 6C;
    [1128..1132] : 8C;
    1133 : 6C;
    1134 : 8C;
    1135 : 24;
    [1136..1137] : 00;
    1138 : 48;
    [1139..1367] : 6C;
    [1368..1380] : 68;
    1381 : 44;
    [1382..1394] : 00;
    1395 : 91;
    [1396..1399] : F8;
    1400 : B0;
    1401 : 8C;
    [1402..1403] : 68;
    [1404..1410] : 00;
    [1411..1412] : 44;
    1413 : 40;
    [1414..1426] : 68;
    [1427..1664] : 6C;
    1665 : 20;
    1666 : 00;
    [1667..1675] : 6C;
    [1676..1683] : 00;
    1684 : 24;
    [1685..1686] : FE;
    [1687..1694] : FC;
    1695 : 6C;
    [1696..1697] : 00;
    1698 : 90;
    1699 : FC;
    1700 : F8;
    [1701..1865] : FC;
    [1866..1868] : F8;
    [1869..1870] : FC;
    [1871..1875] : F8;
    [1876..1884] : FC;
    [1885..1926] : F8;
    [1927..1938] : F4;
    1939 : F0;
    1940 : D0;
    1941 : AC;
    [1942..1954] : 00;
    1955 : DA;
    [1956..1957] : FC;
    [1958..1959] : F8;
    [1960..1961] : F4;
    [1962..1963] : D4;
    [1964..1968] : 00;
    [1969..1970] : 20;
    1971 : AC;
    1972 : A8;
    1973 : 88;
    1974 : D0;
    1975 : F0;
    [1976..1981] : F4;
    [1982..1984] : F0;
    [1985..1987] : F4;
    [1988..2028] : F8;
    [2029..2208] : FC;
    [2209..2223] : F8;
    2224 : D4;
    2225 : 44;
    2226 : 24;
    2227 : D8;
    [2228..2237] : FC;
    2238 : 20;
    [2239..2243] : 00;
    2244 : B5;
    [2245..2246] : FE;
    [2247..2254] : FC;
    2255 : 6C;
    [2256..2257] : 00;
    2258 : 8C;
    [2259..2277] : F8;
    [2278..2286] : FC;
    [2287..2291] : F8;
    [2292..2294] : FC;
    [2295..2455] : F8;
    [2456..2463] : F4;
    [2464..2474] : F8;
    [2475..2498] : F4;
    [2499..2500] : D0;
    2501 : AC;
    [2502..2514] : 00;
    2515 : FD;
    [2516..2519] : FC;
    [2520..2521] : F4;
    [2522..2523] : D0;
    2524 : 20;
    [2525..2528] : 00;
    [2529..2530] : 24;
    2531 : CC;
    2532 : A8;
    2533 : 88;
    [2534..2535] : F0;
    [2536..2547] : F4;
    [2548..2580] : F8;
    [2581..2585] : F4;
    [2586..2646] : F8;
    [2647..2660] : FC;
    [2661..2673] : F8;
    [2674..2677] : FC;
    [2678..2781] : F8;
    [2782..2783] : F4;
    2784 : D4;
    2785 : 44;
    2786 : 24;
    2787 : FD;
    [2788..2797] : FC;
    2798 : D8;
    [2799..2803] : 00;
    2804 : B5;
    [2805..2806] : FE;
    [2807..2814] : FC;
    2815 : 6C;
    [2816..2817] : 00;
    2818 : 8C;
    [2819..2831] : F8;
    [2832..2858] : FC;
    [2859..2864] : F8;
    [2865..2879] : FC;
    [2880..2881] : F8;
    [2882..2883] : FC;
    2884 : F8;
    [2885..2886] : FC;
    [2887..2908] : F8;
    [2909..2910] : FC;
    2911 : F8;
    [2912..2934] : FC;
    [2935..3017] : F8;
    3018 : F4;
    [3019..3034] : F8;
    3035 : F4;
    [3036..3037] : F8;
    [3038..3043] : F4;
    [3044..3047] : F8;
    [3048..3058] : F4;
    [3059..3060] : D0;
    3061 : AC;
    [3062..3072] : 00;
    [3073..3074] : 91;
    3075 : FE;
    [3076..3079] : FC;
    [3080..3083] : F4;
    [3084..3085] : 90;
    3086 : 48;
    [3087..3088] : 00;
    [3089..3090] : 24;
    3091 : AC;
    3092 : A8;
    3093 : AC;
    3094 : F0;
    [3095..3107] : F4;
    [3108..3148] : F8;
    [3149..3154] : FC;
    [3155..3177] : F8;
    [3178..3180] : FC;
    [3181..3185] : F8;
    [3186..3188] : FC;
    [3189..3190] : F8;
    3191 : FC;
    [3192..3201] : F8;
    [3202..3264] : FC;
    [3265..3341] : F8;
    [3342..3343] : F4;
    3344 : D4;
    3345 : 44;
    3346 : 24;
    3347 : D9;
    [3348..3357] : FC;
    3358 : D8;
    3359 : 44;
    [3360..3363] : 00;
    3364 : B5;
    [3365..3366] : FE;
    [3367..3374] : FC;
    3375 : 6C;
    [3376..3377] : 00;
    3378 : 8C;
    [3379..3391] : F8;
    [3392..3418] : FC;
    [3419..3424] : F8;
    [3425..3439] : FC;
    [3440..3441] : F8;
    [3442..3443] : FC;
    3444 : F8;
    [3445..3446] : FC;
    [3447..3468] : F8;
    [3469..3470] : FC;
    3471 : F8;
    [3472..3494] : FC;
    [3495..3577] : F8;
    3578 : F4;
    [3579..3594] : F8;
    3595 : F4;
    [3596..3597] : F8;
    [3598..3603] : F4;
    [3604..3607] : F8;
    [3608..3618] : F4;
    [3619..3620] : D0;
    3621 : AC;
    [3622..3632] : 00;
    [3633..3634] : 91;
    3635 : FE;
    [3636..3639] : FC;
    [3640..3643] : F4;
    [3644..3645] : 90;
    3646 : 48;
    [3647..3648] : 00;
    [3649..3650] : 24;
    3651 : AC;
    3652 : A8;
    3653 : AC;
    3654 : F0;
    [3655..3667] : F4;
    [3668..3708] : F8;
    [3709..3714] : FC;
    [3715..3737] : F8;
    [3738..3740] : FC;
    [3741..3745] : F8;
    [3746..3748] : FC;
    [3749..3750] : F8;
    3751 : FC;
    [3752..3761] : F8;
    [3762..3824] : FC;
    [3825..3901] : F8;
    [3902..3903] : F4;
    3904 : D4;
    3905 : 44;
    3906 : 24;
    3907 : D9;
    [3908..3917] : FC;
    3918 : D8;
    3919 : 44;
    [3920..3923] : 00;
    3924 : B4;
    [3925..3931] : FC;
    3932 : F8;
    3933 : B0;
    [3934..3937] : 00;
    3938 : 90;
    [3939..3940] : FC;
    3941 : 48;
    [3942..4191] : 00;
    4192 : 48;
    [4193..4194] : FF;
    4195 : FE;
    [4196..4198] : FC;
    4199 : F8;
    [4200..4201] : F4;
    [4202..4203] : F8;
    [4204..4205] : FC;
    4206 : B4;
    [4207..4459] : 00;
    4460 : 20;
    4461 : F8;
    [4462..4463] : F9;
    4464 : D8;
    4465 : 48;
    [4466..4467] : 00;
    4468 : 90;
    [4469..4470] : FC;
    [4471..4474] : F8;
    [4475..4477] : FC;
    4478 : D8;
    4479 : 48;
    [4480..4483] : 00;
    4484 : B0;
    [4485..4490] : FC;
    [4491..4492] : F8;
    4493 : B0;
    [4494..4497] : 00;
    4498 : 90;
    [4499..4500] : FD;
    4501 : 24;
    [4502..4677] : 00;
    4678 : 20;
    [4679..4751] : 00;
    4752 : 48;
    [4753..4754] : FF;
    4755 : FE;
    [4756..4758] : FC;
    4759 : F8;
    [4760..4763] : F4;
    [4764..4765] : FC;
    4766 : B4;
    [4767..5020] : 00;
    [5021..5023] : F8;
    5024 : D8;
    5025 : 48;
    [5026..5027] : 00;
    5028 : 90;
    [5029..5030] : FC;
    [5031..5034] : F8;
    [5035..5037] : FC;
    5038 : D8;
    5039 : 48;
    [5040..5043] : 00;
    5044 : B4;
    [5045..5050] : FC;
    [5051..5052] : F8;
    5053 : D4;
    5054 : 8C;
    5055 : 44;
    [5056..5057] : 00;
    5058 : B0;
    [5059..5060] : F8;
    5061 : 24;
    [5062..5201] : 00;
    [5202..5203] : 04;
    [5204..5235] : 00;
    [5236..5237] : 40;
    5238 : A0;
    5239 : 60;
    [5240..5304] : 00;
    5305 : 24;
    5306 : 90;
    5307 : B0;
    5308 : B5;
    [5309..5311] : B6;
    5312 : D6;
    [5313..5314] : FD;
    [5315..5319] : FC;
    [5320..5323] : F4;
    5324 : F8;
    5325 : FC;
    5326 : F8;
    [5327..5330] : B5;
    5331 : 8C;
    5332 : 20;
    [5333..5421] : 00;
    [5422..5423] : 04;
    [5424..5530] : 00;
    5531 : 04;
    5532 : 2C;
    5533 : 04;
    [5534..5580] : 00;
    5581 : D4;
    [5582..5584] : F8;
    5585 : B0;
    [5586..5587] : 90;
    5588 : D8;
    [5589..5591] : FC;
    [5592..5594] : F8;
    [5595..5597] : FC;
    5598 : D8;
    5599 : 48;
    [5600..5603] : 00;
    5604 : B4;
    [5605..5610] : FC;
    [5611..5612] : F8;
    5613 : D4;
    5614 : 8C;
    5615 : 44;
    [5616..5617] : 00;
    5618 : B0;
    [5619..5620] : F8;
    5621 : 24;
    [5622..5761] : 00;
    [5762..5763] : 04;
    [5764..5795] : 00;
    [5796..5797] : 40;
    5798 : A0;
    5799 : 60;
    [5800..5864] : 00;
    5865 : 24;
    5866 : 90;
    5867 : B0;
    5868 : B5;
    [5869..5871] : B6;
    5872 : D6;
    [5873..5874] : FD;
    [5875..5879] : FC;
    [5880..5883] : F4;
    5884 : F8;
    5885 : FC;
    5886 : F8;
    [5887..5890] : B5;
    5891 : 8C;
    5892 : 20;
    [5893..5981] : 00;
    [5982..5983] : 04;
    [5984..6090] : 00;
    6091 : 04;
    6092 : 2C;
    6093 : 04;
    [6094..6140] : 00;
    6141 : D4;
    [6142..6144] : F8;
    6145 : B0;
    [6146..6147] : 90;
    6148 : D8;
    [6149..6151] : FC;
    [6152..6154] : F8;
    [6155..6157] : FC;
    6158 : D8;
    6159 : 48;
    6160 : 25;
    [6161..6163] : 00;
    6164 : B4;
    [6165..6166] : FC;
    6167 : F8;
    6168 : F4;
    [6169..6170] : F8;
    [6171..6173] : FC;
    6174 : F8;
    6175 : B0;
    [6176..6177] : 24;
    6178 : 68;
    6179 : AC;
    6180 : F8;
    6181 : 24;
    [6182..6231] : 00;
    6232 : 20;
    6233 : 90;
    6234 : 6C;
    [6235..6320] : 00;
    6321 : 08;
    [6322..6323] : 58;
    6324 : 2C;
    [6325..6354] : 00;
    6355 : 20;
    [6356..6357] : C0;
    [6358..6359] : E0;
    6360 : 80;
    [6361..6424] : 00;
    6425 : 48;
    6426 : D8;
    6427 : FC;
    6428 : FD;
    [6429..6431] : FE;
    6432 : FD;
    [6433..6437] : F8;
    [6438..6439] : FC;
    [6440..6443] : F4;
    [6444..6446] : F8;
    [6447..6448] : FD;
    [6449..6450] : FC;
    6451 : D8;
    6452 : 44;
    [6453..6539] : 00;
    6540 : 04;
    6541 : 34;
    [6542..6543] : 38;
    6544 : 08;
    [6545..6648] : 00;
    [6649..6650] : 04;
    6651 : 34;
    6652 : 58;
    6653 : 54;
    6654 : 08;
    [6655..6700] : 00;
    [6701..6703] : F8;
    6704 : 68;
    6705 : B0;
    [6706..6707] : FC;
    [6708..6710] : FD;
    6711 : FC;
    6712 : F8;
    6713 : F4;
    6714 : F8;
    [6715..6717] : FC;
    6718 : D8;
    6719 : 48;
    6720 : 49;
    [6721..6723] : 00;
    6724 : B0;
    [6725..6727] : FC;
    [6728..6730] : F8;
    [6731..6733] : FC;
    [6734..6735] : F8;
    [6736..6737] : 8C;
    6738 : 20;
    6739 : 64;
    6740 : D4;
    6741 : 20;
    [6742..6784] : 00;
    6785 : 24;
    [6786..6790] : 00;
    6791 : 20;
    6792 : 68;
    [6793..6794] : D8;
    6795 : 24;
    [6796..6879] : 00;
    6880 : 04;
    6881 : 34;
    [6882..6883] : 58;
    6884 : 34;
    6885 : 04;
    [6886..6914] : 00;
    6915 : A0;
    [6916..6917] : C0;
    6918 : E0;
    [6919..6920] : C0;
    6921 : 60;
    [6922..6984] : 00;
    6985 : 48;
    6986 : D8;
    [6987..6992] : FC;
    [6993..6997] : F8;
    6998 : FC;
    6999 : F8;
    [7000..7003] : F4;
    [7004..7007] : F8;
    7008 : FC;
    [7009..7010] : F8;
    7011 : D8;
    7012 : 24;
    [7013..7099] : 00;
    7100 : 2C;
    [7101..7103] : 38;
    7104 : 34;
    7105 : 0C;
    [7106..7208] : 00;
    [7209..7210] : 2C;
    [7211..7213] : 54;
    7214 : 34;
    7215 : 04;
    [7216..7260] : 00;
    7261 : F8;
    [7262..7263] : B0;
    7264 : 24;
    7265 : 90;
    [7266..7271] : FC;
    [7272..7274] : F8;
    [7275..7277] : FC;
    7278 : D8;
    7279 : 48;
    7280 : 24;
    [7281..7283] : 00;
    7284 : B0;
    [7285..7286] : FC;
    7287 : B4;
    [7288..7291] : 24;
    7292 : 44;
    7293 : F4;
    7294 : F8;
    7295 : FC;
    [7296..7297] : D4;
    7298 : 24;
    [7299..7343] : 00;
    7344 : D8;
    7345 : FC;
    7346 : 90;
    [7347..7350] : 00;
    7351 : 44;
    7352 : 48;
    7353 : B0;
    7354 : FC;
    7355 : D4;
    [7356..7357] : 24;
    [7358..7439] : 00;
    7440 : 54;
    [7441..7444] : 58;
    7445 : 38;
    7446 : 0C;
    [7447..7474] : 00;
    7475 : C0;
    [7476..7477] : E0;
    [7478..7481] : C0;
    [7482..7483] : 60;
    [7484..7511] : 00;
    7512 : 48;
    7513 : 44;
    [7514..7545] : 00;
    7546 : 44;
    7547 : 90;
    [7548..7559] : F8;
    [7560..7567] : F4;
    7568 : F8;
    [7569..7570] : 8C;
    7571 : 44;
    [7572..7600] : 00;
    7601 : 08;
    [7602..7630] : 00;
    7631 : 60;
    7632 : E0;
    7633 : 80;
    [7634..7657] : 00;
    7658 : 99;
    7659 : 9D;
    7660 : 59;
    [7661..7663] : 34;
    [7664..7665] : 38;
    7666 : 2C;
    7667 : 04;
    [7668..7715] : 00;
    [7716..7717] : 04;
    7718 : 08;
    [7719..7768] : 00;
    [7769..7770] : 30;
    [7771..7774] : 54;
    7775 : 34;
    [7776..7777] : 08;
    [7778..7823] : 00;
    7824 : 20;
    7825 : B0;
    [7826..7830] : FC;
    7831 : F8;
    7832 : 44;
    7833 : 24;
    7834 : 68;
    [7835..7837] : FC;
    7838 : D8;
    7839 : 48;
    7840 : 24;
    [7841..7843] : 00;
    7844 : B0;
    [7845..7846] : FC;
    7847 : B4;
    [7848..7851] : 24;
    7852 : 44;
    7853 : F4;
    7854 : F8;
    7855 : FC;
    [7856..7857] : D4;
    7858 : 24;
    [7859..7903] : 00;
    7904 : D8;
    7905 : FC;
    7906 : 90;
    [7907..7910] : 00;
    7911 : 44;
    7912 : 48;
    7913 : B0;
    7914 : FC;
    7915 : D4;
    [7916..7917] : 24;
    [7918..7999] : 00;
    8000 : 54;
    [8001..8004] : 58;
    8005 : 38;
    8006 : 0C;
    [8007..8034] : 00;
    8035 : C0;
    [8036..8037] : E0;
    [8038..8041] : C0;
    [8042..8043] : 60;
    [8044..8071] : 00;
    8072 : 48;
    8073 : 44;
    [8074..8105] : 00;
    8106 : 44;
    8107 : 90;
    [8108..8119] : F8;
    [8120..8127] : F4;
    8128 : F8;
    [8129..8130] : 8C;
    8131 : 44;
    [8132..8160] : 00;
    8161 : 08;
    [8162..8190] : 00;
    8191 : 60;
    8192 : E0;
    8193 : 80;
    [8194..8217] : 00;
    8218 : 99;
    8219 : 9D;
    8220 : 59;
    [8221..8223] : 34;
    [8224..8225] : 38;
    8226 : 2C;
    8227 : 04;
    [8228..8275] : 00;
    [8276..8277] : 04;
    8278 : 08;
    [8279..8328] : 00;
    [8329..8330] : 30;
    [8331..8334] : 54;
    8335 : 34;
    [8336..8337] : 08;
    [8338..8383] : 00;
    8384 : 20;
    8385 : B0;
    [8386..8390] : FC;
    8391 : F8;
    8392 : 44;
    8393 : 24;
    8394 : 68;
    [8395..8397] : FC;
    8398 : D8;
    8399 : 48;
    8400 : 24;
    [8401..8403] : 00;
    8404 : 90;
    [8405..8406] : FC;
    8407 : 90;
    [8408..8412] : 00;
    8413 : D0;
    8414 : F8;
    8415 : FC;
    [8416..8417] : D4;
    8418 : 24;
    [8419..8463] : 00;
    8464 : F8;
    8465 : FC;
    8466 : 90;
    [8467..8472] : 00;
    8473 : 8C;
    8474 : D8;
    8475 : B0;
    [8476..8559] : 00;
    [8560..8563] : 58;
    [8564..8565] : 38;
    8566 : 34;
    8567 : 04;
    [8568..8594] : 00;
    8595 : 60;
    [8596..8597] : E0;
    [8598..8603] : C0;
    8604 : 60;
    [8605..8630] : 00;
    8631 : 48;
    [8632..8633] : D8;
    8634 : 44;
    [8635..8666] : 00;
    8667 : 20;
    8668 : B0;
    [8669..8678] : F8;
    [8679..8687] : F4;
    8688 : F8;
    [8689..8690] : 44;
    [8691..8719] : 00;
    8720 : 04;
    8721 : 19;
    [8722..8723] : 08;
    [8724..8748] : 00;
    [8749..8750] : 60;
    8751 : E0;
    8752 : E4;
    8753 : E0;
    8754 : 60;
    [8755..8777] : 00;
    8778 : 74;
    8779 : 99;
    8780 : 58;
    [8781..8784] : 38;
    8785 : 34;
    8786 : 38;
    8787 : 30;
    8788 : 04;
    [8789..8835] : 00;
    [8836..8837] : 50;
    8838 : 55;
    8839 : 04;
    [8840..8888] : 00;
    [8889..8890] : 2C;
    [8891..8895] : 54;
    [8896..8897] : 30;
    8898 : 04;
    [8899..8943] : 00;
    8944 : 20;
    8945 : B0;
    [8946..8947] : FC;
    [8948..8950] : F8;
    8951 : D0;
    [8952..8953] : 00;
    8954 : 44;
    [8955..8957] : FC;
    8958 : D8;
    8959 : 48;
    8960 : 24;
    [8961..8963] : 00;
    8964 : 48;
    [8965..8966] : 6C;
    8967 : 48;
    [8968..8972] : 00;
    8973 : 44;
    [8974..8975] : 8C;
    [8976..8977] : 6C;
    [8978..8985] : 00;
    [8986..8987] : 04;
    [8988..9021] : 00;
    [9022..9023] : 6D;
    9024 : F8;
    9025 : FC;
    9026 : B4;
    [9027..9032] : 00;
    9033 : 44;
    9034 : 24;
    [9035..9119] : 00;
    9120 : 2C;
    9121 : 34;
    [9122..9123] : 38;
    [9124..9125] : 34;
    9126 : 38;
    9127 : 34;
    [9128..9155] : 00;
    [9156..9157] : 60;
    9158 : 80;
    [9159..9163] : C0;
    9164 : E0;
    9165 : 60;
    [9166..9188] : 00;
    [9189..9190] : 48;
    [9191..9193] : FC;
    9194 : D8;
    9195 : 6C;
    [9196..9227] : 00;
    9228 : 24;
    [9229..9230] : 8C;
    9231 : D4;
    [9232..9238] : F8;
    [9239..9246] : F4;
    9247 : 8C;
    9248 : 88;
    [9249..9250] : 20;
    [9251..9278] : 00;
    9279 : 08;
    9280 : 10;
    9281 : 39;
    [9282..9283] : 34;
    9284 : 08;
    9285 : 04;
    [9286..9307] : 00;
    9308 : 60;
    [9309..9313] : E4;
    9314 : E0;
    9315 : 80;
    [9316..9337] : 00;
    9338 : 04;
    9339 : 08;
    9340 : 28;
    9341 : 0C;
    [9342..9343] : 10;
    [9344..9345] : 34;
    [9346..9347] : 38;
    9348 : 14;
    [9349..9350] : 04;
    [9351..9393] : 00;
    9394 : 48;
    9395 : 90;
    [9396..9397] : 94;
    9398 : 79;
    9399 : 35;
    9400 : 08;
    [9401..9450] : 00;
    9451 : 28;
    9452 : 30;
    [9453..9458] : 54;
    9459 : 04;
    [9460..9473] : 00;
    9474 : 6C;
    9475 : 48;
    [9476..9504] : 00;
    9505 : 48;
    [9506..9508] : 8C;
    [9509..9510] : 68;
    9511 : 24;
    [9512..9514] : 00;
    9515 : 8C;
    [9516..9518] : 6C;
    9519 : 24;
    9520 : 49;
    [9521..9523] : 00;
    9524 : 24;
    9525 : 68;
    [9526..9527] : 48;
    [9528..9531] : 68;
    9532 : 24;
    [9533..9544] : 00;
    9545 : 08;
    [9546..9547] : 10;
    9548 : 04;
    [9549..9580] : 00;
    9581 : 6C;
    [9582..9583] : FF;
    [9584..9585] : FC;
    9586 : F8;
    9587 : 44;
    9588 : 20;
    [9589..9680] : 00;
    9681 : 04;
    [9682..9683] : 34;
    [9684..9685] : 38;
    9686 : 0C;
    9687 : 04;
    [9688..9718] : 00;
    9719 : A0;
    9720 : E0;
    9721 : C0;
    [9722..9723] : E0;
    9724 : A0;
    9725 : 20;
    [9726..9747] : 00;
    9748 : 24;
    [9749..9750] : B4;
    [9751..9755] : FC;
    [9756..9757] : 6C;
    [9758..9788] : 00;
    [9789..9790] : 44;
    9791 : D4;
    [9792..9795] : F8;
    [9796..9797] : F4;
    9798 : F0;
    [9799..9805] : F4;
    9806 : D0;
    9807 : 20;
    [9808..9837] : 00;
    9838 : 08;
    [9839..9843] : 39;
    9844 : 31;
    9845 : 04;
    [9846..9867] : 00;
    9868 : 60;
    [9869..9870] : E0;
    [9871..9874] : E4;
    9875 : E0;
    [9876..9877] : A0;
    9878 : 20;
    [9879..9901] : 00;
    [9902..9903] : 04;
    9904 : 14;
    9905 : 34;
    9906 : 38;
    9907 : 34;
    9908 : 10;
    [9909..9910] : 04;
    [9911..9952] : 00;
    9953 : 04;
    9954 : B9;
    9955 : FD;
    [9956..9957] : DD;
    9958 : 79;
    9959 : 59;
    9960 : 2C;
    [9961..10011] : 00;
    10012 : 04;
    10013 : 54;
    10014 : 58;
    [10015..10017] : 54;
    10018 : 50;
    [10019..10026] : 00;
    10027 : 24;
    10028 : 6C;
    [10029..10032] : 00;
    10033 : 24;
    10034 : F8;
    10035 : D4;
    [10036..10037] : 24;
    [10038..10070] : 00;
    [10071..10077] : 48;
    10078 : 24;
    10079 : 00;
    10080 : 49;
    [10081..10083] : 00;
    10084 : 24;
    10085 : 68;
    [10086..10087] : 48;
    [10088..10091] : 68;
    10092 : 24;
    [10093..10104] : 00;
    10105 : 08;
    [10106..10107] : 10;
    10108 : 04;
    [10109..10140] : 00;
    10141 : 6C;
    [10142..10143] : FF;
    [10144..10145] : FC;
    10146 : F8;
    10147 : 44;
    10148 : 20;
    [10149..10240] : 00;
    10241 : 04;
    [10242..10243] : 34;
    [10244..10245] : 38;
    10246 : 0C;
    10247 : 04;
    [10248..10278] : 00;
    10279 : A0;
    10280 : E0;
    10281 : C0;
    [10282..10283] : E0;
    10284 : A0;
    10285 : 20;
    [10286..10307] : 00;
    10308 : 24;
    [10309..10310] : B4;
    [10311..10315] : FC;
    [10316..10317] : 6C;
    [10318..10348] : 00;
    [10349..10350] : 44;
    10351 : D4;
    [10352..10355] : F8;
    [10356..10357] : F4;
    10358 : F0;
    [10359..10365] : F4;
    10366 : D0;
    10367 : 20;
    [10368..10397] : 00;
    10398 : 08;
    [10399..10403] : 39;
    10404 : 31;
    10405 : 04;
    [10406..10427] : 00;
    10428 : 60;
    [10429..10430] : E0;
    [10431..10434] : E4;
    10435 : E0;
    [10436..10437] : A0;
    10438 : 20;
    [10439..10461] : 00;
    [10462..10463] : 04;
    10464 : 14;
    10465 : 34;
    10466 : 38;
    10467 : 34;
    10468 : 10;
    [10469..10470] : 04;
    [10471..10512] : 00;
    10513 : 04;
    10514 : B9;
    10515 : FD;
    [10516..10517] : DD;
    10518 : 79;
    10519 : 59;
    10520 : 2C;
    [10521..10571] : 00;
    10572 : 04;
    10573 : 54;
    10574 : 58;
    [10575..10577] : 54;
    10578 : 50;
    [10579..10586] : 00;
    10587 : 24;
    10588 : 6C;
    [10589..10592] : 00;
    10593 : 24;
    10594 : F8;
    10595 : D4;
    [10596..10597] : 24;
    [10598..10630] : 00;
    [10631..10637] : 48;
    10638 : 24;
    10639 : 00;
    10640 : 24;
    [10641..10643] : 00;
    10644 : 8C;
    [10645..10646] : D4;
    10647 : D8;
    [10648..10650] : F8;
    10651 : D4;
    10652 : 8C;
    [10653..10664] : 00;
    10665 : 10;
    10666 : 30;
    10667 : 14;
    10668 : 08;
    [10669..10700] : 00;
    10701 : B5;
    [10702..10703] : FE;
    [10704..10705] : FC;
    10706 : F8;
    10707 : B0;
    10708 : AC;
    [10709..10710] : 68;
    [10711..10801] : 00;
    [10802..10803] : 08;
    10804 : 34;
    10805 : 0C;
    [10806..10838] : 00;
    10839 : 40;
    [10840..10841] : C0;
    [10842..10843] : A0;
    10844 : 20;
    [10845..10867] : 00;
    10868 : 24;
    [10869..10870] : D8;
    [10871..10875] : FC;
    [10876..10877] : D8;
    10878 : 6C;
    [10879..10907] : 00;
    10908 : 20;
    [10909..10910] : D4;
    [10911..10915] : F8;
    [10916..10926] : F4;
    10927 : 64;
    [10928..10957] : 00;
    10958 : 04;
    10959 : 10;
    [10960..10961] : 39;
    [10962..10963] : 59;
    10964 : 2C;
    [10965..10988] : 00;
    [10989..10990] : 60;
    10991 : C0;
    [10992..10997] : E4;
    10998 : C0;
    10999 : 40;
    [11000..11023] : 00;
    11024 : 08;
    [11025..11027] : 34;
    11028 : 04;
    [11029..11073] : 00;
    11074 : 50;
    11075 : B4;
    [11076..11077] : BD;
    11078 : 79;
    11079 : 30;
    11080 : 04;
    [11081..11132] : 00;
    11133 : 08;
    [11134..11135] : 54;
    [11136..11137] : 30;
    11138 : 04;
    [11139..11146] : 00;
    11147 : 48;
    11148 : D8;
    [11149..11150] : 24;
    [11151..11152] : 00;
    11153 : 24;
    11154 : F8;
    11155 : D4;
    [11156..11157] : 24;
    [11158..11188] : 00;
    [11189..11190] : 48;
    [11191..11194] : D8;
    [11195..11197] : D4;
    11198 : B0;
    11199 : 20;
    11200 : 24;
    [11201..11203] : 00;
    11204 : 8C;
    [11205..11206] : F8;
    [11207..11208] : FC;
    [11209..11211] : F8;
    11212 : 8C;
    [11213..11224] : 00;
    11225 : 0C;
    [11226..11230] : 34;
    11231 : 0C;
    [11232..11257] : 00;
    11258 : 8C;
    11259 : D5;
    [11260..11263] : FE;
    11264 : FC;
    11265 : FD;
    11266 : FC;
    [11267..11270] : F8;
    [11271..11272] : D4;
    11273 : 68;
    [11274..11400] : 00;
    11401 : 20;
    [11402..11430] : 00;
    11431 : 90;
    [11432..11438] : FC;
    11439 : 6C;
    [11440..11467] : 00;
    11468 : 8C;
    [11469..11472] : F8;
    [11473..11474] : F4;
    11475 : D0;
    [11476..11477] : 44;
    [11478..11479] : 24;
    11480 : 44;
    [11481..11487] : F4;
    11488 : D4;
    [11489..11490] : 44;
    [11491..11519] : 00;
    11520 : 24;
    11521 : B9;
    [11522..11523] : 50;
    [11524..11551] : 00;
    11552 : 80;
    [11553..11555] : E4;
    [11556..11558] : E0;
    11559 : 80;
    [11560..11584] : 00;
    11585 : 04;
    11586 : 08;
    11587 : 04;
    [11588..11635] : 00;
    [11636..11637] : 28;
    11638 : 54;
    11639 : 04;
    [11640..11694] : 00;
    11695 : 2C;
    [11696..11697] : 04;
    [11698..11707] : 00;
    11708 : 24;
    [11709..11712] : 00;
    11713 : B4;
    [11714..11715] : F8;
    [11716..11717] : 6C;
    [11718..11748] : 00;
    [11749..11750] : 48;
    [11751..11753] : FC;
    11754 : F8;
    [11755..11757] : F4;
    11758 : D0;
    11759 : 20;
    11760 : 24;
    [11761..11763] : 00;
    11764 : 8C;
    [11765..11766] : F8;
    11767 : D8;
    11768 : 90;
    [11769..11770] : 8C;
    11771 : B0;
    11772 : 68;
    [11773..11784] : 00;
    11785 : 08;
    11786 : 14;
    [11787..11790] : 34;
    11791 : 08;
    [11792..11815] : 00;
    [11816..11817] : 24;
    [11818..11819] : FE;
    [11820..11821] : FD;
    [11822..11823] : FC;
    [11824..11825] : FD;
    11826 : FC;
    [11827..11832] : F8;
    11833 : 8C;
    [11834..11991] : 00;
    11992 : 6C;
    [11993..11997] : FC;
    11998 : F8;
    11999 : 24;
    [12000..12027] : 00;
    12028 : 8C;
    [12029..12032] : F8;
    [12033..12034] : F4;
    12035 : 8C;
    [12036..12040] : 00;
    [12041..12047] : F4;
    12048 : F8;
    [12049..12050] : 44;
    [12051..12079] : 00;
    12080 : 20;
    12081 : B5;
    [12082..12083] : 48;
    [12084..12112] : 00;
    12113 : 80;
    [12114..12117] : E4;
    12118 : 80;
    [12119..12145] : 00;
    12146 : 04;
    [12147..12197] : 00;
    12198 : 08;
    [12199..12272] : 00;
    [12273..12275] : F8;
    [12276..12277] : 8C;
    [12278..12308] : 00;
    [12309..12310] : 24;
    [12311..12312] : B0;
    12313 : 90;
    12314 : D4;
    12315 : F8;
    [12316..12317] : F4;
    12318 : D4;
    [12319..12320] : 24;
    [12321..12323] : 00;
    12324 : 8C;
    [12325..12326] : F8;
    12327 : D8;
    12328 : 90;
    [12329..12330] : 8C;
    12331 : B0;
    12332 : 68;
    [12333..12344] : 00;
    12345 : 08;
    12346 : 14;
    [12347..12350] : 34;
    12351 : 08;
    [12352..12375] : 00;
    [12376..12377] : 24;
    [12378..12379] : FE;
    [12380..12381] : FD;
    [12382..12383] : FC;
    [12384..12385] : FD;
    12386 : FC;
    [12387..12392] : F8;
    12393 : 8C;
    [12394..12551] : 00;
    12552 : 6C;
    [12553..12557] : FC;
    12558 : F8;
    12559 : 24;
    [12560..12587] : 00;
    12588 : 8C;
    [12589..12592] : F8;
    [12593..12594] : F4;
    12595 : 8C;
    [12596..12600] : 00;
    [12601..12607] : F4;
    12608 : F8;
    [12609..12610] : 44;
    [12611..12639] : 00;
    12640 : 20;
    12641 : B5;
    [12642..12643] : 48;
    [12644..12672] : 00;
    12673 : 80;
    [12674..12677] : E4;
    12678 : 80;
    [12679..12705] : 00;
    12706 : 04;
    [12707..12757] : 00;
    12758 : 08;
    [12759..12832] : 00;
    [12833..12835] : F8;
    [12836..12837] : 8C;
    [12838..12868] : 00;
    [12869..12870] : 24;
    [12871..12872] : B0;
    12873 : 90;
    12874 : D4;
    12875 : F8;
    [12876..12877] : F4;
    12878 : D4;
    [12879..12880] : 24;
    [12881..12883] : 00;
    12884 : 8C;
    [12885..12886] : F8;
    12887 : 8C;
    [12888..12905] : 00;
    12906 : 04;
    [12907..12908] : 0C;
    [12909..12910] : 04;
    [12911..12935] : 00;
    [12936..12937] : 24;
    [12938..12939] : B4;
    [12940..12943] : F8;
    [12944..12946] : FC;
    [12947..12948] : F8;
    [12949..12950] : F4;
    [12951..12952] : B0;
    12953 : 48;
    [12954..13112] : 00;
    13113 : 48;
    13114 : D8;
    13115 : FC;
    [13116..13117] : D4;
    13118 : 24;
    [13119..13147] : 00;
    13148 : 8C;
    [13149..13150] : F8;
    [13151..13153] : F4;
    13154 : D0;
    [13155..13160] : 00;
    13161 : 24;
    [13162..13163] : 68;
    [13164..13168] : F4;
    [13169..13170] : 44;
    [13171..13233] : 00;
    13234 : 60;
    13235 : C0;
    [13236..13237] : 80;
    [13238..13390] : 00;
    [13391..13392] : 48;
    [13393..13394] : FC;
    13395 : F8;
    [13396..13397] : B0;
    [13398..13399] : 44;
    [13400..13433] : 00;
    13434 : 6C;
    13435 : F8;
    [13436..13437] : F4;
    13438 : D0;
    13439 : 20;
    13440 : 24;
    [13441..13443] : 00;
    13444 : 8C;
    [13445..13446] : F8;
    13447 : 8C;
    [13448..13497] : 00;
    13498 : 20;
    13499 : 24;
    13500 : 90;
    13501 : D4;
    [13502..13503] : F8;
    [13504..13505] : FC;
    13506 : F8;
    13507 : F4;
    13508 : D4;
    [13509..13510] : 68;
    [13511..13673] : 00;
    13674 : 48;
    13675 : B4;
    [13676..13677] : 24;
    [13678..13707] : 00;
    13708 : 68;
    [13709..13712] : B0;
    13713 : AC;
    13714 : 88;
    [13715..13721] : 00;
    [13722..13723] : 44;
    [13724..13728] : B0;
    [13729..13730] : 24;
    [13731..13794] : 00;
    13795 : 40;
    [13796..13797] : 20;
    [13798..13946] : 00;
    [13947..13948] : 24;
    [13949..13950] : 6C;
    13951 : DA;
    13952 : FE;
    13953 : FD;
    [13954..13957] : F8;
    [13958..13959] : D4;
    13960 : 68;
    [13961..13963] : 24;
    [13964..13993] : 00;
    13994 : 6C;
    13995 : F8;
    [13996..13997] : F4;
    13998 : D0;
    13999 : 20;
    14000 : 24;
    [14001..14003] : 00;
    14004 : 8C;
    [14005..14006] : F8;
    14007 : 8C;
    [14008..14057] : 00;
    14058 : 20;
    14059 : 24;
    14060 : 90;
    14061 : D4;
    [14062..14063] : F8;
    [14064..14065] : FC;
    14066 : F8;
    14067 : F4;
    14068 : D4;
    [14069..14070] : 68;
    [14071..14233] : 00;
    14234 : 48;
    14235 : B4;
    [14236..14237] : 24;
    [14238..14267] : 00;
    14268 : 68;
    [14269..14272] : B0;
    14273 : AC;
    14274 : 88;
    [14275..14281] : 00;
    [14282..14283] : 44;
    [14284..14288] : B0;
    [14289..14290] : 24;
    [14291..14354] : 00;
    14355 : 40;
    [14356..14357] : 20;
    [14358..14506] : 00;
    [14507..14508] : 24;
    [14509..14510] : 6C;
    14511 : DA;
    14512 : FE;
    14513 : FD;
    [14514..14517] : F8;
    [14518..14519] : D4;
    14520 : 68;
    [14521..14523] : 24;
    [14524..14553] : 00;
    14554 : 6C;
    14555 : F8;
    [14556..14557] : F4;
    14558 : D0;
    14559 : 20;
    14560 : 24;
    [14561..14563] : 00;
    14564 : 8C;
    [14565..14566] : F8;
    14567 : 8C;
    [14568..14619] : 00;
    14620 : 20;
    14621 : 8C;
    [14622..14623] : FC;
    [14624..14626] : F8;
    14627 : D0;
    14628 : 44;
    [14629..14828] : 00;
    [14829..14832] : 20;
    [14833..14843] : 00;
    [14844..14848] : 20;
    [14849..15066] : 00;
    [15067..15068] : B4;
    [15069..15070] : D8;
    [15071..15072] : FF;
    15073 : FE;
    [15074..15079] : F8;
    15080 : D8;
    15081 : D4;
    [15082..15083] : B0;
    15084 : 24;
    [15085..15113] : 00;
    15114 : 6C;
    15115 : F8;
    [15116..15117] : F4;
    15118 : D0;
    15119 : 20;
    15120 : 24;
    [15121..15123] : 00;
    15124 : AC;
    [15125..15126] : F8;
    15127 : 8C;
    [15128..15180] : 00;
    15181 : 24;
    [15182..15183] : 48;
    [15184..15185] : F8;
    15186 : D4;
    15187 : 20;
    15188 : 00;
    [15189..15192] : 24;
    15193 : 48;
    [15194..15626] : 00;
    [15627..15628] : 48;
    [15629..15630] : 90;
    15631 : FC;
    [15632..15633] : FD;
    [15634..15637] : F8;
    15638 : F4;
    15639 : D0;
    15640 : 6C;
    [15641..15643] : 48;
    [15644..15673] : 00;
    15674 : 6C;
    15675 : F8;
    [15676..15677] : F4;
    15678 : D0;
    15679 : 20;
    15680 : 24;
    [15681..15683] : 00;
    15684 : AC;
    [15685..15686] : F8;
    15687 : 8C;
    [15688..15743] : 00;
    15744 : D8;
    15745 : F8;
    15746 : 8C;
    [15747..15748] : 00;
    [15749..15750] : 68;
    15751 : B4;
    15752 : B0;
    15753 : 6C;
    [15754..15760] : 00;
    15761 : 08;
    [15762..15763] : 0C;
    [15764..15765] : 10;
    [15766..15768] : 0C;
    [15769..15779] : 10;
    15780 : 0C;
    15781 : 08;
    [15782..15787] : 00;
    15788 : 08;
    [15789..15806] : 10;
    15807 : 0C;
    15808 : 08;
    [15809..15811] : 00;
    15812 : 08;
    [15813..15823] : 0C;
    15824 : 10;
    15825 : 0C;
    15826 : 04;
    [15827..15828] : 00;
    [15829..15830] : 08;
    [15831..15843] : 0C;
    15844 : 04;
    [15845..15846] : 00;
    15847 : 04;
    [15848..15867] : 10;
    15868 : 04;
    [15869..15871] : 00;
    15872 : 08;
    [15873..15874] : 10;
    [15875..15880] : 0C;
    [15881..15895] : 10;
    [15896..15897] : 08;
    [15898..15903] : 00;
    15904 : 04;
    [15905..15924] : 10;
    15925 : 04;
    15926 : 00;
    15927 : 04;
    15928 : 0C;
    [15929..15954] : 10;
    15955 : 0C;
    [15956..15957] : 04;
    15958 : 00;
    15959 : 04;
    15960 : 0C;
    [15961..15964] : 10;
    [15965..15968] : 0C;
    [15969..15979] : 10;
    15980 : 0C;
    [15981..15994] : 00;
    15995 : 08;
    [15996..15997] : 0C;
    [15998..16007] : 10;
    16008 : 0C;
    [16009..16011] : 00;
    16012 : 04;
    [16013..16023] : 0C;
    16024 : 10;
    16025 : 0C;
    16026 : 04;
    [16027..16028] : 00;
    [16029..16030] : 0C;
    [16031..16048] : 10;
    [16049..16050] : 0C;
    16051 : 04;
    [16052..16053] : 00;
    16054 : 0C;
    [16055..16057] : 10;
    [16058..16066] : 0C;
    [16067..16068] : 08;
    [16069..16070] : 0C;
    [16071..16072] : 10;
    [16073..16079] : 0C;
    16080 : 10;
    16081 : 0C;
    [16082..16092] : 00;
    16093 : 08;
    [16094..16103] : 0C;
    16104 : 10;
    [16105..16106] : 0C;
    16107 : 04;
    [16108..16110] : 00;
    16111 : 04;
    16112 : 0C;
    16113 : 10;
    [16114..16120] : 0C;
    [16121..16123] : 10;
    16124 : 0C;
    [16125..16126] : 00;
    16127 : 04;
    [16128..16145] : 0C;
    16146 : 10;
    16147 : 0C;
    16148 : 08;
    [16149..16151] : 00;
    16152 : 08;
    [16153..16164] : 0C;
    16165 : 08;
    [16166..16168] : 00;
    [16169..16171] : 0C;
    16172 : 10;
    [16173..16181] : 0C;
    [16182..16183] : 08;
    [16184..16188] : 00;
    [16189..16190] : 44;
    16191 : D4;
    [16192..16193] : FC;
    [16194..16197] : F8;
    16198 : F4;
    16199 : AC;
    16200 : 20;
    [16201..16218] : 00;
    [16219..16220] : 04;
    [16221..16233] : 00;
    16234 : 6C;
    16235 : F8;
    [16236..16237] : F4;
    16238 : D0;
    16239 : 20;
    16240 : 24;
    [16241..16243] : 00;
    16244 : AC;
    [16245..16246] : F8;
    16247 : 8C;
    [16248..16303] : 00;
    16304 : D8;
    16305 : F8;
    16306 : 8C;
    [16307..16308] : 00;
    [16309..16310] : 68;
    16311 : B4;
    16312 : B0;
    16313 : 6C;
    [16314..16320] : 00;
    16321 : 08;
    [16322..16323] : 0C;
    [16324..16325] : 10;
    [16326..16328] : 0C;
    [16329..16339] : 10;
    16340 : 0C;
    16341 : 08;
    [16342..16347] : 00;
    16348 : 08;
    [16349..16366] : 10;
    16367 : 0C;
    16368 : 08;
    [16369..16371] : 00;
    16372 : 08;
    [16373..16383] : 0C;
    16384 : 10;
    16385 : 0C;
    16386 : 04;
    [16387..16388] : 00;
    [16389..16390] : 08;
    [16391..16403] : 0C;
    16404 : 04;
    [16405..16406] : 00;
    16407 : 04;
    [16408..16427] : 10;
    16428 : 04;
    [16429..16431] : 00;
    16432 : 08;
    [16433..16434] : 10;
    [16435..16440] : 0C;
    [16441..16455] : 10;
    [16456..16457] : 08;
    [16458..16463] : 00;
    16464 : 04;
    [16465..16484] : 10;
    16485 : 04;
    16486 : 00;
    16487 : 04;
    16488 : 0C;
    [16489..16514] : 10;
    16515 : 0C;
    [16516..16517] : 04;
    16518 : 00;
    16519 : 04;
    16520 : 0C;
    [16521..16524] : 10;
    [16525..16528] : 0C;
    [16529..16539] : 10;
    16540 : 0C;
    [16541..16554] : 00;
    16555 : 08;
    [16556..16557] : 0C;
    [16558..16567] : 10;
    16568 : 0C;
    [16569..16571] : 00;
    16572 : 04;
    [16573..16583] : 0C;
    16584 : 10;
    16585 : 0C;
    16586 : 04;
    [16587..16588] : 00;
    [16589..16590] : 0C;
    [16591..16608] : 10;
    [16609..16610] : 0C;
    16611 : 04;
    [16612..16613] : 00;
    16614 : 0C;
    [16615..16617] : 10;
    [16618..16626] : 0C;
    [16627..16628] : 08;
    [16629..16630] : 0C;
    [16631..16632] : 10;
    [16633..16639] : 0C;
    16640 : 10;
    16641 : 0C;
    [16642..16652] : 00;
    16653 : 08;
    [16654..16663] : 0C;
    16664 : 10;
    [16665..16666] : 0C;
    16667 : 04;
    [16668..16670] : 00;
    16671 : 04;
    16672 : 0C;
    16673 : 10;
    [16674..16680] : 0C;
    [16681..16683] : 10;
    16684 : 0C;
    [16685..16686] : 00;
    16687 : 04;
    [16688..16705] : 0C;
    16706 : 10;
    16707 : 0C;
    16708 : 08;
    [16709..16711] : 00;
    16712 : 08;
    [16713..16724] : 0C;
    16725 : 08;
    [16726..16728] : 00;
    [16729..16731] : 0C;
    16732 : 10;
    [16733..16741] : 0C;
    [16742..16743] : 08;
    [16744..16748] : 00;
    [16749..16750] : 44;
    16751 : D4;
    [16752..16753] : FC;
    [16754..16757] : F8;
    16758 : F4;
    16759 : AC;
    16760 : 20;
    [16761..16778] : 00;
    [16779..16780] : 04;
    [16781..16793] : 00;
    16794 : 6C;
    16795 : F8;
    [16796..16797] : F4;
    16798 : D0;
    16799 : 20;
    16800 : 24;
    [16801..16803] : 00;
    16804 : 8C;
    [16805..16806] : F8;
    16807 : 90;
    [16808..16827] : 00;
    16828 : 20;
    [16829..16838] : 24;
    [16839..16841] : 00;
    [16842..16843] : 20;
    [16844..16845] : 24;
    16846 : 20;
    16847 : 24;
    [16848..16855] : 20;
    [16856..16863] : 00;
    16864 : D4;
    16865 : D8;
    16866 : 8C;
    [16867..16868] : 00;
    [16869..16870] : 68;
    [16871..16872] : D8;
    16873 : 6C;
    [16874..16879] : 00;
    16880 : 0C;
    16881 : 1C;
    [16882..16901] : 18;
    [16902..16903] : 08;
    [16904..16906] : 00;
    16907 : 10;
    [16908..16910] : 1C;
    [16911..16927] : 18;
    16928 : 1C;
    [16929..16930] : 08;
    16931 : 00;
    16932 : 18;
    16933 : 1C;
    [16934..16944] : 18;
    16945 : 1C;
    16946 : 0C;
    16947 : 00;
    16948 : 04;
    [16949..16950] : 18;
    16951 : 1C;
    [16952..16963] : 18;
    16964 : 0C;
    16965 : 00;
    16966 : 08;
    16967 : 18;
    16968 : 1C;
    [16969..16986] : 18;
    16987 : 1C;
    16988 : 18;
    [16989..16990] : 08;
    16991 : 04;
    16992 : 14;
    16993 : 1C;
    [16994..17014] : 18;
    17015 : 1C;
    [17016..17017] : 3C;
    17018 : 04;
    [17019..17021] : 00;
    [17022..17023] : 04;
    17024 : 14;
    17025 : 3C;
    [17026..17043] : 18;
    17044 : 1C;
    17045 : 18;
    17046 : 00;
    17047 : 0C;
    [17048..17050] : 1C;
    [17051..17073] : 18;
    [17074..17075] : 1C;
    [17076..17077] : 14;
    17078 : 04;
    17079 : 10;
    17080 : 1C;
    [17081..17098] : 18;
    [17099..17100] : 1C;
    17101 : 08;
    [17102..17113] : 00;
    17114 : 04;
    [17115..17117] : 1C;
    [17118..17127] : 18;
    17128 : 1C;
    [17129..17130] : 10;
    17131 : 00;
    17132 : 0C;
    17133 : 1C;
    [17134..17144] : 18;
    17145 : 1C;
    17146 : 10;
    17147 : 00;
    17148 : 08;
    [17149..17150] : 18;
    17151 : 1C;
    [17152..17168] : 18;
    [17169..17170] : 1C;
    17171 : 14;
    [17172..17173] : 00;
    17174 : 18;
    17175 : 1C;
    [17176..17188] : 18;
    [17189..17190] : 1C;
    [17191..17200] : 18;
    17201 : 1C;
    [17202..17203] : 10;
    17204 : 04;
    [17205..17211] : 00;
    17212 : 0C;
    [17213..17215] : 18;
    [17216..17217] : 14;
    [17218..17226] : 18;
    17227 : 10;
    [17228..17230] : 00;
    17231 : 18;
    17232 : 1C;
    [17233..17243] : 18;
    17244 : 1C;
    17245 : 10;
    17246 : 00;
    17247 : 0C;
    [17248..17250] : 1C;
    [17251..17268] : 18;
    [17269..17271] : 04;
    17272 : 18;
    17273 : 1C;
    [17274..17284] : 18;
    17285 : 1C;
    17286 : 0C;
    17287 : 00;
    17288 : 04;
    [17289..17297] : 18;
    [17298..17300] : 14;
    [17301..17303] : 18;
    17304 : 0C;
    [17305..17310] : 00;
    17311 : 20;
    17312 : B0;
    17313 : FC;
    [17314..17315] : F8;
    [17316..17317] : F4;
    17318 : 88;
    [17319..17334] : 00;
    [17335..17337] : 04;
    17338 : 0C;
    [17339..17340] : 10;
    [17341..17353] : 00;
    17354 : 6C;
    17355 : F8;
    [17356..17357] : F4;
    17358 : D0;
    17359 : 20;
    17360 : 24;
    [17361..17363] : 00;
    17364 : 8C;
    [17365..17366] : F8;
    17367 : 90;
    [17368..17384] : 00;
    17385 : 6D;
    17386 : 90;
    17387 : 91;
    17388 : B2;
    [17389..17397] : B6;
    [17398..17399] : 92;
    [17400..17401] : 91;
    [17402..17403] : B1;
    [17404..17405] : B5;
    17406 : B0;
    17407 : B4;
    [17408..17414] : B0;
    17415 : 8C;
    [17416..17417] : 24;
    [17418..17423] : 00;
    [17424..17425] : 48;
    17426 : 24;
    [17427..17428] : 00;
    [17429..17430] : 24;
    [17431..17432] : 6C;
    17433 : 48;
    [17434..17438] : 00;
    17439 : 04;
    17440 : 14;
    17441 : 18;
    [17442..17443] : 0C;
    [17444..17459] : 08;
    17460 : 0C;
    17461 : 18;
    [17462..17463] : 10;
    [17464..17465] : 00;
    17466 : 04;
    17467 : 10;
    17468 : 18;
    [17469..17470] : 10;
    17471 : 0C;
    [17472..17486] : 08;
    17487 : 0C;
    17488 : 18;
    [17489..17490] : 10;
    17491 : 08;
    17492 : 18;
    17493 : 14;
    [17494..17503] : 08;
    17504 : 0C;
    [17505..17506] : 14;
    17507 : 00;
    17508 : 08;
    [17509..17510] : 18;
    17511 : 14;
    [17512..17521] : 08;
    [17522..17523] : 14;
    17524 : 10;
    17525 : 04;
    17526 : 10;
    17527 : 1C;
    17528 : 14;
    [17529..17530] : 0C;
    [17531..17545] : 08;
    17546 : 0C;
    17547 : 14;
    17548 : 1C;
    [17549..17550] : 0C;
    17551 : 04;
    [17552..17553] : 10;
    [17554..17573] : 08;
    17574 : 0C;
    17575 : 14;
    [17576..17577] : 3C;
    17578 : 34;
    17579 : 04;
    [17580..17581] : 00;
    [17582..17583] : 08;
    17584 : 18;
    17585 : 14;
    [17586..17603] : 08;
    17604 : 14;
    17605 : 18;
    17606 : 04;
    17607 : 10;
    17608 : 1C;
    [17609..17610] : 10;
    17611 : 08;
    17612 : 0C;
    [17613..17617] : 08;
    [17618..17619] : 0C;
    [17620..17633] : 08;
    17634 : 0C;
    17635 : 18;
    [17636..17637] : 10;
    17638 : 08;
    17639 : 14;
    17640 : 18;
    [17641..17658] : 08;
    17659 : 10;
    17660 : 18;
    17661 : 14;
    [17662..17663] : 0C;
    [17664..17673] : 00;
    17674 : 08;
    17675 : 1C;
    [17676..17677] : 14;
    [17678..17686] : 08;
    17687 : 0C;
    [17688..17690] : 14;
    17691 : 00;
    17692 : 0C;
    17693 : 18;
    17694 : 0C;
    [17695..17704] : 08;
    [17705..17706] : 14;
    17707 : 08;
    17708 : 10;
    [17709..17710] : 18;
    17711 : 14;
    [17712..17727] : 08;
    17728 : 0C;
    [17729..17731] : 18;
    17732 : 04;
    17733 : 00;
    17734 : 14;
    17735 : 10;
    [17736..17745] : 08;
    17746 : 10;
    [17747..17748] : 14;
    [17749..17750] : 10;
    [17751..17760] : 08;
    [17761..17763] : 14;
    17764 : 08;
    [17765..17771] : 00;
    17772 : 0C;
    17773 : 18;
    17774 : 10;
    [17775..17784] : 08;
    17785 : 0C;
    17786 : 18;
    17787 : 14;
    [17788..17790] : 00;
    [17791..17792] : 14;
    [17793..17801] : 08;
    [17802..17803] : 0C;
    17804 : 14;
    17805 : 10;
    17806 : 04;
    17807 : 0C;
    17808 : 18;
    [17809..17810] : 10;
    [17811..17826] : 08;
    17827 : 0C;
    17828 : 18;
    [17829..17831] : 08;
    17832 : 18;
    17833 : 10;
    [17834..17843] : 08;
    17844 : 0C;
    17845 : 1C;
    17846 : 10;
    17847 : 00;
    17848 : 04;
    [17849..17850] : 14;
    17851 : 0C;
    [17852..17860] : 08;
    17861 : 0C;
    [17862..17863] : 18;
    17864 : 10;
    [17865..17868] : 00;
    [17869..17870] : 24;
    17871 : 00;
    17872 : 24;
    17873 : 90;
    [17874..17875] : F8;
    [17876..17877] : 8C;
    [17878..17879] : 00;
    17880 : 24;
    17881 : 44;
    [17882..17893] : 00;
    17894 : 2C;
    17895 : 34;
    [17896..17897] : 30;
    [17898..17900] : 14;
    17901 : 0C;
    [17902..17904] : 08;
    [17905..17913] : 00;
    17914 : 6C;
    [17915..17917] : F8;
    17918 : D0;
    17919 : 20;
    17920 : 24;
    [17921..17923] : 00;
    17924 : 8C;
    [17925..17926] : F8;
    17927 : B0;
    [17928..17943] : 00;
    17944 : 24;
    17945 : DA;
    [17946..17947] : FD;
    [17948..17965] : FF;
    [17966..17968] : FD;
    [17969..17974] : FC;
    17975 : D8;
    [17976..17977] : 24;
    [17978..17990] : 00;
    [17991..17992] : 24;
    [17993..17997] : 00;
    17998 : 08;
    17999 : 10;
    18000 : 18;
    18001 : 14;
    [18002..18003] : 04;
    18004 : 00;
    [18005..18017] : 24;
    18018 : 04;
    18019 : 00;
    18020 : 08;
    18021 : 14;
    [18022..18023] : 18;
    18024 : 10;
    18025 : 04;
    18026 : 08;
    [18027..18028] : 14;
    [18029..18031] : 00;
    [18032..18045] : 24;
    18046 : 00;
    18047 : 04;
    [18048..18052] : 18;
    18053 : 14;
    [18054..18055] : 00;
    [18056..18061] : 24;
    [18062..18064] : 00;
    18065 : 10;
    18066 : 14;
    [18067..18068] : 08;
    [18069..18070] : 18;
    18071 : 0C;
    18072 : 00;
    18073 : 04;
    [18074..18079] : 24;
    [18080..18081] : 00;
    [18082..18083] : 14;
    18084 : 18;
    [18085..18086] : 14;
    18087 : 18;
    18088 : 08;
    [18089..18090] : 00;
    18091 : 04;
    [18092..18104] : 24;
    [18105..18106] : 00;
    18107 : 10;
    18108 : 1C;
    [18109..18110] : 10;
    18111 : 08;
    18112 : 10;
    18113 : 0C;
    18114 : 00;
    [18115..18132] : 24;
    [18133..18134] : 00;
    18135 : 10;
    [18136..18137] : 38;
    18138 : 3C;
    18139 : 10;
    [18140..18141] : 04;
    [18142..18143] : 08;
    18144 : 18;
    18145 : 10;
    [18146..18147] : 00;
    [18148..18160] : 24;
    [18161..18163] : 00;
    18164 : 14;
    18165 : 18;
    [18166..18167] : 14;
    18168 : 18;
    [18169..18170] : 08;
    18171 : 04;
    [18172..18192] : 24;
    [18193..18194] : 00;
    18195 : 14;
    [18196..18197] : 18;
    18198 : 14;
    18199 : 18;
    18200 : 14;
    [18201..18203] : 00;
    [18204..18217] : 24;
    18218 : 00;
    18219 : 08;
    18220 : 14;
    [18221..18223] : 38;
    18224 : 04;
    [18225..18233] : 00;
    18234 : 08;
    18235 : 1C;
    [18236..18237] : 14;
    18238 : 00;
    18239 : 04;
    [18240..18245] : 24;
    [18246..18247] : 00;
    18248 : 14;
    [18249..18250] : 10;
    18251 : 00;
    18252 : 0C;
    18253 : 14;
    [18254..18255] : 04;
    [18256..18261] : 24;
    [18262..18264] : 00;
    18265 : 10;
    [18266..18270] : 18;
    18271 : 0C;
    18272 : 00;
    [18273..18286] : 24;
    [18287..18288] : 04;
    [18289..18290] : 14;
    18291 : 18;
    18292 : 0C;
    18293 : 08;
    18294 : 14;
    18295 : 0C;
    [18296..18297] : 04;
    [18298..18303] : 24;
    [18304..18305] : 00;
    18306 : 0C;
    18307 : 14;
    18308 : 18;
    [18309..18310] : 0C;
    18311 : 00;
    [18312..18318] : 24;
    [18319..18320] : 00;
    [18321..18323] : 14;
    18324 : 04;
    [18325..18331] : 00;
    18332 : 0C;
    18333 : 18;
    18334 : 08;
    18335 : 00;
    [18336..18337] : 04;
    [18338..18343] : 24;
    18344 : 00;
    18345 : 08;
    [18346..18347] : 14;
    [18348..18350] : 00;
    18351 : 14;
    18352 : 0C;
    18353 : 00;
    [18354..18360] : 24;
    18361 : 00;
    [18362..18363] : 04;
    [18364..18365] : 14;
    18366 : 10;
    [18367..18368] : 14;
    [18369..18370] : 04;
    18371 : 00;
    [18372..18384] : 24;
    18385 : 04;
    18386 : 00;
    18387 : 08;
    18388 : 18;
    [18389..18391] : 14;
    18392 : 18;
    18393 : 10;
    18394 : 00;
    18395 : 04;
    [18396..18400] : 24;
    18401 : 04;
    [18402..18403] : 00;
    18404 : 04;
    18405 : 18;
    18406 : 10;
    18407 : 00;
    18408 : 04;
    [18409..18410] : 14;
    18411 : 08;
    18412 : 00;
    [18413..18419] : 24;
    18420 : 00;
    18421 : 08;
    [18422..18423] : 14;
    18424 : 10;
    [18425..18426] : 00;
    18427 : 48;
    [18428..18430] : 90;
    [18431..18432] : 00;
    18433 : 48;
    18434 : FC;
    18435 : F8;
    [18436..18437] : 6C;
    [18438..18439] : 00;
    18440 : 48;
    18441 : D8;
    [18442..18443] : 8C;
    [18444..18453] : 00;
    18454 : 39;
    [18455..18457] : 5D;
    18458 : 1C;
    [18459..18460] : 18;
    18461 : 10;
    [18462..18464] : 0C;
    [18465..18473] : 00;
    18474 : 6C;
    [18475..18477] : F8;
    18478 : D0;
    18479 : 20;
    18480 : 24;
    [18481..18483] : 00;
    18484 : 8C;
    [18485..18486] : F8;
    18487 : B0;
    [18488..18503] : 00;
    18504 : 24;
    18505 : DA;
    [18506..18507] : FD;
    [18508..18525] : FF;
    [18526..18528] : FD;
    [18529..18534] : FC;
    18535 : D8;
    [18536..18537] : 24;
    [18538..18550] : 00;
    [18551..18552] : 24;
    [18553..18557] : 00;
    18558 : 08;
    18559 : 10;
    18560 : 18;
    18561 : 14;
    [18562..18563] : 04;
    18564 : 00;
    [18565..18577] : 24;
    18578 : 04;
    18579 : 00;
    18580 : 08;
    18581 : 14;
    [18582..18583] : 18;
    18584 : 10;
    18585 : 04;
    18586 : 08;
    [18587..18588] : 14;
    [18589..18591] : 00;
    [18592..18605] : 24;
    18606 : 00;
    18607 : 04;
    [18608..18612] : 18;
    18613 : 14;
    [18614..18615] : 00;
    [18616..18621] : 24;
    [18622..18624] : 00;
    18625 : 10;
    18626 : 14;
    [18627..18628] : 08;
    [18629..18630] : 18;
    18631 : 0C;
    18632 : 00;
    18633 : 04;
    [18634..18639] : 24;
    [18640..18641] : 00;
    [18642..18643] : 14;
    18644 : 18;
    [18645..18646] : 14;
    18647 : 18;
    18648 : 08;
    [18649..18650] : 00;
    18651 : 04;
    [18652..18664] : 24;
    [18665..18666] : 00;
    18667 : 10;
    18668 : 1C;
    [18669..18670] : 10;
    18671 : 08;
    18672 : 10;
    18673 : 0C;
    18674 : 00;
    [18675..18692] : 24;
    [18693..18694] : 00;
    18695 : 10;
    [18696..18697] : 38;
    18698 : 3C;
    18699 : 10;
    [18700..18701] : 04;
    [18702..18703] : 08;
    18704 : 18;
    18705 : 10;
    [18706..18707] : 00;
    [18708..18720] : 24;
    [18721..18723] : 00;
    18724 : 14;
    18725 : 18;
    [18726..18727] : 14;
    18728 : 18;
    [18729..18730] : 08;
    18731 : 04;
    [18732..18752] : 24;
    [18753..18754] : 00;
    18755 : 14;
    [18756..18757] : 18;
    18758 : 14;
    18759 : 18;
    18760 : 14;
    [18761..18763] : 00;
    [18764..18777] : 24;
    18778 : 00;
    18779 : 08;
    18780 : 14;
    [18781..18783] : 38;
    18784 : 04;
    [18785..18793] : 00;
    18794 : 08;
    18795 : 1C;
    [18796..18797] : 14;
    18798 : 00;
    18799 : 04;
    [18800..18805] : 24;
    [18806..18807] : 00;
    18808 : 14;
    [18809..18810] : 10;
    18811 : 00;
    18812 : 0C;
    18813 : 14;
    [18814..18815] : 04;
    [18816..18821] : 24;
    [18822..18824] : 00;
    18825 : 10;
    [18826..18830] : 18;
    18831 : 0C;
    18832 : 00;
    [18833..18846] : 24;
    [18847..18848] : 04;
    [18849..18850] : 14;
    18851 : 18;
    18852 : 0C;
    18853 : 08;
    18854 : 14;
    18855 : 0C;
    [18856..18857] : 04;
    [18858..18863] : 24;
    [18864..18865] : 00;
    18866 : 0C;
    18867 : 14;
    18868 : 18;
    [18869..18870] : 0C;
    18871 : 00;
    [18872..18878] : 24;
    [18879..18880] : 00;
    [18881..18883] : 14;
    18884 : 04;
    [18885..18891] : 00;
    18892 : 0C;
    18893 : 18;
    18894 : 08;
    18895 : 00;
    [18896..18897] : 04;
    [18898..18903] : 24;
    18904 : 00;
    18905 : 08;
    [18906..18907] : 14;
    [18908..18910] : 00;
    18911 : 14;
    18912 : 0C;
    18913 : 00;
    [18914..18920] : 24;
    18921 : 00;
    [18922..18923] : 04;
    [18924..18925] : 14;
    18926 : 10;
    [18927..18928] : 14;
    [18929..18930] : 04;
    18931 : 00;
    [18932..18944] : 24;
    18945 : 04;
    18946 : 00;
    18947 : 08;
    18948 : 18;
    [18949..18951] : 14;
    18952 : 18;
    18953 : 10;
    18954 : 00;
    18955 : 04;
    [18956..18960] : 24;
    18961 : 04;
    [18962..18963] : 00;
    18964 : 04;
    18965 : 18;
    18966 : 10;
    18967 : 00;
    18968 : 04;
    [18969..18970] : 14;
    18971 : 08;
    18972 : 00;
    [18973..18979] : 24;
    18980 : 00;
    18981 : 08;
    [18982..18983] : 14;
    18984 : 10;
    [18985..18986] : 00;
    18987 : 48;
    [18988..18990] : 90;
    [18991..18992] : 00;
    18993 : 48;
    18994 : FC;
    18995 : F8;
    [18996..18997] : 6C;
    [18998..18999] : 00;
    19000 : 48;
    19001 : D8;
    [19002..19003] : 8C;
    [19004..19013] : 00;
    19014 : 39;
    [19015..19017] : 5D;
    19018 : 1C;
    [19019..19020] : 18;
    19021 : 10;
    [19022..19024] : 0C;
    [19025..19033] : 00;
    19034 : 6C;
    [19035..19037] : F8;
    19038 : D0;
    19039 : 20;
    19040 : 24;
    [19041..19043] : 00;
    19044 : 8C;
    [19045..19046] : F8;
    19047 : B0;
    [19048..19063] : 00;
    19064 : 24;
    19065 : F9;
    [19066..19067] : FD;
    [19068..19072] : FF;
    [19073..19084] : FE;
    19085 : FD;
    [19086..19088] : FC;
    [19089..19094] : F8;
    19095 : D4;
    [19096..19097] : 24;
    [19098..19115] : 00;
    [19116..19117] : 0C;
    [19118..19119] : 14;
    19120 : 18;
    19121 : 14;
    [19122..19123] : 04;
    19124 : 6D;
    [19125..19137] : DB;
    19138 : B6;
    19139 : 28;
    19140 : 04;
    19141 : 14;
    [19142..19144] : 18;
    [19145..19146] : 14;
    19147 : 18;
    19148 : 14;
    [19149..19150] : 00;
    19151 : 6D;
    [19152..19164] : DB;
    19165 : B7;
    [19166..19167] : 04;
    [19168..19172] : 18;
    19173 : 14;
    19174 : 24;
    19175 : 92;
    [19176..19180] : DB;
    19181 : BB;
    [19182..19183] : 49;
    19184 : 04;
    19185 : 14;
    19186 : 18;
    [19187..19188] : 14;
    [19189..19190] : 18;
    19191 : 0C;
    19192 : 04;
    19193 : B6;
    [19194..19199] : DB;
    19200 : 24;
    19201 : 00;
    [19202..19203] : 14;
    [19204..19207] : 18;
    19208 : 08;
    [19209..19210] : 04;
    19211 : BA;
    [19212..19224] : DB;
    19225 : 71;
    19226 : 00;
    19227 : 10;
    [19228..19230] : 18;
    [19231..19232] : 14;
    19233 : 08;
    19234 : 48;
    19235 : B6;
    [19236..19252] : DB;
    19253 : 71;
    19254 : 00;
    19255 : 0C;
    [19256..19259] : 18;
    [19260..19261] : 14;
    [19262..19263] : 18;
    19264 : 1C;
    19265 : 14;
    19266 : 00;
    19267 : B6;
    [19268..19280] : DB;
    19281 : 6D;
    [19282..19283] : 00;
    19284 : 10;
    [19285..19287] : 18;
    19288 : 14;
    [19289..19290] : 08;
    19291 : 92;
    19292 : BB;
    [19293..19312] : DB;
    19313 : 24;
    19314 : 00;
    19315 : 14;
    [19316..19319] : 18;
    19320 : 14;
    19321 : 00;
    [19322..19323] : 6D;
    [19324..19335] : DB;
    [19336..19337] : B6;
    19338 : 29;
    19339 : 08;
    19340 : 14;
    [19341..19343] : 18;
    19344 : 14;
    19345 : 10;
    19346 : 04;
    [19347..19353] : 00;
    19354 : 04;
    19355 : 1C;
    [19356..19357] : 14;
    19358 : 24;
    19359 : 96;
    [19360..19364] : DB;
    19365 : BB;
    19366 : 4D;
    19367 : 04;
    19368 : 14;
    [19369..19370] : 10;
    19371 : 00;
    19372 : 0C;
    19373 : 14;
    19374 : 04;
    19375 : B6;
    [19376..19381] : DB;
    [19382..19383] : 6D;
    19384 : 00;
    19385 : 10;
    [19386..19390] : 18;
    19391 : 0C;
    19392 : 24;
    [19393..19405] : DB;
    19406 : BB;
    19407 : 92;
    19408 : 04;
    [19409..19414] : 14;
    19415 : 0C;
    [19416..19417] : 71;
    [19418..19423] : DB;
    19424 : 71;
    19425 : 00;
    19426 : 0C;
    [19427..19428] : 18;
    [19429..19430] : 0C;
    19431 : 00;
    19432 : B6;
    [19433..19438] : DB;
    19439 : 49;
    19440 : 00;
    [19441..19443] : 10;
    19444 : 04;
    [19445..19451] : 00;
    19452 : 0C;
    19453 : 18;
    19454 : 04;
    19455 : 00;
    [19456..19457] : B6;
    [19458..19461] : DB;
    [19462..19463] : B6;
    19464 : 48;
    19465 : 08;
    [19466..19467] : 14;
    [19468..19470] : 00;
    19471 : 14;
    19472 : 0C;
    19473 : 04;
    19474 : B6;
    [19475..19480] : DB;
    19481 : 24;
    [19482..19483] : 04;
    [19484..19486] : 14;
    19487 : 18;
    19488 : 14;
    [19489..19490] : 04;
    19491 : 72;
    [19492..19504] : DB;
    19505 : B6;
    19506 : 00;
    19507 : 08;
    [19508..19511] : 14;
    19512 : 18;
    19513 : 0C;
    19514 : 28;
    19515 : B6;
    [19516..19520] : DB;
    19521 : B6;
    [19522..19523] : 24;
    19524 : 08;
    [19525..19526] : 18;
    19527 : 10;
    19528 : 14;
    [19529..19530] : 18;
    19531 : 08;
    19532 : 04;
    19533 : B7;
    [19534..19538] : DB;
    19539 : B6;
    19540 : 00;
    19541 : 08;
    [19542..19543] : 14;
    19544 : 10;
    [19545..19546] : 00;
    19547 : 48;
    19548 : D8;
    [19549..19550] : 8C;
    [19551..19552] : 00;
    19553 : 24;
    19554 : F8;
    19555 : D8;
    [19556..19557] : 48;
    [19558..19559] : 00;
    19560 : 48;
    19561 : 6C;
    [19562..19563] : 68;
    19564 : 20;
    [19565..19570] : 00;
    19571 : 08;
    [19572..19573] : 0C;
    19574 : 38;
    [19575..19577] : 3C;
    [19578..19579] : 18;
    19580 : 14;
    19581 : 10;
    [19582..19584] : 0C;
    [19585..19593] : 00;
    19594 : 6C;
    [19595..19597] : F8;
    19598 : D0;
    19599 : 20;
    19600 : 24;
    [19601..19603] : 00;
    19604 : 8C;
    [19605..19606] : F8;
    19607 : B0;
    [19608..19623] : 00;
    19624 : 24;
    19625 : F8;
    [19626..19627] : FC;
    19628 : FE;
    [19629..19631] : FF;
    19632 : FD;
    [19633..19645] : FC;
    [19646..19648] : F8;
    [19649..19654] : F4;
    19655 : D4;
    [19656..19657] : 24;
    [19658..19674] : 00;
    19675 : 08;
    [19676..19678] : 14;
    19679 : 10;
    [19680..19681] : 0C;
    [19682..19683] : 00;
    19684 : 91;
    [19685..19697] : FF;
    19698 : DF;
    19699 : 4D;
    19700 : 04;
    [19701..19703] : 0C;
    19704 : 14;
    19705 : 18;
    19706 : 14;
    19707 : 10;
    19708 : 0C;
    [19709..19710] : 00;
    19711 : 92;
    [19712..19725] : FF;
    19726 : 24;
    19727 : 00;
    [19728..19730] : 0C;
    19731 : 10;
    19732 : 18;
    19733 : 14;
    19734 : 24;
    19735 : B7;
    [19736..19741] : FF;
    [19742..19743] : 6D;
    19744 : 04;
    19745 : 08;
    19746 : 0C;
    19747 : 10;
    [19748..19750] : 18;
    19751 : 0C;
    19752 : 24;
    19753 : DB;
    [19754..19759] : FF;
    19760 : 49;
    19761 : 00;
    [19762..19763] : 14;
    19764 : 18;
    19765 : 14;
    [19766..19767] : 0C;
    19768 : 04;
    [19769..19770] : 28;
    [19771..19784] : FF;
    19785 : B6;
    19786 : 00;
    19787 : 08;
    [19788..19790] : 0C;
    19791 : 14;
    19792 : 18;
    19793 : 0C;
    19794 : 49;
    [19795..19812] : FF;
    19813 : B6;
    19814 : 00;
    19815 : 08;
    [19816..19817] : 10;
    19818 : 0C;
    19819 : 14;
    19820 : 18;
    19821 : 14;
    [19822..19824] : 0C;
    19825 : 08;
    19826 : 24;
    19827 : DB;
    [19828..19840] : FF;
    19841 : 92;
    [19842..19843] : 00;
    19844 : 08;
    [19845..19846] : 0C;
    19847 : 14;
    19848 : 18;
    [19849..19850] : 08;
    19851 : B7;
    [19852..19872] : FF;
    19873 : 49;
    19874 : 00;
    [19875..19877] : 14;
    [19878..19879] : 0C;
    19880 : 08;
    19881 : 00;
    [19882..19883] : 91;
    [19884..19897] : FF;
    19898 : 49;
    19899 : 04;
    19900 : 08;
    [19901..19903] : 0C;
    19904 : 18;
    19905 : 14;
    19906 : 04;
    [19907..19913] : 00;
    19914 : 04;
    19915 : 1C;
    [19916..19917] : 10;
    19918 : 24;
    19919 : DB;
    [19920..19925] : FF;
    19926 : 6D;
    19927 : 04;
    [19928..19930] : 14;
    19931 : 00;
    19932 : 0C;
    19933 : 14;
    19934 : 08;
    19935 : DB;
    [19936..19941] : FF;
    [19942..19943] : 92;
    19944 : 00;
    19945 : 10;
    19946 : 18;
    19947 : 14;
    19948 : 0C;
    [19949..19950] : 10;
    19951 : 08;
    19952 : 48;
    [19953..19966] : FF;
    19967 : B6;
    19968 : 00;
    [19969..19970] : 08;
    19971 : 0C;
    19972 : 10;
    19973 : 14;
    19974 : 18;
    19975 : 0C;
    [19976..19977] : 96;
    [19978..19983] : FF;
    19984 : 92;
    19985 : 00;
    19986 : 0C;
    19987 : 18;
    19988 : 14;
    [19989..19990] : 0C;
    19991 : 24;
    [19992..19998] : FF;
    19999 : 6D;
    20000 : 00;
    20001 : 10;
    [20002..20003] : 14;
    20004 : 04;
    [20005..20011] : 00;
    20012 : 0C;
    20013 : 18;
    20014 : 04;
    20015 : 00;
    [20016..20017] : DB;
    [20018..20023] : FF;
    20024 : 49;
    20025 : 08;
    [20026..20027] : 14;
    [20028..20030] : 00;
    20031 : 14;
    20032 : 10;
    20033 : 24;
    [20034..20040] : FF;
    20041 : 49;
    [20042..20043] : 04;
    [20044..20045] : 18;
    20046 : 14;
    20047 : 10;
    20048 : 0C;
    [20049..20050] : 00;
    20051 : 96;
    [20052..20064] : FF;
    20065 : DB;
    20066 : 24;
    20067 : 04;
    [20068..20070] : 0C;
    20071 : 10;
    20072 : 18;
    20073 : 10;
    20074 : 49;
    20075 : DB;
    [20076..20080] : FF;
    20081 : DB;
    [20082..20083] : 29;
    20084 : 04;
    [20085..20086] : 0C;
    20087 : 14;
    [20088..20090] : 18;
    20091 : 08;
    20092 : 24;
    [20093..20098] : FF;
    20099 : DB;
    20100 : 00;
    20101 : 04;
    [20102..20103] : 14;
    20104 : 10;
    [20105..20106] : 00;
    20107 : 24;
    20108 : 6C;
    [20109..20110] : 24;
    [20111..20113] : 00;
    [20114..20115] : 68;
    [20116..20128] : 00;
    [20129..20130] : 04;
    20131 : 34;
    20132 : 3C;
    20133 : 38;
    [20134..20137] : 18;
    [20138..20140] : 14;
    [20141..20143] : 0C;
    20144 : 08;
    [20145..20153] : 00;
    20154 : 6C;
    20155 : F8;
    [20156..20157] : F4;
    20158 : D0;
    20159 : 20;
    20160 : 24;
    [20161..20163] : 00;
    20164 : 8C;
    [20165..20166] : F8;
    20167 : B0;
    [20168..20183] : 00;
    20184 : 24;
    [20185..20187] : FC;
    20188 : FE;
    [20189..20191] : FF;
    20192 : FD;
    [20193..20201] : FC;
    [20202..20208] : F8;
    [20209..20214] : F4;
    20215 : D0;
    [20216..20217] : 20;
    [20218..20234] : 00;
    20235 : 0C;
    [20236..20237] : 1C;
    20238 : 14;
    20239 : 0C;
    [20240..20243] : 04;
    20244 : 92;
    [20245..20257] : FF;
    20258 : DF;
    20259 : 4D;
    [20260..20263] : 00;
    20264 : 0C;
    20265 : 18;
    20266 : 08;
    20267 : 00;
    20268 : 04;
    [20269..20270] : 24;
    20271 : B6;
    [20272..20285] : FF;
    20286 : 24;
    [20287..20290] : 00;
    20291 : 08;
    20292 : 1C;
    20293 : 14;
    20294 : 28;
    20295 : BB;
    [20296..20301] : FF;
    [20302..20303] : 6D;
    [20304..20307] : 00;
    [20308..20310] : 18;
    20311 : 0C;
    20312 : 24;
    20313 : DB;
    [20314..20319] : FF;
    20320 : 49;
    20321 : 00;
    [20322..20323] : 14;
    20324 : 18;
    20325 : 10;
    [20326..20327] : 00;
    20328 : 04;
    [20329..20330] : 49;
    [20331..20344] : FF;
    20345 : B6;
    20346 : 24;
    20347 : 04;
    [20348..20350] : 00;
    20351 : 10;
    20352 : 18;
    20353 : 0C;
    20354 : 4D;
    [20355..20372] : FF;
    20373 : B6;
    20374 : 24;
    20375 : 04;
    [20376..20378] : 00;
    20379 : 0C;
    20380 : 18;
    20381 : 0C;
    [20382..20384] : 00;
    20385 : 04;
    20386 : 24;
    20387 : DB;
    [20388..20400] : FF;
    20401 : 96;
    [20402..20404] : 04;
    [20405..20406] : 00;
    20407 : 10;
    20408 : 18;
    [20409..20410] : 08;
    20411 : B7;
    [20412..20432] : FF;
    20433 : 49;
    20434 : 00;
    20435 : 18;
    [20436..20437] : 14;
    20438 : 04;
    20439 : 00;
    20440 : 04;
    20441 : 24;
    [20442..20443] : 96;
    [20444..20457] : FF;
    20458 : 6D;
    20459 : 00;
    20460 : 04;
    [20461..20463] : 00;
    [20464..20465] : 18;
    20466 : 08;
    [20467..20473] : 00;
    20474 : 04;
    20475 : 1C;
    [20476..20477] : 10;
    20478 : 24;
    20479 : DB;
    [20480..20485] : FF;
    20486 : 6D;
    20487 : 04;
    [20488..20490] : 14;
    20491 : 00;
    20492 : 0C;
    20493 : 14;
    20494 : 08;
    20495 : DB;
    [20496..20501] : FF;
    [20502..20503] : 92;
    20504 : 00;
    20505 : 10;
    20506 : 18;
    20507 : 0C;
    [20508..20511] : 04;
    20512 : 6D;
    [20513..20526] : FF;
    20527 : B6;
    20528 : 24;
    [20529..20532] : 00;
    20533 : 14;
    20534 : 18;
    20535 : 0C;
    [20536..20537] : 96;
    [20538..20543] : FF;
    20544 : 92;
    20545 : 00;
    20546 : 0C;
    20547 : 18;
    20548 : 14;
    [20549..20550] : 0C;
    20551 : 24;
    [20552..20558] : FF;
    20559 : 6D;
    20560 : 00;
    [20561..20563] : 14;
    20564 : 08;
    [20565..20571] : 00;
    20572 : 0C;
    20573 : 18;
    20574 : 08;
    20575 : 00;
    [20576..20577] : DB;
    [20578..20583] : FF;
    20584 : 49;
    20585 : 08;
    [20586..20587] : 14;
    [20588..20590] : 00;
    20591 : 14;
    20592 : 0C;
    20593 : 24;
    [20594..20600] : FF;
    20601 : 49;
    [20602..20603] : 04;
    20604 : 18;
    20605 : 14;
    20606 : 0C;
    [20607..20608] : 04;
    [20609..20610] : 24;
    20611 : B7;
    [20612..20624] : FF;
    20625 : DB;
    20626 : 24;
    [20627..20630] : 00;
    20631 : 08;
    20632 : 18;
    20633 : 10;
    20634 : 49;
    20635 : DB;
    [20636..20640] : FF;
    20641 : DF;
    [20642..20643] : 49;
    [20644..20646] : 00;
    20647 : 04;
    [20648..20650] : 18;
    20651 : 08;
    20652 : 24;
    [20653..20658] : FF;
    20659 : DF;
    20660 : 00;
    20661 : 04;
    [20662..20663] : 14;
    20664 : 10;
    [20665..20667] : 00;
    20668 : 24;
    [20669..20688] : 00;
    [20689..20690] : 04;
    20691 : 35;
    [20692..20693] : 5D;
    [20694..20695] : 14;
    [20696..20697] : 18;
    [20698..20700] : 14;
    20701 : 10;
    [20702..20704] : 0C;
    [20705..20713] : 00;
    20714 : 6C;
    20715 : F8;
    [20716..20717] : F4;
    20718 : D0;
    20719 : 20;
    20720 : 24;
    [20721..20723] : 00;
    20724 : 8C;
    [20725..20726] : F8;
    20727 : B0;
    [20728..20743] : 00;
    20744 : 24;
    [20745..20747] : FC;
    20748 : FE;
    [20749..20751] : FF;
    20752 : FD;
    [20753..20761] : FC;
    [20762..20768] : F8;
    [20769..20774] : F4;
    20775 : D0;
    [20776..20777] : 20;
    [20778..20794] : 00;
    20795 : 0C;
    [20796..20797] : 1C;
    20798 : 14;
    20799 : 0C;
    [20800..20803] : 04;
    20804 : 92;
    [20805..20817] : FF;
    20818 : DF;
    20819 : 4D;
    [20820..20823] : 00;
    20824 : 0C;
    20825 : 18;
    20826 : 08;
    20827 : 00;
    20828 : 04;
    [20829..20830] : 24;
    20831 : B6;
    [20832..20845] : FF;
    20846 : 24;
    [20847..20850] : 00;
    20851 : 08;
    20852 : 1C;
    20853 : 14;
    20854 : 28;
    20855 : BB;
    [20856..20861] : FF;
    [20862..20863] : 6D;
    [20864..20867] : 00;
    [20868..20870] : 18;
    20871 : 0C;
    20872 : 24;
    20873 : DB;
    [20874..20879] : FF;
    20880 : 49;
    20881 : 00;
    [20882..20883] : 14;
    20884 : 18;
    20885 : 10;
    [20886..20887] : 00;
    20888 : 04;
    [20889..20890] : 49;
    [20891..20904] : FF;
    20905 : B6;
    20906 : 24;
    20907 : 04;
    [20908..20910] : 00;
    20911 : 10;
    20912 : 18;
    20913 : 0C;
    20914 : 4D;
    [20915..20932] : FF;
    20933 : B6;
    20934 : 24;
    20935 : 04;
    [20936..20938] : 00;
    20939 : 0C;
    20940 : 18;
    20941 : 0C;
    [20942..20944] : 00;
    20945 : 04;
    20946 : 24;
    20947 : DB;
    [20948..20960] : FF;
    20961 : 96;
    [20962..20964] : 04;
    [20965..20966] : 00;
    20967 : 10;
    20968 : 18;
    [20969..20970] : 08;
    20971 : B7;
    [20972..20992] : FF;
    20993 : 49;
    20994 : 00;
    20995 : 18;
    [20996..20997] : 14;
    20998 : 04;
    20999 : 00;
    21000 : 04;
    21001 : 24;
    [21002..21003] : 96;
    [21004..21017] : FF;
    21018 : 6D;
    21019 : 00;
    21020 : 04;
    [21021..21023] : 00;
    [21024..21025] : 18;
    21026 : 08;
    [21027..21033] : 00;
    21034 : 04;
    21035 : 1C;
    [21036..21037] : 10;
    21038 : 24;
    21039 : DB;
    [21040..21045] : FF;
    21046 : 6D;
    21047 : 04;
    [21048..21050] : 14;
    21051 : 00;
    21052 : 0C;
    21053 : 14;
    21054 : 08;
    21055 : DB;
    [21056..21061] : FF;
    [21062..21063] : 92;
    21064 : 00;
    21065 : 10;
    21066 : 18;
    21067 : 0C;
    [21068..21071] : 04;
    21072 : 6D;
    [21073..21086] : FF;
    21087 : B6;
    21088 : 24;
    [21089..21092] : 00;
    21093 : 14;
    21094 : 18;
    21095 : 0C;
    [21096..21097] : 96;
    [21098..21103] : FF;
    21104 : 92;
    21105 : 00;
    21106 : 0C;
    21107 : 18;
    21108 : 14;
    [21109..21110] : 0C;
    21111 : 24;
    [21112..21118] : FF;
    21119 : 6D;
    21120 : 00;
    [21121..21123] : 14;
    21124 : 08;
    [21125..21131] : 00;
    21132 : 0C;
    21133 : 18;
    21134 : 08;
    21135 : 00;
    [21136..21137] : DB;
    [21138..21143] : FF;
    21144 : 49;
    21145 : 08;
    [21146..21147] : 14;
    [21148..21150] : 00;
    21151 : 14;
    21152 : 0C;
    21153 : 24;
    [21154..21160] : FF;
    21161 : 49;
    [21162..21163] : 04;
    21164 : 18;
    21165 : 14;
    21166 : 0C;
    [21167..21168] : 04;
    [21169..21170] : 24;
    21171 : B7;
    [21172..21184] : FF;
    21185 : DB;
    21186 : 24;
    [21187..21190] : 00;
    21191 : 08;
    21192 : 18;
    21193 : 10;
    21194 : 49;
    21195 : DB;
    [21196..21200] : FF;
    21201 : DF;
    [21202..21203] : 49;
    [21204..21206] : 00;
    21207 : 04;
    [21208..21210] : 18;
    21211 : 08;
    21212 : 24;
    [21213..21218] : FF;
    21219 : DF;
    21220 : 00;
    21221 : 04;
    [21222..21223] : 14;
    21224 : 10;
    [21225..21227] : 00;
    21228 : 24;
    [21229..21248] : 00;
    [21249..21250] : 04;
    21251 : 35;
    [21252..21253] : 5D;
    [21254..21255] : 14;
    [21256..21257] : 18;
    [21258..21260] : 14;
    21261 : 10;
    [21262..21264] : 0C;
    [21265..21273] : 00;
    21274 : 6C;
    21275 : F8;
    [21276..21277] : F4;
    21278 : D0;
    21279 : 20;
    21280 : 24;
    [21281..21283] : 00;
    21284 : 8C;
    [21285..21286] : F8;
    21287 : B0;
    [21288..21297] : 00;
    21298 : 48;
    [21299..21301] : 6C;
    [21302..21303] : 68;
    21304 : 8C;
    [21305..21307] : FC;
    21308 : FE;
    [21309..21311] : FF;
    [21312..21314] : FE;
    [21315..21321] : FC;
    [21322..21328] : F8;
    [21329..21335] : F4;
    [21336..21337] : 88;
    21338 : 68;
    [21339..21341] : 6C;
    [21342..21343] : 8C;
    [21344..21354] : 00;
    21355 : 0C;
    [21356..21357] : 18;
    21358 : 10;
    21359 : 04;
    21360 : 92;
    [21361..21363] : DB;
    [21364..21378] : FF;
    21379 : DF;
    21380 : DB;
    21381 : B7;
    [21382..21383] : 24;
    21384 : 04;
    21385 : 14;
    21386 : 08;
    21387 : 6E;
    [21388..21390] : DB;
    [21391..21405] : FF;
    [21406..21407] : DB;
    21408 : B7;
    [21409..21410] : 25;
    21411 : 08;
    21412 : 18;
    21413 : 14;
    21414 : 24;
    21415 : B7;
    [21416..21421] : FF;
    [21422..21423] : DB;
    21424 : B6;
    21425 : BA;
    21426 : 24;
    21427 : 00;
    [21428..21430] : 18;
    21431 : 0C;
    21432 : 24;
    21433 : DB;
    [21434..21439] : FF;
    21440 : 49;
    21441 : 00;
    [21442..21443] : 10;
    21444 : 14;
    21445 : 0C;
    21446 : 6E;
    [21447..21450] : DB;
    [21451..21465] : FF;
    [21466..21467] : DB;
    21468 : 92;
    [21469..21470] : 00;
    21471 : 10;
    21472 : 18;
    21473 : 08;
    21474 : 49;
    [21475..21493] : FF;
    [21494..21495] : DB;
    [21496..21497] : B6;
    21498 : 00;
    21499 : 0C;
    21500 : 18;
    21501 : 0C;
    [21502..21503] : 29;
    21504 : B7;
    [21505..21506] : DB;
    [21507..21521] : FF;
    [21522..21524] : DB;
    21525 : 92;
    21526 : 00;
    21527 : 0C;
    21528 : 18;
    [21529..21530] : 0C;
    21531 : B7;
    [21532..21552] : FF;
    21553 : 49;
    21554 : 00;
    [21555..21557] : 14;
    21558 : 04;
    21559 : B7;
    [21560..21561] : DB;
    [21562..21578] : FF;
    [21579..21580] : DB;
    21581 : 24;
    [21582..21583] : 00;
    [21584..21585] : 14;
    21586 : 08;
    [21587..21593] : 00;
    21594 : 04;
    21595 : 1C;
    [21596..21597] : 10;
    21598 : 24;
    21599 : DB;
    [21600..21605] : FF;
    21606 : 6D;
    21607 : 04;
    [21608..21610] : 14;
    21611 : 00;
    21612 : 0C;
    21613 : 14;
    21614 : 08;
    21615 : DB;
    [21616..21621] : FF;
    [21622..21623] : 92;
    21624 : 00;
    21625 : 14;
    21626 : 18;
    21627 : 0C;
    21628 : 6D;
    [21629..21632] : DB;
    [21633..21647] : FF;
    [21648..21650] : DB;
    21651 : 6E;
    21652 : 00;
    21653 : 10;
    21654 : 18;
    21655 : 0C;
    [21656..21657] : 96;
    [21658..21663] : FF;
    21664 : 92;
    21665 : 00;
    21666 : 0C;
    21667 : 18;
    21668 : 14;
    [21669..21670] : 0C;
    21671 : 24;
    [21672..21678] : FF;
    21679 : 6D;
    21680 : 00;
    [21681..21683] : 14;
    21684 : 04;
    [21685..21691] : 00;
    21692 : 0C;
    21693 : 18;
    21694 : 08;
    21695 : 00;
    [21696..21697] : DB;
    [21698..21703] : FF;
    21704 : 49;
    21705 : 08;
    [21706..21707] : 14;
    [21708..21710] : 00;
    21711 : 14;
    21712 : 0C;
    21713 : 24;
    [21714..21720] : FF;
    21721 : 49;
    [21722..21723] : 04;
    21724 : 14;
    21725 : 10;
    21726 : 08;
    21727 : 92;
    [21728..21730] : DB;
    [21731..21745] : FF;
    [21746..21747] : DB;
    21748 : B7;
    [21749..21750] : 24;
    21751 : 08;
    21752 : 18;
    21753 : 0C;
    21754 : 49;
    21755 : DB;
    [21756..21761] : FF;
    [21762..21763] : DB;
    [21764..21765] : B6;
    21766 : 24;
    21767 : 04;
    21768 : 14;
    [21769..21770] : 18;
    21771 : 08;
    21772 : 24;
    [21773..21779] : FF;
    21780 : 00;
    21781 : 04;
    [21782..21783] : 14;
    21784 : 10;
    [21785..21803] : 00;
    21804 : 20;
    21805 : 24;
    21806 : 20;
    [21807..21808] : 00;
    [21809..21810] : 04;
    21811 : 10;
    [21812..21813] : 38;
    [21814..21818] : 14;
    [21819..21820] : 10;
    [21821..21823] : 08;
    21824 : 04;
    [21825..21833] : 00;
    21834 : 6C;
    21835 : F8;
    [21836..21837] : F4;
    21838 : D0;
    21839 : 20;
    21840 : 24;
    [21841..21843] : 00;
    21844 : 8C;
    [21845..21846] : F8;
    21847 : B0;
    [21848..21855] : 00;
    [21856..21857] : 24;
    21858 : D8;
    [21859..21860] : FD;
    21861 : FC;
    [21862..21864] : F4;
    [21865..21867] : FC;
    [21868..21874] : FF;
    [21875..21888] : FC;
    [21889..21895] : F4;
    [21896..21898] : F0;
    21899 : F4;
    [21900..21903] : FC;
    21904 : 24;
    [21905..21914] : 00;
    21915 : 0C;
    [21916..21917] : 18;
    21918 : 0C;
    21919 : 00;
    21920 : 92;
    [21921..21941] : FF;
    [21942..21943] : 49;
    21944 : 00;
    21945 : 14;
    21946 : 08;
    21947 : 96;
    [21948..21967] : FF;
    21968 : DB;
    [21969..21970] : 49;
    21971 : 04;
    21972 : 18;
    21973 : 10;
    21974 : 24;
    21975 : B7;
    [21976..21985] : FF;
    21986 : 28;
    21987 : 00;
    21988 : 0C;
    [21989..21990] : 10;
    21991 : 08;
    21992 : 24;
    21993 : DB;
    [21994..21999] : FF;
    22000 : 49;
    22001 : 00;
    [22002..22003] : 14;
    22004 : 18;
    22005 : 0C;
    22006 : 92;
    [22007..22027] : FF;
    22028 : B6;
    [22029..22030] : 00;
    22031 : 10;
    22032 : 18;
    22033 : 08;
    22034 : 49;
    [22035..22055] : FF;
    [22056..22057] : DB;
    22058 : 00;
    22059 : 08;
    22060 : 18;
    22061 : 0C;
    [22062..22063] : 49;
    22064 : DB;
    [22065..22084] : FF;
    22085 : B6;
    22086 : 00;
    22087 : 10;
    22088 : 18;
    [22089..22090] : 0C;
    22091 : B7;
    [22092..22112] : FF;
    22113 : 49;
    22114 : 00;
    22115 : 14;
    [22116..22117] : 0C;
    22118 : 04;
    22119 : DB;
    [22120..22140] : FF;
    22141 : 24;
    [22142..22143] : 00;
    [22144..22145] : 14;
    22146 : 04;
    [22147..22153] : 00;
    22154 : 04;
    22155 : 1C;
    [22156..22157] : 10;
    22158 : 24;
    22159 : DB;
    [22160..22165] : FF;
    22166 : 6D;
    22167 : 04;
    22168 : 14;
    [22169..22170] : 10;
    22171 : 00;
    22172 : 0C;
    22173 : 14;
    22174 : 08;
    22175 : DB;
    [22176..22181] : FF;
    [22182..22183] : 92;
    22184 : 00;
    22185 : 14;
    22186 : 18;
    22187 : 08;
    22188 : 92;
    [22189..22210] : FF;
    22211 : 92;
    22212 : 00;
    22213 : 14;
    22214 : 18;
    22215 : 0C;
    [22216..22217] : 96;
    [22218..22223] : FF;
    22224 : 92;
    22225 : 00;
    22226 : 0C;
    22227 : 18;
    22228 : 14;
    [22229..22230] : 0C;
    22231 : 24;
    [22232..22238] : FF;
    22239 : 6D;
    22240 : 00;
    [22241..22243] : 14;
    22244 : 04;
    [22245..22251] : 00;
    22252 : 0C;
    22253 : 18;
    22254 : 08;
    22255 : 00;
    [22256..22257] : DB;
    [22258..22263] : FF;
    22264 : 49;
    22265 : 08;
    [22266..22267] : 14;
    22268 : 00;
    [22269..22270] : 04;
    22271 : 18;
    22272 : 0C;
    22273 : 24;
    [22274..22280] : FF;
    22281 : 49;
    [22282..22283] : 04;
    [22284..22285] : 14;
    22286 : 08;
    22287 : 92;
    [22288..22308] : FF;
    [22309..22310] : 49;
    22311 : 08;
    22312 : 14;
    22313 : 0C;
    22314 : 49;
    22315 : DB;
    [22316..22325] : FF;
    22326 : 28;
    22327 : 04;
    22328 : 0C;
    [22329..22330] : 10;
    22331 : 04;
    22332 : 24;
    [22333..22339] : FF;
    22340 : 00;
    22341 : 04;
    [22342..22343] : 14;
    22344 : 10;
    [22345..22363] : 00;
    22364 : 44;
    22365 : 68;
    22366 : 64;
    [22367..22368] : 00;
    [22369..22370] : 04;
    22371 : 10;
    22372 : 18;
    22373 : 14;
    [22374..22380] : 10;
    [22381..22393] : 00;
    22394 : 6C;
    22395 : F8;
    [22396..22397] : F4;
    22398 : D0;
    22399 : 20;
    22400 : 24;
    [22401..22403] : 00;
    22404 : 8C;
    [22405..22406] : F8;
    22407 : B0;
    [22408..22413] : 00;
    22414 : 20;
    22415 : 24;
    [22416..22417] : 48;
    22418 : B4;
    [22419..22421] : D8;
    [22422..22424] : D0;
    [22425..22427] : FC;
    [22428..22434] : FF;
    [22435..22448] : FC;
    [22449..22455] : F4;
    [22456..22457] : D0;
    22458 : CC;
    22459 : D4;
    22460 : D8;
    22461 : D4;
    [22462..22463] : D8;
    22464 : 48;
    22465 : 24;
    [22466..22474] : 00;
    22475 : 0C;
    [22476..22477] : 18;
    22478 : 0C;
    22479 : 00;
    22480 : 92;
    [22481..22487] : FF;
    [22488..22490] : DB;
    [22491..22493] : DF;
    [22494..22501] : FF;
    [22502..22503] : 49;
    22504 : 04;
    22505 : 14;
    22506 : 08;
    22507 : 96;
    [22508..22514] : FF;
    [22515..22518] : DF;
    [22519..22520] : DB;
    [22521..22527] : FF;
    22528 : DB;
    [22529..22530] : 49;
    22531 : 04;
    22532 : 18;
    22533 : 14;
    22534 : 24;
    22535 : BB;
    [22536..22545] : FF;
    22546 : 4C;
    [22547..22548] : 24;
    [22549..22550] : 08;
    22551 : 04;
    22552 : 24;
    22553 : DB;
    [22554..22559] : FF;
    22560 : 49;
    22561 : 00;
    [22562..22563] : 14;
    22564 : 18;
    22565 : 0C;
    22566 : 92;
    [22567..22573] : FF;
    [22574..22577] : DB;
    [22578..22579] : DF;
    22580 : DB;
    [22581..22583] : DF;
    [22584..22586] : DB;
    22587 : DF;
    22588 : 91;
    [22589..22590] : 00;
    22591 : 10;
    22592 : 18;
    22593 : 08;
    22594 : 49;
    [22595..22601] : FF;
    [22602..22603] : DF;
    22604 : DB;
    [22605..22607] : DF;
    22608 : DB;
    [22609..22615] : FF;
    [22616..22617] : DB;
    22618 : 00;
    22619 : 0C;
    22620 : 18;
    22621 : 0C;
    [22622..22623] : 49;
    22624 : DB;
    [22625..22631] : FF;
    [22632..22633] : DF;
    [22634..22635] : DB;
    [22636..22637] : DF;
    [22638..22644] : FF;
    22645 : B6;
    22646 : 00;
    22647 : 10;
    22648 : 18;
    [22649..22650] : 08;
    22651 : 92;
    [22652..22657] : DB;
    [22658..22666] : FF;
    [22667..22671] : DB;
    22672 : DF;
    22673 : 28;
    22674 : 00;
    22675 : 14;
    [22676..22677] : 0C;
    22678 : 04;
    22679 : DB;
    [22680..22686] : FF;
    [22687..22692] : DB;
    [22693..22700] : FF;
    22701 : 04;
    [22702..22703] : 00;
    [22704..22705] : 14;
    22706 : 04;
    [22707..22713] : 00;
    22714 : 04;
    22715 : 1C;
    [22716..22717] : 10;
    22718 : 24;
    22719 : DB;
    [22720..22725] : FF;
    22726 : 6D;
    22727 : 04;
    [22728..22730] : 10;
    22731 : 08;
    [22732..22733] : 10;
    22734 : 08;
    22735 : DB;
    [22736..22741] : FF;
    [22742..22743] : 92;
    22744 : 00;
    22745 : 10;
    22746 : 18;
    22747 : 08;
    22748 : 72;
    [22749..22757] : FF;
    22758 : DB;
    [22759..22763] : DF;
    [22764..22770] : FF;
    22771 : 92;
    22772 : 00;
    22773 : 10;
    22774 : 18;
    22775 : 0C;
    [22776..22777] : 96;
    [22778..22783] : FF;
    22784 : 92;
    22785 : 00;
    22786 : 0C;
    22787 : 18;
    22788 : 14;
    [22789..22790] : 0C;
    22791 : 24;
    [22792..22798] : FF;
    22799 : 6D;
    22800 : 00;
    [22801..22803] : 14;
    22804 : 04;
    [22805..22811] : 00;
    22812 : 0C;
    22813 : 18;
    22814 : 08;
    22815 : 00;
    [22816..22817] : DB;
    [22818..22823] : FF;
    22824 : 49;
    22825 : 08;
    [22826..22827] : 14;
    [22828..22830] : 00;
    22831 : 18;
    22832 : 0C;
    22833 : 24;
    [22834..22840] : FF;
    22841 : 49;
    [22842..22843] : 04;
    [22844..22845] : 14;
    22846 : 08;
    22847 : 92;
    [22848..22854] : FF;
    [22855..22859] : DB;
    22860 : DF;
    [22861..22868] : FF;
    [22869..22870] : 49;
    22871 : 08;
    22872 : 14;
    22873 : 10;
    22874 : 4D;
    22875 : DB;
    [22876..22885] : FF;
    22886 : 48;
    [22887..22888] : 24;
    [22889..22891] : 04;
    22892 : 28;
    [22893..22899] : FF;
    22900 : 00;
    22901 : 04;
    [22902..22903] : 14;
    22904 : 10;
    [22905..22923] : 00;
    22924 : 44;
    22925 : 68;
    22926 : 64;
    [22927..22930] : 00;
    22931 : 10;
    22932 : 18;
    22933 : 14;
    [22934..22937] : 10;
    [22938..22940] : 0C;
    [22941..22953] : 00;
    22954 : 6C;
    22955 : F8;
    [22956..22957] : F4;
    22958 : D0;
    22959 : 20;
    22960 : 24;
    [22961..22963] : 00;
    22964 : 8C;
    [22965..22966] : F8;
    22967 : B0;
    [22968..22973] : 00;
    22974 : 20;
    22975 : 24;
    [22976..22977] : 48;
    22978 : B4;
    [22979..22981] : D8;
    [22982..22984] : D0;
    [22985..22987] : FC;
    [22988..22994] : FF;
    [22995..23008] : FC;
    [23009..23015] : F4;
    [23016..23017] : D0;
    23018 : CC;
    23019 : D4;
    23020 : D8;
    23021 : D4;
    [23022..23023] : D8;
    23024 : 48;
    23025 : 24;
    [23026..23034] : 00;
    23035 : 0C;
    [23036..23037] : 18;
    23038 : 0C;
    23039 : 00;
    23040 : 92;
    [23041..23047] : FF;
    [23048..23050] : DB;
    [23051..23053] : DF;
    [23054..23061] : FF;
    [23062..23063] : 49;
    23064 : 04;
    23065 : 14;
    23066 : 08;
    23067 : 96;
    [23068..23074] : FF;
    [23075..23078] : DF;
    [23079..23080] : DB;
    [23081..23087] : FF;
    23088 : DB;
    [23089..23090] : 49;
    23091 : 04;
    23092 : 18;
    23093 : 14;
    23094 : 24;
    23095 : BB;
    [23096..23105] : FF;
    23106 : 4C;
    [23107..23108] : 24;
    [23109..23110] : 08;
    23111 : 04;
    23112 : 24;
    23113 : DB;
    [23114..23119] : FF;
    23120 : 49;
    23121 : 00;
    [23122..23123] : 14;
    23124 : 18;
    23125 : 0C;
    23126 : 92;
    [23127..23133] : FF;
    [23134..23137] : DB;
    [23138..23139] : DF;
    23140 : DB;
    [23141..23143] : DF;
    [23144..23146] : DB;
    23147 : DF;
    23148 : 91;
    [23149..23150] : 00;
    23151 : 10;
    23152 : 18;
    23153 : 08;
    23154 : 49;
    [23155..23161] : FF;
    [23162..23163] : DF;
    23164 : DB;
    [23165..23167] : DF;
    23168 : DB;
    [23169..23175] : FF;
    [23176..23177] : DB;
    23178 : 00;
    23179 : 0C;
    23180 : 18;
    23181 : 0C;
    [23182..23183] : 49;
    23184 : DB;
    [23185..23191] : FF;
    [23192..23193] : DF;
    [23194..23195] : DB;
    [23196..23197] : DF;
    [23198..23204] : FF;
    23205 : B6;
    23206 : 00;
    23207 : 10;
    23208 : 18;
    [23209..23210] : 08;
    23211 : 92;
    [23212..23217] : DB;
    [23218..23226] : FF;
    [23227..23231] : DB;
    23232 : DF;
    23233 : 28;
    23234 : 00;
    23235 : 14;
    [23236..23237] : 0C;
    23238 : 04;
    23239 : DB;
    [23240..23246] : FF;
    [23247..23252] : DB;
    [23253..23260] : FF;
    23261 : 04;
    [23262..23263] : 00;
    [23264..23265] : 14;
    23266 : 04;
    [23267..23273] : 00;
    23274 : 04;
    23275 : 1C;
    [23276..23277] : 10;
    23278 : 24;
    23279 : DB;
    [23280..23285] : FF;
    23286 : 6D;
    23287 : 04;
    [23288..23290] : 10;
    23291 : 08;
    [23292..23293] : 10;
    23294 : 08;
    23295 : DB;
    [23296..23301] : FF;
    [23302..23303] : 92;
    23304 : 00;
    23305 : 10;
    23306 : 18;
    23307 : 08;
    23308 : 72;
    [23309..23317] : FF;
    23318 : DB;
    [23319..23323] : DF;
    [23324..23330] : FF;
    23331 : 92;
    23332 : 00;
    23333 : 10;
    23334 : 18;
    23335 : 0C;
    [23336..23337] : 96;
    [23338..23343] : FF;
    23344 : 92;
    23345 : 00;
    23346 : 0C;
    23347 : 18;
    23348 : 14;
    [23349..23350] : 0C;
    23351 : 24;
    [23352..23358] : FF;
    23359 : 6D;
    23360 : 00;
    [23361..23363] : 14;
    23364 : 04;
    [23365..23371] : 00;
    23372 : 0C;
    23373 : 18;
    23374 : 08;
    23375 : 00;
    [23376..23377] : DB;
    [23378..23383] : FF;
    23384 : 49;
    23385 : 08;
    [23386..23387] : 14;
    [23388..23390] : 00;
    23391 : 18;
    23392 : 0C;
    23393 : 24;
    [23394..23400] : FF;
    23401 : 49;
    [23402..23403] : 04;
    [23404..23405] : 14;
    23406 : 08;
    23407 : 92;
    [23408..23414] : FF;
    [23415..23419] : DB;
    23420 : DF;
    [23421..23428] : FF;
    [23429..23430] : 49;
    23431 : 08;
    23432 : 14;
    23433 : 10;
    23434 : 4D;
    23435 : DB;
    [23436..23445] : FF;
    23446 : 48;
    [23447..23448] : 24;
    [23449..23451] : 04;
    23452 : 28;
    [23453..23459] : FF;
    23460 : 00;
    23461 : 04;
    [23462..23463] : 14;
    23464 : 10;
    [23465..23483] : 00;
    23484 : 44;
    23485 : 68;
    23486 : 64;
    [23487..23490] : 00;
    23491 : 10;
    23492 : 18;
    23493 : 14;
    [23494..23497] : 10;
    [23498..23500] : 0C;
    [23501..23513] : 00;
    23514 : 6C;
    23515 : F8;
    [23516..23517] : F4;
    23518 : D0;
    23519 : 20;
    23520 : 24;
    [23521..23523] : 00;
    23524 : 8C;
    [23525..23526] : F8;
    23527 : B0;
    [23528..23532] : 00;
    23533 : 20;
    23534 : B0;
    23535 : B6;
    [23536..23537] : B5;
    23538 : 6C;
    [23539..23541] : 48;
    [23542..23543] : 44;
    23544 : 68;
    [23545..23547] : FC;
    23548 : FD;
    [23549..23550] : FE;
    [23551..23552] : FF;
    [23553..23554] : FD;
    [23555..23568] : FC;
    [23569..23574] : F4;
    23575 : D0;
    [23576..23579] : 44;
    23580 : 48;
    23581 : 44;
    [23582..23583] : 48;
    [23584..23585] : B4;
    23586 : 90;
    [23587..23594] : 00;
    23595 : 0C;
    [23596..23597] : 18;
    23598 : 0C;
    23599 : 00;
    23600 : 92;
    [23601..23606] : FF;
    23607 : B6;
    [23608..23613] : 49;
    23614 : 71;
    [23615..23621] : FF;
    [23622..23623] : 49;
    23624 : 00;
    23625 : 10;
    23626 : 08;
    23627 : 92;
    [23628..23633] : FF;
    23634 : B6;
    23635 : 4D;
    [23636..23640] : 49;
    23641 : 6D;
    [23642..23647] : FF;
    23648 : DB;
    [23649..23650] : 49;
    23651 : 08;
    23652 : 18;
    23653 : 14;
    23654 : 28;
    23655 : BB;
    [23656..23665] : FF;
    23666 : DB;
    [23667..23668] : B6;
    [23669..23670] : 49;
    23671 : 00;
    23672 : 28;
    23673 : DB;
    [23674..23679] : FF;
    23680 : 49;
    23681 : 00;
    [23682..23683] : 14;
    23684 : 18;
    23685 : 0C;
    23686 : 92;
    [23687..23692] : FF;
    23693 : DF;
    [23694..23707] : 49;
    23708 : 24;
    [23709..23710] : 00;
    23711 : 10;
    23712 : 18;
    23713 : 0C;
    23714 : 4D;
    [23715..23721] : FF;
    [23722..23728] : 49;
    [23729..23730] : 96;
    [23731..23735] : FF;
    [23736..23737] : DB;
    23738 : 00;
    23739 : 0C;
    23740 : 18;
    23741 : 0C;
    [23742..23743] : 49;
    23744 : DB;
    [23745..23750] : FF;
    23751 : 4D;
    [23752..23757] : 49;
    23758 : B6;
    [23759..23764] : FF;
    23765 : B6;
    23766 : 00;
    23767 : 0C;
    23768 : 18;
    [23769..23770] : 08;
    23771 : 24;
    [23772..23777] : 49;
    23778 : 91;
    [23779..23784] : FF;
    23785 : DF;
    23786 : 6D;
    [23787..23792] : 49;
    23793 : 00;
    23794 : 04;
    23795 : 14;
    [23796..23797] : 10;
    23798 : 04;
    23799 : DB;
    [23800..23805] : FF;
    23806 : B6;
    [23807..23812] : 49;
    23813 : 4D;
    23814 : 51;
    [23815..23818] : 55;
    [23819..23820] : 51;
    [23821..23823] : 00;
    [23824..23825] : 14;
    23826 : 04;
    [23827..23833] : 00;
    23834 : 04;
    23835 : 1C;
    [23836..23837] : 10;
    23838 : 24;
    23839 : DB;
    [23840..23845] : FF;
    23846 : 6D;
    23847 : 00;
    23848 : 0C;
    [23849..23850] : 10;
    [23851..23852] : 14;
    23853 : 10;
    23854 : 04;
    23855 : DB;
    [23856..23861] : FF;
    [23862..23863] : 92;
    23864 : 00;
    23865 : 10;
    23866 : 18;
    23867 : 08;
    23868 : 72;
    [23869..23875] : FF;
    [23876..23877] : 6D;
    [23878..23883] : 49;
    [23884..23890] : FF;
    23891 : 92;
    23892 : 00;
    23893 : 10;
    23894 : 18;
    23895 : 0C;
    [23896..23897] : 96;
    [23898..23903] : FF;
    23904 : 92;
    23905 : 00;
    23906 : 0C;
    23907 : 18;
    23908 : 14;
    [23909..23910] : 0C;
    23911 : 24;
    [23912..23918] : FF;
    23919 : 6D;
    23920 : 00;
    [23921..23923] : 14;
    23924 : 04;
    [23925..23931] : 00;
    23932 : 0C;
    23933 : 18;
    23934 : 08;
    23935 : 00;
    [23936..23937] : DB;
    [23938..23943] : FF;
    23944 : 49;
    23945 : 08;
    [23946..23947] : 14;
    [23948..23950] : 00;
    23951 : 14;
    23952 : 0C;
    23953 : 24;
    [23954..23960] : FF;
    23961 : 49;
    [23962..23963] : 04;
    [23964..23965] : 14;
    23966 : 08;
    23967 : 92;
    [23968..23973] : FF;
    23974 : 96;
    [23975..23980] : 49;
    23981 : 92;
    [23982..23988] : FF;
    [23989..23990] : 49;
    23991 : 08;
    23992 : 14;
    23993 : 10;
    23994 : 4D;
    23995 : DB;
    [23996..24005] : FF;
    24006 : DB;
    [24007..24008] : B6;
    [24009..24010] : 24;
    24011 : 08;
    24012 : 30;
    [24013..24019] : FF;
    24020 : 00;
    24021 : 04;
    [24022..24023] : 14;
    24024 : 10;
    [24025..24043] : 00;
    24044 : 44;
    24045 : 88;
    24046 : 64;
    [24047..24050] : 00;
    24051 : 0C;
    [24052..24053] : 10;
    [24054..24055] : 0C;
    [24056..24057] : 10;
    24058 : 04;
    [24059..24073] : 00;
    24074 : 6C;
    24075 : F8;
    [24076..24077] : F4;
    24078 : D0;
    24079 : 20;
    24080 : 24;
    [24081..24083] : 00;
    24084 : 8C;
    [24085..24086] : F8;
    24087 : B4;
    [24088..24092] : 00;
    24093 : 24;
    24094 : D4;
    24095 : FE;
    [24096..24097] : D9;
    24098 : 24;
    [24099..24103] : 00;
    24104 : 24;
    24105 : F8;
    [24106..24108] : FC;
    [24109..24110] : FD;
    [24111..24112] : FF;
    24113 : FD;
    [24114..24128] : FC;
    [24129..24134] : F4;
    24135 : D0;
    [24136..24137] : 24;
    [24138..24143] : 00;
    [24144..24145] : FC;
    24146 : D8;
    [24147..24154] : 00;
    24155 : 0C;
    [24156..24157] : 18;
    24158 : 0C;
    24159 : 00;
    24160 : 92;
    [24161..24166] : FF;
    24167 : 92;
    24168 : 00;
    [24169..24172] : 08;
    24173 : 04;
    24174 : 29;
    [24175..24181] : FF;
    [24182..24183] : 49;
    24184 : 00;
    24185 : 10;
    24186 : 08;
    24187 : 96;
    [24188..24193] : FF;
    24194 : 92;
    24195 : 00;
    [24196..24197] : 04;
    [24198..24199] : 08;
    24200 : 04;
    24201 : 49;
    [24202..24203] : DB;
    [24204..24207] : FF;
    24208 : DB;
    [24209..24210] : 49;
    24211 : 08;
    24212 : 18;
    24213 : 14;
    24214 : 28;
    24215 : BB;
    [24216..24227] : FF;
    24228 : DF;
    [24229..24230] : 4D;
    24231 : 00;
    24232 : 28;
    24233 : DB;
    [24234..24239] : FF;
    24240 : 49;
    24241 : 00;
    [24242..24243] : 10;
    24244 : 14;
    24245 : 0C;
    24246 : 92;
    [24247..24252] : FF;
    24253 : DB;
    24254 : 00;
    24255 : 04;
    [24256..24260] : 08;
    [24261..24264] : 00;
    [24265..24270] : 08;
    24271 : 10;
    24272 : 14;
    24273 : 0C;
    24274 : 4D;
    [24275..24281] : FF;
    [24282..24284] : 00;
    [24285..24286] : 08;
    24287 : 0C;
    24288 : 00;
    [24289..24290] : 72;
    [24291..24295] : FF;
    [24296..24297] : DB;
    24298 : 00;
    24299 : 0C;
    24300 : 18;
    24301 : 0C;
    [24302..24303] : 49;
    24304 : DB;
    [24305..24310] : FF;
    [24311..24312] : 00;
    [24313..24314] : 0C;
    24315 : 08;
    [24316..24317] : 00;
    24318 : 92;
    [24319..24324] : FF;
    24325 : B6;
    24326 : 00;
    24327 : 10;
    24328 : 18;
    [24329..24330] : 0C;
    [24331..24335] : 08;
    [24336..24337] : 04;
    24338 : 4D;
    [24339..24344] : FF;
    24345 : BA;
    24346 : 24;
    24347 : 04;
    [24348..24350] : 08;
    [24351..24353] : 04;
    24354 : 08;
    24355 : 14;
    [24356..24357] : 10;
    24358 : 04;
    24359 : DB;
    [24360..24365] : FF;
    24366 : 92;
    24367 : 00;
    24368 : 04;
    [24369..24370] : 0C;
    [24371..24372] : 08;
    24373 : 04;
    [24374..24378] : 00;
    [24379..24383] : 04;
    [24384..24385] : 14;
    24386 : 08;
    [24387..24393] : 00;
    24394 : 04;
    24395 : 1C;
    [24396..24397] : 10;
    24398 : 24;
    24399 : DB;
    [24400..24405] : FF;
    24406 : 6D;
    [24407..24408] : 00;
    [24409..24410] : 08;
    24411 : 18;
    24412 : 0C;
    [24413..24414] : 00;
    24415 : DB;
    [24416..24421] : FF;
    [24422..24423] : 92;
    24424 : 00;
    24425 : 14;
    24426 : 18;
    24427 : 08;
    24428 : 72;
    [24429..24434] : FF;
    24435 : DB;
    [24436..24437] : 24;
    24438 : 04;
    [24439..24440] : 08;
    24441 : 04;
    [24442..24443] : 00;
    24444 : DB;
    [24445..24450] : FF;
    24451 : 92;
    24452 : 00;
    24453 : 14;
    24454 : 18;
    24455 : 0C;
    [24456..24457] : 96;
    [24458..24463] : FF;
    24464 : 92;
    24465 : 00;
    24466 : 0C;
    24467 : 18;
    24468 : 14;
    [24469..24470] : 0C;
    24471 : 24;
    [24472..24478] : FF;
    24479 : 6D;
    24480 : 00;
    [24481..24483] : 10;
    24484 : 04;
    [24485..24491] : 00;
    24492 : 0C;
    24493 : 18;
    24494 : 08;
    24495 : 00;
    [24496..24497] : DB;
    [24498..24503] : FF;
    24504 : 49;
    24505 : 08;
    24506 : 14;
    24507 : 10;
    [24508..24510] : 00;
    24511 : 18;
    24512 : 0C;
    24513 : 24;
    [24514..24520] : FF;
    24521 : 49;
    [24522..24523] : 04;
    [24524..24525] : 14;
    24526 : 08;
    24527 : 92;
    [24528..24533] : FF;
    24534 : 6D;
    24535 : 00;
    [24536..24539] : 08;
    24540 : 04;
    24541 : 49;
    [24542..24548] : FF;
    [24549..24550] : 49;
    24551 : 08;
    24552 : 18;
    24553 : 10;
    24554 : 4D;
    24555 : DB;
    [24556..24568] : FF;
    [24569..24570] : 49;
    24571 : 08;
    24572 : 34;
    [24573..24579] : FF;
    24580 : 00;
    24581 : 04;
    [24582..24583] : 14;
    24584 : 10;
    [24585..24603] : 00;
    24604 : 44;
    [24605..24606] : 88;
    24607 : 20;
    [24608..24610] : 00;
    [24611..24617] : 0C;
    24618 : 04;
    [24619..24633] : 00;
    24634 : 6C;
    24635 : F8;
    [24636..24637] : F4;
    24638 : D0;
    24639 : 20;
    24640 : 24;
    [24641..24643] : 00;
    24644 : 8C;
    [24645..24646] : F8;
    24647 : B0;
    [24648..24652] : 00;
    24653 : 24;
    24654 : D8;
    24655 : FE;
    [24656..24657] : D5;
    24658 : 24;
    [24659..24663] : 00;
    24664 : 24;
    24665 : F8;
    [24666..24668] : FC;
    [24669..24670] : FD;
    [24671..24672] : FF;
    24673 : FD;
    [24674..24688] : FC;
    [24689..24694] : F4;
    24695 : D0;
    [24696..24697] : 24;
    [24698..24703] : 00;
    24704 : FC;
    24705 : FD;
    24706 : D8;
    [24707..24714] : 00;
    24715 : 0C;
    [24716..24717] : 18;
    24718 : 0C;
    24719 : 00;
    24720 : 92;
    [24721..24726] : FF;
    24727 : 92;
    24728 : 00;
    [24729..24730] : 10;
    [24731..24732] : 14;
    24733 : 0C;
    24734 : 28;
    [24735..24740] : DB;
    24741 : B7;
    [24742..24743] : 24;
    24744 : 04;
    24745 : 14;
    24746 : 08;
    24747 : 96;
    [24748..24753] : FF;
    24754 : 92;
    24755 : 00;
    [24756..24757] : 0C;
    [24758..24759] : 18;
    24760 : 0C;
    24761 : 49;
    [24762..24763] : DB;
    [24764..24767] : FF;
    24768 : DB;
    [24769..24770] : 49;
    24771 : 08;
    24772 : 18;
    24773 : 14;
    24774 : 28;
    24775 : BB;
    [24776..24787] : FF;
    24788 : DF;
    [24789..24790] : 4D;
    24791 : 00;
    24792 : 28;
    24793 : DB;
    [24794..24799] : FF;
    24800 : 49;
    24801 : 00;
    [24802..24803] : 10;
    24804 : 14;
    24805 : 0C;
    24806 : 92;
    [24807..24812] : FF;
    24813 : DB;
    24814 : 00;
    24815 : 04;
    [24816..24820] : 14;
    24821 : 08;
    [24822..24824] : 00;
    24825 : 14;
    [24826..24827] : 18;
    [24828..24832] : 14;
    24833 : 08;
    24834 : 49;
    [24835..24841] : FF;
    [24842..24843] : 04;
    24844 : 00;
    [24845..24847] : 14;
    24848 : 00;
    [24849..24850] : 6E;
    [24851..24855] : FF;
    [24856..24857] : DB;
    24858 : 00;
    24859 : 08;
    24860 : 18;
    24861 : 0C;
    [24862..24863] : 49;
    24864 : DB;
    [24865..24870] : FF;
    [24871..24872] : 00;
    [24873..24874] : 14;
    24875 : 10;
    [24876..24877] : 00;
    24878 : 92;
    [24879..24884] : FF;
    24885 : B6;
    24886 : 00;
    24887 : 10;
    24888 : 18;
    [24889..24893] : 14;
    24894 : 18;
    24895 : 14;
    [24896..24897] : 04;
    24898 : 48;
    [24899..24904] : FF;
    24905 : BA;
    24906 : 24;
    24907 : 08;
    [24908..24915] : 14;
    [24916..24917] : 10;
    24918 : 04;
    24919 : DB;
    [24920..24925] : FF;
    24926 : 92;
    24927 : 24;
    24928 : 28;
    [24929..24932] : 34;
    24933 : 2C;
    [24934..24937] : 24;
    24938 : 00;
    24939 : 08;
    24940 : 14;
    24941 : 10;
    [24942..24945] : 14;
    24946 : 04;
    [24947..24953] : 00;
    24954 : 04;
    24955 : 18;
    [24956..24957] : 0C;
    24958 : 24;
    24959 : DB;
    [24960..24965] : FF;
    24966 : 92;
    [24967..24968] : 24;
    [24969..24970] : 04;
    [24971..24972] : 08;
    24973 : 24;
    24974 : 28;
    [24975..24981] : FF;
    [24982..24983] : 92;
    24984 : 00;
    24985 : 10;
    24986 : 18;
    24987 : 08;
    24988 : 6E;
    [24989..24994] : FF;
    24995 : DB;
    [24996..24997] : 24;
    24998 : 0C;
    24999 : 14;
    25000 : 18;
    25001 : 10;
    [25002..25003] : 00;
    25004 : DB;
    [25005..25010] : FF;
    25011 : 92;
    25012 : 00;
    25013 : 14;
    25014 : 18;
    25015 : 0C;
    [25016..25017] : 96;
    [25018..25023] : FF;
    25024 : 92;
    25025 : 00;
    25026 : 0C;
    25027 : 18;
    25028 : 14;
    [25029..25030] : 0C;
    25031 : 24;
    [25032..25038] : FF;
    25039 : 6D;
    25040 : 00;
    [25041..25043] : 10;
    25044 : 04;
    [25045..25051] : 00;
    25052 : 0C;
    25053 : 18;
    25054 : 08;
    25055 : 00;
    [25056..25057] : DB;
    [25058..25063] : FF;
    25064 : 49;
    25065 : 08;
    [25066..25067] : 14;
    [25068..25070] : 0C;
    25071 : 18;
    25072 : 10;
    25073 : 24;
    [25074..25080] : FF;
    25081 : 49;
    [25082..25083] : 04;
    [25084..25085] : 14;
    25086 : 08;
    25087 : 92;
    [25088..25093] : FF;
    25094 : 6D;
    25095 : 00;
    [25096..25097] : 10;
    25098 : 18;
    25099 : 14;
    25100 : 0C;
    25101 : 49;
    [25102..25108] : FF;
    [25109..25110] : 49;
    25111 : 08;
    25112 : 18;
    25113 : 10;
    25114 : 4D;
    25115 : DB;
    [25116..25128] : FF;
    [25129..25130] : 49;
    25131 : 08;
    25132 : 30;
    [25133..25139] : FF;
    25140 : 00;
    25141 : 04;
    [25142..25143] : 14;
    25144 : 10;
    [25145..25163] : 00;
    25164 : 44;
    [25165..25166] : 68;
    [25167..25168] : 20;
    [25169..25170] : 00;
    [25171..25177] : 08;
    [25178..25193] : 00;
    25194 : 6C;
    25195 : F8;
    [25196..25197] : F4;
    25198 : D0;
    25199 : 20;
    25200 : 24;
    [25201..25203] : 00;
    25204 : 8C;
    [25205..25206] : F8;
    25207 : B0;
    [25208..25212] : 00;
    25213 : 24;
    25214 : D8;
    25215 : FE;
    [25216..25217] : D5;
    25218 : 24;
    [25219..25223] : 00;
    25224 : 24;
    25225 : F8;
    [25226..25228] : FC;
    [25229..25230] : FD;
    [25231..25232] : FF;
    25233 : FD;
    [25234..25248] : FC;
    [25249..25254] : F4;
    25255 : D0;
    [25256..25257] : 24;
    [25258..25263] : 00;
    25264 : FC;
    25265 : FD;
    25266 : D8;
    [25267..25274] : 00;
    25275 : 0C;
    [25276..25277] : 18;
    25278 : 0C;
    25279 : 00;
    25280 : 92;
    [25281..25286] : FF;
    25287 : 92;
    25288 : 00;
    [25289..25290] : 10;
    [25291..25292] : 14;
    25293 : 0C;
    25294 : 28;
    [25295..25300] : DB;
    25301 : B7;
    [25302..25303] : 24;
    25304 : 04;
    25305 : 14;
    25306 : 08;
    25307 : 96;
    [25308..25313] : FF;
    25314 : 92;
    25315 : 00;
    [25316..25317] : 0C;
    [25318..25319] : 18;
    25320 : 0C;
    25321 : 49;
    [25322..25323] : DB;
    [25324..25327] : FF;
    25328 : DB;
    [25329..25330] : 49;
    25331 : 08;
    25332 : 18;
    25333 : 14;
    25334 : 28;
    25335 : BB;
    [25336..25347] : FF;
    25348 : DF;
    [25349..25350] : 4D;
    25351 : 00;
    25352 : 28;
    25353 : DB;
    [25354..25359] : FF;
    25360 : 49;
    25361 : 00;
    [25362..25363] : 10;
    25364 : 14;
    25365 : 0C;
    25366 : 92;
    [25367..25372] : FF;
    25373 : DB;
    25374 : 00;
    25375 : 04;
    [25376..25380] : 14;
    25381 : 08;
    [25382..25384] : 00;
    25385 : 14;
    [25386..25387] : 18;
    [25388..25392] : 14;
    25393 : 08;
    25394 : 49;
    [25395..25401] : FF;
    [25402..25403] : 04;
    25404 : 00;
    [25405..25407] : 14;
    25408 : 00;
    [25409..25410] : 6E;
    [25411..25415] : FF;
    [25416..25417] : DB;
    25418 : 00;
    25419 : 08;
    25420 : 18;
    25421 : 0C;
    [25422..25423] : 49;
    25424 : DB;
    [25425..25430] : FF;
    [25431..25432] : 00;
    [25433..25434] : 14;
    25435 : 10;
    [25436..25437] : 00;
    25438 : 92;
    [25439..25444] : FF;
    25445 : B6;
    25446 : 00;
    25447 : 10;
    25448 : 18;
    [25449..25453] : 14;
    25454 : 18;
    25455 : 14;
    [25456..25457] : 04;
    25458 : 48;
    [25459..25464] : FF;
    25465 : BA;
    25466 : 24;
    25467 : 08;
    [25468..25475] : 14;
    [25476..25477] : 10;
    25478 : 04;
    25479 : DB;
    [25480..25485] : FF;
    25486 : 92;
    25487 : 24;
    25488 : 28;
    [25489..25492] : 34;
    25493 : 2C;
    [25494..25497] : 24;
    25498 : 00;
    25499 : 08;
    25500 : 14;
    25501 : 10;
    [25502..25505] : 14;
    25506 : 04;
    [25507..25513] : 00;
    25514 : 04;
    25515 : 18;
    [25516..25517] : 0C;
    25518 : 24;
    25519 : DB;
    [25520..25525] : FF;
    25526 : 92;
    [25527..25528] : 24;
    [25529..25530] : 04;
    [25531..25532] : 08;
    25533 : 24;
    25534 : 28;
    [25535..25541] : FF;
    [25542..25543] : 92;
    25544 : 00;
    25545 : 10;
    25546 : 18;
    25547 : 08;
    25548 : 6E;
    [25549..25554] : FF;
    25555 : DB;
    [25556..25557] : 24;
    25558 : 0C;
    25559 : 14;
    25560 : 18;
    25561 : 10;
    [25562..25563] : 00;
    25564 : DB;
    [25565..25570] : FF;
    25571 : 92;
    25572 : 00;
    25573 : 14;
    25574 : 18;
    25575 : 0C;
    [25576..25577] : 96;
    [25578..25583] : FF;
    25584 : 92;
    25585 : 00;
    25586 : 0C;
    25587 : 18;
    25588 : 14;
    [25589..25590] : 0C;
    25591 : 24;
    [25592..25598] : FF;
    25599 : 6D;
    25600 : 00;
    [25601..25603] : 10;
    25604 : 04;
    [25605..25611] : 00;
    25612 : 0C;
    25613 : 18;
    25614 : 08;
    25615 : 00;
    [25616..25617] : DB;
    [25618..25623] : FF;
    25624 : 49;
    25625 : 08;
    [25626..25627] : 14;
    [25628..25630] : 0C;
    25631 : 18;
    25632 : 10;
    25633 : 24;
    [25634..25640] : FF;
    25641 : 49;
    [25642..25643] : 04;
    [25644..25645] : 14;
    25646 : 08;
    25647 : 92;
    [25648..25653] : FF;
    25654 : 6D;
    25655 : 00;
    [25656..25657] : 10;
    25658 : 18;
    25659 : 14;
    25660 : 0C;
    25661 : 49;
    [25662..25668] : FF;
    [25669..25670] : 49;
    25671 : 08;
    25672 : 18;
    25673 : 10;
    25674 : 4D;
    25675 : DB;
    [25676..25688] : FF;
    [25689..25690] : 49;
    25691 : 08;
    25692 : 30;
    [25693..25699] : FF;
    25700 : 00;
    25701 : 04;
    [25702..25703] : 14;
    25704 : 10;
    [25705..25723] : 00;
    25724 : 44;
    [25725..25726] : 68;
    [25727..25728] : 20;
    [25729..25730] : 00;
    [25731..25737] : 08;
    [25738..25753] : 00;
    25754 : 6C;
    25755 : F8;
    [25756..25757] : F4;
    25758 : D0;
    25759 : 20;
    25760 : 24;
    [25761..25763] : 00;
    25764 : AC;
    [25765..25766] : F8;
    25767 : 90;
    [25768..25772] : 00;
    25773 : 24;
    25774 : D8;
    25775 : FD;
    [25776..25777] : D9;
    25778 : 24;
    [25779..25783] : 00;
    25784 : 24;
    25785 : F8;
    [25786..25788] : FC;
    [25789..25790] : FD;
    [25791..25792] : FF;
    25793 : FD;
    [25794..25808] : FC;
    [25809..25814] : F4;
    25815 : D0;
    [25816..25817] : 24;
    [25818..25823] : 00;
    25824 : FC;
    25825 : FD;
    25826 : D8;
    [25827..25834] : 00;
    25835 : 0C;
    [25836..25837] : 18;
    25838 : 0C;
    25839 : 00;
    25840 : 92;
    [25841..25846] : FF;
    25847 : 92;
    25848 : 00;
    [25849..25850] : 10;
    [25851..25852] : 14;
    25853 : 10;
    [25854..25863] : 00;
    25864 : 08;
    25865 : 18;
    25866 : 08;
    25867 : 92;
    [25868..25873] : FF;
    25874 : 92;
    25875 : 00;
    [25876..25877] : 0C;
    [25878..25879] : 14;
    25880 : 0C;
    25881 : 49;
    [25882..25883] : DB;
    [25884..25887] : FF;
    25888 : DB;
    [25889..25890] : 49;
    25891 : 08;
    25892 : 18;
    25893 : 14;
    25894 : 28;
    25895 : BB;
    [25896..25908] : FF;
    [25909..25910] : 6D;
    25911 : 00;
    25912 : 2C;
    25913 : DF;
    [25914..25919] : FF;
    25920 : 49;
    25921 : 00;
    [25922..25923] : 14;
    25924 : 18;
    25925 : 0C;
    25926 : 92;
    [25927..25932] : FF;
    25933 : DB;
    25934 : 00;
    25935 : 04;
    [25936..25938] : 14;
    [25939..25950] : 10;
    [25951..25952] : 14;
    25953 : 08;
    25954 : 4D;
    [25955..25961] : FF;
    [25962..25963] : 04;
    25964 : 00;
    [25965..25967] : 10;
    25968 : 00;
    [25969..25970] : 6E;
    [25971..25975] : FF;
    [25976..25977] : DB;
    25978 : 00;
    25979 : 0C;
    25980 : 18;
    25981 : 0C;
    [25982..25983] : 49;
    25984 : DB;
    [25985..25990] : FF;
    [25991..25992] : 00;
    [25993..25994] : 10;
    25995 : 0C;
    [25996..25997] : 00;
    25998 : 92;
    [25999..26004] : FF;
    26005 : B6;
    26006 : 00;
    26007 : 0C;
    26008 : 18;
    [26009..26010] : 0C;
    [26011..26013] : 08;
    26014 : 10;
    26015 : 14;
    [26016..26017] : 04;
    26018 : 48;
    [26019..26024] : FF;
    26025 : DB;
    26026 : 24;
    26027 : 08;
    26028 : 18;
    [26029..26030] : 10;
    [26031..26034] : 08;
    26035 : 14;
    [26036..26037] : 10;
    26038 : 04;
    26039 : DB;
    [26040..26057] : FF;
    26058 : 24;
    26059 : 08;
    [26060..26064] : 10;
    26065 : 08;
    [26066..26073] : 00;
    26074 : 04;
    26075 : 18;
    [26076..26077] : 10;
    26078 : 24;
    26079 : DB;
    [26080..26088] : FF;
    [26089..26091] : 00;
    26092 : 72;
    [26093..26101] : FF;
    [26102..26103] : 92;
    26104 : 00;
    26105 : 10;
    26106 : 18;
    26107 : 08;
    26108 : 72;
    [26109..26114] : FF;
    26115 : DB;
    [26116..26117] : 24;
    26118 : 0C;
    [26119..26120] : 18;
    26121 : 10;
    [26122..26123] : 04;
    26124 : DB;
    [26125..26130] : FF;
    26131 : 92;
    26132 : 00;
    26133 : 10;
    26134 : 18;
    26135 : 0C;
    [26136..26137] : 96;
    [26138..26143] : FF;
    26144 : 92;
    26145 : 00;
    26146 : 0C;
    26147 : 18;
    26148 : 14;
    [26149..26150] : 0C;
    26151 : 24;
    [26152..26158] : FF;
    26159 : 6D;
    26160 : 00;
    26161 : 10;
    [26162..26163] : 14;
    26164 : 04;
    [26165..26171] : 00;
    26172 : 0C;
    26173 : 18;
    26174 : 08;
    26175 : 00;
    [26176..26177] : DB;
    [26178..26183] : FF;
    26184 : 49;
    26185 : 08;
    [26186..26190] : 14;
    26191 : 10;
    26192 : 08;
    26193 : 24;
    [26194..26200] : FF;
    26201 : 49;
    [26202..26203] : 04;
    [26204..26205] : 14;
    26206 : 08;
    26207 : 92;
    [26208..26213] : FF;
    26214 : 6D;
    26215 : 00;
    [26216..26218] : 14;
    26219 : 18;
    26220 : 08;
    26221 : 49;
    [26222..26228] : FF;
    [26229..26230] : 49;
    26231 : 08;
    26232 : 14;
    26233 : 10;
    26234 : 4D;
    26235 : DB;
    [26236..26247] : FF;
    26248 : DF;
    [26249..26250] : 49;
    26251 : 00;
    26252 : 24;
    [26253..26259] : FF;
    26260 : 00;
    26261 : 04;
    [26262..26263] : 14;
    26264 : 10;
    [26265..26286] : 00;
    [26287..26288] : 64;
    [26289..26290] : 44;
    [26291..26313] : 00;
    26314 : 6C;
    26315 : F8;
    [26316..26317] : F4;
    26318 : D0;
    26319 : 20;
    26320 : 24;
    [26321..26323] : 00;
    26324 : AC;
    [26325..26326] : F8;
    26327 : 90;
    [26328..26332] : 00;
    26333 : 24;
    26334 : D9;
    26335 : FE;
    [26336..26337] : D9;
    26338 : 24;
    [26339..26343] : 00;
    26344 : 24;
    26345 : F8;
    [26346..26348] : FC;
    [26349..26350] : FD;
    [26351..26352] : FF;
    26353 : FD;
    [26354..26368] : FC;
    [26369..26374] : F4;
    26375 : D0;
    [26376..26377] : 24;
    [26378..26383] : 00;
    [26384..26385] : FC;
    26386 : D8;
    [26387..26394] : 00;
    26395 : 0C;
    [26396..26397] : 18;
    26398 : 0C;
    26399 : 00;
    26400 : 92;
    [26401..26406] : FF;
    26407 : 71;
    26408 : 00;
    [26409..26410] : 0C;
    [26411..26412] : 14;
    26413 : 10;
    [26414..26423] : 08;
    26424 : 10;
    26425 : 18;
    26426 : 08;
    26427 : 92;
    [26428..26433] : FF;
    26434 : 92;
    26435 : 00;
    [26436..26437] : 0C;
    [26438..26439] : 14;
    26440 : 0C;
    26441 : 49;
    [26442..26443] : DB;
    [26444..26447] : FF;
    26448 : DB;
    [26449..26450] : 49;
    26451 : 04;
    26452 : 18;
    26453 : 14;
    26454 : 28;
    26455 : BB;
    [26456..26468] : FF;
    [26469..26470] : 6D;
    26471 : 00;
    26472 : 2C;
    26473 : DF;
    [26474..26479] : FF;
    26480 : 49;
    26481 : 00;
    [26482..26483] : 10;
    26484 : 14;
    26485 : 0C;
    26486 : 92;
    [26487..26492] : FF;
    26493 : DB;
    26494 : 00;
    26495 : 04;
    [26496..26497] : 18;
    26498 : 0C;
    [26499..26500] : 04;
    26501 : 00;
    [26502..26503] : 04;
    [26504..26505] : 00;
    [26506..26507] : 04;
    26508 : 00;
    [26509..26510] : 04;
    26511 : 10;
    26512 : 18;
    26513 : 0C;
    26514 : 51;
    [26515..26520] : FF;
    26521 : DF;
    [26522..26524] : 00;
    [26525..26527] : 04;
    26528 : 00;
    [26529..26530] : 72;
    [26531..26535] : FF;
    [26536..26537] : DB;
    26538 : 00;
    26539 : 0C;
    26540 : 18;
    26541 : 0C;
    [26542..26543] : 49;
    26544 : DB;
    [26545..26550] : FF;
    [26551..26552] : 00;
    [26553..26554] : 04;
    [26555..26557] : 00;
    26558 : 92;
    [26559..26564] : FF;
    26565 : B6;
    26566 : 00;
    26567 : 0C;
    26568 : 18;
    [26569..26570] : 08;
    [26571..26573] : 00;
    26574 : 08;
    26575 : 14;
    [26576..26577] : 04;
    26578 : 48;
    [26579..26584] : FF;
    26585 : DB;
    26586 : 24;
    26587 : 08;
    26588 : 18;
    [26589..26590] : 0C;
    [26591..26594] : 00;
    26595 : 14;
    [26596..26597] : 10;
    26598 : 04;
    26599 : DB;
    [26600..26617] : FF;
    26618 : 48;
    26619 : 00;
    26620 : 04;
    26621 : 00;
    [26622..26623] : 04;
    26624 : 10;
    26625 : 04;
    [26626..26633] : 00;
    26634 : 08;
    26635 : 1C;
    [26636..26637] : 10;
    26638 : 24;
    26639 : DB;
    [26640..26648] : FF;
    [26649..26651] : 00;
    26652 : 92;
    [26653..26661] : FF;
    [26662..26663] : 92;
    26664 : 00;
    26665 : 10;
    26666 : 18;
    26667 : 08;
    26668 : 72;
    [26669..26674] : FF;
    26675 : DB;
    [26676..26677] : 24;
    26678 : 0C;
    [26679..26680] : 18;
    26681 : 10;
    [26682..26683] : 00;
    26684 : DB;
    [26685..26690] : FF;
    26691 : 92;
    26692 : 00;
    26693 : 10;
    26694 : 18;
    26695 : 0C;
    [26696..26697] : 96;
    [26698..26703] : FF;
    26704 : 92;
    26705 : 00;
    26706 : 0C;
    26707 : 18;
    26708 : 14;
    [26709..26710] : 0C;
    26711 : 24;
    [26712..26718] : FF;
    26719 : 6D;
    26720 : 00;
    [26721..26723] : 10;
    26724 : 04;
    [26725..26731] : 00;
    26732 : 0C;
    26733 : 18;
    26734 : 08;
    26735 : 00;
    [26736..26737] : DB;
    [26738..26743] : FF;
    26744 : 49;
    26745 : 08;
    26746 : 0C;
    [26747..26750] : 04;
    [26751..26752] : 00;
    26753 : 24;
    [26754..26760] : FF;
    26761 : 49;
    [26762..26763] : 04;
    [26764..26765] : 14;
    26766 : 08;
    26767 : 92;
    [26768..26773] : FF;
    26774 : 6D;
    26775 : 00;
    [26776..26777] : 14;
    [26778..26779] : 18;
    26780 : 08;
    26781 : 49;
    [26782..26788] : FF;
    [26789..26790] : 49;
    26791 : 08;
    26792 : 14;
    26793 : 10;
    26794 : 4D;
    26795 : DB;
    [26796..26807] : FF;
    26808 : DF;
    [26809..26810] : 49;
    26811 : 00;
    26812 : 24;
    [26813..26819] : FF;
    26820 : 00;
    26821 : 04;
    [26822..26823] : 14;
    26824 : 10;
    [26825..26846] : 00;
    [26847..26848] : 64;
    [26849..26850] : 44;
    [26851..26873] : 00;
    26874 : 6C;
    26875 : F8;
    [26876..26877] : F4;
    26878 : D0;
    26879 : 20;
    26880 : 24;
    [26881..26883] : 00;
    26884 : 8C;
    [26885..26886] : F8;
    26887 : B0;
    [26888..26892] : 00;
    26893 : 24;
    26894 : D8;
    26895 : FD;
    [26896..26897] : D9;
    26898 : 24;
    [26899..26903] : 00;
    26904 : 24;
    26905 : F8;
    [26906..26908] : FC;
    [26909..26910] : FD;
    [26911..26912] : FF;
    [26913..26928] : FC;
    [26929..26934] : F4;
    26935 : D0;
    [26936..26937] : 24;
    [26938..26943] : 00;
    [26944..26945] : FC;
    26946 : D8;
    26947 : 20;
    [26948..26954] : 00;
    26955 : 0C;
    [26956..26957] : 18;
    26958 : 0C;
    26959 : 00;
    26960 : 92;
    [26961..26966] : FF;
    26967 : 92;
    26968 : 00;
    [26969..26970] : 0C;
    26971 : 14;
    [26972..26973] : 08;
    [26974..26975] : 10;
    [26976..26979] : 0C;
    [26980..26981] : 10;
    [26982..26985] : 14;
    26986 : 08;
    26987 : 92;
    [26988..26993] : FF;
    26994 : 92;
    26995 : 00;
    [26996..26997] : 0C;
    [26998..26999] : 14;
    27000 : 0C;
    27001 : 49;
    [27002..27003] : DB;
    [27004..27007] : FF;
    27008 : DB;
    [27009..27010] : 49;
    27011 : 08;
    27012 : 18;
    27013 : 14;
    27014 : 28;
    27015 : BB;
    [27016..27028] : FF;
    [27029..27030] : B6;
    27031 : 6E;
    27032 : 96;
    [27033..27039] : FF;
    27040 : 49;
    27041 : 00;
    [27042..27043] : 10;
    27044 : 14;
    27045 : 0C;
    27046 : 92;
    [27047..27052] : FF;
    27053 : DA;
    27054 : 00;
    27055 : 04;
    [27056..27057] : 14;
    27058 : 30;
    [27059..27067] : 6D;
    27068 : 28;
    [27069..27070] : 00;
    27071 : 10;
    27072 : 18;
    27073 : 08;
    27074 : 4D;
    [27075..27081] : FF;
    [27082..27083] : 72;
    [27084..27087] : 6D;
    27088 : 6E;
    [27089..27090] : BB;
    [27091..27095] : FF;
    [27096..27097] : DB;
    27098 : 00;
    27099 : 0C;
    27100 : 18;
    27101 : 0C;
    [27102..27103] : 49;
    27104 : DB;
    [27105..27110] : FF;
    27111 : 72;
    [27112..27115] : 6D;
    [27116..27117] : 6E;
    27118 : DB;
    [27119..27124] : FF;
    27125 : B6;
    27126 : 00;
    27127 : 0C;
    27128 : 14;
    [27129..27130] : 08;
    [27131..27133] : 00;
    27134 : 08;
    27135 : 14;
    [27136..27137] : 04;
    27138 : 4C;
    [27139..27144] : FF;
    27145 : BA;
    27146 : 24;
    27147 : 08;
    27148 : 14;
    [27149..27150] : 0C;
    [27151..27154] : 00;
    27155 : 14;
    [27156..27157] : 10;
    27158 : 00;
    27159 : 92;
    [27160..27161] : B6;
    [27162..27163] : DB;
    [27164..27177] : FF;
    27178 : 92;
    [27179..27180] : 6D;
    [27181..27183] : 00;
    27184 : 10;
    27185 : 0C;
    [27186..27193] : 00;
    27194 : 04;
    27195 : 18;
    [27196..27197] : 10;
    27198 : 24;
    27199 : 91;
    [27200..27201] : B6;
    [27202..27208] : FF;
    [27209..27211] : 6E;
    27212 : BB;
    [27213..27218] : FF;
    27219 : DF;
    [27220..27221] : B6;
    [27222..27223] : 49;
    27224 : 00;
    27225 : 10;
    27226 : 14;
    27227 : 08;
    27228 : 72;
    [27229..27234] : FF;
    27235 : DB;
    [27236..27237] : 24;
    27238 : 0C;
    [27239..27240] : 18;
    27241 : 10;
    [27242..27243] : 04;
    27244 : DB;
    [27245..27250] : FF;
    27251 : 92;
    27252 : 00;
    27253 : 10;
    27254 : 18;
    27255 : 0C;
    [27256..27257] : 96;
    [27258..27263] : FF;
    27264 : 92;
    27265 : 00;
    27266 : 0C;
    27267 : 18;
    27268 : 14;
    [27269..27270] : 0C;
    27271 : 24;
    [27272..27278] : FF;
    27279 : 6D;
    27280 : 00;
    27281 : 10;
    [27282..27283] : 14;
    27284 : 08;
    [27285..27291] : 00;
    27292 : 0C;
    27293 : 18;
    27294 : 08;
    27295 : 00;
    [27296..27297] : DB;
    [27298..27303] : FF;
    27304 : 49;
    27305 : 04;
    27306 : 28;
    [27307..27310] : 6D;
    27311 : 4D;
    27312 : 00;
    27313 : 24;
    [27314..27320] : FF;
    27321 : 49;
    [27322..27323] : 04;
    [27324..27325] : 14;
    27326 : 08;
    27327 : 92;
    [27328..27333] : FF;
    27334 : 6D;
    27335 : 00;
    [27336..27338] : 14;
    27339 : 18;
    27340 : 08;
    27341 : 49;
    [27342..27348] : FF;
    [27349..27350] : 49;
    27351 : 08;
    27352 : 18;
    27353 : 10;
    27354 : 4D;
    27355 : DB;
    [27356..27368] : FF;
    [27369..27370] : 92;
    27371 : 6E;
    27372 : 96;
    [27373..27379] : FF;
    27380 : 00;
    27381 : 04;
    [27382..27383] : 14;
    27384 : 10;
    [27385..27394] : 00;
    27395 : 20;
    [27396..27403] : 60;
    27404 : 20;
    [27405..27406] : 00;
    [27407..27410] : 64;
    [27411..27413] : 20;
    [27414..27420] : 40;
    [27421..27433] : 00;
    27434 : 6C;
    27435 : F8;
    [27436..27437] : F4;
    27438 : D0;
    27439 : 20;
    27440 : 24;
    [27441..27443] : 00;
    27444 : 8C;
    [27445..27446] : F8;
    27447 : B0;
    [27448..27452] : 00;
    27453 : 24;
    27454 : D8;
    27455 : FD;
    [27456..27457] : D9;
    27458 : 24;
    [27459..27463] : 00;
    27464 : 24;
    27465 : F8;
    [27466..27468] : FC;
    [27469..27470] : FD;
    [27471..27472] : FF;
    [27473..27488] : FC;
    [27489..27494] : F4;
    27495 : D0;
    [27496..27497] : 24;
    [27498..27503] : 00;
    [27504..27505] : FC;
    27506 : D8;
    27507 : 20;
    [27508..27514] : 00;
    27515 : 0C;
    [27516..27517] : 18;
    27518 : 0C;
    27519 : 00;
    27520 : 92;
    [27521..27526] : FF;
    27527 : 92;
    27528 : 00;
    [27529..27530] : 0C;
    27531 : 14;
    [27532..27533] : 08;
    [27534..27535] : 10;
    [27536..27539] : 0C;
    [27540..27541] : 10;
    [27542..27545] : 14;
    27546 : 08;
    27547 : 92;
    [27548..27553] : FF;
    27554 : 92;
    27555 : 00;
    [27556..27557] : 0C;
    [27558..27559] : 14;
    27560 : 0C;
    27561 : 49;
    [27562..27563] : DB;
    [27564..27567] : FF;
    27568 : DB;
    [27569..27570] : 49;
    27571 : 08;
    27572 : 18;
    27573 : 14;
    27574 : 28;
    27575 : BB;
    [27576..27588] : FF;
    [27589..27590] : B6;
    27591 : 6E;
    27592 : 96;
    [27593..27599] : FF;
    27600 : 49;
    27601 : 00;
    [27602..27603] : 10;
    27604 : 14;
    27605 : 0C;
    27606 : 92;
    [27607..27612] : FF;
    27613 : DA;
    27614 : 00;
    27615 : 04;
    [27616..27617] : 14;
    27618 : 30;
    [27619..27627] : 6D;
    27628 : 28;
    [27629..27630] : 00;
    27631 : 10;
    27632 : 18;
    27633 : 08;
    27634 : 4D;
    [27635..27641] : FF;
    [27642..27643] : 72;
    [27644..27647] : 6D;
    27648 : 6E;
    [27649..27650] : BB;
    [27651..27655] : FF;
    [27656..27657] : DB;
    27658 : 00;
    27659 : 0C;
    27660 : 18;
    27661 : 0C;
    [27662..27663] : 49;
    27664 : DB;
    [27665..27670] : FF;
    27671 : 72;
    [27672..27675] : 6D;
    [27676..27677] : 6E;
    27678 : DB;
    [27679..27684] : FF;
    27685 : B6;
    27686 : 00;
    27687 : 0C;
    27688 : 14;
    [27689..27690] : 08;
    [27691..27693] : 00;
    27694 : 08;
    27695 : 14;
    [27696..27697] : 04;
    27698 : 4C;
    [27699..27704] : FF;
    27705 : BA;
    27706 : 24;
    27707 : 08;
    27708 : 14;
    [27709..27710] : 0C;
    [27711..27714] : 00;
    27715 : 14;
    [27716..27717] : 10;
    27718 : 00;
    27719 : 92;
    [27720..27721] : B6;
    [27722..27723] : DB;
    [27724..27737] : FF;
    27738 : 92;
    [27739..27740] : 6D;
    [27741..27743] : 00;
    27744 : 10;
    27745 : 0C;
    [27746..27753] : 00;
    27754 : 04;
    27755 : 18;
    [27756..27757] : 10;
    27758 : 24;
    27759 : 91;
    [27760..27761] : B6;
    [27762..27768] : FF;
    [27769..27771] : 6E;
    27772 : BB;
    [27773..27778] : FF;
    27779 : DF;
    [27780..27781] : B6;
    [27782..27783] : 49;
    27784 : 00;
    27785 : 10;
    27786 : 14;
    27787 : 08;
    27788 : 72;
    [27789..27794] : FF;
    27795 : DB;
    [27796..27797] : 24;
    27798 : 0C;
    [27799..27800] : 18;
    27801 : 10;
    [27802..27803] : 04;
    27804 : DB;
    [27805..27810] : FF;
    27811 : 92;
    27812 : 00;
    27813 : 10;
    27814 : 18;
    27815 : 0C;
    [27816..27817] : 96;
    [27818..27823] : FF;
    27824 : 92;
    27825 : 00;
    27826 : 0C;
    27827 : 18;
    27828 : 14;
    [27829..27830] : 0C;
    27831 : 24;
    [27832..27838] : FF;
    27839 : 6D;
    27840 : 00;
    27841 : 10;
    [27842..27843] : 14;
    27844 : 08;
    [27845..27851] : 00;
    27852 : 0C;
    27853 : 18;
    27854 : 08;
    27855 : 00;
    [27856..27857] : DB;
    [27858..27863] : FF;
    27864 : 49;
    27865 : 04;
    27866 : 28;
    [27867..27870] : 6D;
    27871 : 4D;
    27872 : 00;
    27873 : 24;
    [27874..27880] : FF;
    27881 : 49;
    [27882..27883] : 04;
    [27884..27885] : 14;
    27886 : 08;
    27887 : 92;
    [27888..27893] : FF;
    27894 : 6D;
    27895 : 00;
    [27896..27898] : 14;
    27899 : 18;
    27900 : 08;
    27901 : 49;
    [27902..27908] : FF;
    [27909..27910] : 49;
    27911 : 08;
    27912 : 18;
    27913 : 10;
    27914 : 4D;
    27915 : DB;
    [27916..27928] : FF;
    [27929..27930] : 92;
    27931 : 6E;
    27932 : 96;
    [27933..27939] : FF;
    27940 : 00;
    27941 : 04;
    [27942..27943] : 14;
    27944 : 10;
    [27945..27954] : 00;
    27955 : 20;
    [27956..27963] : 60;
    27964 : 20;
    [27965..27966] : 00;
    [27967..27970] : 64;
    [27971..27973] : 20;
    [27974..27980] : 40;
    [27981..27993] : 00;
    27994 : 6C;
    27995 : F8;
    [27996..27997] : F4;
    27998 : D0;
    27999 : 20;
    28000 : 24;
    [28001..28003] : 00;
    28004 : 8C;
    [28005..28006] : F8;
    28007 : B0;
    [28008..28012] : 00;
    28013 : 24;
    28014 : D8;
    28015 : FD;
    [28016..28017] : D8;
    28018 : 24;
    [28019..28023] : 00;
    28024 : 24;
    28025 : F8;
    [28026..28028] : FC;
    [28029..28030] : FD;
    [28031..28032] : FF;
    [28033..28048] : FC;
    [28049..28054] : F4;
    28055 : D0;
    [28056..28057] : 24;
    [28058..28063] : 00;
    28064 : F8;
    28065 : FC;
    28066 : D4;
    [28067..28074] : 00;
    28075 : 0C;
    [28076..28077] : 18;
    28078 : 0C;
    28079 : 00;
    28080 : 92;
    [28081..28086] : FF;
    28087 : 92;
    28088 : 00;
    [28089..28090] : 10;
    28091 : 18;
    28092 : 08;
    [28093..28101] : 00;
    [28102..28103] : 10;
    [28104..28105] : 14;
    28106 : 08;
    28107 : 92;
    [28108..28113] : FF;
    28114 : 92;
    28115 : 00;
    [28116..28117] : 0C;
    [28118..28119] : 14;
    28120 : 0C;
    28121 : 49;
    [28122..28123] : DB;
    [28124..28127] : FF;
    28128 : DB;
    [28129..28130] : 49;
    28131 : 08;
    28132 : 18;
    28133 : 14;
    28134 : 24;
    28135 : B7;
    [28136..28159] : FF;
    28160 : 49;
    28161 : 00;
    [28162..28163] : 10;
    28164 : 14;
    28165 : 0C;
    28166 : 92;
    [28167..28172] : FF;
    28173 : DA;
    28174 : 00;
    28175 : 04;
    [28176..28177] : 14;
    28178 : 9A;
    [28179..28187] : FF;
    28188 : 72;
    [28189..28190] : 00;
    28191 : 10;
    28192 : 18;
    28193 : 08;
    28194 : 4D;
    [28195..28215] : FF;
    [28216..28217] : DB;
    28218 : 00;
    28219 : 08;
    28220 : 18;
    28221 : 0C;
    [28222..28223] : 49;
    28224 : DB;
    [28225..28244] : FF;
    28245 : B6;
    28246 : 00;
    28247 : 0C;
    28248 : 14;
    [28249..28250] : 08;
    [28251..28253] : 00;
    28254 : 08;
    28255 : 14;
    [28256..28257] : 04;
    28258 : 4C;
    [28259..28264] : FF;
    28265 : BA;
    28266 : 24;
    28267 : 08;
    28268 : 14;
    [28269..28270] : 08;
    [28271..28274] : 00;
    28275 : 14;
    [28276..28277] : 10;
    28278 : 04;
    28279 : 00;
    28280 : 04;
    28281 : 24;
    [28282..28283] : 92;
    [28284..28300] : FF;
    28301 : 24;
    [28302..28303] : 00;
    [28304..28305] : 14;
    28306 : 04;
    [28307..28313] : 00;
    28314 : 04;
    28315 : 18;
    [28316..28317] : 10;
    [28318..28320] : 00;
    28321 : 04;
    [28322..28323] : DB;
    [28324..28338] : FF;
    28339 : 92;
    [28340..28344] : 00;
    28345 : 10;
    28346 : 14;
    28347 : 08;
    28348 : 6E;
    [28349..28354] : FF;
    28355 : DB;
    [28356..28357] : 24;
    28358 : 08;
    [28359..28360] : 18;
    28361 : 10;
    [28362..28363] : 04;
    28364 : DB;
    [28365..28370] : FF;
    28371 : 92;
    28372 : 00;
    28373 : 10;
    28374 : 18;
    28375 : 0C;
    [28376..28377] : 96;
    [28378..28383] : FF;
    28384 : 92;
    28385 : 00;
    28386 : 0C;
    28387 : 18;
    28388 : 14;
    [28389..28390] : 0C;
    28391 : 24;
    [28392..28398] : FF;
    28399 : 6D;
    28400 : 00;
    28401 : 10;
    [28402..28403] : 14;
    28404 : 08;
    [28405..28411] : 00;
    28412 : 0C;
    28413 : 18;
    28414 : 08;
    28415 : 00;
    [28416..28417] : DB;
    [28418..28423] : FF;
    28424 : 49;
    28425 : 00;
    28426 : 6D;
    28427 : DF;
    [28428..28430] : FF;
    28431 : BA;
    28432 : 04;
    28433 : 24;
    [28434..28440] : FF;
    28441 : 49;
    [28442..28443] : 04;
    [28444..28445] : 14;
    28446 : 08;
    28447 : 92;
    [28448..28453] : FF;
    28454 : 6D;
    28455 : 00;
    [28456..28458] : 14;
    28459 : 18;
    28460 : 08;
    28461 : 49;
    [28462..28468] : FF;
    [28469..28470] : 49;
    28471 : 08;
    28472 : 14;
    28473 : 10;
    28474 : 4D;
    28475 : DB;
    [28476..28499] : FF;
    28500 : 00;
    28501 : 04;
    [28502..28503] : 14;
    28504 : 0C;
    [28505..28514] : 00;
    28515 : 60;
    [28516..28517] : C0;
    [28518..28519] : E0;
    [28520..28523] : C0;
    28524 : 40;
    28525 : 20;
    28526 : 40;
    [28527..28528] : 68;
    [28529..28530] : 64;
    [28531..28533] : 60;
    28534 : A0;
    [28535..28538] : C0;
    28539 : A0;
    28540 : C0;
    28541 : 20;
    [28542..28553] : 00;
    28554 : 6C;
    [28555..28557] : F8;
    28558 : D0;
    28559 : 20;
    28560 : 24;
    [28561..28563] : 00;
    28564 : 8C;
    [28565..28566] : F8;
    28567 : B0;
    [28568..28572] : 00;
    28573 : 24;
    28574 : D4;
    28575 : FC;
    [28576..28577] : D8;
    28578 : 24;
    [28579..28583] : 00;
    28584 : 24;
    28585 : F8;
    [28586..28588] : FC;
    [28589..28590] : FD;
    [28591..28592] : FF;
    [28593..28608] : FC;
    [28609..28614] : F4;
    28615 : D0;
    [28616..28617] : 24;
    [28618..28623] : 00;
    28624 : F8;
    28625 : FC;
    28626 : D8;
    28627 : 20;
    [28628..28634] : 00;
    28635 : 0C;
    [28636..28637] : 18;
    28638 : 0C;
    28639 : 00;
    28640 : 92;
    [28641..28646] : FF;
    28647 : 71;
    28648 : 00;
    [28649..28650] : 0C;
    28651 : 18;
    28652 : 08;
    28653 : 00;
    [28654..28659] : 04;
    [28660..28661] : 08;
    [28662..28663] : 10;
    [28664..28665] : 14;
    28666 : 08;
    28667 : 92;
    [28668..28673] : FF;
    28674 : 92;
    28675 : 00;
    [28676..28677] : 0C;
    [28678..28679] : 14;
    28680 : 0C;
    28681 : 49;
    [28682..28683] : DB;
    [28684..28687] : FF;
    28688 : DB;
    [28689..28690] : 49;
    28691 : 08;
    28692 : 18;
    28693 : 14;
    28694 : 24;
    28695 : B7;
    [28696..28719] : FF;
    28720 : 49;
    28721 : 00;
    [28722..28723] : 10;
    28724 : 14;
    28725 : 0C;
    28726 : 92;
    [28727..28732] : FF;
    28733 : DB;
    28734 : 00;
    28735 : 04;
    [28736..28737] : 14;
    28738 : 9A;
    [28739..28747] : FF;
    28748 : 92;
    [28749..28750] : 00;
    28751 : 10;
    28752 : 18;
    28753 : 0C;
    28754 : 4D;
    [28755..28775] : FF;
    [28776..28777] : DB;
    28778 : 00;
    28779 : 08;
    28780 : 18;
    28781 : 0C;
    [28782..28783] : 49;
    28784 : DB;
    [28785..28804] : FF;
    28805 : B6;
    28806 : 00;
    28807 : 0C;
    28808 : 18;
    [28809..28810] : 08;
    [28811..28813] : 00;
    28814 : 08;
    28815 : 14;
    [28816..28817] : 04;
    28818 : 48;
    [28819..28824] : FF;
    28825 : BA;
    28826 : 24;
    28827 : 08;
    28828 : 18;
    [28829..28830] : 0C;
    [28831..28834] : 00;
    [28835..28837] : 14;
    28838 : 10;
    [28839..28840] : 0C;
    28841 : 00;
    [28842..28843] : 92;
    [28844..28860] : FF;
    28861 : 24;
    [28862..28863] : 00;
    [28864..28865] : 14;
    28866 : 04;
    [28867..28873] : 00;
    28874 : 04;
    28875 : 18;
    [28876..28877] : 14;
    [28878..28879] : 10;
    28880 : 08;
    28881 : 00;
    [28882..28883] : DB;
    [28884..28898] : FF;
    28899 : 92;
    28900 : 00;
    28901 : 08;
    [28902..28904] : 10;
    28905 : 14;
    28906 : 18;
    28907 : 08;
    28908 : 6E;
    [28909..28914] : FF;
    28915 : DB;
    [28916..28917] : 24;
    28918 : 08;
    [28919..28920] : 18;
    28921 : 14;
    [28922..28923] : 04;
    28924 : DB;
    [28925..28930] : FF;
    28931 : 92;
    28932 : 00;
    28933 : 10;
    28934 : 14;
    28935 : 0C;
    [28936..28937] : 96;
    [28938..28943] : FF;
    28944 : 92;
    28945 : 00;
    28946 : 0C;
    28947 : 18;
    28948 : 14;
    [28949..28950] : 0C;
    28951 : 24;
    [28952..28958] : FF;
    28959 : 6D;
    28960 : 00;
    [28961..28963] : 14;
    28964 : 08;
    [28965..28971] : 00;
    28972 : 0C;
    28973 : 18;
    28974 : 08;
    28975 : 00;
    [28976..28977] : DB;
    [28978..28983] : FF;
    28984 : 4D;
    28985 : 00;
    28986 : 6D;
    28987 : DF;
    [28988..28990] : FF;
    28991 : BA;
    28992 : 04;
    28993 : 24;
    [28994..29000] : FF;
    29001 : 49;
    [29002..29003] : 04;
    [29004..29005] : 14;
    29006 : 08;
    29007 : 92;
    [29008..29013] : FF;
    29014 : 6D;
    29015 : 00;
    [29016..29018] : 14;
    29019 : 18;
    29020 : 08;
    29021 : 49;
    [29022..29028] : FF;
    [29029..29030] : 49;
    29031 : 08;
    29032 : 14;
    29033 : 10;
    29034 : 4D;
    29035 : DB;
    [29036..29059] : FF;
    29060 : 00;
    29061 : 04;
    [29062..29063] : 14;
    29064 : 10;
    [29065..29074] : 00;
    29075 : 60;
    [29076..29080] : E0;
    [29081..29083] : C0;
    29084 : 60;
    29085 : 20;
    29086 : 40;
    [29087..29088] : 68;
    [29089..29090] : 64;
    [29091..29093] : 60;
    29094 : A0;
    [29095..29098] : C0;
    [29099..29100] : A0;
    [29101..29113] : 00;
    29114 : 6C;
    [29115..29117] : F8;
    29118 : D0;
    29119 : 20;
    29120 : 24;
    [29121..29123] : 00;
    29124 : 8C;
    [29125..29126] : F8;
    29127 : B0;
    [29128..29133] : 00;
    [29134..29137] : 48;
    29138 : B4;
    29139 : B0;
    29140 : B4;
    [29141..29143] : 00;
    29144 : 20;
    29145 : F4;
    29146 : F8;
    [29147..29150] : FC;
    29151 : FD;
    29152 : FF;
    [29153..29168] : FC;
    [29169..29174] : F4;
    29175 : D0;
    [29176..29177] : 24;
    29178 : 00;
    29179 : 24;
    29180 : 90;
    [29181..29183] : B0;
    [29184..29185] : 48;
    29186 : 24;
    [29187..29194] : 00;
    29195 : 0C;
    [29196..29197] : 18;
    29198 : 0C;
    29199 : 00;
    29200 : 92;
    [29201..29206] : FF;
    29207 : 71;
    29208 : 00;
    [29209..29210] : 0C;
    29211 : 18;
    29212 : 08;
    29213 : 04;
    29214 : 10;
    [29215..29217] : 14;
    [29218..29220] : 18;
    [29221..29225] : 14;
    29226 : 08;
    29227 : 92;
    [29228..29233] : FF;
    29234 : 92;
    29235 : 00;
    [29236..29237] : 0C;
    [29238..29239] : 14;
    29240 : 0C;
    29241 : 49;
    [29242..29243] : DB;
    [29244..29247] : FF;
    29248 : DB;
    [29249..29250] : 49;
    29251 : 04;
    29252 : 18;
    29253 : 14;
    29254 : 28;
    29255 : BB;
    [29256..29261] : FF;
    [29262..29263] : B6;
    29264 : 6D;
    29265 : 75;
    [29266..29279] : FF;
    29280 : 49;
    29281 : 00;
    [29282..29283] : 10;
    29284 : 14;
    29285 : 0C;
    29286 : 92;
    [29287..29292] : FF;
    29293 : DB;
    29294 : 00;
    29295 : 04;
    [29296..29297] : 14;
    29298 : 30;
    [29299..29300] : 71;
    29301 : DF;
    [29302..29307] : FF;
    29308 : 92;
    [29309..29310] : 00;
    29311 : 14;
    29312 : 18;
    29313 : 0C;
    29314 : 4D;
    [29315..29332] : FF;
    29333 : DB;
    [29334..29335] : 4D;
    [29336..29337] : 29;
    29338 : 00;
    29339 : 0C;
    29340 : 18;
    29341 : 0C;
    [29342..29343] : 49;
    29344 : DB;
    [29345..29364] : FF;
    29365 : B6;
    29366 : 00;
    29367 : 0C;
    29368 : 18;
    [29369..29370] : 08;
    [29371..29373] : 00;
    29374 : 08;
    29375 : 14;
    [29376..29377] : 04;
    29378 : 48;
    [29379..29384] : FF;
    29385 : BA;
    29386 : 24;
    29387 : 08;
    29388 : 18;
    [29389..29390] : 0C;
    [29391..29394] : 00;
    29395 : 0C;
    [29396..29398] : 14;
    29399 : 18;
    29400 : 14;
    29401 : 00;
    [29402..29403] : 28;
    29404 : 6D;
    [29405..29412] : 71;
    29413 : B6;
    [29414..29420] : FF;
    29421 : 24;
    [29422..29423] : 00;
    [29424..29425] : 10;
    29426 : 04;
    [29427..29434] : 00;
    29435 : 10;
    [29436..29439] : 18;
    29440 : 10;
    29441 : 00;
    [29442..29443] : 48;
    29444 : 6D;
    29445 : 71;
    [29446..29454] : FF;
    [29455..29457] : 71;
    29458 : 4D;
    29459 : 24;
    29460 : 00;
    29461 : 0C;
    [29462..29466] : 14;
    29467 : 08;
    29468 : 72;
    [29469..29474] : FF;
    29475 : DB;
    [29476..29477] : 24;
    29478 : 08;
    [29479..29480] : 18;
    29481 : 10;
    [29482..29483] : 04;
    29484 : DB;
    [29485..29490] : FF;
    29491 : 92;
    29492 : 00;
    29493 : 10;
    29494 : 14;
    29495 : 0C;
    [29496..29497] : 96;
    [29498..29503] : FF;
    29504 : 92;
    29505 : 00;
    29506 : 0C;
    29507 : 18;
    29508 : 14;
    [29509..29510] : 0C;
    29511 : 24;
    [29512..29518] : FF;
    29519 : 6D;
    29520 : 00;
    [29521..29523] : 14;
    29524 : 08;
    [29525..29531] : 00;
    29532 : 0C;
    29533 : 18;
    29534 : 08;
    29535 : 00;
    [29536..29537] : DB;
    [29538..29543] : FF;
    29544 : 96;
    29545 : 76;
    29546 : DF;
    [29547..29551] : FF;
    29552 : BA;
    29553 : 96;
    [29554..29560] : FF;
    29561 : 49;
    [29562..29563] : 04;
    [29564..29565] : 14;
    29566 : 08;
    29567 : 92;
    [29568..29573] : FF;
    29574 : 6D;
    29575 : 00;
    [29576..29578] : 14;
    29579 : 18;
    29580 : 08;
    29581 : 49;
    [29582..29588] : FF;
    [29589..29590] : 49;
    29591 : 08;
    29592 : 14;
    29593 : 10;
    29594 : 4D;
    29595 : DB;
    [29596..29601] : FF;
    [29602..29603] : 72;
    29604 : 4D;
    29605 : 71;
    [29606..29619] : FF;
    29620 : 00;
    29621 : 04;
    [29622..29623] : 14;
    29624 : 10;
    [29625..29632] : 00;
    29633 : 40;
    29634 : 80;
    29635 : C0;
    [29636..29637] : E0;
    [29638..29639] : E4;
    [29640..29643] : E0;
    29644 : A0;
    [29645..29646] : 80;
    [29647..29653] : A0;
    29654 : C0;
    [29655..29657] : E0;
    29658 : C0;
    [29659..29660] : A0;
    29661 : 80;
    [29662..29664] : 60;
    29665 : 20;
    [29666..29673] : 00;
    29674 : 6C;
    [29675..29677] : F8;
    29678 : D0;
    29679 : 20;
    29680 : 24;
    [29681..29683] : 00;
    29684 : 8C;
    [29685..29686] : F8;
    29687 : B0;
    [29688..29693] : 00;
    [29694..29697] : 48;
    29698 : B4;
    29699 : B0;
    29700 : B4;
    [29701..29703] : 00;
    29704 : 20;
    29705 : F4;
    29706 : F8;
    [29707..29710] : FC;
    29711 : FD;
    29712 : FF;
    [29713..29728] : FC;
    [29729..29734] : F4;
    29735 : D0;
    [29736..29737] : 24;
    29738 : 00;
    29739 : 24;
    29740 : 90;
    [29741..29743] : B0;
    [29744..29745] : 48;
    29746 : 24;
    [29747..29754] : 00;
    29755 : 0C;
    [29756..29757] : 18;
    29758 : 0C;
    29759 : 00;
    29760 : 92;
    [29761..29766] : FF;
    29767 : 71;
    29768 : 00;
    [29769..29770] : 0C;
    29771 : 18;
    29772 : 08;
    29773 : 04;
    29774 : 10;
    [29775..29777] : 14;
    [29778..29780] : 18;
    [29781..29785] : 14;
    29786 : 08;
    29787 : 92;
    [29788..29793] : FF;
    29794 : 92;
    29795 : 00;
    [29796..29797] : 0C;
    [29798..29799] : 14;
    29800 : 0C;
    29801 : 49;
    [29802..29803] : DB;
    [29804..29807] : FF;
    29808 : DB;
    [29809..29810] : 49;
    29811 : 04;
    29812 : 18;
    29813 : 14;
    29814 : 28;
    29815 : BB;
    [29816..29821] : FF;
    [29822..29823] : B6;
    29824 : 6D;
    29825 : 75;
    [29826..29839] : FF;
    29840 : 49;
    29841 : 00;
    [29842..29843] : 10;
    29844 : 14;
    29845 : 0C;
    29846 : 92;
    [29847..29852] : FF;
    29853 : DB;
    29854 : 00;
    29855 : 04;
    [29856..29857] : 14;
    29858 : 30;
    [29859..29860] : 71;
    29861 : DF;
    [29862..29867] : FF;
    29868 : 92;
    [29869..29870] : 00;
    29871 : 14;
    29872 : 18;
    29873 : 0C;
    29874 : 4D;
    [29875..29892] : FF;
    29893 : DB;
    [29894..29895] : 4D;
    [29896..29897] : 29;
    29898 : 00;
    29899 : 0C;
    29900 : 18;
    29901 : 0C;
    [29902..29903] : 49;
    29904 : DB;
    [29905..29924] : FF;
    29925 : B6;
    29926 : 00;
    29927 : 0C;
    29928 : 18;
    [29929..29930] : 08;
    [29931..29933] : 00;
    29934 : 08;
    29935 : 14;
    [29936..29937] : 04;
    29938 : 48;
    [29939..29944] : FF;
    29945 : BA;
    29946 : 24;
    29947 : 08;
    29948 : 18;
    [29949..29950] : 0C;
    [29951..29954] : 00;
    29955 : 0C;
    [29956..29958] : 14;
    29959 : 18;
    29960 : 14;
    29961 : 00;
    [29962..29963] : 28;
    29964 : 6D;
    [29965..29972] : 71;
    29973 : B6;
    [29974..29980] : FF;
    29981 : 24;
    [29982..29983] : 00;
    [29984..29985] : 10;
    29986 : 04;
    [29987..29994] : 00;
    29995 : 10;
    [29996..29999] : 18;
    30000 : 10;
    30001 : 00;
    [30002..30003] : 48;
    30004 : 6D;
    30005 : 71;
    [30006..30014] : FF;
    [30015..30017] : 71;
    30018 : 4D;
    30019 : 24;
    30020 : 00;
    30021 : 0C;
    [30022..30026] : 14;
    30027 : 08;
    30028 : 72;
    [30029..30034] : FF;
    30035 : DB;
    [30036..30037] : 24;
    30038 : 08;
    [30039..30040] : 18;
    30041 : 10;
    [30042..30043] : 04;
    30044 : DB;
    [30045..30050] : FF;
    30051 : 92;
    30052 : 00;
    30053 : 10;
    30054 : 14;
    30055 : 0C;
    [30056..30057] : 96;
    [30058..30063] : FF;
    30064 : 92;
    30065 : 00;
    30066 : 0C;
    30067 : 18;
    30068 : 14;
    [30069..30070] : 0C;
    30071 : 24;
    [30072..30078] : FF;
    30079 : 6D;
    30080 : 00;
    [30081..30083] : 14;
    30084 : 08;
    [30085..30091] : 00;
    30092 : 0C;
    30093 : 18;
    30094 : 08;
    30095 : 00;
    [30096..30097] : DB;
    [30098..30103] : FF;
    30104 : 96;
    30105 : 76;
    30106 : DF;
    [30107..30111] : FF;
    30112 : BA;
    30113 : 96;
    [30114..30120] : FF;
    30121 : 49;
    [30122..30123] : 04;
    [30124..30125] : 14;
    30126 : 08;
    30127 : 92;
    [30128..30133] : FF;
    30134 : 6D;
    30135 : 00;
    [30136..30138] : 14;
    30139 : 18;
    30140 : 08;
    30141 : 49;
    [30142..30148] : FF;
    [30149..30150] : 49;
    30151 : 08;
    30152 : 14;
    30153 : 10;
    30154 : 4D;
    30155 : DB;
    [30156..30161] : FF;
    [30162..30163] : 72;
    30164 : 4D;
    30165 : 71;
    [30166..30179] : FF;
    30180 : 00;
    30181 : 04;
    [30182..30183] : 14;
    30184 : 10;
    [30185..30192] : 00;
    30193 : 40;
    30194 : 80;
    30195 : C0;
    [30196..30197] : E0;
    [30198..30199] : E4;
    [30200..30203] : E0;
    30204 : A0;
    [30205..30206] : 80;
    [30207..30213] : A0;
    30214 : C0;
    [30215..30217] : E0;
    30218 : C0;
    [30219..30220] : A0;
    30221 : 80;
    [30222..30224] : 60;
    30225 : 20;
    [30226..30233] : 00;
    30234 : 6C;
    [30235..30237] : F8;
    30238 : D0;
    30239 : 20;
    30240 : 24;
    [30241..30243] : 00;
    30244 : 8C;
    [30245..30246] : F8;
    30247 : 90;
    [30248..30255] : 00;
    [30256..30257] : 24;
    30258 : D8;
    30259 : FC;
    30260 : FD;
    30261 : 24;
    [30262..30263] : 00;
    30264 : 20;
    30265 : F4;
    [30266..30267] : F8;
    [30268..30287] : FC;
    30288 : F8;
    [30289..30294] : F4;
    30295 : D0;
    [30296..30297] : 24;
    30298 : 00;
    30299 : 48;
    30300 : D8;
    [30301..30303] : F8;
    [30304..30314] : 00;
    30315 : 0C;
    [30316..30317] : 18;
    30318 : 0C;
    30319 : 00;
    30320 : 92;
    [30321..30326] : FF;
    30327 : 71;
    30328 : 00;
    [30329..30330] : 10;
    30331 : 18;
    [30332..30335] : 0C;
    [30336..30344] : 10;
    30345 : 14;
    30346 : 08;
    30347 : 92;
    [30348..30353] : FF;
    30354 : 92;
    30355 : 00;
    [30356..30357] : 0C;
    30358 : 14;
    30359 : 18;
    30360 : 0C;
    30361 : 49;
    [30362..30363] : DB;
    [30364..30367] : FF;
    30368 : DB;
    [30369..30370] : 49;
    30371 : 08;
    30372 : 18;
    30373 : 14;
    30374 : 28;
    30375 : BB;
    [30376..30381] : FF;
    [30382..30383] : 6D;
    30384 : 00;
    30385 : 08;
    30386 : DF;
    [30387..30399] : FF;
    30400 : 49;
    30401 : 00;
    [30402..30403] : 10;
    30404 : 14;
    30405 : 0C;
    30406 : 92;
    [30407..30412] : FF;
    30413 : DB;
    30414 : 00;
    30415 : 04;
    [30416..30417] : 14;
    30418 : 08;
    [30419..30420] : 00;
    30421 : B7;
    [30422..30427] : FF;
    30428 : 92;
    [30429..30430] : 00;
    30431 : 14;
    30432 : 18;
    30433 : 08;
    30434 : 49;
    [30435..30452] : FF;
    30453 : B6;
    [30454..30458] : 00;
    30459 : 0C;
    30460 : 14;
    30461 : 0C;
    [30462..30463] : 49;
    30464 : DB;
    [30465..30484] : FF;
    30485 : B6;
    30486 : 00;
    30487 : 0C;
    30488 : 18;
    [30489..30490] : 08;
    [30491..30493] : 00;
    30494 : 08;
    30495 : 14;
    [30496..30497] : 04;
    30498 : 48;
    [30499..30504] : FF;
    30505 : BA;
    30506 : 24;
    30507 : 08;
    30508 : 18;
    [30509..30510] : 0C;
    [30511..30514] : 00;
    30515 : 04;
    [30516..30517] : 0C;
    [30518..30520] : 10;
    [30521..30532] : 00;
    30533 : 4D;
    30534 : DF;
    [30535..30540] : FF;
    30541 : 24;
    [30542..30543] : 00;
    [30544..30545] : 10;
    30546 : 04;
    [30547..30554] : 00;
    30555 : 04;
    [30556..30557] : 0C;
    30558 : 10;
    30559 : 18;
    30560 : 10;
    [30561..30564] : 00;
    30565 : 24;
    [30566..30573] : FF;
    30574 : DF;
    30575 : 24;
    [30576..30580] : 00;
    30581 : 10;
    [30582..30586] : 14;
    30587 : 08;
    30588 : 72;
    [30589..30594] : FF;
    30595 : DB;
    [30596..30597] : 24;
    30598 : 08;
    [30599..30600] : 18;
    30601 : 14;
    [30602..30603] : 04;
    30604 : DB;
    [30605..30610] : FF;
    30611 : 92;
    30612 : 00;
    30613 : 10;
    30614 : 14;
    30615 : 0C;
    [30616..30617] : 96;
    [30618..30623] : FF;
    30624 : 92;
    30625 : 00;
    30626 : 0C;
    30627 : 18;
    30628 : 14;
    [30629..30630] : 0C;
    30631 : 24;
    [30632..30638] : FF;
    30639 : 6D;
    30640 : 00;
    [30641..30643] : 14;
    30644 : 08;
    [30645..30651] : 00;
    30652 : 0C;
    30653 : 18;
    30654 : 08;
    30655 : 00;
    [30656..30657] : DB;
    [30658..30663] : FF;
    30664 : 9E;
    30665 : DF;
    [30666..30672] : FF;
    30673 : DF;
    [30674..30680] : FF;
    30681 : 49;
    [30682..30683] : 04;
    [30684..30685] : 14;
    30686 : 08;
    30687 : 92;
    [30688..30693] : FF;
    30694 : 6D;
    30695 : 00;
    [30696..30698] : 14;
    30699 : 18;
    30700 : 08;
    30701 : 49;
    [30702..30708] : FF;
    [30709..30710] : 49;
    30711 : 08;
    30712 : 18;
    30713 : 10;
    30714 : 4D;
    30715 : DB;
    [30716..30720] : FF;
    30721 : DB;
    [30722..30723] : 49;
    30724 : 00;
    30725 : 08;
    [30726..30739] : FF;
    30740 : 00;
    30741 : 04;
    [30742..30743] : 14;
    30744 : 10;
    [30745..30750] : 00;
    30751 : 20;
    30752 : 40;
    30753 : 80;
    [30754..30757] : E0;
    [30758..30759] : E4;
    [30760..30764] : E0;
    [30765..30766] : C0;
    [30767..30768] : A0;
    [30769..30773] : C0;
    [30774..30778] : E0;
    [30779..30781] : C0;
    [30782..30784] : A0;
    30785 : 40;
    [30786..30793] : 00;
    30794 : 6C;
    [30795..30797] : F8;
    30798 : D0;
    30799 : 20;
    30800 : 24;
    [30801..30803] : 00;
    30804 : 8C;
    [30805..30806] : F8;
    30807 : B0;
    [30808..30815] : 00;
    [30816..30817] : 24;
    30818 : B0;
    30819 : D8;
    30820 : D4;
    30821 : 48;
    [30822..30823] : 24;
    30824 : 44;
    30825 : F4;
    [30826..30828] : F8;
    [30829..30848] : FC;
    [30849..30854] : F4;
    30855 : D0;
    [30856..30858] : 24;
    30859 : 48;
    30860 : B4;
    [30861..30863] : D4;
    [30864..30874] : 00;
    30875 : 0C;
    [30876..30877] : 18;
    30878 : 0C;
    30879 : 00;
    30880 : 92;
    [30881..30886] : FF;
    30887 : 92;
    30888 : 00;
    [30889..30890] : 10;
    30891 : 18;
    30892 : 14;
    30893 : 10;
    30894 : 04;
    [30895..30901] : 24;
    [30902..30903] : 00;
    30904 : 04;
    30905 : 14;
    30906 : 08;
    30907 : 92;
    [30908..30913] : FF;
    30914 : 92;
    30915 : 00;
    [30916..30917] : 0C;
    [30918..30919] : 18;
    30920 : 0C;
    30921 : 49;
    [30922..30923] : DB;
    [30924..30927] : FF;
    30928 : DB;
    [30929..30930] : 49;
    30931 : 08;
    30932 : 18;
    30933 : 14;
    30934 : 24;
    30935 : BB;
    [30936..30941] : FF;
    [30942..30943] : 6D;
    30944 : 04;
    30945 : 10;
    30946 : DB;
    [30947..30959] : FF;
    30960 : 49;
    30961 : 00;
    [30962..30963] : 10;
    30964 : 14;
    30965 : 0C;
    30966 : 92;
    [30967..30972] : FF;
    30973 : DB;
    30974 : 00;
    30975 : 04;
    [30976..30977] : 14;
    30978 : 0C;
    30979 : 04;
    30980 : 00;
    30981 : B7;
    [30982..30987] : FF;
    30988 : 92;
    [30989..30990] : 00;
    30991 : 10;
    30992 : 18;
    30993 : 08;
    30994 : 4D;
    [30995..31001] : FF;
    [31002..31005] : DB;
    [31006..31012] : FF;
    31013 : B6;
    31014 : 49;
    31015 : 25;
    [31016..31017] : 2C;
    31018 : 10;
    31019 : 14;
    31020 : 18;
    31021 : 0C;
    [31022..31023] : 49;
    31024 : DB;
    [31025..31030] : FF;
    31031 : DF;
    [31032..31035] : DB;
    [31036..31037] : DF;
    [31038..31044] : FF;
    31045 : B6;
    31046 : 00;
    31047 : 0C;
    31048 : 14;
    [31049..31050] : 08;
    [31051..31053] : 00;
    31054 : 08;
    31055 : 14;
    [31056..31057] : 04;
    31058 : 48;
    [31059..31064] : FF;
    31065 : DB;
    31066 : 24;
    31067 : 08;
    31068 : 14;
    [31069..31070] : 08;
    [31071..31074] : 00;
    [31075..31077] : 10;
    31078 : 04;
    [31079..31085] : 24;
    31086 : 00;
    31087 : 04;
    31088 : 10;
    [31089..31091] : 14;
    31092 : 08;
    31093 : 49;
    31094 : DB;
    [31095..31100] : FF;
    31101 : 24;
    [31102..31103] : 00;
    31104 : 10;
    31105 : 14;
    31106 : 08;
    [31107..31117] : 00;
    31118 : 04;
    31119 : 10;
    31120 : 14;
    31121 : 10;
    [31122..31125] : 0C;
    31126 : DB;
    [31127..31133] : FF;
    31134 : DB;
    [31135..31137] : 04;
    [31138..31140] : 10;
    [31141..31143] : 14;
    31144 : 08;
    [31145..31146] : 14;
    31147 : 08;
    31148 : 72;
    [31149..31154] : FF;
    31155 : DB;
    [31156..31157] : 24;
    31158 : 08;
    31159 : 14;
    31160 : 18;
    31161 : 14;
    [31162..31163] : 04;
    31164 : DB;
    [31165..31170] : FF;
    31171 : 92;
    31172 : 00;
    31173 : 10;
    31174 : 14;
    31175 : 0C;
    [31176..31177] : 96;
    [31178..31183] : FF;
    31184 : 92;
    31185 : 00;
    31186 : 0C;
    31187 : 18;
    31188 : 14;
    [31189..31190] : 0C;
    31191 : 24;
    [31192..31198] : FF;
    31199 : 6D;
    31200 : 00;
    [31201..31203] : 14;
    31204 : 08;
    [31205..31211] : 00;
    31212 : 0C;
    31213 : 18;
    31214 : 08;
    31215 : 00;
    [31216..31217] : DB;
    [31218..31223] : FF;
    31224 : BF;
    31225 : DF;
    [31226..31232] : FF;
    31233 : DF;
    [31234..31240] : FF;
    31241 : 49;
    [31242..31243] : 04;
    [31244..31245] : 14;
    31246 : 08;
    31247 : 92;
    [31248..31253] : FF;
    31254 : 6D;
    31255 : 00;
    [31256..31257] : 14;
    31258 : 18;
    31259 : 14;
    31260 : 08;
    31261 : 49;
    [31262..31268] : FF;
    [31269..31270] : 49;
    31271 : 08;
    31272 : 14;
    31273 : 10;
    31274 : 4D;
    31275 : DB;
    [31276..31280] : FF;
    31281 : DB;
    [31282..31283] : 49;
    31284 : 00;
    31285 : 0C;
    31286 : DB;
    [31287..31298] : FF;
    31299 : DF;
    31300 : 00;
    31301 : 04;
    [31302..31303] : 14;
    31304 : 10;
    [31305..31310] : 00;
    31311 : 40;
    31312 : 60;
    [31313..31315] : E0;
    [31316..31317] : E4;
    [31318..31319] : E5;
    [31320..31325] : E0;
    [31326..31333] : C0;
    [31334..31340] : E0;
    31341 : C0;
    [31342..31344] : A0;
    31345 : 40;
    [31346..31353] : 00;
    31354 : 6C;
    [31355..31357] : F8;
    31358 : D0;
    31359 : 20;
    31360 : 24;
    [31361..31363] : 00;
    31364 : 8C;
    [31365..31366] : F8;
    31367 : B0;
    [31368..31377] : 00;
    [31378..31379] : 24;
    31380 : 44;
    31381 : B0;
    [31382..31383] : B4;
    31384 : D4;
    [31385..31387] : F0;
    [31388..31390] : F8;
    [31391..31405] : FC;
    [31406..31408] : F8;
    [31409..31413] : F4;
    31414 : F0;
    31415 : D0;
    [31416..31417] : D4;
    31418 : B4;
    31419 : 90;
    31420 : 48;
    [31421..31423] : 44;
    [31424..31434] : 00;
    31435 : 0C;
    [31436..31437] : 18;
    31438 : 0C;
    31439 : 00;
    31440 : 92;
    [31441..31446] : FF;
    31447 : 92;
    31448 : 00;
    [31449..31450] : 0C;
    [31451..31452] : 14;
    31453 : 0C;
    31454 : 28;
    [31455..31461] : B6;
    [31462..31463] : 24;
    31464 : 04;
    31465 : 14;
    31466 : 08;
    31467 : 92;
    [31468..31473] : FF;
    31474 : 92;
    31475 : 00;
    [31476..31477] : 0C;
    [31478..31479] : 14;
    31480 : 08;
    31481 : 49;
    [31482..31483] : DB;
    [31484..31487] : FF;
    31488 : DB;
    [31489..31490] : 49;
    31491 : 08;
    31492 : 18;
    31493 : 14;
    31494 : 24;
    31495 : B7;
    [31496..31501] : FF;
    [31502..31503] : 6D;
    31504 : 04;
    31505 : 10;
    31506 : 4D;
    [31507..31519] : FF;
    31520 : 49;
    31521 : 00;
    [31522..31523] : 10;
    31524 : 14;
    31525 : 0C;
    31526 : 92;
    [31527..31532] : FF;
    31533 : DB;
    31534 : 00;
    31535 : 04;
    [31536..31537] : 14;
    31538 : 10;
    31539 : 0C;
    31540 : 00;
    31541 : B7;
    [31542..31547] : FF;
    31548 : 92;
    [31549..31550] : 00;
    31551 : 10;
    31552 : 18;
    31553 : 08;
    31554 : 4D;
    [31555..31561] : FF;
    [31562..31565] : 49;
    31566 : 92;
    [31567..31573] : FF;
    [31574..31575] : DB;
    [31576..31577] : B6;
    31578 : 08;
    31579 : 0C;
    31580 : 18;
    31581 : 0C;
    [31582..31583] : 49;
    31584 : DB;
    [31585..31590] : FF;
    31591 : 4D;
    [31592..31595] : 49;
    [31596..31597] : 4D;
    31598 : BA;
    [31599..31604] : FF;
    31605 : B6;
    31606 : 00;
    31607 : 0C;
    31608 : 14;
    [31609..31610] : 08;
    [31611..31613] : 00;
    31614 : 08;
    31615 : 14;
    [31616..31617] : 04;
    31618 : 4C;
    [31619..31624] : FF;
    31625 : BB;
    31626 : 24;
    31627 : 08;
    31628 : 14;
    [31629..31630] : 08;
    [31631..31634] : 00;
    31635 : 14;
    [31636..31637] : 10;
    31638 : 00;
    31639 : 92;
    [31640..31645] : B6;
    31646 : 48;
    31647 : 04;
    [31648..31651] : 14;
    31652 : 08;
    31653 : 49;
    31654 : DB;
    [31655..31660] : FF;
    31661 : 24;
    [31662..31663] : 00;
    [31664..31665] : 14;
    31666 : 08;
    [31667..31678] : 00;
    31679 : 08;
    [31680..31683] : 14;
    31684 : 10;
    31685 : 0C;
    31686 : 49;
    31687 : B6;
    [31688..31693] : FF;
    31694 : DB;
    [31695..31697] : 04;
    31698 : 18;
    [31699..31701] : 14;
    [31702..31703] : 0C;
    31704 : 00;
    31705 : 10;
    31706 : 14;
    31707 : 08;
    31708 : 6E;
    [31709..31714] : FF;
    31715 : DB;
    [31716..31717] : 24;
    31718 : 08;
    [31719..31720] : 14;
    31721 : 10;
    [31722..31723] : 04;
    31724 : DB;
    [31725..31730] : FF;
    31731 : 92;
    31732 : 00;
    31733 : 10;
    31734 : 14;
    31735 : 0C;
    [31736..31737] : 96;
    [31738..31743] : FF;
    31744 : 92;
    31745 : 00;
    31746 : 08;
    [31747..31748] : 14;
    [31749..31750] : 0C;
    31751 : 24;
    [31752..31758] : FF;
    31759 : 6D;
    31760 : 00;
    [31761..31763] : 14;
    31764 : 08;
    [31765..31771] : 00;
    31772 : 0C;
    31773 : 18;
    31774 : 08;
    31775 : 00;
    [31776..31777] : DB;
    [31778..31800] : FF;
    31801 : 49;
    [31802..31803] : 04;
    31804 : 14;
    31805 : 10;
    31806 : 08;
    31807 : 92;
    [31808..31813] : FF;
    31814 : 6D;
    31815 : 00;
    [31816..31817] : 10;
    [31818..31819] : 14;
    31820 : 08;
    31821 : 49;
    [31822..31828] : FF;
    [31829..31830] : 49;
    31831 : 08;
    31832 : 14;
    31833 : 10;
    31834 : 4D;
    31835 : DB;
    [31836..31840] : FF;
    31841 : DB;
    [31842..31843] : 49;
    31844 : 00;
    31845 : 08;
    31846 : 71;
    [31847..31858] : FF;
    31859 : DF;
    31860 : 00;
    31861 : 04;
    [31862..31863] : 14;
    31864 : 10;
    [31865..31868] : 00;
    [31869..31870] : 20;
    31871 : A0;
    31872 : C0;
    31873 : E0;
    31874 : E8;
    31875 : E9;
    [31876..31877] : F2;
    [31878..31879] : FB;
    31880 : E9;
    31881 : E4;
    [31882..31900] : E0;
    31901 : C0;
    [31902..31904] : A0;
    31905 : 80;
    [31906..31907] : 60;
    [31908..31913] : 00;
    31914 : 6C;
    [31915..31917] : F8;
    31918 : D0;
    31919 : 20;
    31920 : 24;
    [31921..31923] : 00;
    31924 : 8C;
    [31925..31926] : F8;
    31927 : B0;
    [31928..31937] : 00;
    [31938..31939] : 24;
    31940 : 44;
    31941 : B0;
    [31942..31943] : B4;
    31944 : D4;
    [31945..31947] : F0;
    [31948..31950] : F8;
    [31951..31965] : FC;
    [31966..31968] : F8;
    [31969..31973] : F4;
    31974 : F0;
    31975 : D0;
    [31976..31977] : D4;
    31978 : B4;
    31979 : 90;
    31980 : 48;
    [31981..31983] : 44;
    [31984..31994] : 00;
    31995 : 0C;
    [31996..31997] : 18;
    31998 : 0C;
    31999 : 00;
    32000 : 92;
    [32001..32006] : FF;
    32007 : 92;
    32008 : 00;
    [32009..32010] : 0C;
    [32011..32012] : 14;
    32013 : 0C;
    32014 : 28;
    [32015..32021] : B6;
    [32022..32023] : 24;
    32024 : 04;
    32025 : 14;
    32026 : 08;
    32027 : 92;
    [32028..32033] : FF;
    32034 : 92;
    32035 : 00;
    [32036..32037] : 0C;
    [32038..32039] : 14;
    32040 : 08;
    32041 : 49;
    [32042..32043] : DB;
    [32044..32047] : FF;
    32048 : DB;
    [32049..32050] : 49;
    32051 : 08;
    32052 : 18;
    32053 : 14;
    32054 : 24;
    32055 : B7;
    [32056..32061] : FF;
    [32062..32063] : 6D;
    32064 : 04;
    32065 : 10;
    32066 : 4D;
    [32067..32079] : FF;
    32080 : 49;
    32081 : 00;
    [32082..32083] : 10;
    32084 : 14;
    32085 : 0C;
    32086 : 92;
    [32087..32092] : FF;
    32093 : DB;
    32094 : 00;
    32095 : 04;
    [32096..32097] : 14;
    32098 : 10;
    32099 : 0C;
    32100 : 00;
    32101 : B7;
    [32102..32107] : FF;
    32108 : 92;
    [32109..32110] : 00;
    32111 : 10;
    32112 : 18;
    32113 : 08;
    32114 : 4D;
    [32115..32121] : FF;
    [32122..32125] : 49;
    32126 : 92;
    [32127..32133] : FF;
    [32134..32135] : DB;
    [32136..32137] : B6;
    32138 : 08;
    32139 : 0C;
    32140 : 18;
    32141 : 0C;
    [32142..32143] : 49;
    32144 : DB;
    [32145..32150] : FF;
    32151 : 4D;
    [32152..32155] : 49;
    [32156..32157] : 4D;
    32158 : BA;
    [32159..32164] : FF;
    32165 : B6;
    32166 : 00;
    32167 : 0C;
    32168 : 14;
    [32169..32170] : 08;
    [32171..32173] : 00;
    32174 : 08;
    32175 : 14;
    [32176..32177] : 04;
    32178 : 4C;
    [32179..32184] : FF;
    32185 : BB;
    32186 : 24;
    32187 : 08;
    32188 : 14;
    [32189..32190] : 08;
    [32191..32194] : 00;
    32195 : 14;
    [32196..32197] : 10;
    32198 : 00;
    32199 : 92;
    [32200..32205] : B6;
    32206 : 48;
    32207 : 04;
    [32208..32211] : 14;
    32212 : 08;
    32213 : 49;
    32214 : DB;
    [32215..32220] : FF;
    32221 : 24;
    [32222..32223] : 00;
    [32224..32225] : 14;
    32226 : 08;
    [32227..32238] : 00;
    32239 : 08;
    [32240..32243] : 14;
    32244 : 10;
    32245 : 0C;
    32246 : 49;
    32247 : B6;
    [32248..32253] : FF;
    32254 : DB;
    [32255..32257] : 04;
    32258 : 18;
    [32259..32261] : 14;
    [32262..32263] : 0C;
    32264 : 00;
    32265 : 10;
    32266 : 14;
    32267 : 08;
    32268 : 6E;
    [32269..32274] : FF;
    32275 : DB;
    [32276..32277] : 24;
    32278 : 08;
    [32279..32280] : 14;
    32281 : 10;
    [32282..32283] : 04;
    32284 : DB;
    [32285..32290] : FF;
    32291 : 92;
    32292 : 00;
    32293 : 10;
    32294 : 14;
    32295 : 0C;
    [32296..32297] : 96;
    [32298..32303] : FF;
    32304 : 92;
    32305 : 00;
    32306 : 08;
    [32307..32308] : 14;
    [32309..32310] : 0C;
    32311 : 24;
    [32312..32318] : FF;
    32319 : 6D;
    32320 : 00;
    [32321..32323] : 14;
    32324 : 08;
    [32325..32331] : 00;
    32332 : 0C;
    32333 : 18;
    32334 : 08;
    32335 : 00;
    [32336..32337] : DB;
    [32338..32360] : FF;
    32361 : 49;
    [32362..32363] : 04;
    32364 : 14;
    32365 : 10;
    32366 : 08;
    32367 : 92;
    [32368..32373] : FF;
    32374 : 6D;
    32375 : 00;
    [32376..32377] : 10;
    [32378..32379] : 14;
    32380 : 08;
    32381 : 49;
    [32382..32388] : FF;
    [32389..32390] : 49;
    32391 : 08;
    32392 : 14;
    32393 : 10;
    32394 : 4D;
    32395 : DB;
    [32396..32400] : FF;
    32401 : DB;
    [32402..32403] : 49;
    32404 : 00;
    32405 : 08;
    32406 : 71;
    [32407..32418] : FF;
    32419 : DF;
    32420 : 00;
    32421 : 04;
    [32422..32423] : 14;
    32424 : 10;
    [32425..32428] : 00;
    [32429..32430] : 20;
    32431 : A0;
    32432 : C0;
    32433 : E0;
    32434 : E8;
    32435 : E9;
    [32436..32437] : F2;
    [32438..32439] : FB;
    32440 : E9;
    32441 : E4;
    [32442..32460] : E0;
    32461 : C0;
    [32462..32464] : A0;
    32465 : 80;
    [32466..32467] : 60;
    [32468..32473] : 00;
    32474 : 6C;
    [32475..32477] : F8;
    32478 : D0;
    32479 : 20;
    32480 : 24;
    [32481..32483] : 00;
    32484 : 8C;
    [32485..32486] : F8;
    32487 : B0;
    [32488..32500] : 00;
    32501 : D4;
    [32502..32503] : FC;
    32504 : F8;
    32505 : F0;
    32506 : A8;
    32507 : 88;
    32508 : F8;
    [32509..32510] : FC;
    32511 : F8;
    [32512..32523] : FC;
    [32524..32528] : F8;
    [32529..32533] : F4;
    32534 : CC;
    32535 : 88;
    [32536..32538] : F8;
    32539 : B0;
    32540 : 24;
    [32541..32554] : 00;
    32555 : 08;
    [32556..32557] : 18;
    32558 : 0C;
    32559 : 00;
    32560 : 92;
    [32561..32566] : FF;
    32567 : 91;
    32568 : 00;
    [32569..32572] : 04;
    32573 : 00;
    32574 : 29;
    [32575..32581] : FF;
    [32582..32583] : 49;
    32584 : 00;
    32585 : 14;
    32586 : 08;
    32587 : 92;
    [32588..32593] : FF;
    32594 : 92;
    32595 : 00;
    [32596..32599] : 04;
    32600 : 00;
    32601 : 49;
    [32602..32603] : DB;
    [32604..32607] : FF;
    32608 : DB;
    [32609..32610] : 49;
    32611 : 08;
    32612 : 18;
    32613 : 14;
    32614 : 24;
    32615 : B7;
    [32616..32621] : FF;
    [32622..32623] : 6D;
    32624 : 04;
    32625 : 10;
    32626 : 2C;
    32627 : DF;
    [32628..32639] : FF;
    32640 : 49;
    32641 : 00;
    [32642..32643] : 10;
    32644 : 14;
    32645 : 0C;
    32646 : 92;
    [32647..32652] : FF;
    32653 : DB;
    [32654..32655] : 00;
    [32656..32659] : 04;
    32660 : 00;
    32661 : B7;
    [32662..32667] : FF;
    32668 : 92;
    [32669..32670] : 00;
    32671 : 10;
    32672 : 18;
    32673 : 08;
    32674 : 4D;
    [32675..32681] : FF;
    [32682..32684] : 00;
    32685 : 08;
    32686 : 4D;
    [32687..32695] : FF;
    [32696..32697] : DB;
    32698 : 00;
    32699 : 08;
    32700 : 18;
    32701 : 0C;
    [32702..32703] : 49;
    32704 : DB;
    [32705..32710] : FF;
    32711 : 04;
    32712 : 00;
    [32713..32715] : 08;
    [32716..32717] : 00;
    32718 : 96;
    [32719..32724] : FF;
    32725 : B6;
    32726 : 00;
    32727 : 0C;
    32728 : 14;
    [32729..32730] : 08;
    [32731..32733] : 00;
    32734 : 0C;
    32735 : 14;
    [32736..32737] : 04;
    32738 : 4C;
    [32739..32744] : FF;
    32745 : BA;
    32746 : 24;
    32747 : 08;
    32748 : 18;
    [32749..32750] : 0C;
    [32751..32754] : 00;
    32755 : 14;
    [32756..32757] : 0C;
    32758 : 00;
    32759 : DB;
    [32760..32765] : FF;
    32766 : 4D;
    32767 : 00;
    [32768..32772] : 04;
    32773 : 4D;
    32774 : DF;
    [32775..32780] : FF;
    32781 : 24;
    [32782..32783] : 00;
    [32784..32785] : 14;
    32786 : 08;
    [32787..32799] : 00;
    32800 : 08;
    [32801..32804] : 14;
    32805 : 10;
    32806 : 00;
    32807 : 92;
    [32808..32813] : FF;
    32814 : DB;
    [32815..32817] : 04;
    [32818..32821] : 14;
    [32822..32823] : 08;
    32824 : 00;
    32825 : 10;
    32826 : 18;
    32827 : 08;
    32828 : 6E;
    [32829..32834] : FF;
    32835 : DB;
    [32836..32837] : 24;
    32838 : 00;
    [32839..32843] : 04;
    32844 : DB;
    [32845..32850] : FF;
    32851 : 92;
    32852 : 00;
    32853 : 10;
    32854 : 14;
    32855 : 0C;
    [32856..32857] : 96;
    [32858..32863] : FF;
    32864 : 91;
    [32865..32866] : 00;
    [32867..32870] : 04;
    32871 : 24;
    [32872..32878] : FF;
    32879 : 6D;
    32880 : 00;
    [32881..32883] : 14;
    32884 : 08;
    [32885..32891] : 00;
    32892 : 0C;
    32893 : 18;
    32894 : 08;
    32895 : 00;
    [32896..32897] : DB;
    [32898..32920] : FF;
    32921 : 49;
    [32922..32923] : 04;
    32924 : 14;
    32925 : 10;
    32926 : 08;
    32927 : 92;
    [32928..32933] : FF;
    32934 : 6D;
    32935 : 00;
    [32936..32939] : 04;
    32940 : 00;
    32941 : 49;
    [32942..32948] : FF;
    [32949..32950] : 49;
    32951 : 08;
    32952 : 14;
    32953 : 10;
    32954 : 4D;
    32955 : DB;
    [32956..32960] : FF;
    32961 : DB;
    [32962..32963] : 49;
    32964 : 00;
    32965 : 04;
    32966 : 51;
    [32967..32978] : FF;
    32979 : DF;
    32980 : 00;
    32981 : 04;
    [32982..32983] : 14;
    32984 : 10;
    [32985..32988] : 00;
    [32989..32990] : 40;
    32991 : C0;
    [32992..32993] : E0;
    [32994..32995] : ED;
    [32996..32997] : FB;
    [32998..32999] : FF;
    33000 : ED;
    [33001..33020] : E0;
    33021 : C0;
    [33022..33026] : A0;
    33027 : 80;
    [33028..33033] : 00;
    33034 : 6C;
    33035 : F8;
    [33036..33037] : F4;
    33038 : D0;
    33039 : 20;
    33040 : 24;
    [33041..33043] : 00;
    33044 : AC;
    [33045..33046] : F8;
    33047 : 8C;
    [33048..33060] : 00;
    33061 : AC;
    [33062..33063] : D4;
    33064 : B4;
    33065 : 8C;
    33066 : 20;
    33067 : 24;
    33068 : D4;
    [33069..33088] : F8;
    [33089..33092] : F4;
    33093 : B0;
    33094 : 68;
    33095 : 40;
    [33096..33097] : B0;
    33098 : D4;
    33099 : 8C;
    33100 : 20;
    [33101..33114] : 00;
    33115 : 0C;
    [33116..33117] : 18;
    33118 : 0C;
    33119 : 00;
    33120 : 92;
    [33121..33126] : FF;
    33127 : DB;
    [33128..33133] : 92;
    33134 : B6;
    [33135..33141] : FF;
    [33142..33143] : 49;
    33144 : 04;
    33145 : 18;
    33146 : 08;
    33147 : 92;
    [33148..33153] : FF;
    33154 : DB;
    [33155..33160] : 92;
    33161 : B7;
    [33162..33167] : FF;
    33168 : DB;
    [33169..33170] : 49;
    33171 : 08;
    33172 : 18;
    33173 : 14;
    33174 : 24;
    33175 : B7;
    [33176..33181] : FF;
    [33182..33183] : 6D;
    33184 : 04;
    33185 : 10;
    33186 : 51;
    33187 : DB;
    33188 : BB;
    [33189..33199] : FF;
    33200 : 49;
    33201 : 00;
    [33202..33203] : 10;
    33204 : 14;
    33205 : 0C;
    33206 : 92;
    [33207..33213] : FF;
    33214 : 71;
    33215 : 92;
    [33216..33218] : 72;
    33219 : 92;
    33220 : 72;
    33221 : DF;
    [33222..33227] : FF;
    33228 : 92;
    [33229..33230] : 00;
    33231 : 10;
    33232 : 18;
    33233 : 08;
    33234 : 49;
    [33235..33241] : FF;
    [33242..33244] : 00;
    33245 : 14;
    33246 : 2D;
    [33247..33248] : B6;
    [33249..33250] : DF;
    [33251..33255] : FF;
    [33256..33257] : DB;
    33258 : 00;
    33259 : 08;
    33260 : 14;
    33261 : 0C;
    [33262..33263] : 49;
    33264 : DB;
    [33265..33270] : FF;
    33271 : 00;
    33272 : 04;
    [33273..33274] : 18;
    33275 : 14;
    [33276..33277] : 00;
    33278 : 96;
    [33279..33284] : FF;
    33285 : B6;
    33286 : 00;
    33287 : 0C;
    33288 : 18;
    [33289..33290] : 08;
    [33291..33293] : 00;
    33294 : 08;
    33295 : 14;
    [33296..33297] : 04;
    33298 : 48;
    [33299..33304] : FF;
    33305 : BB;
    33306 : 24;
    33307 : 08;
    33308 : 18;
    [33309..33310] : 0C;
    [33311..33313] : 00;
    33314 : 04;
    33315 : 14;
    [33316..33317] : 0C;
    33318 : 00;
    33319 : DB;
    [33320..33325] : FF;
    33326 : BB;
    [33327..33331] : 92;
    33332 : 71;
    33333 : B6;
    [33334..33340] : FF;
    33341 : 24;
    [33342..33343] : 00;
    [33344..33345] : 10;
    33346 : 04;
    [33347..33360] : 00;
    33361 : 0C;
    [33362..33363] : 10;
    33364 : 14;
    33365 : 10;
    33366 : 00;
    33367 : 92;
    [33368..33373] : FF;
    33374 : DB;
    [33375..33377] : 04;
    33378 : 18;
    33379 : 14;
    33380 : 10;
    33381 : 0C;
    [33382..33383] : 04;
    33384 : 00;
    33385 : 14;
    33386 : 18;
    33387 : 08;
    33388 : 6E;
    [33389..33395] : FF;
    [33396..33397] : 96;
    [33398..33403] : 92;
    [33404..33410] : FF;
    33411 : 92;
    33412 : 00;
    [33413..33414] : 14;
    33415 : 0C;
    [33416..33417] : 96;
    [33418..33423] : FF;
    33424 : DB;
    [33425..33430] : 92;
    33431 : B6;
    [33432..33438] : FF;
    33439 : 6D;
    33440 : 00;
    [33441..33443] : 14;
    33444 : 08;
    [33445..33451] : 00;
    33452 : 0C;
    33453 : 18;
    33454 : 08;
    33455 : 00;
    [33456..33457] : DB;
    [33458..33467] : FF;
    [33468..33470] : DB;
    [33471..33480] : FF;
    33481 : 49;
    [33482..33483] : 04;
    33484 : 14;
    33485 : 10;
    33486 : 08;
    33487 : 92;
    [33488..33493] : FF;
    33494 : B7;
    [33495..33500] : 92;
    33501 : B7;
    [33502..33508] : FF;
    [33509..33510] : 49;
    33511 : 08;
    33512 : 14;
    33513 : 10;
    33514 : 4D;
    33515 : DB;
    [33516..33520] : FF;
    33521 : DB;
    [33522..33523] : 29;
    33524 : 00;
    33525 : 08;
    33526 : 4D;
    33527 : BA;
    33528 : DB;
    [33529..33538] : FF;
    33539 : DF;
    33540 : 00;
    33541 : 04;
    [33542..33543] : 14;
    33544 : 10;
    [33545..33548] : 00;
    [33549..33550] : 40;
    33551 : C0;
    33552 : E0;
    33553 : E4;
    33554 : F1;
    33555 : ED;
    [33556..33557] : F7;
    33558 : FB;
    33559 : F6;
    33560 : E8;
    [33561..33574] : E0;
    33575 : C0;
    [33576..33580] : E0;
    33581 : C0;
    [33582..33583] : A0;
    33584 : C0;
    [33585..33586] : A0;
    33587 : 80;
    [33588..33593] : 00;
    33594 : 6C;
    33595 : F8;
    [33596..33597] : F4;
    33598 : D0;
    33599 : 20;
    33600 : 24;
    [33601..33603] : 00;
    33604 : AC;
    [33605..33606] : F8;
    33607 : AC;
    [33608..33626] : 00;
    33627 : 20;
    33628 : D0;
    [33629..33631] : F4;
    [33632..33645] : F8;
    [33646..33651] : F4;
    33652 : CC;
    33653 : 20;
    [33654..33674] : 00;
    33675 : 0C;
    [33676..33677] : 18;
    33678 : 0C;
    33679 : 00;
    33680 : 92;
    [33681..33701] : FF;
    [33702..33703] : 49;
    33704 : 04;
    33705 : 18;
    33706 : 08;
    33707 : 92;
    [33708..33727] : FF;
    33728 : DB;
    [33729..33730] : 49;
    33731 : 08;
    33732 : 18;
    33733 : 14;
    33734 : 24;
    33735 : B7;
    [33736..33741] : FF;
    [33742..33743] : 6D;
    33744 : 04;
    33745 : 10;
    33746 : 08;
    33747 : 04;
    33748 : 24;
    [33749..33750] : B6;
    [33751..33759] : FF;
    33760 : 49;
    33761 : 00;
    [33762..33763] : 10;
    33764 : 14;
    33765 : 0C;
    33766 : 92;
    [33767..33787] : FF;
    33788 : 92;
    [33789..33790] : 00;
    33791 : 10;
    33792 : 18;
    33793 : 08;
    33794 : 4D;
    [33795..33801] : FF;
    [33802..33804] : 00;
    33805 : 14;
    33806 : 08;
    [33807..33808] : 00;
    [33809..33810] : 71;
    [33811..33815] : FF;
    [33816..33817] : DB;
    33818 : 00;
    33819 : 08;
    33820 : 18;
    33821 : 0C;
    [33822..33823] : 49;
    33824 : DB;
    [33825..33830] : FF;
    [33831..33832] : 00;
    [33833..33834] : 14;
    33835 : 10;
    [33836..33837] : 00;
    33838 : 92;
    [33839..33844] : FF;
    33845 : B6;
    33846 : 00;
    33847 : 0C;
    33848 : 18;
    [33849..33850] : 08;
    [33851..33853] : 00;
    33854 : 08;
    33855 : 14;
    [33856..33857] : 04;
    33858 : 48;
    [33859..33864] : FF;
    33865 : DB;
    33866 : 24;
    33867 : 08;
    33868 : 18;
    [33869..33870] : 0C;
    [33871..33874] : 00;
    33875 : 14;
    [33876..33877] : 0C;
    33878 : 00;
    33879 : DB;
    [33880..33900] : FF;
    33901 : 24;
    [33902..33903] : 00;
    [33904..33905] : 10;
    33906 : 04;
    [33907..33923] : 00;
    33924 : 14;
    33925 : 10;
    33926 : 00;
    33927 : 92;
    [33928..33933] : FF;
    33934 : DB;
    [33935..33937] : 04;
    33938 : 18;
    33939 : 10;
    [33940..33944] : 00;
    33945 : 10;
    33946 : 14;
    33947 : 08;
    33948 : 6E;
    [33949..33970] : FF;
    33971 : 92;
    33972 : 00;
    33973 : 10;
    33974 : 14;
    33975 : 0C;
    [33976..33977] : 96;
    [33978..33998] : FF;
    33999 : 6D;
    34000 : 00;
    [34001..34003] : 14;
    34004 : 08;
    [34005..34011] : 00;
    34012 : 0C;
    34013 : 18;
    34014 : 08;
    34015 : 00;
    [34016..34017] : DB;
    [34018..34026] : FF;
    34027 : 71;
    34028 : 04;
    [34029..34030] : 24;
    [34031..34040] : FF;
    34041 : 49;
    [34042..34043] : 04;
    34044 : 14;
    34045 : 10;
    34046 : 08;
    34047 : 92;
    [34048..34068] : FF;
    [34069..34070] : 49;
    34071 : 08;
    34072 : 14;
    34073 : 10;
    34074 : 4D;
    34075 : DB;
    [34076..34080] : FF;
    34081 : DB;
    [34082..34083] : 49;
    34084 : 04;
    34085 : 14;
    [34086..34087] : 04;
    34088 : 28;
    [34089..34090] : BA;
    [34091..34099] : FF;
    34100 : 00;
    34101 : 04;
    [34102..34103] : 14;
    34104 : 10;
    [34105..34108] : 00;
    [34109..34110] : 40;
    34111 : C0;
    34112 : E0;
    34113 : E4;
    34114 : F6;
    34115 : F2;
    [34116..34117] : E9;
    [34118..34134] : E0;
    34135 : C0;
    [34136..34140] : E0;
    [34141..34144] : C0;
    [34145..34146] : A0;
    34147 : 60;
    [34148..34153] : 00;
    34154 : 6C;
    [34155..34157] : F8;
    34158 : D0;
    34159 : 20;
    34160 : 24;
    [34161..34163] : 00;
    34164 : AC;
    [34165..34166] : F8;
    34167 : AC;
    [34168..34186] : 00;
    34187 : 20;
    34188 : D0;
    [34189..34191] : F4;
    [34192..34205] : F8;
    [34206..34211] : F4;
    34212 : CC;
    34213 : 20;
    [34214..34234] : 00;
    34235 : 0C;
    [34236..34237] : 18;
    34238 : 0C;
    34239 : 00;
    34240 : 92;
    [34241..34261] : FF;
    [34262..34263] : 49;
    34264 : 04;
    34265 : 18;
    34266 : 08;
    34267 : 92;
    [34268..34287] : FF;
    34288 : DB;
    [34289..34290] : 49;
    34291 : 08;
    34292 : 18;
    34293 : 14;
    34294 : 24;
    34295 : B7;
    [34296..34301] : FF;
    [34302..34303] : 6D;
    34304 : 04;
    34305 : 10;
    34306 : 08;
    34307 : 04;
    34308 : 24;
    [34309..34310] : B6;
    [34311..34319] : FF;
    34320 : 49;
    34321 : 00;
    [34322..34323] : 10;
    34324 : 14;
    34325 : 0C;
    34326 : 92;
    [34327..34347] : FF;
    34348 : 92;
    [34349..34350] : 00;
    34351 : 10;
    34352 : 18;
    34353 : 08;
    34354 : 4D;
    [34355..34361] : FF;
    [34362..34364] : 00;
    34365 : 14;
    34366 : 08;
    [34367..34368] : 00;
    [34369..34370] : 71;
    [34371..34375] : FF;
    [34376..34377] : DB;
    34378 : 00;
    34379 : 08;
    34380 : 18;
    34381 : 0C;
    [34382..34383] : 49;
    34384 : DB;
    [34385..34390] : FF;
    [34391..34392] : 00;
    [34393..34394] : 14;
    34395 : 10;
    [34396..34397] : 00;
    34398 : 92;
    [34399..34404] : FF;
    34405 : B6;
    34406 : 00;
    34407 : 0C;
    34408 : 18;
    [34409..34410] : 08;
    [34411..34413] : 00;
    34414 : 08;
    34415 : 14;
    [34416..34417] : 04;
    34418 : 48;
    [34419..34424] : FF;
    34425 : DB;
    34426 : 24;
    34427 : 08;
    34428 : 18;
    [34429..34430] : 0C;
    [34431..34434] : 00;
    34435 : 14;
    [34436..34437] : 0C;
    34438 : 00;
    34439 : DB;
    [34440..34460] : FF;
    34461 : 24;
    [34462..34463] : 00;
    [34464..34465] : 10;
    34466 : 04;
    [34467..34483] : 00;
    34484 : 14;
    34485 : 10;
    34486 : 00;
    34487 : 92;
    [34488..34493] : FF;
    34494 : DB;
    [34495..34497] : 04;
    34498 : 18;
    34499 : 10;
    [34500..34504] : 00;
    34505 : 10;
    34506 : 14;
    34507 : 08;
    34508 : 6E;
    [34509..34530] : FF;
    34531 : 92;
    34532 : 00;
    34533 : 10;
    34534 : 14;
    34535 : 0C;
    [34536..34537] : 96;
    [34538..34558] : FF;
    34559 : 6D;
    34560 : 00;
    [34561..34563] : 14;
    34564 : 08;
    [34565..34571] : 00;
    34572 : 0C;
    34573 : 18;
    34574 : 08;
    34575 : 00;
    [34576..34577] : DB;
    [34578..34586] : FF;
    34587 : 71;
    34588 : 04;
    [34589..34590] : 24;
    [34591..34600] : FF;
    34601 : 49;
    [34602..34603] : 04;
    34604 : 14;
    34605 : 10;
    34606 : 08;
    34607 : 92;
    [34608..34628] : FF;
    [34629..34630] : 49;
    34631 : 08;
    34632 : 14;
    34633 : 10;
    34634 : 4D;
    34635 : DB;
    [34636..34640] : FF;
    34641 : DB;
    [34642..34643] : 49;
    34644 : 04;
    34645 : 14;
    [34646..34647] : 04;
    34648 : 28;
    [34649..34650] : BA;
    [34651..34659] : FF;
    34660 : 00;
    34661 : 04;
    [34662..34663] : 14;
    34664 : 10;
    [34665..34668] : 00;
    [34669..34670] : 40;
    34671 : C0;
    34672 : E0;
    34673 : E4;
    34674 : F6;
    34675 : F2;
    [34676..34677] : E9;
    [34678..34694] : E0;
    34695 : C0;
    [34696..34700] : E0;
    [34701..34704] : C0;
    [34705..34706] : A0;
    34707 : 60;
    [34708..34713] : 00;
    34714 : 6C;
    [34715..34717] : F8;
    34718 : D0;
    34719 : 20;
    34720 : 24;
    [34721..34723] : 00;
    34724 : 8C;
    [34725..34726] : F8;
    34727 : AC;
    [34728..34731] : 00;
    34732 : 20;
    34733 : 00;
    34734 : 20;
    34735 : 24;
    [34736..34747] : 00;
    34748 : 20;
    [34749..34750] : 68;
    34751 : F4;
    [34752..34765] : F8;
    [34766..34771] : F4;
    34772 : AC;
    [34773..34794] : 00;
    34795 : 0C;
    [34796..34797] : 18;
    34798 : 0C;
    34799 : 00;
    34800 : 92;
    [34801..34821] : FF;
    [34822..34823] : 49;
    34824 : 04;
    34825 : 14;
    34826 : 04;
    34827 : 92;
    [34828..34847] : FF;
    34848 : DB;
    [34849..34850] : 49;
    34851 : 04;
    34852 : 18;
    34853 : 14;
    34854 : 28;
    34855 : BB;
    [34856..34861] : FF;
    [34862..34863] : 6D;
    34864 : 04;
    [34865..34866] : 10;
    34867 : 0C;
    34868 : 24;
    [34869..34870] : B6;
    [34871..34879] : FF;
    34880 : 49;
    34881 : 00;
    [34882..34883] : 10;
    34884 : 14;
    34885 : 0C;
    34886 : 92;
    [34887..34907] : FF;
    34908 : 92;
    [34909..34910] : 00;
    34911 : 10;
    34912 : 14;
    34913 : 08;
    34914 : 49;
    [34915..34921] : FF;
    [34922..34924] : 00;
    [34925..34926] : 14;
    34927 : 10;
    34928 : 00;
    [34929..34930] : 4D;
    [34931..34935] : FF;
    [34936..34937] : DB;
    34938 : 00;
    34939 : 08;
    34940 : 14;
    34941 : 0C;
    [34942..34943] : 49;
    34944 : DB;
    [34945..34950] : FF;
    34951 : 00;
    34952 : 04;
    34953 : 14;
    34954 : 18;
    34955 : 10;
    [34956..34957] : 00;
    34958 : 96;
    [34959..34964] : FF;
    34965 : B6;
    34966 : 00;
    34967 : 0C;
    34968 : 18;
    [34969..34970] : 08;
    [34971..34973] : 00;
    34974 : 08;
    34975 : 14;
    [34976..34977] : 04;
    34978 : 48;
    [34979..34984] : FF;
    34985 : DB;
    34986 : 24;
    34987 : 08;
    34988 : 14;
    [34989..34990] : 0C;
    [34991..34993] : 00;
    34994 : 04;
    34995 : 18;
    [34996..34997] : 0C;
    34998 : 00;
    34999 : DB;
    [35000..35020] : FF;
    35021 : 24;
    [35022..35023] : 00;
    35024 : 10;
    35025 : 14;
    35026 : 08;
    [35027..35043] : 00;
    35044 : 14;
    35045 : 10;
    35046 : 00;
    35047 : 92;
    [35048..35053] : FF;
    35054 : DB;
    [35055..35057] : 04;
    35058 : 18;
    35059 : 0C;
    [35060..35064] : 00;
    [35065..35066] : 14;
    35067 : 08;
    35068 : 6E;
    [35069..35090] : FF;
    35091 : 92;
    35092 : 00;
    35093 : 10;
    35094 : 14;
    35095 : 0C;
    [35096..35097] : 96;
    [35098..35118] : FF;
    35119 : 6D;
    35120 : 00;
    35121 : 10;
    [35122..35123] : 14;
    35124 : 08;
    [35125..35131] : 00;
    35132 : 0C;
    35133 : 18;
    35134 : 08;
    35135 : 00;
    [35136..35137] : DB;
    [35138..35146] : FF;
    35147 : 71;
    35148 : 00;
    [35149..35150] : 04;
    35151 : DF;
    [35152..35160] : FF;
    35161 : 49;
    [35162..35163] : 00;
    35164 : 14;
    35165 : 10;
    35166 : 08;
    35167 : 92;
    [35168..35188] : FF;
    [35189..35190] : 49;
    35191 : 08;
    35192 : 14;
    35193 : 10;
    35194 : 4D;
    35195 : DB;
    [35196..35200] : FF;
    35201 : DB;
    [35202..35203] : 49;
    35204 : 04;
    [35205..35206] : 14;
    35207 : 08;
    35208 : 24;
    [35209..35210] : B6;
    [35211..35218] : FF;
    35219 : DF;
    35220 : 00;
    35221 : 04;
    [35222..35223] : 14;
    35224 : 10;
    [35225..35228] : 00;
    [35229..35230] : 40;
    35231 : C0;
    35232 : E0;
    35233 : E4;
    [35234..35235] : F2;
    [35236..35237] : E8;
    [35238..35239] : E4;
    [35240..35254] : E0;
    [35255..35257] : C0;
    [35258..35260] : E0;
    [35261..35264] : C0;
    [35265..35266] : A0;
    35267 : 60;
    [35268..35273] : 00;
    35274 : 6C;
    35275 : F8;
    [35276..35277] : F4;
    35278 : D0;
    35279 : 20;
    35280 : 24;
    [35281..35283] : 00;
    35284 : 8C;
    [35285..35286] : F8;
    35287 : 8C;
    [35288..35293] : 00;
    35294 : 24;
    35295 : 90;
    [35296..35310] : 00;
    35311 : 88;
    [35312..35313] : B0;
    35314 : B4;
    [35315..35324] : F8;
    35325 : F4;
    35326 : D0;
    [35327..35331] : AC;
    35332 : 88;
    [35333..35354] : 00;
    35355 : 0C;
    [35356..35357] : 18;
    35358 : 0C;
    35359 : 00;
    35360 : 6D;
    [35361..35363] : B6;
    [35364..35378] : FF;
    35379 : DB;
    35380 : B6;
    35381 : 96;
    [35382..35383] : 24;
    35384 : 08;
    35385 : 14;
    35386 : 04;
    35387 : 6D;
    [35388..35390] : B6;
    35391 : DF;
    [35392..35405] : FF;
    35406 : DB;
    35407 : B6;
    35408 : 92;
    [35409..35410] : 24;
    35411 : 04;
    35412 : 18;
    35413 : 14;
    35414 : 24;
    35415 : BB;
    [35416..35421] : FF;
    [35422..35423] : 6D;
    35424 : 04;
    35425 : 10;
    [35426..35427] : 14;
    35428 : 00;
    [35429..35430] : 6D;
    35431 : B6;
    35432 : BA;
    [35433..35439] : FF;
    35440 : 49;
    35441 : 00;
    [35442..35443] : 14;
    35444 : 18;
    35445 : 0C;
    35446 : 4D;
    [35447..35448] : B6;
    [35449..35450] : DA;
    [35451..35465] : FF;
    [35466..35467] : B6;
    35468 : 49;
    [35469..35470] : 00;
    35471 : 10;
    35472 : 18;
    35473 : 08;
    35474 : 49;
    [35475..35481] : FF;
    [35482..35484] : 00;
    [35485..35487] : 14;
    35488 : 00;
    [35489..35490] : 4D;
    [35491..35495] : FF;
    [35496..35497] : DB;
    35498 : 00;
    35499 : 08;
    35500 : 14;
    35501 : 0C;
    [35502..35503] : 49;
    35504 : DB;
    [35505..35510] : FF;
    35511 : 00;
    35512 : 04;
    35513 : 14;
    35514 : 18;
    35515 : 10;
    [35516..35517] : 00;
    35518 : 96;
    [35519..35524] : FF;
    35525 : B6;
    35526 : 00;
    35527 : 0C;
    35528 : 14;
    [35529..35530] : 08;
    [35531..35533] : 00;
    35534 : 08;
    35535 : 14;
    [35536..35537] : 04;
    35538 : 48;
    [35539..35544] : FF;
    35545 : DB;
    35546 : 24;
    35547 : 08;
    35548 : 14;
    [35549..35550] : 08;
    [35551..35553] : 00;
    35554 : 04;
    35555 : 18;
    [35556..35557] : 0C;
    35558 : 00;
    35559 : 96;
    35560 : B6;
    35561 : DA;
    [35562..35577] : FF;
    35578 : DB;
    [35579..35580] : B6;
    [35581..35583] : 00;
    [35584..35585] : 14;
    35586 : 08;
    [35587..35603] : 00;
    35604 : 14;
    35605 : 10;
    35606 : 00;
    35607 : 92;
    [35608..35613] : FF;
    35614 : DB;
    [35615..35617] : 04;
    35618 : 18;
    35619 : 08;
    [35620..35624] : 00;
    35625 : 14;
    35626 : 18;
    35627 : 08;
    35628 : 49;
    [35629..35631] : B6;
    35632 : DB;
    [35633..35646] : FF;
    35647 : DF;
    [35648..35650] : B6;
    35651 : 49;
    35652 : 00;
    35653 : 10;
    35654 : 14;
    35655 : 0C;
    [35656..35657] : 4D;
    [35658..35659] : B6;
    [35660..35674] : FF;
    35675 : DB;
    [35676..35678] : B6;
    35679 : 48;
    35680 : 00;
    35681 : 10;
    [35682..35683] : 14;
    35684 : 08;
    [35685..35691] : 00;
    35692 : 0C;
    35693 : 18;
    35694 : 08;
    35695 : 00;
    [35696..35697] : 96;
    35698 : B6;
    35699 : DB;
    [35700..35704] : FF;
    35705 : DB;
    35706 : B6;
    35707 : 48;
    35708 : 00;
    [35709..35710] : 0C;
    35711 : 96;
    35712 : B6;
    35713 : DA;
    [35714..35717] : FF;
    35718 : DF;
    [35719..35720] : B6;
    35721 : 24;
    [35722..35723] : 04;
    [35724..35725] : 14;
    35726 : 04;
    35727 : 6D;
    [35728..35730] : B6;
    [35731..35745] : FF;
    35746 : BA;
    35747 : B6;
    35748 : 96;
    [35749..35750] : 24;
    35751 : 08;
    35752 : 18;
    35753 : 10;
    35754 : 49;
    35755 : DB;
    [35756..35760] : FF;
    35761 : DB;
    [35762..35763] : 49;
    35764 : 04;
    [35765..35766] : 14;
    35767 : 0C;
    35768 : 00;
    [35769..35770] : 71;
    35771 : B6;
    35772 : BA;
    [35773..35778] : FF;
    35779 : DF;
    35780 : 00;
    35781 : 04;
    [35782..35783] : 14;
    35784 : 0C;
    [35785..35788] : 00;
    [35789..35790] : 40;
    35791 : C0;
    35792 : E0;
    35793 : E4;
    [35794..35795] : ED;
    [35796..35799] : E4;
    [35800..35820] : E0;
    35821 : C0;
    [35822..35823] : A0;
    35824 : C0;
    [35825..35826] : A0;
    35827 : 60;
    [35828..35833] : 00;
    35834 : 6C;
    35835 : F8;
    [35836..35837] : F4;
    35838 : D0;
    35839 : 20;
    35840 : 24;
    [35841..35843] : 00;
    35844 : 8C;
    [35845..35846] : F8;
    35847 : AC;
    [35848..35850] : 00;
    [35851..35852] : 24;
    35853 : 48;
    35854 : B4;
    35855 : D8;
    [35856..35857] : 6C;
    35858 : 24;
    [35859..35874] : 00;
    35875 : D0;
    [35876..35884] : F0;
    35885 : CC;
    35886 : 44;
    [35887..35914] : 00;
    35915 : 08;
    [35916..35917] : 18;
    35918 : 10;
    [35919..35923] : 00;
    35924 : 92;
    [35925..35937] : FF;
    35938 : DF;
    35939 : 4D;
    [35940..35943] : 00;
    35944 : 10;
    35945 : 14;
    35946 : 04;
    35947 : 00;
    35948 : 04;
    [35949..35950] : 00;
    35951 : 92;
    [35952..35965] : FF;
    35966 : 24;
    35967 : 00;
    35968 : 04;
    [35969..35970] : 00;
    35971 : 08;
    35972 : 18;
    35973 : 10;
    35974 : 24;
    35975 : B7;
    [35976..35981] : FF;
    [35982..35983] : 6D;
    35984 : 04;
    35985 : 10;
    [35986..35987] : 14;
    35988 : 00;
    [35989..35990] : 04;
    35991 : 00;
    35992 : 24;
    35993 : DB;
    [35994..35999] : FF;
    36000 : 49;
    36001 : 00;
    [36002..36003] : 10;
    36004 : 14;
    36005 : 0C;
    36006 : 00;
    36007 : 04;
    36008 : 00;
    [36009..36010] : 24;
    [36011..36024] : FF;
    36025 : B6;
    36026 : 04;
    [36027..36030] : 00;
    36031 : 10;
    36032 : 18;
    36033 : 08;
    36034 : 49;
    [36035..36041] : FF;
    [36042..36044] : 00;
    [36045..36046] : 14;
    36047 : 10;
    36048 : 00;
    [36049..36050] : 4D;
    [36051..36055] : FF;
    [36056..36057] : DB;
    36058 : 00;
    36059 : 08;
    36060 : 18;
    36061 : 0C;
    [36062..36063] : 49;
    36064 : DB;
    [36065..36070] : FF;
    36071 : 00;
    36072 : 04;
    [36073..36074] : 18;
    36075 : 10;
    [36076..36077] : 00;
    36078 : 96;
    [36079..36084] : FF;
    36085 : B6;
    36086 : 00;
    36087 : 0C;
    36088 : 18;
    [36089..36090] : 08;
    [36091..36093] : 00;
    36094 : 08;
    36095 : 14;
    [36096..36097] : 04;
    36098 : 48;
    [36099..36104] : FF;
    36105 : DB;
    36106 : 24;
    36107 : 08;
    36108 : 14;
    [36109..36110] : 08;
    [36111..36113] : 00;
    36114 : 04;
    36115 : 14;
    [36116..36117] : 0C;
    36118 : 00;
    [36119..36120] : 04;
    36121 : 24;
    [36122..36123] : 96;
    [36124..36137] : FF;
    36138 : 49;
    36139 : 00;
    36140 : 04;
    [36141..36143] : 00;
    [36144..36145] : 14;
    36146 : 04;
    [36147..36163] : 00;
    36164 : 14;
    36165 : 10;
    36166 : 00;
    36167 : 92;
    [36168..36173] : FF;
    36174 : DB;
    [36175..36177] : 04;
    36178 : 18;
    36179 : 0C;
    [36180..36184] : 00;
    36185 : 10;
    36186 : 14;
    36187 : 0C;
    [36188..36190] : 04;
    36191 : 00;
    36192 : 6D;
    [36193..36206] : FF;
    36207 : 96;
    [36208..36211] : 00;
    36212 : 04;
    36213 : 10;
    36214 : 14;
    36215 : 0C;
    [36216..36219] : 00;
    36220 : 92;
    [36221..36234] : FF;
    36235 : 6D;
    [36236..36238] : 04;
    36239 : 00;
    36240 : 04;
    36241 : 10;
    [36242..36243] : 14;
    36244 : 08;
    [36245..36251] : 00;
    36252 : 0C;
    36253 : 18;
    36254 : 08;
    [36255..36258] : 00;
    36259 : 24;
    [36260..36264] : FF;
    36265 : 6D;
    [36266..36267] : 00;
    36268 : 08;
    [36269..36270] : 14;
    36271 : 04;
    36272 : 00;
    36273 : 28;
    [36274..36277] : FF;
    36278 : 92;
    36279 : 00;
    36280 : 04;
    36281 : 00;
    [36282..36283] : 08;
    36284 : 14;
    36285 : 10;
    36286 : 04;
    36287 : 00;
    36288 : 04;
    [36289..36290] : 00;
    36291 : B6;
    [36292..36304] : FF;
    36305 : DB;
    36306 : 24;
    [36307..36310] : 00;
    36311 : 0C;
    36312 : 14;
    36313 : 0C;
    36314 : 49;
    36315 : DB;
    [36316..36320] : FF;
    36321 : DB;
    [36322..36323] : 49;
    36324 : 04;
    [36325..36326] : 14;
    36327 : 0C;
    36328 : 00;
    [36329..36330] : 04;
    36331 : 00;
    36332 : 24;
    [36333..36338] : FF;
    36339 : DF;
    36340 : 00;
    36341 : 04;
    [36342..36343] : 14;
    36344 : 10;
    [36345..36348] : 00;
    [36349..36350] : 40;
    36351 : C0;
    [36352..36358] : E0;
    36359 : E4;
    [36360..36377] : E0;
    [36378..36384] : C0;
    [36385..36386] : A0;
    36387 : 60;
    [36388..36393] : 00;
    36394 : 6C;
    36395 : F8;
    [36396..36397] : F4;
    36398 : D0;
    36399 : 20;
    36400 : 24;
    [36401..36403] : 00;
    36404 : 8C;
    [36405..36406] : F8;
    36407 : AC;
    [36408..36410] : 00;
    [36411..36412] : 24;
    36413 : 48;
    36414 : B4;
    36415 : D8;
    [36416..36417] : 6C;
    36418 : 24;
    [36419..36434] : 00;
    36435 : D0;
    [36436..36444] : F0;
    36445 : CC;
    36446 : 44;
    [36447..36474] : 00;
    36475 : 08;
    [36476..36477] : 18;
    36478 : 10;
    [36479..36483] : 00;
    36484 : 92;
    [36485..36497] : FF;
    36498 : DF;
    36499 : 4D;
    [36500..36503] : 00;
    36504 : 10;
    36505 : 14;
    36506 : 04;
    36507 : 00;
    36508 : 04;
    [36509..36510] : 00;
    36511 : 92;
    [36512..36525] : FF;
    36526 : 24;
    36527 : 00;
    36528 : 04;
    [36529..36530] : 00;
    36531 : 08;
    36532 : 18;
    36533 : 10;
    36534 : 24;
    36535 : B7;
    [36536..36541] : FF;
    [36542..36543] : 6D;
    36544 : 04;
    36545 : 10;
    [36546..36547] : 14;
    36548 : 00;
    [36549..36550] : 04;
    36551 : 00;
    36552 : 24;
    36553 : DB;
    [36554..36559] : FF;
    36560 : 49;
    36561 : 00;
    [36562..36563] : 10;
    36564 : 14;
    36565 : 0C;
    36566 : 00;
    36567 : 04;
    36568 : 00;
    [36569..36570] : 24;
    [36571..36584] : FF;
    36585 : B6;
    36586 : 04;
    [36587..36590] : 00;
    36591 : 10;
    36592 : 18;
    36593 : 08;
    36594 : 49;
    [36595..36601] : FF;
    [36602..36604] : 00;
    [36605..36606] : 14;
    36607 : 10;
    36608 : 00;
    [36609..36610] : 4D;
    [36611..36615] : FF;
    [36616..36617] : DB;
    36618 : 00;
    36619 : 08;
    36620 : 18;
    36621 : 0C;
    [36622..36623] : 49;
    36624 : DB;
    [36625..36630] : FF;
    36631 : 00;
    36632 : 04;
    [36633..36634] : 18;
    36635 : 10;
    [36636..36637] : 00;
    36638 : 96;
    [36639..36644] : FF;
    36645 : B6;
    36646 : 00;
    36647 : 0C;
    36648 : 18;
    [36649..36650] : 08;
    [36651..36653] : 00;
    36654 : 08;
    36655 : 14;
    [36656..36657] : 04;
    36658 : 48;
    [36659..36664] : FF;
    36665 : DB;
    36666 : 24;
    36667 : 08;
    36668 : 14;
    [36669..36670] : 08;
    [36671..36673] : 00;
    36674 : 04;
    36675 : 14;
    [36676..36677] : 0C;
    36678 : 00;
    [36679..36680] : 04;
    36681 : 24;
    [36682..36683] : 96;
    [36684..36697] : FF;
    36698 : 49;
    36699 : 00;
    36700 : 04;
    [36701..36703] : 00;
    [36704..36705] : 14;
    36706 : 04;
    [36707..36723] : 00;
    36724 : 14;
    36725 : 10;
    36726 : 00;
    36727 : 92;
    [36728..36733] : FF;
    36734 : DB;
    [36735..36737] : 04;
    36738 : 18;
    36739 : 0C;
    [36740..36744] : 00;
    36745 : 10;
    36746 : 14;
    36747 : 0C;
    [36748..36750] : 04;
    36751 : 00;
    36752 : 6D;
    [36753..36766] : FF;
    36767 : 96;
    [36768..36771] : 00;
    36772 : 04;
    36773 : 10;
    36774 : 14;
    36775 : 0C;
    [36776..36779] : 00;
    36780 : 92;
    [36781..36794] : FF;
    36795 : 6D;
    [36796..36798] : 04;
    36799 : 00;
    36800 : 04;
    36801 : 10;
    [36802..36803] : 14;
    36804 : 08;
    [36805..36811] : 00;
    36812 : 0C;
    36813 : 18;
    36814 : 08;
    [36815..36818] : 00;
    36819 : 24;
    [36820..36824] : FF;
    36825 : 6D;
    [36826..36827] : 00;
    36828 : 08;
    [36829..36830] : 14;
    36831 : 04;
    36832 : 00;
    36833 : 28;
    [36834..36837] : FF;
    36838 : 92;
    36839 : 00;
    36840 : 04;
    36841 : 00;
    [36842..36843] : 08;
    36844 : 14;
    36845 : 10;
    36846 : 04;
    36847 : 00;
    36848 : 04;
    [36849..36850] : 00;
    36851 : B6;
    [36852..36864] : FF;
    36865 : DB;
    36866 : 24;
    [36867..36870] : 00;
    36871 : 0C;
    36872 : 14;
    36873 : 0C;
    36874 : 49;
    36875 : DB;
    [36876..36880] : FF;
    36881 : DB;
    [36882..36883] : 49;
    36884 : 04;
    [36885..36886] : 14;
    36887 : 0C;
    36888 : 00;
    [36889..36890] : 04;
    36891 : 00;
    36892 : 24;
    [36893..36898] : FF;
    36899 : DF;
    36900 : 00;
    36901 : 04;
    [36902..36903] : 14;
    36904 : 10;
    [36905..36908] : 00;
    [36909..36910] : 40;
    36911 : C0;
    [36912..36918] : E0;
    36919 : E4;
    [36920..36937] : E0;
    [36938..36944] : C0;
    [36945..36946] : A0;
    36947 : 60;
    [36948..36953] : 00;
    36954 : 6C;
    36955 : F8;
    [36956..36957] : F4;
    36958 : D0;
    36959 : 20;
    36960 : 24;
    [36961..36963] : 00;
    36964 : 8C;
    [36965..36966] : F8;
    36967 : B0;
    [36968..36970] : 00;
    36971 : 68;
    36972 : D4;
    [36973..36975] : D8;
    [36976..36977] : B8;
    36978 : 74;
    [36979..36994] : 00;
    36995 : CC;
    [36996..37004] : F0;
    37005 : AC;
    37006 : 20;
    [37007..37034] : 00;
    37035 : 08;
    [37036..37037] : 18;
    37038 : 14;
    [37039..37040] : 10;
    37041 : 0C;
    [37042..37043] : 00;
    37044 : 92;
    [37045..37057] : FF;
    37058 : DB;
    37059 : 4D;
    37060 : 04;
    [37061..37063] : 10;
    [37064..37065] : 14;
    [37066..37067] : 10;
    37068 : 0C;
    [37069..37070] : 00;
    37071 : 92;
    [37072..37085] : FF;
    37086 : 24;
    37087 : 00;
    [37088..37090] : 10;
    37091 : 14;
    37092 : 18;
    37093 : 14;
    37094 : 24;
    37095 : BB;
    [37096..37101] : FF;
    [37102..37103] : 6D;
    37104 : 04;
    [37105..37108] : 14;
    [37109..37110] : 10;
    37111 : 08;
    37112 : 24;
    37113 : DB;
    [37114..37119] : FF;
    37120 : 49;
    37121 : 00;
    [37122..37123] : 14;
    37124 : 18;
    37125 : 14;
    37126 : 10;
    37127 : 14;
    37128 : 04;
    [37129..37130] : 24;
    [37131..37144] : FF;
    37145 : 92;
    37146 : 00;
    37147 : 0C;
    [37148..37150] : 10;
    37151 : 14;
    37152 : 18;
    37153 : 0C;
    37154 : 4D;
    37155 : DF;
    [37156..37161] : FF;
    [37162..37164] : 00;
    37165 : 14;
    37166 : 18;
    37167 : 14;
    37168 : 00;
    [37169..37170] : 6E;
    [37171..37175] : FF;
    [37176..37177] : DB;
    37178 : 00;
    37179 : 08;
    37180 : 18;
    37181 : 0C;
    [37182..37183] : 49;
    37184 : DB;
    [37185..37190] : FF;
    37191 : 00;
    37192 : 04;
    37193 : 14;
    37194 : 18;
    37195 : 10;
    [37196..37197] : 00;
    37198 : B6;
    [37199..37204] : FF;
    37205 : B6;
    37206 : 00;
    37207 : 0C;
    37208 : 18;
    [37209..37210] : 08;
    [37211..37213] : 00;
    37214 : 08;
    37215 : 14;
    [37216..37217] : 04;
    37218 : 48;
    [37219..37224] : FF;
    37225 : DB;
    37226 : 24;
    37227 : 08;
    37228 : 18;
    [37229..37230] : 0C;
    [37231..37233] : 00;
    37234 : 04;
    [37235..37237] : 18;
    37238 : 10;
    37239 : 14;
    37240 : 10;
    37241 : 00;
    [37242..37243] : 96;
    [37244..37257] : FF;
    37258 : 49;
    37259 : 04;
    [37260..37263] : 10;
    37264 : 18;
    37265 : 14;
    37266 : 04;
    [37267..37283] : 00;
    37284 : 18;
    37285 : 10;
    37286 : 00;
    37287 : 92;
    [37288..37293] : FF;
    37294 : DB;
    [37295..37297] : 04;
    37298 : 18;
    37299 : 0C;
    [37300..37304] : 00;
    37305 : 10;
    37306 : 18;
    37307 : 14;
    37308 : 10;
    [37309..37310] : 14;
    37311 : 08;
    37312 : 48;
    [37313..37326] : FF;
    37327 : B6;
    37328 : 00;
    [37329..37330] : 0C;
    [37331..37332] : 10;
    [37333..37334] : 18;
    37335 : 14;
    [37336..37337] : 10;
    37338 : 0C;
    37339 : 00;
    37340 : 92;
    [37341..37353] : FF;
    37354 : DF;
    37355 : 4D;
    [37356..37357] : 04;
    37358 : 10;
    37359 : 14;
    37360 : 10;
    37361 : 18;
    [37362..37363] : 14;
    37364 : 08;
    [37365..37371] : 00;
    37372 : 0C;
    37373 : 18;
    37374 : 14;
    [37375..37377] : 10;
    37378 : 08;
    37379 : 24;
    37380 : DF;
    [37381..37384] : FF;
    37385 : 6D;
    37386 : 04;
    37387 : 0C;
    37388 : 10;
    [37389..37390] : 14;
    37391 : 10;
    37392 : 08;
    37393 : 24;
    [37394..37397] : FF;
    37398 : 6E;
    37399 : 04;
    [37400..37403] : 10;
    [37404..37405] : 14;
    [37406..37408] : 10;
    [37409..37410] : 00;
    37411 : B6;
    [37412..37424] : FF;
    37425 : DB;
    37426 : 24;
    37427 : 08;
    37428 : 14;
    [37429..37430] : 10;
    [37431..37432] : 14;
    37433 : 10;
    37434 : 49;
    37435 : DB;
    [37436..37440] : FF;
    37441 : DB;
    [37442..37443] : 49;
    37444 : 04;
    [37445..37447] : 14;
    [37448..37450] : 10;
    37451 : 04;
    37452 : 24;
    [37453..37458] : FF;
    37459 : DF;
    37460 : 00;
    37461 : 04;
    [37462..37463] : 14;
    37464 : 10;
    [37465..37468] : 00;
    [37469..37470] : 40;
    37471 : C0;
    [37472..37477] : E0;
    [37478..37479] : E4;
    [37480..37497] : E0;
    [37498..37504] : C0;
    [37505..37506] : A0;
    37507 : 60;
    [37508..37513] : 00;
    37514 : 6C;
    37515 : F8;
    [37516..37517] : F4;
    37518 : D0;
    37519 : 20;
    37520 : 24;
    [37521..37523] : 00;
    37524 : 8C;
    [37525..37526] : F8;
    37527 : B0;
    [37528..37530] : 00;
    37531 : 44;
    37532 : 8C;
    37533 : 90;
    37534 : D8;
    37535 : F8;
    [37536..37537] : 90;
    37538 : 28;
    [37539..37554] : 00;
    37555 : D0;
    [37556..37561] : F4;
    [37562..37564] : F0;
    37565 : AC;
    37566 : 20;
    [37567..37586] : 00;
    37587 : 40;
    [37588..37595] : 00;
    [37596..37597] : 0C;
    [37598..37599] : 14;
    37600 : 18;
    37601 : 14;
    [37602..37603] : 04;
    37604 : 48;
    [37605..37608] : 91;
    [37609..37610] : 95;
    [37611..37614] : 91;
    37615 : 95;
    [37616..37617] : 91;
    37618 : 71;
    37619 : 24;
    37620 : 08;
    [37621..37627] : 14;
    37628 : 10;
    [37629..37630] : 00;
    37631 : 49;
    [37632..37637] : 95;
    37638 : 91;
    [37639..37643] : 95;
    [37644..37645] : 91;
    [37646..37647] : 00;
    [37648..37652] : 14;
    37653 : 10;
    37654 : 04;
    37655 : 6D;
    [37656..37661] : 95;
    [37662..37663] : 29;
    37664 : 04;
    37665 : 10;
    37666 : 14;
    [37667..37668] : 10;
    [37669..37670] : 14;
    37671 : 0C;
    37672 : 00;
    37673 : 71;
    [37674..37677] : 95;
    [37678..37679] : 91;
    37680 : 24;
    37681 : 00;
    [37682..37683] : 10;
    [37684..37687] : 14;
    37688 : 04;
    [37689..37690] : 00;
    37691 : 91;
    [37692..37700] : 95;
    [37701..37704] : 91;
    37705 : 49;
    37706 : 00;
    37707 : 10;
    [37708..37712] : 14;
    37713 : 08;
    37714 : 24;
    37715 : 71;
    [37716..37717] : 91;
    [37718..37720] : 95;
    37721 : 91;
    [37722..37724] : 00;
    [37725..37727] : 14;
    37728 : 00;
    [37729..37730] : 28;
    [37731..37733] : 95;
    37734 : 91;
    37735 : 95;
    [37736..37737] : 91;
    37738 : 00;
    37739 : 08;
    37740 : 18;
    37741 : 0C;
    [37742..37743] : 24;
    37744 : 71;
    [37745..37746] : 95;
    37747 : 91;
    37748 : 95;
    [37749..37750] : 91;
    [37751..37752] : 00;
    37753 : 14;
    37754 : 18;
    37755 : 10;
    [37756..37757] : 00;
    37758 : 4D;
    [37759..37761] : 95;
    [37762..37764] : 91;
    37765 : 4D;
    37766 : 00;
    37767 : 0C;
    37768 : 14;
    [37769..37770] : 08;
    [37771..37773] : 00;
    37774 : 08;
    37775 : 14;
    [37776..37777] : 04;
    37778 : 24;
    [37779..37783] : 95;
    37784 : 91;
    37785 : 71;
    37786 : 00;
    37787 : 08;
    37788 : 18;
    [37789..37790] : 0C;
    [37791..37794] : 00;
    37795 : 10;
    [37796..37800] : 14;
    37801 : 00;
    [37802..37803] : 4C;
    37804 : 91;
    [37805..37806] : 95;
    [37807..37810] : 91;
    [37811..37812] : 95;
    [37813..37817] : 91;
    37818 : 24;
    37819 : 08;
    [37820..37823] : 14;
    37824 : 10;
    37825 : 08;
    [37826..37843] : 00;
    37844 : 14;
    37845 : 10;
    37846 : 00;
    37847 : 49;
    [37848..37853] : 95;
    37854 : 71;
    [37855..37857] : 00;
    37858 : 18;
    37859 : 0C;
    [37860..37864] : 00;
    37865 : 08;
    [37866..37870] : 14;
    37871 : 08;
    37872 : 24;
    37873 : 91;
    [37874..37881] : 95;
    [37882..37886] : 91;
    37887 : 4D;
    37888 : 04;
    [37889..37890] : 10;
    [37891..37897] : 14;
    37898 : 10;
    37899 : 04;
    37900 : 48;
    37901 : 95;
    [37902..37903] : 91;
    [37904..37912] : 95;
    37913 : 91;
    37914 : 71;
    37915 : 24;
    [37916..37917] : 04;
    [37918..37920] : 14;
    37921 : 10;
    [37922..37923] : 08;
    [37924..37931] : 00;
    37932 : 04;
    37933 : 10;
    [37934..37937] : 14;
    37938 : 0C;
    37939 : 04;
    37940 : 71;
    [37941..37944] : 91;
    37945 : 24;
    37946 : 04;
    37947 : 10;
    [37948..37951] : 14;
    37952 : 0C;
    37953 : 04;
    [37954..37957] : 91;
    37958 : 48;
    37959 : 04;
    37960 : 14;
    37961 : 18;
    [37962..37967] : 14;
    37968 : 10;
    [37969..37970] : 04;
    37971 : 6D;
    [37972..37981] : 95;
    [37982..37984] : 91;
    37985 : 6D;
    37986 : 00;
    37987 : 08;
    [37988..37992] : 14;
    37993 : 0C;
    37994 : 24;
    37995 : 71;
    [37996..38000] : 95;
    38001 : 71;
    [38002..38003] : 24;
    38004 : 04;
    38005 : 14;
    38006 : 10;
    38007 : 0C;
    38008 : 10;
    [38009..38010] : 14;
    38011 : 04;
    38012 : 00;
    [38013..38018] : 95;
    38019 : 91;
    38020 : 00;
    38021 : 04;
    [38022..38023] : 14;
    38024 : 10;
    [38025..38028] : 00;
    [38029..38030] : 40;
    38031 : C0;
    [38032..38057] : E0;
    [38058..38059] : C0;
    [38060..38066] : A0;
    38067 : 60;
    [38068..38073] : 00;
    38074 : 6C;
    38075 : F8;
    [38076..38077] : F4;
    38078 : D0;
    38079 : 20;
    38080 : 24;
    [38081..38083] : 00;
    38084 : 8C;
    [38085..38086] : F8;
    38087 : B0;
    [38088..38090] : 00;
    38091 : 44;
    38092 : 8C;
    38093 : 90;
    38094 : D8;
    38095 : F8;
    [38096..38097] : 90;
    38098 : 28;
    [38099..38114] : 00;
    38115 : D0;
    [38116..38121] : F4;
    [38122..38124] : F0;
    38125 : AC;
    38126 : 20;
    [38127..38146] : 00;
    38147 : 40;
    [38148..38155] : 00;
    [38156..38157] : 0C;
    [38158..38159] : 14;
    38160 : 18;
    38161 : 14;
    [38162..38163] : 04;
    38164 : 48;
    [38165..38168] : 91;
    [38169..38170] : 95;
    [38171..38174] : 91;
    38175 : 95;
    [38176..38177] : 91;
    38178 : 71;
    38179 : 24;
    38180 : 08;
    [38181..38187] : 14;
    38188 : 10;
    [38189..38190] : 00;
    38191 : 49;
    [38192..38197] : 95;
    38198 : 91;
    [38199..38203] : 95;
    [38204..38205] : 91;
    [38206..38207] : 00;
    [38208..38212] : 14;
    38213 : 10;
    38214 : 04;
    38215 : 6D;
    [38216..38221] : 95;
    [38222..38223] : 29;
    38224 : 04;
    38225 : 10;
    38226 : 14;
    [38227..38228] : 10;
    [38229..38230] : 14;
    38231 : 0C;
    38232 : 00;
    38233 : 71;
    [38234..38237] : 95;
    [38238..38239] : 91;
    38240 : 24;
    38241 : 00;
    [38242..38243] : 10;
    [38244..38247] : 14;
    38248 : 04;
    [38249..38250] : 00;
    38251 : 91;
    [38252..38260] : 95;
    [38261..38264] : 91;
    38265 : 49;
    38266 : 00;
    38267 : 10;
    [38268..38272] : 14;
    38273 : 08;
    38274 : 24;
    38275 : 71;
    [38276..38277] : 91;
    [38278..38280] : 95;
    38281 : 91;
    [38282..38284] : 00;
    [38285..38287] : 14;
    38288 : 00;
    [38289..38290] : 28;
    [38291..38293] : 95;
    38294 : 91;
    38295 : 95;
    [38296..38297] : 91;
    38298 : 00;
    38299 : 08;
    38300 : 18;
    38301 : 0C;
    [38302..38303] : 24;
    38304 : 71;
    [38305..38306] : 95;
    38307 : 91;
    38308 : 95;
    [38309..38310] : 91;
    [38311..38312] : 00;
    38313 : 14;
    38314 : 18;
    38315 : 10;
    [38316..38317] : 00;
    38318 : 4D;
    [38319..38321] : 95;
    [38322..38324] : 91;
    38325 : 4D;
    38326 : 00;
    38327 : 0C;
    38328 : 14;
    [38329..38330] : 08;
    [38331..38333] : 00;
    38334 : 08;
    38335 : 14;
    [38336..38337] : 04;
    38338 : 24;
    [38339..38343] : 95;
    38344 : 91;
    38345 : 71;
    38346 : 00;
    38347 : 08;
    38348 : 18;
    [38349..38350] : 0C;
    [38351..38354] : 00;
    38355 : 10;
    [38356..38360] : 14;
    38361 : 00;
    [38362..38363] : 4C;
    38364 : 91;
    [38365..38366] : 95;
    [38367..38370] : 91;
    [38371..38372] : 95;
    [38373..38377] : 91;
    38378 : 24;
    38379 : 08;
    [38380..38383] : 14;
    38384 : 10;
    38385 : 08;
    [38386..38403] : 00;
    38404 : 14;
    38405 : 10;
    38406 : 00;
    38407 : 49;
    [38408..38413] : 95;
    38414 : 71;
    [38415..38417] : 00;
    38418 : 18;
    38419 : 0C;
    [38420..38424] : 00;
    38425 : 08;
    [38426..38430] : 14;
    38431 : 08;
    38432 : 24;
    38433 : 91;
    [38434..38441] : 95;
    [38442..38446] : 91;
    38447 : 4D;
    38448 : 04;
    [38449..38450] : 10;
    [38451..38457] : 14;
    38458 : 10;
    38459 : 04;
    38460 : 48;
    38461 : 95;
    [38462..38463] : 91;
    [38464..38472] : 95;
    38473 : 91;
    38474 : 71;
    38475 : 24;
    [38476..38477] : 04;
    [38478..38480] : 14;
    38481 : 10;
    [38482..38483] : 08;
    [38484..38491] : 00;
    38492 : 04;
    38493 : 10;
    [38494..38497] : 14;
    38498 : 0C;
    38499 : 04;
    38500 : 71;
    [38501..38504] : 91;
    38505 : 24;
    38506 : 04;
    38507 : 10;
    [38508..38511] : 14;
    38512 : 0C;
    38513 : 04;
    [38514..38517] : 91;
    38518 : 48;
    38519 : 04;
    38520 : 14;
    38521 : 18;
    [38522..38527] : 14;
    38528 : 10;
    [38529..38530] : 04;
    38531 : 6D;
    [38532..38541] : 95;
    [38542..38544] : 91;
    38545 : 6D;
    38546 : 00;
    38547 : 08;
    [38548..38552] : 14;
    38553 : 0C;
    38554 : 24;
    38555 : 71;
    [38556..38560] : 95;
    38561 : 71;
    [38562..38563] : 24;
    38564 : 04;
    38565 : 14;
    38566 : 10;
    38567 : 0C;
    38568 : 10;
    [38569..38570] : 14;
    38571 : 04;
    38572 : 00;
    [38573..38578] : 95;
    38579 : 91;
    38580 : 00;
    38581 : 04;
    [38582..38583] : 14;
    38584 : 10;
    [38585..38588] : 00;
    [38589..38590] : 40;
    38591 : C0;
    [38592..38617] : E0;
    [38618..38619] : C0;
    [38620..38626] : A0;
    38627 : 60;
    [38628..38633] : 00;
    38634 : 6C;
    38635 : F8;
    [38636..38637] : F4;
    38638 : D0;
    38639 : 20;
    38640 : 24;
    [38641..38643] : 00;
    38644 : 8C;
    [38645..38646] : F8;
    38647 : 8C;
    [38648..38652] : 00;
    38653 : 24;
    38654 : D4;
    38655 : B0;
    [38656..38657] : 24;
    [38658..38666] : 00;
    [38667..38668] : 20;
    [38669..38674] : 00;
    [38675..38681] : F8;
    [38682..38684] : F4;
    38685 : D0;
    38686 : 24;
    [38687..38705] : 00;
    38706 : 44;
    38707 : EC;
    38708 : 64;
    [38709..38717] : 00;
    38718 : 04;
    38719 : 10;
    38720 : 18;
    38721 : 10;
    [38722..38723] : 04;
    [38724..38739] : 00;
    38740 : 08;
    [38741..38743] : 14;
    38744 : 10;
    38745 : 04;
    [38746..38748] : 14;
    [38749..38750] : 04;
    [38751..38766] : 00;
    38767 : 04;
    [38768..38770] : 14;
    38771 : 18;
    [38772..38773] : 14;
    [38774..38783] : 00;
    38784 : 04;
    38785 : 10;
    38786 : 14;
    38787 : 08;
    38788 : 00;
    [38789..38790] : 10;
    38791 : 0C;
    [38792..38801] : 00;
    [38802..38803] : 10;
    [38804..38807] : 14;
    38808 : 08;
    [38809..38826] : 00;
    38827 : 10;
    [38828..38832] : 14;
    38833 : 08;
    [38834..38844] : 00;
    [38845..38846] : 14;
    38847 : 10;
    [38848..38858] : 00;
    38859 : 08;
    38860 : 14;
    38861 : 0C;
    [38862..38872] : 00;
    [38873..38874] : 14;
    38875 : 10;
    [38876..38886] : 00;
    38887 : 0C;
    38888 : 14;
    [38889..38890] : 08;
    [38891..38893] : 00;
    38894 : 08;
    38895 : 14;
    [38896..38897] : 08;
    [38898..38906] : 00;
    38907 : 08;
    38908 : 14;
    [38909..38910] : 08;
    [38911..38915] : 00;
    [38916..38917] : 04;
    38918 : 10;
    [38919..38920] : 14;
    [38921..38938] : 00;
    38939 : 04;
    38940 : 10;
    38941 : 14;
    [38942..38943] : 10;
    [38944..38963] : 00;
    [38964..38965] : 14;
    [38966..38975] : 00;
    [38976..38977] : 04;
    38978 : 18;
    38979 : 0C;
    [38980..38986] : 00;
    38987 : 08;
    38988 : 14;
    [38989..38990] : 18;
    38991 : 0C;
    [38992..39007] : 00;
    39008 : 04;
    [39009..39010] : 10;
    39011 : 14;
    39012 : 10;
    [39013..39014] : 00;
    39015 : 04;
    [39016..39017] : 14;
    39018 : 10;
    39019 : 04;
    [39020..39035] : 00;
    [39036..39037] : 08;
    39038 : 14;
    39039 : 18;
    39040 : 0C;
    [39041..39053] : 00;
    39054 : 08;
    [39055..39057] : 14;
    39058 : 0C;
    [39059..39065] : 00;
    39066 : 04;
    [39067..39071] : 14;
    39072 : 0C;
    [39073..39078] : 00;
    39079 : 04;
    [39080..39088] : 14;
    [39089..39090] : 04;
    [39091..39106] : 00;
    39107 : 08;
    [39108..39112] : 14;
    39113 : 0C;
    [39114..39123] : 00;
    39124 : 04;
    39125 : 18;
    39126 : 0C;
    39127 : 00;
    39128 : 04;
    [39129..39130] : 14;
    39131 : 08;
    [39132..39140] : 00;
    39141 : 08;
    [39142..39143] : 14;
    39144 : 0C;
    [39145..39148] : 00;
    [39149..39150] : 40;
    39151 : C0;
    [39152..39174] : E0;
    [39175..39178] : C0;
    [39179..39186] : A0;
    39187 : 60;
    [39188..39193] : 00;
    39194 : 6C;
    39195 : F8;
    [39196..39197] : F4;
    39198 : D0;
    39199 : 20;
    39200 : 24;
    [39201..39203] : 00;
    39204 : 8C;
    [39205..39206] : F8;
    39207 : 8C;
    [39208..39211] : 00;
    [39212..39213] : 20;
    39214 : 68;
    39215 : 24;
    [39216..39226] : 00;
    39227 : 20;
    [39228..39234] : 00;
    [39235..39241] : F8;
    [39242..39244] : F4;
    39245 : B0;
    39246 : 24;
    [39247..39264] : 00;
    39265 : 24;
    39266 : 90;
    [39267..39268] : EC;
    [39269..39270] : 44;
    [39271..39278] : 00;
    39279 : 04;
    [39280..39281] : 14;
    [39282..39283] : 0C;
    [39284..39288] : 08;
    [39289..39294] : 0C;
    [39295..39298] : 08;
    39299 : 0C;
    39300 : 10;
    39301 : 14;
    [39302..39303] : 10;
    39304 : 08;
    39305 : 00;
    39306 : 08;
    39307 : 14;
    39308 : 18;
    [39309..39310] : 10;
    39311 : 0C;
    [39312..39313] : 08;
    [39314..39324] : 0C;
    [39325..39326] : 08;
    39327 : 0C;
    39328 : 18;
    [39329..39330] : 14;
    39331 : 0C;
    39332 : 18;
    39333 : 14;
    39334 : 0C;
    [39335..39337] : 08;
    [39338..39344] : 0C;
    39345 : 14;
    39346 : 18;
    39347 : 08;
    39348 : 04;
    [39349..39351] : 10;
    [39352..39355] : 08;
    [39356..39361] : 0C;
    [39362..39364] : 14;
    39365 : 0C;
    39366 : 10;
    39367 : 18;
    39368 : 10;
    [39369..39372] : 08;
    [39373..39386] : 0C;
    [39387..39388] : 14;
    [39389..39390] : 10;
    39391 : 0C;
    [39392..39393] : 14;
    [39394..39399] : 0C;
    [39400..39403] : 08;
    39404 : 0C;
    39405 : 14;
    [39406..39407] : 18;
    [39408..39413] : 0C;
    39414 : 08;
    [39415..39417] : 0C;
    39418 : 08;
    39419 : 10;
    39420 : 14;
    39421 : 10;
    [39422..39425] : 08;
    [39426..39432] : 0C;
    [39433..39435] : 14;
    [39436..39440] : 08;
    [39441..39445] : 0C;
    39446 : 08;
    39447 : 14;
    39448 : 18;
    [39449..39450] : 08;
    [39451..39453] : 00;
    39454 : 08;
    39455 : 18;
    [39456..39458] : 0C;
    [39459..39461] : 08;
    [39462..39465] : 0C;
    39466 : 08;
    39467 : 10;
    39468 : 18;
    [39469..39470] : 0C;
    [39471..39477] : 00;
    39478 : 08;
    39479 : 18;
    39480 : 14;
    39481 : 0C;
    [39482..39485] : 08;
    [39486..39491] : 0C;
    [39492..39495] : 08;
    [39496..39499] : 0C;
    39500 : 18;
    39501 : 0C;
    [39502..39503] : 08;
    [39504..39523] : 00;
    39524 : 14;
    39525 : 18;
    [39526..39528] : 0C;
    [39529..39532] : 08;
    [39533..39534] : 0C;
    39535 : 08;
    [39536..39537] : 0C;
    39538 : 18;
    39539 : 0C;
    [39540..39546] : 00;
    39547 : 04;
    39548 : 0C;
    [39549..39550] : 18;
    39551 : 14;
    39552 : 08;
    [39553..39557] : 0C;
    [39558..39559] : 08;
    [39560..39568] : 0C;
    [39569..39571] : 14;
    39572 : 08;
    [39573..39574] : 00;
    39575 : 04;
    [39576..39578] : 14;
    39579 : 10;
    39580 : 0C;
    [39581..39584] : 08;
    [39585..39595] : 0C;
    [39596..39597] : 10;
    39598 : 18;
    39599 : 14;
    39600 : 08;
    [39601..39613] : 00;
    39614 : 04;
    39615 : 0C;
    [39616..39618] : 14;
    [39619..39626] : 0C;
    39627 : 14;
    39628 : 10;
    [39629..39630] : 0C;
    39631 : 14;
    39632 : 10;
    39633 : 0C;
    [39634..39638] : 08;
    39639 : 0C;
    [39640..39644] : 14;
    39645 : 0C;
    39646 : 08;
    39647 : 10;
    39648 : 14;
    [39649..39650] : 10;
    [39651..39653] : 08;
    [39654..39664] : 0C;
    [39665..39666] : 08;
    39667 : 0C;
    39668 : 14;
    [39669..39670] : 0C;
    39671 : 10;
    39672 : 18;
    39673 : 14;
    [39674..39679] : 0C;
    [39680..39683] : 08;
    39684 : 0C;
    39685 : 14;
    39686 : 0C;
    39687 : 00;
    39688 : 04;
    [39689..39690] : 14;
    39691 : 10;
    [39692..39695] : 08;
    [39696..39700] : 0C;
    39701 : 10;
    [39702..39703] : 14;
    39704 : 0C;
    [39705..39708] : 00;
    [39709..39710] : 40;
    39711 : C0;
    [39712..39734] : E0;
    [39735..39738] : C0;
    [39739..39746] : A0;
    39747 : 60;
    [39748..39753] : 00;
    39754 : 6C;
    39755 : F8;
    [39756..39757] : F4;
    39758 : D0;
    39759 : 20;
    39760 : 24;
    [39761..39763] : 00;
    39764 : 8C;
    [39765..39766] : F8;
    39767 : AC;
    [39768..39790] : 00;
    39791 : 24;
    [39792..39794] : 6C;
    [39795..39798] : FC;
    [39799..39804] : F8;
    39805 : F4;
    39806 : 88;
    [39807..39808] : 68;
    [39809..39810] : 24;
    [39811..39823] : 00;
    39824 : 68;
    39825 : D0;
    [39826..39828] : F4;
    [39829..39830] : D0;
    39831 : 8C;
    39832 : 48;
    [39833..39839] : 00;
    39840 : 08;
    [39841..39860] : 14;
    39861 : 10;
    [39862..39863] : 04;
    [39864..39866] : 00;
    39867 : 08;
    [39868..39887] : 14;
    39888 : 10;
    [39889..39890] : 04;
    39891 : 00;
    39892 : 0C;
    [39893..39898] : 14;
    39899 : 18;
    [39900..39904] : 14;
    39905 : 10;
    39906 : 08;
    [39907..39908] : 00;
    [39909..39910] : 0C;
    [39911..39915] : 14;
    [39916..39918] : 18;
    [39919..39923] : 14;
    39924 : 08;
    39925 : 00;
    39926 : 04;
    [39927..39934] : 14;
    [39935..39937] : 18;
    [39938..39946] : 14;
    39947 : 10;
    39948 : 0C;
    [39949..39950] : 04;
    39951 : 00;
    39952 : 0C;
    [39953..39954] : 14;
    39955 : 18;
    [39956..39964] : 14;
    [39965..39968] : 10;
    [39969..40007] : 14;
    40008 : 0C;
    [40009..40013] : 00;
    40014 : 04;
    [40015..40027] : 14;
    40028 : 10;
    [40029..40030] : 04;
    [40031..40038] : 00;
    40039 : 10;
    [40040..40060] : 14;
    [40061..40083] : 00;
    40084 : 10;
    [40085..40098] : 14;
    40099 : 08;
    [40100..40107] : 00;
    40108 : 04;
    [40109..40110] : 10;
    [40111..40130] : 14;
    40131 : 08;
    [40132..40135] : 00;
    [40136..40137] : 08;
    [40138..40158] : 14;
    40159 : 04;
    [40160..40175] : 00;
    [40176..40177] : 10;
    [40178..40186] : 14;
    40187 : 0C;
    [40188..40190] : 00;
    40191 : 10;
    [40192..40200] : 14;
    [40201..40204] : 10;
    [40205..40206] : 00;
    40207 : 08;
    [40208..40227] : 14;
    40228 : 10;
    [40229..40231] : 04;
    40232 : 10;
    [40233..40245] : 14;
    40246 : 08;
    [40247..40248] : 00;
    [40249..40252] : 10;
    [40253..40260] : 14;
    [40261..40263] : 10;
    40264 : 08;
    [40265..40268] : 00;
    [40269..40270] : 20;
    40271 : 60;
    40272 : 80;
    40273 : C0;
    [40274..40293] : E0;
    [40294..40298] : C0;
    [40299..40304] : A0;
    40305 : 60;
    [40306..40307] : 40;
    [40308..40313] : 00;
    40314 : 6C;
    40315 : F8;
    [40316..40317] : F4;
    40318 : D0;
    40319 : 20;
    40320 : 24;
    [40321..40323] : 00;
    40324 : 8C;
    [40325..40326] : F8;
    40327 : AC;
    [40328..40350] : 00;
    40351 : 24;
    [40352..40354] : 6C;
    [40355..40358] : FC;
    [40359..40364] : F8;
    40365 : F4;
    40366 : 88;
    [40367..40368] : 68;
    [40369..40370] : 24;
    [40371..40383] : 00;
    40384 : 68;
    40385 : D0;
    [40386..40388] : F4;
    [40389..40390] : D0;
    40391 : 8C;
    40392 : 48;
    [40393..40399] : 00;
    40400 : 08;
    [40401..40420] : 14;
    40421 : 10;
    [40422..40423] : 04;
    [40424..40426] : 00;
    40427 : 08;
    [40428..40447] : 14;
    40448 : 10;
    [40449..40450] : 04;
    40451 : 00;
    40452 : 0C;
    [40453..40458] : 14;
    40459 : 18;
    [40460..40464] : 14;
    40465 : 10;
    40466 : 08;
    [40467..40468] : 00;
    [40469..40470] : 0C;
    [40471..40475] : 14;
    [40476..40478] : 18;
    [40479..40483] : 14;
    40484 : 08;
    40485 : 00;
    40486 : 04;
    [40487..40494] : 14;
    [40495..40497] : 18;
    [40498..40506] : 14;
    40507 : 10;
    40508 : 0C;
    [40509..40510] : 04;
    40511 : 00;
    40512 : 0C;
    [40513..40514] : 14;
    40515 : 18;
    [40516..40524] : 14;
    [40525..40528] : 10;
    [40529..40567] : 14;
    40568 : 0C;
    [40569..40573] : 00;
    40574 : 04;
    [40575..40587] : 14;
    40588 : 10;
    [40589..40590] : 04;
    [40591..40598] : 00;
    40599 : 10;
    [40600..40620] : 14;
    [40621..40643] : 00;
    40644 : 10;
    [40645..40658] : 14;
    40659 : 08;
    [40660..40667] : 00;
    40668 : 04;
    [40669..40670] : 10;
    [40671..40690] : 14;
    40691 : 08;
    [40692..40695] : 00;
    [40696..40697] : 08;
    [40698..40718] : 14;
    40719 : 04;
    [40720..40735] : 00;
    [40736..40737] : 10;
    [40738..40746] : 14;
    40747 : 0C;
    [40748..40750] : 00;
    40751 : 10;
    [40752..40760] : 14;
    [40761..40764] : 10;
    [40765..40766] : 00;
    40767 : 08;
    [40768..40787] : 14;
    40788 : 10;
    [40789..40791] : 04;
    40792 : 10;
    [40793..40805] : 14;
    40806 : 08;
    [40807..40808] : 00;
    [40809..40812] : 10;
    [40813..40820] : 14;
    [40821..40823] : 10;
    40824 : 08;
    [40825..40828] : 00;
    [40829..40830] : 20;
    40831 : 60;
    40832 : 80;
    40833 : C0;
    [40834..40853] : E0;
    [40854..40858] : C0;
    [40859..40864] : A0;
    40865 : 60;
    [40866..40867] : 40;
    [40868..40873] : 00;
    40874 : 6C;
    40875 : F8;
    [40876..40877] : F4;
    40878 : D0;
    40879 : 20;
    40880 : 24;
    [40881..40883] : 00;
    40884 : 8C;
    [40885..40886] : F8;
    40887 : AC;
    [40888..40910] : 00;
    40911 : 68;
    40912 : D8;
    40913 : F8;
    40914 : FC;
    40915 : FD;
    [40916..40917] : FE;
    40918 : FD;
    40919 : FC;
    [40920..40925] : F8;
    [40926..40928] : F4;
    [40929..40930] : 8C;
    [40931..40943] : 00;
    40944 : 64;
    40945 : A8;
    40946 : F0;
    [40947..40948] : F8;
    [40949..40950] : D4;
    40951 : 68;
    40952 : 44;
    [40953..40960] : 00;
    [40961..40981] : 04;
    [40982..40987] : 00;
    [40988..41008] : 04;
    [41009..41011] : 00;
    [41012..41025] : 04;
    [41026..41030] : 00;
    [41031..41043] : 04;
    [41044..41046] : 00;
    [41047..41067] : 04;
    [41068..41072] : 00;
    [41073..41085] : 04;
    41086 : 00;
    [41087..41127] : 04;
    [41128..41134] : 00;
    [41135..41148] : 04;
    [41149..41159] : 00;
    [41160..41180] : 04;
    [41181..41204] : 00;
    [41205..41218] : 04;
    [41219..41228] : 00;
    [41229..41250] : 04;
    [41251..41257] : 00;
    [41258..41278] : 04;
    [41279..41295] : 00;
    [41296..41306] : 04;
    [41307..41310] : 00;
    [41311..41324] : 04;
    [41325..41327] : 00;
    [41328..41348] : 04;
    [41349..41351] : 00;
    [41352..41365] : 04;
    [41366..41368] : 00;
    [41369..41383] : 04;
    [41384..41392] : 00;
    41393 : 60;
    41394 : C0;
    [41395..41400] : E0;
    41401 : C0;
    [41402..41410] : E0;
    [41411..41413] : C0;
    [41414..41423] : A0;
    41424 : 80;
    41425 : 20;
    [41426..41433] : 00;
    41434 : 6C;
    41435 : F8;
    [41436..41437] : F4;
    41438 : D0;
    41439 : 20;
    41440 : 24;
    [41441..41443] : 00;
    41444 : 8C;
    [41445..41446] : F8;
    41447 : AC;
    [41448..41470] : 00;
    41471 : 6C;
    41472 : F8;
    [41473..41474] : FC;
    41475 : FD;
    [41476..41477] : FE;
    41478 : FD;
    [41479..41481] : FC;
    [41482..41485] : F8;
    [41486..41488] : F4;
    [41489..41490] : 8C;
    [41491..41504] : 00;
    41505 : 20;
    41506 : 68;
    [41507..41508] : F4;
    [41509..41510] : 68;
    [41511..41754] : 00;
    41755 : 40;
    [41756..41757] : 80;
    41758 : 20;
    [41759..41952] : 00;
    41953 : 60;
    41954 : C0;
    [41955..41960] : E0;
    41961 : C0;
    [41962..41970] : E0;
    [41971..41973] : C0;
    [41974..41983] : A0;
    41984 : 80;
    41985 : 20;
    [41986..41993] : 00;
    41994 : 6C;
    41995 : F8;
    [41996..41997] : F4;
    41998 : D0;
    41999 : 20;
    42000 : 25;
    [42001..42003] : 00;
    42004 : 8C;
    [42005..42006] : F8;
    42007 : D4;
    [42008..42010] : 8C;
    42011 : B0;
    42012 : 68;
    [42013..42026] : 00;
    [42027..42030] : 44;
    42031 : 68;
    42032 : B0;
    [42033..42034] : AC;
    42035 : 8C;
    [42036..42048] : AC;
    [42049..42050] : 68;
    [42051..42054] : 44;
    42055 : 20;
    [42056..42065] : 00;
    42066 : 44;
    42067 : F4;
    42068 : AC;
    [42069..42191] : 00;
    [42192..42193] : 20;
    [42194..42275] : 00;
    [42276..42277] : 48;
    [42278..42279] : 90;
    42280 : 20;
    [42281..42313] : 00;
    42314 : 40;
    [42315..42317] : A4;
    42318 : 80;
    42319 : 40;
    [42320..42390] : 00;
    [42391..42392] : 24;
    [42393..42512] : 00;
    42513 : 20;
    42514 : 40;
    42515 : 60;
    [42516..42524] : C0;
    [42525..42526] : E0;
    [42527..42532] : C0;
    [42533..42540] : A0;
    42541 : 40;
    [42542..42544] : 20;
    [42545..42548] : 00;
    [42549..42550] : 48;
    42551 : 90;
    42552 : 8C;
    42553 : 90;
    42554 : D4;
    42555 : F8;
    [42556..42557] : F4;
    42558 : D0;
    42559 : 20;
    42560 : 25;
    [42561..42563] : 00;
    42564 : 8C;
    [42565..42566] : F8;
    42567 : D4;
    [42568..42570] : 8C;
    42571 : B0;
    42572 : 68;
    [42573..42586] : 00;
    [42587..42590] : 44;
    42591 : 68;
    42592 : B0;
    [42593..42594] : AC;
    42595 : 8C;
    [42596..42608] : AC;
    [42609..42610] : 68;
    [42611..42614] : 44;
    42615 : 20;
    [42616..42625] : 00;
    42626 : 44;
    42627 : F4;
    42628 : AC;
    [42629..42751] : 00;
    [42752..42753] : 20;
    [42754..42835] : 00;
    [42836..42837] : 48;
    [42838..42839] : 90;
    42840 : 20;
    [42841..42873] : 00;
    42874 : 40;
    [42875..42877] : A4;
    42878 : 80;
    42879 : 40;
    [42880..42950] : 00;
    [42951..42952] : 24;
    [42953..43072] : 00;
    43073 : 20;
    43074 : 40;
    43075 : 60;
    [43076..43084] : C0;
    [43085..43086] : E0;
    [43087..43092] : C0;
    [43093..43100] : A0;
    43101 : 40;
    [43102..43104] : 20;
    [43105..43108] : 00;
    [43109..43110] : 48;
    43111 : 90;
    43112 : 8C;
    43113 : 90;
    43114 : D4;
    43115 : F8;
    [43116..43117] : F4;
    43118 : D0;
    43119 : 20;
    43120 : 49;
    [43121..43123] : 00;
    43124 : 8C;
    [43125..43131] : F8;
    43132 : 8C;
    [43133..43146] : 00;
    43147 : 64;
    [43148..43151] : 68;
    [43152..43153] : 88;
    43154 : 68;
    [43155..43157] : 64;
    [43158..43170] : 88;
    [43171..43174] : 68;
    43175 : 44;
    [43176..43185] : 00;
    43186 : 20;
    43187 : 8C;
    43188 : 44;
    [43189..43218] : 00;
    43219 : 0D;
    43220 : 08;
    [43221..43310] : 00;
    43311 : 48;
    43312 : D4;
    43313 : 90;
    [43314..43395] : 00;
    [43396..43397] : 90;
    [43398..43399] : FC;
    43400 : 68;
    [43401..43432] : 00;
    43433 : 20;
    43434 : 80;
    43435 : 84;
    [43436..43438] : A4;
    43439 : A0;
    43440 : 20;
    [43441..43508] : 00;
    [43509..43510] : 24;
    43511 : B4;
    43512 : D8;
    43513 : 28;
    [43514..43575] : 00;
    [43576..43577] : 60;
    [43578..43634] : 00;
    43635 : 40;
    [43636..43646] : C0;
    [43647..43660] : A0;
    [43661..43668] : 00;
    [43669..43670] : 8C;
    [43671..43673] : FC;
    43674 : F8;
    [43675..43677] : F4;
    43678 : D0;
    43679 : 20;
    43680 : 24;
    [43681..43683] : 00;
    43684 : 8C;
    [43685..43691] : F8;
    43692 : 8C;
    [43693..43706] : 00;
    [43707..43711] : 64;
    [43712..43730] : 88;
    [43731..43734] : 64;
    43735 : 40;
    [43736..43775] : 00;
    [43776..43777] : 04;
    43778 : 34;
    43779 : 3D;
    43780 : 38;
    43781 : 08;
    [43782..43821] : 00;
    [43822..43823] : 20;
    [43824..43867] : 00;
    43868 : 20;
    [43869..43870] : 6C;
    43871 : F8;
    [43872..43873] : FC;
    43874 : 90;
    43875 : 24;
    [43876..43890] : 00;
    43891 : 04;
    [43892..43895] : 00;
    [43896..43898] : 04;
    [43899..43955] : 00;
    [43956..43957] : 90;
    43958 : FC;
    43959 : F8;
    43960 : 48;
    [43961..43992] : 00;
    43993 : 60;
    43994 : A0;
    [43995..43998] : A4;
    43999 : C0;
    44000 : A0;
    44001 : 40;
    [44002..44067] : 00;
    44068 : 48;
    [44069..44070] : D8;
    [44071..44072] : FC;
    44073 : F8;
    44074 : 24;
    [44075..44133] : 00;
    44134 : 20;
    44135 : 80;
    [44136..44137] : E0;
    44138 : C0;
    44139 : 20;
    [44140..44180] : 00;
    44181 : 2C;
    [44182..44183] : 78;
    44184 : 28;
    [44185..44194] : 00;
    44195 : 20;
    [44196..44198] : A0;
    [44199..44206] : C0;
    [44207..44219] : A0;
    44220 : 80;
    [44221..44228] : 00;
    [44229..44230] : 6C;
    44231 : FC;
    [44232..44237] : F8;
    44238 : B0;
    44239 : 20;
    44240 : 24;
    [44241..44243] : 00;
    44244 : 44;
    [44245..44251] : 6C;
    44252 : 44;
    44253 : 00;
    44254 : 6C;
    44255 : 8C;
    [44256..44257] : 68;
    [44258..44260] : 20;
    [44261..44266] : 00;
    [44267..44270] : 64;
    [44271..44274] : 88;
    [44275..44285] : D0;
    44286 : A8;
    [44287..44291] : 88;
    44292 : 68;
    [44293..44295] : 64;
    [44296..44334] : 00;
    44335 : 04;
    [44336..44337] : 15;
    44338 : 3D;
    [44339..44340] : 39;
    44341 : 10;
    [44342..44343] : 08;
    [44344..44380] : 00;
    44381 : 40;
    [44382..44383] : A0;
    44384 : 60;
    [44385..44426] : 00;
    44427 : 24;
    44428 : 90;
    [44429..44432] : F8;
    [44433..44434] : FC;
    44435 : 94;
    [44436..44439] : 00;
    44440 : 04;
    [44441..44514] : 00;
    44515 : 24;
    [44516..44517] : B4;
    44518 : FC;
    44519 : F8;
    44520 : B0;
    44521 : 88;
    [44522..44523] : 68;
    [44524..44552] : 00;
    44553 : 20;
    44554 : 60;
    44555 : A0;
    [44556..44560] : C0;
    44561 : A0;
    [44562..44563] : 40;
    [44564..44626] : 00;
    44627 : 48;
    44628 : D8;
    [44629..44633] : FC;
    44634 : D4;
    44635 : 24;
    [44636..44692] : 00;
    44693 : 20;
    44694 : A0;
    [44695..44697] : C0;
    44698 : E0;
    44699 : A0;
    44700 : 40;
    [44701..44739] : 00;
    44740 : 4C;
    44741 : 79;
    [44742..44743] : 7D;
    44744 : 54;
    44745 : 0C;
    44746 : 08;
    [44747..44755] : 00;
    [44756..44758] : 40;
    44759 : 60;
    44760 : A0;
    [44761..44765] : C0;
    44766 : A0;
    [44767..44770] : 60;
    44771 : A0;
    44772 : C0;
    [44773..44777] : A0;
    44778 : 60;
    [44779..44780] : 40;
    [44781..44784] : 00;
    44785 : 48;
    [44786..44787] : 6C;
    44788 : 00;
    [44789..44790] : 48;
    [44791..44797] : 6C;
    44798 : 48;
    44799 : 00;
    44800 : 24;
    [44801..44803] : 00;
    44804 : 44;
    [44805..44811] : 6C;
    44812 : 44;
    44813 : 00;
    44814 : 6C;
    44815 : 8C;
    [44816..44817] : 68;
    [44818..44820] : 20;
    [44821..44826] : 00;
    [44827..44830] : 64;
    [44831..44834] : 88;
    [44835..44845] : D0;
    44846 : A8;
    [44847..44851] : 88;
    44852 : 68;
    [44853..44855] : 64;
    [44856..44894] : 00;
    44895 : 04;
    [44896..44897] : 15;
    44898 : 3D;
    [44899..44900] : 39;
    44901 : 10;
    [44902..44903] : 08;
    [44904..44940] : 00;
    44941 : 40;
    [44942..44943] : A0;
    44944 : 60;
    [44945..44986] : 00;
    44987 : 24;
    44988 : 90;
    [44989..44992] : F8;
    [44993..44994] : FC;
    44995 : 94;
    [44996..44999] : 00;
    45000 : 04;
    [45001..45074] : 00;
    45075 : 24;
    [45076..45077] : B4;
    45078 : FC;
    45079 : F8;
    45080 : B0;
    45081 : 88;
    [45082..45083] : 68;
    [45084..45112] : 00;
    45113 : 20;
    45114 : 60;
    45115 : A0;
    [45116..45120] : C0;
    45121 : A0;
    [45122..45123] : 40;
    [45124..45186] : 00;
    45187 : 48;
    45188 : D8;
    [45189..45193] : FC;
    45194 : D4;
    45195 : 24;
    [45196..45252] : 00;
    45253 : 20;
    45254 : A0;
    [45255..45257] : C0;
    45258 : E0;
    45259 : A0;
    45260 : 40;
    [45261..45299] : 00;
    45300 : 4C;
    45301 : 79;
    [45302..45303] : 7D;
    45304 : 54;
    45305 : 0C;
    45306 : 08;
    [45307..45315] : 00;
    [45316..45318] : 40;
    45319 : 60;
    45320 : A0;
    [45321..45325] : C0;
    45326 : A0;
    [45327..45330] : 60;
    45331 : A0;
    45332 : C0;
    [45333..45337] : A0;
    45338 : 60;
    [45339..45340] : 40;
    [45341..45344] : 00;
    45345 : 48;
    [45346..45347] : 6C;
    45348 : 00;
    [45349..45350] : 48;
    [45351..45357] : 6C;
    45358 : 48;
    45359 : 00;
    45360 : 24;
    [45361..45372] : 00;
    45373 : 24;
    [45374..45375] : F8;
    [45376..45377] : D4;
    45378 : 24;
    45379 : 20;
    [45380..45386] : 00;
    45387 : 84;
    [45388..45393] : 88;
    45394 : 84;
    45395 : F8;
    [45396..45404] : FC;
    45405 : F8;
    45406 : AC;
    [45407..45412] : 88;
    [45413..45414] : 68;
    45415 : 64;
    [45416..45454] : 00;
    45455 : 08;
    [45456..45457] : 19;
    [45458..45461] : 39;
    [45462..45463] : 18;
    45464 : 08;
    [45465..45499] : 00;
    45500 : 60;
    45501 : C0;
    [45502..45503] : E0;
    45504 : E4;
    45505 : A0;
    45506 : 20;
    [45507..45545] : 00;
    45546 : 44;
    45547 : B4;
    [45548..45554] : FC;
    45555 : D4;
    [45556..45559] : 00;
    [45560..45561] : 04;
    [45562..45634] : 00;
    45635 : 48;
    [45636..45637] : F8;
    45638 : FC;
    [45639..45641] : F8;
    [45642..45643] : D4;
    [45644..45674] : 00;
    45675 : 60;
    [45676..45677] : A0;
    [45678..45681] : C0;
    [45682..45683] : 80;
    [45684..45744] : 00;
    45745 : 20;
    45746 : B0;
    [45747..45753] : FC;
    45754 : B4;
    45755 : 24;
    [45756..45812] : 00;
    45813 : 60;
    [45814..45815] : E0;
    [45816..45818] : C0;
    45819 : E0;
    45820 : A0;
    45821 : 40;
    [45822..45858] : 00;
    45859 : 4C;
    45860 : 9D;
    45861 : 7D;
    [45862..45863] : 79;
    45864 : 7D;
    45865 : 5D;
    45866 : 34;
    [45867..45878] : 00;
    45879 : 20;
    45880 : 80;
    [45881..45884] : A0;
    45885 : 80;
    45886 : 60;
    [45887..45890] : 00;
    45891 : 20;
    [45892..45894] : 60;
    45895 : 40;
    [45896..45897] : 60;
    45898 : 20;
    [45899..45903] : 00;
    45904 : 24;
    45905 : B4;
    45906 : FC;
    45907 : F8;
    45908 : 24;
    [45909..45919] : 00;
    45920 : 24;
    [45921..45923] : 00;
    45924 : 90;
    [45925..45926] : D8;
    45927 : 6C;
    [45928..45932] : 00;
    45933 : 44;
    45934 : D4;
    45935 : F8;
    [45936..45937] : D4;
    45938 : 24;
    45939 : 20;
    [45940..45946] : 00;
    45947 : 68;
    [45948..45953] : 88;
    45954 : 84;
    45955 : F8;
    [45956..45961] : FC;
    [45962..45963] : F8;
    45964 : FC;
    45965 : F8;
    45966 : AC;
    [45967..45972] : 88;
    [45973..45974] : 64;
    45975 : 44;
    [45976..46015] : 00;
    [46016..46017] : 08;
    [46018..46024] : 39;
    46025 : 11;
    [46026..46058] : 00;
    46059 : 60;
    46060 : E0;
    [46061..46065] : E4;
    46066 : A0;
    46067 : 20;
    [46068..46104] : 00;
    46105 : 68;
    46106 : F8;
    46107 : FC;
    46108 : F8;
    [46109..46113] : FC;
    46114 : D4;
    46115 : 24;
    [46116..46194] : 00;
    46195 : 48;
    [46196..46198] : FC;
    [46199..46201] : F8;
    [46202..46203] : D4;
    [46204..46235] : 00;
    [46236..46237] : 20;
    [46238..46240] : C0;
    46241 : 80;
    [46242..46243] : 20;
    [46244..46303] : 00;
    46304 : 24;
    46305 : B4;
    [46306..46312] : FC;
    46313 : D8;
    46314 : 24;
    [46315..46373] : 00;
    46374 : 80;
    [46375..46381] : C0;
    [46382..46383] : 60;
    [46384..46418] : 00;
    46419 : 70;
    46420 : BD;
    [46421..46423] : 99;
    46424 : 79;
    46425 : 59;
    46426 : 2C;
    [46427..46439] : 00;
    46440 : 40;
    [46441..46444] : 60;
    46445 : 20;
    [46446..46463] : 00;
    46464 : 24;
    46465 : B4;
    46466 : FC;
    46467 : F8;
    46468 : 44;
    [46469..46473] : 00;
    46474 : 24;
    46475 : D8;
    [46476..46477] : D4;
    46478 : B4;
    [46479..46480] : 24;
    [46481..46483] : 00;
    46484 : B4;
    [46485..46486] : FC;
    46487 : D4;
    [46488..46490] : AC;
    46491 : B0;
    [46492..46493] : D4;
    [46494..46495] : F8;
    [46496..46497] : B0;
    46498 : 24;
    [46499..46506] : 00;
    46507 : 64;
    46508 : 68;
    [46509..46511] : 88;
    [46512..46514] : 68;
    [46515..46518] : AC;
    [46519..46521] : 8C;
    [46522..46524] : AC;
    46525 : 8C;
    46526 : 64;
    [46527..46532] : 68;
    [46533..46535] : 64;
    [46536..46577] : 00;
    46578 : 0C;
    [46579..46584] : 39;
    46585 : 3D;
    46586 : 0C;
    [46587..46619] : 00;
    [46620..46621] : 40;
    [46622..46623] : A0;
    [46624..46626] : E4;
    46627 : A4;
    46628 : 88;
    [46629..46630] : 44;
    [46631..46664] : 00;
    46665 : 6C;
    [46666..46667] : FC;
    46668 : F8;
    [46669..46671] : FC;
    46672 : F8;
    46673 : 90;
    46674 : 24;
    [46675..46746] : 00;
    46747 : 48;
    46748 : B4;
    [46749..46753] : B0;
    46754 : B1;
    46755 : D4;
    [46756..46763] : F8;
    [46764..46767] : B0;
    46768 : AC;
    [46769..46770] : 6C;
    [46771..46797] : 00;
    46798 : 40;
    46799 : A0;
    46800 : C0;
    46801 : 20;
    [46802..46864] : 00;
    46865 : 90;
    [46866..46871] : FC;
    46872 : 6C;
    46873 : 24;
    [46874..46934] : 00;
    46935 : 80;
    [46936..46937] : E0;
    [46938..46943] : C0;
    46944 : 40;
    [46945..46978] : 00;
    46979 : 04;
    46980 : 28;
    46981 : B4;
    [46982..46983] : B8;
    46984 : 50;
    46985 : 08;
    [46986..47023] : 00;
    47024 : 24;
    47025 : B0;
    [47026..47027] : F8;
    47028 : D4;
    [47029..47030] : B4;
    47031 : B0;
    47032 : 24;
    47033 : 00;
    47034 : 48;
    47035 : FC;
    [47036..47037] : F8;
    47038 : D8;
    47039 : 48;
    47040 : 24;
    [47041..47043] : 00;
    47044 : B4;
    [47045..47046] : FC;
    47047 : D4;
    [47048..47050] : AC;
    47051 : B0;
    [47052..47053] : D4;
    [47054..47055] : F8;
    [47056..47057] : B0;
    47058 : 24;
    [47059..47066] : 00;
    47067 : 64;
    47068 : 68;
    [47069..47071] : 88;
    [47072..47074] : 68;
    [47075..47078] : AC;
    [47079..47081] : 8C;
    [47082..47084] : AC;
    47085 : 8C;
    47086 : 64;
    [47087..47092] : 68;
    [47093..47095] : 64;
    [47096..47137] : 00;
    47138 : 0C;
    [47139..47144] : 39;
    47145 : 3D;
    47146 : 0C;
    [47147..47179] : 00;
    [47180..47181] : 40;
    [47182..47183] : A0;
    [47184..47186] : E4;
    47187 : A4;
    47188 : 88;
    [47189..47190] : 44;
    [47191..47224] : 00;
    47225 : 6C;
    [47226..47227] : FC;
    47228 : F8;
    [47229..47231] : FC;
    47232 : F8;
    47233 : 90;
    47234 : 24;
    [47235..47306] : 00;
    47307 : 48;
    47308 : B4;
    [47309..47313] : B0;
    47314 : B1;
    47315 : D4;
    [47316..47323] : F8;
    [47324..47327] : B0;
    47328 : AC;
    [47329..47330] : 6C;
    [47331..47357] : 00;
    47358 : 40;
    47359 : A0;
    47360 : C0;
    47361 : 20;
    [47362..47424] : 00;
    47425 : 90;
    [47426..47431] : FC;
    47432 : 6C;
    47433 : 24;
    [47434..47494] : 00;
    47495 : 80;
    [47496..47497] : E0;
    [47498..47503] : C0;
    47504 : 40;
    [47505..47538] : 00;
    47539 : 04;
    47540 : 28;
    47541 : B4;
    [47542..47543] : B8;
    47544 : 50;
    47545 : 08;
    [47546..47583] : 00;
    47584 : 24;
    47585 : B0;
    [47586..47587] : F8;
    47588 : D4;
    [47589..47590] : B4;
    47591 : B0;
    47592 : 24;
    47593 : 00;
    47594 : 48;
    47595 : FC;
    [47596..47597] : F8;
    47598 : D8;
    47599 : 48;
    47600 : 24;
    [47601..47603] : 00;
    47604 : B4;
    [47605..47606] : FC;
    47607 : F8;
    47608 : F0;
    [47609..47610] : F4;
    [47611..47612] : FC;
    [47613..47614] : F8;
    47615 : B0;
    [47616..47617] : 44;
    [47618..47626] : 00;
    47627 : 64;
    [47628..47630] : 68;
    [47631..47653] : 64;
    47654 : 68;
    47655 : 64;
    [47656..47657] : 20;
    [47658..47698] : 00;
    47699 : 04;
    [47700..47704] : 39;
    47705 : 35;
    47706 : 04;
    [47707..47741] : 00;
    [47742..47743] : 60;
    [47744..47745] : E4;
    47746 : E8;
    47747 : F0;
    47748 : AC;
    [47749..47750] : 24;
    [47751..47785] : 00;
    47786 : 6C;
    47787 : D8;
    [47788..47790] : FC;
    47791 : 90;
    47792 : 48;
    [47793..47866] : 00;
    47867 : 48;
    47868 : D8;
    [47869..47872] : F8;
    [47873..47874] : FD;
    47875 : FC;
    [47876..47886] : F8;
    [47887..47888] : F4;
    [47889..47890] : 8C;
    [47891..47918] : 00;
    [47919..47920] : 20;
    [47921..47985] : 00;
    47986 : 90;
    [47987..47988] : FC;
    [47989..47990] : F8;
    47991 : 6C;
    [47992..48055] : 00;
    [48056..48057] : 80;
    48058 : E0;
    [48059..48060] : C0;
    48061 : E0;
    [48062..48063] : 60;
    [48064..48100] : 00;
    48101 : 6C;
    [48102..48103] : B8;
    48104 : 28;
    [48105..48143] : 00;
    48144 : 20;
    48145 : 8C;
    [48146..48147] : F4;
    48148 : F8;
    [48149..48150] : FC;
    48151 : F8;
    48152 : 88;
    48153 : 64;
    48154 : B0;
    [48155..48157] : FC;
    48158 : D8;
    48159 : 48;
    48160 : 24;
    [48161..48163] : 00;
    48164 : B4;
    [48165..48166] : FC;
    48167 : F8;
    48168 : F0;
    [48169..48170] : F4;
    [48171..48174] : F8;
    48175 : 68;
    [48176..48177] : 00;
    [48178..48180] : 48;
    [48181..48186] : 00;
    48187 : 64;
    [48188..48190] : 88;
    48191 : 68;
    [48192..48198] : 64;
    [48199..48200] : 68;
    [48201..48205] : 64;
    [48206..48212] : 68;
    [48213..48214] : 88;
    48215 : 64;
    [48216..48259] : 00;
    48260 : 0C;
    [48261..48263] : 39;
    48264 : 19;
    48265 : 08;
    [48266..48303] : 00;
    48304 : 80;
    48305 : E4;
    48306 : EC;
    48307 : F4;
    48308 : 44;
    [48309..48346] : 00;
    48347 : 6C;
    48348 : FC;
    [48349..48350] : B4;
    [48351..48427] : 00;
    48428 : 44;
    [48429..48430] : F4;
    48431 : F8;
    48432 : FC;
    [48433..48434] : FD;
    48435 : FC;
    [48436..48446] : F8;
    [48447..48448] : F4;
    [48449..48546] : 00;
    48547 : 90;
    48548 : F8;
    [48549..48550] : 90;
    [48551..48617] : 00;
    48618 : 60;
    [48619..48620] : E0;
    48621 : A0;
    [48622..48661] : 00;
    [48662..48663] : 48;
    48664 : 24;
    [48665..48700] : 00;
    48701 : 44;
    [48702..48704] : 48;
    48705 : 44;
    48706 : 68;
    48707 : F8;
    48708 : FC;
    [48709..48711] : F8;
    [48712..48713] : F4;
    48714 : F8;
    [48715..48717] : FC;
    48718 : D8;
    48719 : 48;
    [48720..48723] : 00;
    48724 : B4;
    [48725..48726] : FC;
    [48727..48732] : F8;
    48733 : B0;
    48734 : 48;
    48735 : 20;
    [48736..48737] : 00;
    48738 : B4;
    [48739..48740] : FC;
    48741 : 24;
    [48742..48747] : 00;
    [48748..48751] : 20;
    [48752..48770] : 00;
    [48771..48775] : 20;
    [48776..48820] : 00;
    48821 : 0C;
    [48822..48823] : 14;
    48824 : 08;
    [48825..48864] : 00;
    48865 : 40;
    48866 : AC;
    48867 : 48;
    [48868..48907] : 00;
    48908 : 24;
    [48909..48988] : 00;
    [48989..48991] : 68;
    48992 : 8C;
    [48993..48995] : FC;
    [48996..49004] : F8;
    49005 : F4;
    49006 : D0;
    49007 : 48;
    49008 : 44;
    [49009..49107] : 00;
    49108 : 48;
    [49109..49178] : 00;
    49179 : 80;
    49180 : A0;
    49181 : 20;
    [49182..49260] : 00;
    49261 : D4;
    [49262..49263] : F8;
    49264 : D4;
    49265 : 44;
    49266 : 20;
    49267 : 48;
    49268 : 68;
    [49269..49274] : F8;
    [49275..49277] : FC;
    49278 : D8;
    49279 : 48;
    [49280..49283] : 00;
    49284 : B4;
    [49285..49286] : FC;
    [49287..49292] : F8;
    49293 : B0;
    49294 : 48;
    49295 : 20;
    [49296..49297] : 00;
    49298 : B4;
    [49299..49300] : FC;
    49301 : 24;
    [49302..49307] : 00;
    [49308..49311] : 20;
    [49312..49330] : 00;
    [49331..49335] : 20;
    [49336..49380] : 00;
    49381 : 0C;
    [49382..49383] : 14;
    49384 : 08;
    [49385..49424] : 00;
    49425 : 40;
    49426 : AC;
    49427 : 48;
    [49428..49467] : 00;
    49468 : 24;
    [49469..49548] : 00;
    [49549..49551] : 68;
    49552 : 8C;
    [49553..49555] : FC;
    [49556..49564] : F8;
    49565 : F4;
    49566 : D0;
    49567 : 48;
    49568 : 44;
    [49569..49667] : 00;
    49668 : 48;
    [49669..49738] : 00;
    49739 : 80;
    49740 : A0;
    49741 : 20;
    [49742..49820] : 00;
    49821 : D4;
    [49822..49823] : F8;
    49824 : D4;
    49825 : 44;
    49826 : 20;
    49827 : 48;
    49828 : 68;
    [49829..49834] : F8;
    [49835..49837] : FC;
    49838 : D8;
    49839 : 48;
    [49840..49843] : 00;
    49844 : B4;
    [49845..49846] : FC;
    [49847..49850] : F8;
    [49851..49852] : F4;
    49853 : AC;
    [49854..49857] : 00;
    49858 : B4;
    49859 : F8;
    49860 : FC;
    49861 : 24;
    [49862..49941] : 00;
    [49942..49943] : 04;
    [49944..50111] : 00;
    50112 : 48;
    50113 : FC;
    [50114..50124] : F8;
    50125 : CC;
    50126 : 64;
    [50127..50299] : 00;
    50300 : 20;
    [50301..50380] : 00;
    50381 : F4;
    [50382..50383] : F8;
    50384 : D4;
    50385 : 44;
    [50386..50388] : 00;
    [50389..50390] : F4;
    [50391..50394] : F8;
    [50395..50397] : FC;
    50398 : D8;
    50399 : 48;
END;
