WIDTH=8;
DEPTH=50400;

ADDRESS_RADIX=UNS;
DATA_RADIX=HEX;

CONTENT BEGIN
	[0..1686] : 00;
	1687 : 40;
	[1688..1744] : 60;
	[1745..1746] : 64;
	1747 : 60;
	[1748..1750] : 40;
	1751 : 20;
	[1752..1757] : 00;
	[1758..1791] : 60;
	[1792..1793] : 64;
	1794 : 40;
	[1795..1803] : 00;
	1804 : 20;
	[1805..1910] : 60;
	1911 : 64;
	1912 : 20;
	1913 : 00;
	1914 : 40;
	[1915..1926] : 60;
	1927 : 40;
	1928 : 20;
	[1929..1933] : 00;
	[1934..1935] : 40;
	[1936..1966] : 60;
	1967 : 40;
	[1968..1971] : 00;
	1972 : 44;
	[1973..1974] : 64;
	[1975..2126] : 60;
	[2127..2128] : 40;
	[2129..2133] : 60;
	[2134..2135] : 40;
	[2136..2138] : 60;
	[2139..2140] : 20;
	[2141..2152] : 00;
	[2153..2166] : 60;
	[2167..2172] : 20;
	2173 : 40;
	[2174..2177] : 64;
	2178 : 60;
	[2179..2180] : 64;
	[2181..2206] : 60;
	[2207..2233] : 40;
	2234 : 20;
	[2235..2245] : 00;
	2246 : A0;
	[2247..2303] : C4;
	2304 : E4;
	[2305..2306] : E8;
	2307 : C4;
	[2308..2310] : A0;
	2311 : 80;
	[2312..2314] : 20;
	2315 : 00;
	[2316..2317] : 40;
	2318 : E4;
	2319 : C4;
	[2320..2338] : E4;
	[2339..2351] : C4;
	[2352..2353] : E8;
	2354 : A4;
	2355 : 20;
	[2356..2363] : 00;
	2364 : 60;
	2365 : C8;
	2366 : C4;
	[2367..2368] : E4;
	[2369..2372] : C4;
	[2373..2377] : E4;
	[2378..2381] : C4;
	[2382..2399] : E4;
	[2400..2404] : C4;
	[2405..2452] : E4;
	[2453..2458] : C4;
	[2459..2464] : E4;
	[2465..2468] : C4;
	[2469..2470] : E4;
	2471 : ED;
	2472 : 84;
	2473 : 40;
	2474 : A0;
	2475 : C4;
	[2476..2477] : E4;
	[2478..2486] : C4;
	2487 : C0;
	2488 : 60;
	[2489..2492] : 20;
	2493 : 40;
	2494 : A0;
	2495 : A4;
	[2496..2526] : C4;
	2527 : C0;
	2528 : 20;
	[2529..2530] : 00;
	2531 : 20;
	2532 : A8;
	[2533..2534] : E8;
	[2535..2538] : E4;
	[2539..2543] : C4;
	[2544..2545] : E4;
	[2546..2551] : C4;
	[2552..2557] : E4;
	[2558..2559] : C4;
	[2560..2570] : E4;
	[2571..2579] : C4;
	2580 : E4;
	[2581..2584] : C4;
	[2585..2595] : E4;
	[2596..2600] : C4;
	[2601..2641] : E4;
	[2642..2644] : C4;
	[2645..2651] : E4;
	[2652..2686] : C4;
	[2687..2688] : A0;
	[2689..2690] : C0;
	2691 : E4;
	[2692..2693] : C4;
	[2694..2695] : A0;
	[2696..2698] : C4;
	2699 : 40;
	2700 : 60;
	2701 : 40;
	[2702..2712] : 00;
	2713 : C4;
	[2714..2723] : E4;
	[2724..2726] : C4;
	[2727..2728] : 60;
	[2729..2730] : 80;
	[2731..2732] : 60;
	2733 : A0;
	[2734..2737] : E8;
	2738 : E4;
	2739 : E8;
	[2740..2750] : E4;
	[2751..2766] : C4;
	2767 : A4;
	2768 : C0;
	[2769..2794] : C4;
	2795 : 80;
	[2796..2803] : 00;
	2804 : 20;
	2805 : A0;
	2806 : 60;
	[2807..2831] : 40;
	2832 : 60;
	2833 : A0;
	2834 : 80;
	[2835..2841] : 40;
	[2842..2843] : 80;
	[2844..2846] : A0;
	[2847..2859] : C0;
	[2860..2863] : A0;
	[2864..2867] : C0;
	[2868..2870] : A0;
	2871 : 80;
	2872 : 60;
	2873 : 20;
	2874 : 40;
	[2875..2877] : 80;
	2878 : C4;
	[2879..2901] : C0;
	[2902..2904] : A0;
	[2905..2907] : C0;
	[2908..2911] : A0;
	[2912..2913] : C0;
	2914 : A0;
	2915 : 60;
	[2916..2917] : 40;
	[2918..2920] : 00;
	2921 : 20;
	[2922..2923] : 60;
	2924 : 80;
	2925 : C4;
	[2926..3030] : C0;
	3031 : C4;
	3032 : A0;
	[3033..3034] : 60;
	3035 : 80;
	[3036..3046] : C0;
	3047 : A0;
	3048 : 80;
	[3049..3050] : 40;
	3051 : 00;
	3052 : 60;
	3053 : 80;
	[3054..3059] : A0;
	[3060..3075] : C0;
	[3076..3078] : A0;
	[3079..3084] : C0;
	[3085..3087] : A0;
	3088 : 60;
	[3089..3090] : 00;
	3091 : 20;
	3092 : A4;
	[3093..3094] : E4;
	[3095..3098] : C0;
	[3099..3101] : A0;
	[3102..3104] : 80;
	[3105..3106] : A0;
	[3107..3243] : C0;
	[3244..3247] : A0;
	3248 : 80;
	[3249..3258] : A0;
	[3259..3263] : 80;
	3264 : 60;
	3265 : 20;
	[3266..3267] : 00;
	3268 : 20;
	[3269..3270] : 60;
	[3271..3272] : 80;
	[3273..3286] : C0;
	[3287..3293] : A0;
	[3294..3295] : C0;
	[3296..3298] : A0;
	[3299..3301] : C0;
	[3302..3305] : A0;
	[3306..3315] : C0;
	[3316..3317] : A0;
	3318 : 60;
	[3319..3326] : 40;
	3327 : 80;
	3328 : A0;
	[3329..3330] : 60;
	[3331..3355] : 40;
	[3356..3357] : 80;
	[3358..5046] : 00;
	5047 : 40;
	[5048..5104] : 60;
	[5105..5106] : 64;
	5107 : 60;
	[5108..5110] : 40;
	5111 : 20;
	[5112..5117] : 00;
	[5118..5151] : 60;
	[5152..5153] : 64;
	5154 : 40;
	[5155..5163] : 00;
	5164 : 20;
	[5165..5270] : 60;
	5271 : 64;
	5272 : 20;
	5273 : 00;
	5274 : 40;
	[5275..5286] : 60;
	5287 : 40;
	5288 : 20;
	[5289..5293] : 00;
	[5294..5295] : 40;
	[5296..5326] : 60;
	5327 : 40;
	[5328..5331] : 00;
	5332 : 44;
	[5333..5334] : 64;
	[5335..5486] : 60;
	[5487..5488] : 40;
	[5489..5493] : 60;
	[5494..5495] : 40;
	[5496..5498] : 60;
	[5499..5500] : 20;
	[5501..5512] : 00;
	[5513..5526] : 60;
	[5527..5532] : 20;
	5533 : 40;
	[5534..5537] : 64;
	5538 : 60;
	[5539..5540] : 64;
	[5541..5566] : 60;
	[5567..5593] : 40;
	5594 : 20;
	[5595..5605] : 00;
	5606 : A0;
	[5607..5663] : C4;
	5664 : E4;
	[5665..5666] : E8;
	5667 : C4;
	[5668..5670] : A0;
	5671 : 80;
	[5672..5674] : 20;
	5675 : 00;
	[5676..5677] : 40;
	5678 : E4;
	5679 : C4;
	[5680..5698] : E4;
	[5699..5711] : C4;
	[5712..5713] : E8;
	5714 : A4;
	5715 : 20;
	[5716..5723] : 00;
	5724 : 60;
	5725 : C8;
	5726 : C4;
	[5727..5728] : E4;
	[5729..5732] : C4;
	[5733..5737] : E4;
	[5738..5741] : C4;
	[5742..5759] : E4;
	[5760..5764] : C4;
	[5765..5812] : E4;
	[5813..5818] : C4;
	[5819..5824] : E4;
	[5825..5828] : C4;
	[5829..5830] : E4;
	5831 : ED;
	5832 : 84;
	5833 : 40;
	5834 : A0;
	5835 : C4;
	[5836..5837] : E4;
	[5838..5846] : C4;
	5847 : C0;
	5848 : 60;
	[5849..5852] : 20;
	5853 : 40;
	5854 : A0;
	5855 : A4;
	[5856..5886] : C4;
	5887 : C0;
	5888 : 20;
	[5889..5890] : 00;
	5891 : 20;
	5892 : A8;
	[5893..5894] : E8;
	[5895..5898] : E4;
	[5899..5903] : C4;
	[5904..5905] : E4;
	[5906..5911] : C4;
	[5912..5917] : E4;
	[5918..5919] : C4;
	[5920..5930] : E4;
	[5931..5939] : C4;
	5940 : E4;
	[5941..5944] : C4;
	[5945..5955] : E4;
	[5956..5960] : C4;
	[5961..6001] : E4;
	[6002..6004] : C4;
	[6005..6011] : E4;
	[6012..6046] : C4;
	[6047..6048] : A0;
	[6049..6050] : C0;
	6051 : E4;
	[6052..6053] : C4;
	[6054..6055] : A0;
	[6056..6058] : C4;
	6059 : 40;
	6060 : 60;
	6061 : 40;
	[6062..6072] : 00;
	6073 : C4;
	[6074..6083] : E4;
	[6084..6086] : C4;
	[6087..6088] : 60;
	[6089..6090] : 80;
	[6091..6092] : 60;
	6093 : A0;
	[6094..6097] : E8;
	6098 : E4;
	6099 : E8;
	[6100..6110] : E4;
	[6111..6126] : C4;
	6127 : A4;
	6128 : C0;
	[6129..6154] : C4;
	6155 : 80;
	[6156..6163] : 00;
	6164 : 20;
	6165 : A0;
	6166 : 60;
	[6167..6191] : 40;
	6192 : 60;
	6193 : A0;
	6194 : 80;
	[6195..6201] : 40;
	[6202..6203] : 80;
	[6204..6206] : A0;
	[6207..6219] : C0;
	[6220..6223] : A0;
	[6224..6227] : C0;
	[6228..6230] : A0;
	6231 : 80;
	6232 : 60;
	6233 : 20;
	6234 : 40;
	[6235..6237] : 80;
	6238 : C4;
	[6239..6261] : C0;
	[6262..6264] : A0;
	[6265..6267] : C0;
	[6268..6271] : A0;
	[6272..6273] : C0;
	6274 : A0;
	6275 : 60;
	[6276..6277] : 40;
	[6278..6280] : 00;
	6281 : 20;
	[6282..6283] : 60;
	6284 : 80;
	6285 : C4;
	[6286..6390] : C0;
	6391 : C4;
	6392 : A0;
	[6393..6394] : 60;
	6395 : 80;
	[6396..6406] : C0;
	6407 : A0;
	6408 : 80;
	[6409..6410] : 40;
	6411 : 00;
	6412 : 60;
	6413 : 80;
	[6414..6419] : A0;
	[6420..6435] : C0;
	[6436..6438] : A0;
	[6439..6444] : C0;
	[6445..6447] : A0;
	6448 : 60;
	[6449..6450] : 00;
	6451 : 20;
	6452 : A4;
	[6453..6454] : E4;
	[6455..6458] : C0;
	[6459..6461] : A0;
	[6462..6464] : 80;
	[6465..6466] : A0;
	[6467..6603] : C0;
	[6604..6607] : A0;
	6608 : 80;
	[6609..6618] : A0;
	[6619..6623] : 80;
	6624 : 60;
	6625 : 20;
	[6626..6627] : 00;
	6628 : 20;
	[6629..6630] : 60;
	[6631..6632] : 80;
	[6633..6646] : C0;
	[6647..6653] : A0;
	[6654..6655] : C0;
	[6656..6658] : A0;
	[6659..6661] : C0;
	[6662..6665] : A0;
	[6666..6675] : C0;
	[6676..6677] : A0;
	6678 : 60;
	[6679..6686] : 40;
	6687 : 80;
	6688 : A0;
	[6689..6690] : 60;
	[6691..6715] : 40;
	[6716..6717] : 80;
	[6718..6723] : 00;
	[6724..6725] : C4;
	[6726..6751] : 00;
	6752 : 20;
	6753 : 80;
	6754 : 60;
	[6755..6760] : 00;
	6761 : 20;
	[6762..6763] : 60;
	6764 : A0;
	[6765..6766] : 80;
	[6767..6779] : A0;
	6780 : 80;
	6781 : 60;
	[6782..6783] : 80;
	[6784..6792] : A0;
	6793 : 20;
	6794 : 40;
	6795 : E4;
	[6796..6800] : A0;
	[6801..6805] : 80;
	[6806..6821] : A0;
	[6822..6824] : 80;
	[6825..6827] : A0;
	[6828..6835] : 80;
	[6836..6837] : 20;
	[6838..6840] : 00;
	6841 : 40;
	[6842..6843] : 80;
	[6844..6852] : A0;
	[6853..6855] : 80;
	[6856..6948] : A0;
	[6949..6951] : 80;
	6952 : A0;
	6953 : 80;
	[6954..6955] : 40;
	[6956..6968] : A0;
	[6969..6970] : 60;
	6971 : 00;
	6972 : 80;
	6973 : C0;
	[6974..6977] : A0;
	[6978..6980] : 80;
	[6981..6994] : A0;
	[6995..6998] : 80;
	[6999..7003] : A0;
	[7004..7005] : 80;
	7006 : A0;
	7007 : 80;
	7008 : A0;
	[7009..7010] : 20;
	7011 : 00;
	7012 : 60;
	7013 : A0;
	7014 : C0;
	7015 : A0;
	[7016..7018] : 80;
	[7019..7020] : 60;
	7021 : 80;
	[7022..7024] : 60;
	7025 : 80;
	[7026..7163] : A0;
	[7164..7166] : 80;
	[7167..7168] : 60;
	[7169..7170] : 80;
	7171 : A0;
	7172 : 80;
	7173 : 60;
	7174 : 80;
	[7175..7181] : A0;
	[7182..7183] : C0;
	7184 : 60;
	7185 : 20;
	[7186..7187] : 00;
	7188 : 40;
	[7189..7190] : C0;
	7191 : C4;
	7192 : C0;
	[7193..7195] : A0;
	[7196..7197] : 80;
	[7198..7206] : A0;
	[7207..7208] : C0;
	[7209..7212] : C4;
	[7213..7217] : A0;
	[7218..7221] : 80;
	[7222..7223] : 60;
	[7224..7225] : 80;
	[7226..7235] : A0;
	[7236..7237] : 80;
	7238 : 20;
	[7239..7246] : 00;
	7247 : 60;
	7248 : 80;
	[7249..7250] : 20;
	[7251..7275] : 00;
	[7276..7278] : C4;
	[7279..7281] : 00;
	[7282..7283] : 60;
	[7284..7285] : C4;
	7286 : 20;
	[7287..7311] : 00;
	7312 : 60;
	7313 : C0;
	7314 : A0;
	[7315..7318] : 00;
	7319 : 80;
	[7320..7324] : A0;
	7325 : 80;
	7326 : 60;
	7327 : 80;
	[7328..7331] : A0;
	[7332..7335] : 80;
	[7336..7339] : A0;
	7340 : 80;
	[7341..7343] : 60;
	[7344..7347] : 80;
	[7348..7350] : A0;
	[7351..7352] : 80;
	7353 : 20;
	7354 : 40;
	7355 : C0;
	[7356..7365] : A0;
	[7366..7393] : 80;
	7394 : 60;
	7395 : 20;
	[7396..7398] : 00;
	7399 : 20;
	7400 : 80;
	7401 : C4;
	[7402..7403] : A0;
	[7404..7405] : 80;
	7406 : A0;
	[7407..7408] : 80;
	[7409..7410] : A0;
	[7411..7415] : 80;
	[7416..7507] : A0;
	[7508..7512] : 80;
	7513 : 60;
	7514 : 40;
	7515 : 60;
	[7516..7517] : 80;
	[7518..7527] : A0;
	7528 : 80;
	[7529..7531] : 40;
	7532 : 80;
	[7533..7568] : A0;
	[7569..7570] : 20;
	[7571..7572] : 00;
	7573 : 60;
	7574 : C0;
	[7575..7577] : A0;
	[7578..7579] : 80;
	[7580..7581] : 60;
	[7582..7583] : 80;
	[7584..7651] : A0;
	[7652..7657] : 80;
	[7658..7701] : A0;
	[7702..7703] : 80;
	[7704..7705] : A0;
	[7706..7719] : 80;
	[7720..7723] : A0;
	7724 : 80;
	7725 : 60;
	[7726..7728] : 80;
	[7729..7730] : A0;
	7731 : 80;
	[7732..7733] : 60;
	7734 : 80;
	[7735..7741] : A0;
	[7742..7743] : 60;
	[7744..7746] : 00;
	7747 : 40;
	[7748..7752] : A0;
	[7753..7754] : 80;
	[7755..7764] : A0;
	[7765..7767] : 80;
	[7768..7771] : A0;
	7772 : A4;
	[7773..7775] : A0;
	[7776..7783] : 80;
	7784 : 60;
	[7785..7788] : 80;
	[7789..7795] : A0;
	[7796..7799] : 80;
	[7800..7801] : A0;
	[7802..7803] : 80;
	[7804..7806] : 00;
	7807 : A0;
	7808 : C0;
	[7809..7810] : 40;
	[7811..7835] : 00;
	[7836..7838] : C4;
	7839 : 60;
	[7840..7841] : 00;
	[7842..7843] : 80;
	[7844..7845] : C4;
	7846 : 20;
	[7847..7853] : 00;
	7854 : 20;
	[7855..7860] : C4;
	7861 : C0;
	[7862..7863] : 40;
	[7864..7871] : 00;
	7872 : 60;
	7873 : C0;
	7874 : A0;
	7875 : 00;
	[7876..7877] : 40;
	7878 : 80;
	[7879..7881] : 60;
	[7882..7905] : 40;
	[7906..7910] : 60;
	7911 : 80;
	7912 : A0;
	7913 : 40;
	7914 : 20;
	7915 : 40;
	[7916..7918] : A0;
	[7919..7921] : 60;
	[7922..7927] : 40;
	[7928..7933] : 60;
	[7934..7946] : 40;
	[7947..7951] : 60;
	7952 : C4;
	7953 : 80;
	[7954..7959] : 00;
	7960 : 60;
	7961 : A0;
	[7962..7963] : 80;
	[7964..7968] : 60;
	[7969..7972] : 40;
	[7973..7984] : 60;
	[7985..7995] : 40;
	[7996..7997] : 60;
	[7998..8035] : 40;
	[8036..8040] : 60;
	[8041..8057] : 40;
	[8058..8060] : 60;
	[8061..8073] : 40;
	8074 : 80;
	8075 : A0;
	[8076..8080] : 60;
	[8081..8087] : 40;
	[8088..8092] : 60;
	8093 : 40;
	8094 : 60;
	[8095..8098] : 80;
	[8099..8101] : A0;
	[8102..8103] : 60;
	[8104..8105] : 00;
	8106 : 20;
	[8107..8112] : A0;
	[8113..8117] : 80;
	[8118..8124] : A0;
	[8125..8130] : 80;
	8131 : 60;
	8132 : 20;
	[8133..8134] : 00;
	8135 : 60;
	[8136..8141] : A0;
	[8142..8143] : 80;
	[8144..8145] : 40;
	[8146..8150] : 60;
	[8151..8152] : 40;
	[8153..8171] : 60;
	[8172..8177] : 40;
	8178 : 60;
	[8179..8204] : 40;
	[8205..8217] : 60;
	[8218..8259] : 40;
	[8260..8261] : 60;
	[8262..8287] : 40;
	8288 : 60;
	[8289..8293] : 40;
	[8294..8298] : 60;
	8299 : C4;
	8300 : C0;
	8301 : 60;
	[8302..8310] : 00;
	8311 : 80;
	8312 : A0;
	[8313..8320] : 60;
	[8321..8333] : 40;
	[8334..8338] : 60;
	[8339..8359] : 40;
	[8360..8363] : 60;
	8364 : 80;
	8365 : 20;
	8366 : 00;
	8367 : A4;
	8368 : C4;
	[8369..8370] : 40;
	[8371..8378] : 00;
	8379 : 40;
	[8380..8385] : C4;
	8386 : A0;
	[8387..8395] : 00;
	[8396..8397] : A4;
	8398 : C4;
	8399 : 60;
	[8400..8401] : 00;
	[8402..8403] : 80;
	[8404..8405] : C4;
	8406 : 20;
	[8407..8413] : 00;
	8414 : 20;
	[8415..8420] : C4;
	8421 : C0;
	[8422..8423] : 40;
	[8424..8431] : 00;
	8432 : 60;
	8433 : C0;
	8434 : A0;
	8435 : 00;
	[8436..8437] : 40;
	8438 : 80;
	[8439..8441] : 60;
	[8442..8465] : 40;
	[8466..8470] : 60;
	8471 : 80;
	8472 : A0;
	8473 : 40;
	8474 : 20;
	8475 : 40;
	[8476..8478] : A0;
	[8479..8481] : 60;
	[8482..8487] : 40;
	[8488..8493] : 60;
	[8494..8506] : 40;
	[8507..8511] : 60;
	8512 : C4;
	8513 : 80;
	[8514..8519] : 00;
	8520 : 60;
	8521 : A0;
	[8522..8523] : 80;
	[8524..8528] : 60;
	[8529..8532] : 40;
	[8533..8544] : 60;
	[8545..8555] : 40;
	[8556..8557] : 60;
	[8558..8595] : 40;
	[8596..8600] : 60;
	[8601..8617] : 40;
	[8618..8620] : 60;
	[8621..8633] : 40;
	8634 : 80;
	8635 : A0;
	[8636..8640] : 60;
	[8641..8647] : 40;
	[8648..8652] : 60;
	8653 : 40;
	8654 : 60;
	[8655..8658] : 80;
	[8659..8661] : A0;
	[8662..8663] : 60;
	[8664..8665] : 00;
	8666 : 20;
	[8667..8672] : A0;
	[8673..8677] : 80;
	[8678..8684] : A0;
	[8685..8690] : 80;
	8691 : 60;
	8692 : 20;
	[8693..8694] : 00;
	8695 : 60;
	[8696..8701] : A0;
	[8702..8703] : 80;
	[8704..8705] : 40;
	[8706..8710] : 60;
	[8711..8712] : 40;
	[8713..8731] : 60;
	[8732..8737] : 40;
	8738 : 60;
	[8739..8764] : 40;
	[8765..8777] : 60;
	[8778..8819] : 40;
	[8820..8821] : 60;
	[8822..8847] : 40;
	8848 : 60;
	[8849..8853] : 40;
	[8854..8858] : 60;
	8859 : C4;
	8860 : C0;
	8861 : 60;
	[8862..8870] : 00;
	8871 : 80;
	8872 : A0;
	[8873..8880] : 60;
	[8881..8893] : 40;
	[8894..8898] : 60;
	[8899..8919] : 40;
	[8920..8923] : 60;
	8924 : 80;
	8925 : 20;
	8926 : 00;
	8927 : A4;
	8928 : C4;
	[8929..8930] : 40;
	[8931..8938] : 00;
	8939 : 40;
	[8940..8945] : C4;
	8946 : A0;
	[8947..8955] : 00;
	[8956..8957] : A4;
	8958 : C4;
	8959 : 60;
	[8960..8961] : 00;
	[8962..8963] : 80;
	[8964..8965] : C4;
	8966 : 20;
	[8967..8972] : 00;
	8973 : 20;
	8974 : 80;
	[8975..8979] : E4;
	[8980..8981] : C4;
	[8982..8983] : A4;
	8984 : 40;
	[8985..8991] : 00;
	8992 : 60;
	8993 : C0;
	8994 : A0;
	8995 : 00;
	[8996..8997] : 40;
	8998 : 80;
	8999 : 60;
	[9000..9001] : 40;
	[9002..9003] : 20;
	[9004..9025] : 00;
	[9026..9032] : 20;
	[9033..9035] : 00;
	[9036..9039] : 20;
	[9040..9046] : 00;
	[9047..9052] : 20;
	[9053..9067] : 00;
	9068 : 20;
	[9069..9070] : 00;
	9071 : 20;
	9072 : 40;
	9073 : 20;
	[9074..9079] : 00;
	[9080..9085] : 20;
	[9086..9087] : 00;
	9088 : 20;
	[9089..9092] : 00;
	[9093..9101] : 20;
	[9102..9115] : 00;
	[9116..9117] : 20;
	[9118..9155] : 00;
	[9156..9161] : 20;
	[9162..9163] : 00;
	9164 : 20;
	[9165..9193] : 00;
	[9194..9195] : 20;
	[9196..9198] : 00;
	9199 : 20;
	[9200..9207] : 00;
	9208 : 20;
	[9209..9210] : 00;
	[9211..9212] : 20;
	[9213..9214] : 00;
	9215 : 40;
	[9216..9217] : 80;
	9218 : 60;
	9219 : 80;
	[9220..9221] : A0;
	[9222..9223] : 40;
	[9224..9225] : 00;
	9226 : 20;
	[9227..9232] : A0;
	9233 : 80;
	[9234..9237] : 60;
	[9238..9244] : A0;
	[9245..9251] : 80;
	9252 : 20;
	[9253..9254] : 00;
	9255 : 60;
	[9256..9257] : A0;
	9258 : 80;
	[9259..9260] : A0;
	9261 : 80;
	[9262..9263] : 40;
	9264 : 20;
	[9265..9271] : 00;
	[9272..9280] : 20;
	[9281..9288] : 00;
	[9289..9291] : 20;
	[9292..9295] : 00;
	[9296..9299] : 20;
	[9300..9327] : 00;
	[9328..9337] : 20;
	[9338..9413] : 00;
	[9414..9418] : 20;
	[9419..9420] : 40;
	[9421..9430] : 00;
	[9431..9434] : 20;
	[9435..9438] : 00;
	9439 : 20;
	[9440..9455] : 00;
	[9456..9459] : 20;
	[9460..9478] : 00;
	9479 : 20;
	9480 : 40;
	[9481..9483] : 60;
	9484 : 40;
	[9485..9486] : 00;
	9487 : A4;
	9488 : C4;
	[9489..9490] : 40;
	[9491..9497] : 00;
	9498 : 60;
	9499 : A4;
	[9500..9505] : E4;
	9506 : C4;
	9507 : 80;
	9508 : 20;
	[9509..9515] : 00;
	[9516..9517] : A4;
	9518 : C4;
	9519 : 60;
	[9520..9521] : 00;
	[9522..9523] : 80;
	[9524..9525] : C4;
	9526 : 20;
	[9527..9531] : 00;
	9532 : 20;
	9533 : A0;
	9534 : E4;
	[9535..9538] : C4;
	[9539..9543] : E4;
	9544 : C4;
	9545 : 60;
	[9546..9551] : 00;
	9552 : 40;
	9553 : C0;
	9554 : A0;
	9555 : 40;
	[9556..9558] : 60;
	9559 : 20;
	9560 : 00;
	9561 : 20;
	[9562..9774] : 00;
	9775 : 20;
	[9776..9778] : 40;
	9779 : 60;
	[9780..9781] : A0;
	[9782..9783] : 60;
	[9784..9786] : 40;
	[9787..9792] : 80;
	9793 : 60;
	[9794..9797] : 20;
	[9798..9806] : 40;
	9807 : 60;
	[9808..9811] : 80;
	[9812..9814] : 40;
	9815 : 60;
	[9816..9819] : 80;
	9820 : 60;
	9821 : 40;
	[9822..9823] : 20;
	[9824..10039] : 00;
	[10040..10043] : 20;
	10044 : 40;
	[10045..10046] : 60;
	10047 : C0;
	10048 : C4;
	[10049..10050] : 40;
	[10051..10055] : 00;
	[10056..10057] : 60;
	10058 : A4;
	10059 : E4;
	[10060..10061] : C4;
	[10062..10064] : E4;
	[10065..10066] : C4;
	10067 : E4;
	10068 : 80;
	[10069..10070] : 40;
	[10071..10075] : 00;
	[10076..10077] : A4;
	10078 : C4;
	10079 : 60;
	[10080..10081] : 00;
	[10082..10083] : 80;
	[10084..10085] : C4;
	10086 : 20;
	[10087..10090] : 00;
	10091 : 20;
	10092 : 80;
	[10093..10099] : E4;
	10100 : C4;
	[10101..10103] : E4;
	[10104..10105] : C4;
	10106 : 40;
	[10107..10111] : 00;
	10112 : 60;
	10113 : C0;
	[10114..10117] : A0;
	10118 : 80;
	[10119..10338] : 00;
	10339 : 60;
	[10340..10344] : 80;
	[10345..10351] : 60;
	10352 : 20;
	[10353..10367] : 00;
	10368 : 60;
	[10369..10374] : 80;
	[10375..10379] : 60;
	10380 : 40;
	[10381..10603] : 00;
	10604 : A4;
	10605 : A0;
	10606 : 80;
	10607 : A0;
	10608 : C0;
	[10609..10610] : 40;
	[10611..10614] : 00;
	10615 : 40;
	[10616..10617] : C4;
	[10618..10620] : E4;
	[10621..10623] : C4;
	[10624..10628] : E4;
	[10629..10630] : A0;
	10631 : 20;
	[10632..10635] : 00;
	[10636..10638] : C4;
	10639 : 60;
	[10640..10641] : 00;
	[10642..10643] : 80;
	[10644..10645] : C4;
	10646 : 20;
	[10647..10648] : 00;
	[10649..10650] : 20;
	10651 : C0;
	10652 : E4;
	10653 : A0;
	[10654..10655] : 60;
	[10656..10657] : 80;
	[10658..10659] : E4;
	10660 : C4;
	10661 : 60;
	[10662..10663] : 40;
	10664 : 60;
	[10665..10666] : C4;
	10667 : 40;
	[10668..10671] : 00;
	10672 : 60;
	10673 : C0;
	[10674..10678] : A0;
	[10679..10898] : 00;
	10899 : 40;
	[10900..10908] : 60;
	[10909..10910] : 40;
	10911 : 20;
	[10912..10927] : 00;
	10928 : 40;
	[10929..10930] : 61;
	[10931..10935] : 60;
	[10936..10937] : 40;
	10938 : 60;
	10939 : 40;
	10940 : 20;
	[10941..11163] : 00;
	11164 : A4;
	11165 : A0;
	11166 : 80;
	11167 : A0;
	11168 : C0;
	[11169..11170] : 40;
	[11171..11174] : 00;
	11175 : C0;
	[11176..11177] : E4;
	11178 : 60;
	[11179..11180] : 40;
	11181 : A4;
	[11182..11184] : E4;
	11185 : 80;
	11186 : 60;
	11187 : 40;
	11188 : A0;
	[11189..11190] : C4;
	11191 : A0;
	[11192..11195] : 00;
	[11196..11197] : A4;
	11198 : C4;
	11199 : 60;
	[11200..11201] : 00;
	[11202..11203] : 80;
	[11204..11205] : C4;
	11206 : 20;
	[11207..11208] : 00;
	[11209..11210] : 20;
	11211 : C0;
	11212 : C4;
	11213 : 40;
	[11214..11215] : 00;
	[11216..11217] : 40;
	11218 : C4;
	11219 : E4;
	11220 : C4;
	[11221..11223] : 00;
	11224 : 40;
	11225 : C4;
	11226 : E4;
	11227 : 40;
	[11228..11231] : 00;
	11232 : 60;
	11233 : C0;
	[11234..11238] : A0;
	[11239..11723] : 00;
	11724 : A4;
	11725 : A0;
	11726 : 80;
	11727 : A0;
	11728 : C0;
	[11729..11730] : 40;
	[11731..11734] : 00;
	[11735..11737] : C4;
	11738 : 40;
	[11739..11740] : 00;
	11741 : 84;
	[11742..11743] : E8;
	11744 : C4;
	11745 : 40;
	[11746..11747] : 00;
	11748 : 60;
	[11749..11750] : C4;
	11751 : A0;
	[11752..11755] : 00;
	[11756..11757] : A4;
	11758 : C4;
	11759 : 60;
	[11760..11761] : 00;
	[11762..11763] : 80;
	[11764..11765] : C4;
	11766 : 20;
	[11767..11768] : 00;
	[11769..11770] : 20;
	11771 : C0;
	11772 : C4;
	11773 : 60;
	[11774..11775] : 00;
	[11776..11777] : 60;
	11778 : C4;
	11779 : E4;
	11780 : C4;
	[11781..11783] : 00;
	11784 : 40;
	11785 : C0;
	11786 : C4;
	11787 : 20;
	[11788..11791] : 00;
	11792 : 60;
	11793 : C0;
	[11794..11798] : A0;
	[11799..12186] : 00;
	12187 : 20;
	[12188..12283] : 00;
	12284 : A4;
	12285 : A0;
	12286 : 80;
	12287 : A0;
	12288 : C0;
	[12289..12290] : 40;
	[12291..12294] : 00;
	[12295..12297] : E4;
	12298 : 40;
	[12299..12300] : 00;
	12301 : A4;
	[12302..12303] : E4;
	12304 : C4;
	12305 : 60;
	[12306..12307] : 00;
	12308 : 80;
	[12309..12310] : C4;
	12311 : A0;
	[12312..12315] : 00;
	[12316..12318] : C4;
	12319 : 60;
	[12320..12321] : 00;
	[12322..12323] : 80;
	[12324..12325] : C4;
	12326 : 20;
	[12327..12330] : 00;
	12331 : A0;
	[12332..12333] : A4;
	[12334..12337] : 80;
	[12338..12339] : 60;
	12340 : 40;
	12341 : 60;
	[12342..12344] : 80;
	12345 : A0;
	12346 : C4;
	12347 : 20;
	[12348..12351] : 00;
	12352 : 40;
	12353 : C0;
	12354 : A0;
	12355 : 80;
	[12356..12358] : A0;
	[12359..12843] : 00;
	12844 : A4;
	12845 : A0;
	12846 : 80;
	12847 : A0;
	12848 : C4;
	[12849..12850] : 40;
	[12851..12854] : 00;
	[12855..12857] : C4;
	12858 : A0;
	[12859..12860] : 80;
	[12861..12864] : 60;
	[12865..12867] : 80;
	[12868..12870] : A4;
	12871 : 80;
	[12872..12875] : 00;
	[12876..12877] : A4;
	12878 : C4;
	12879 : 60;
	[12880..12881] : 00;
	[12882..12883] : 80;
	[12884..12885] : C4;
	[12886..12890] : 00;
	[12891..12892] : 20;
	12893 : 80;
	12894 : E4;
	12895 : C4;
	[12896..12897] : A0;
	[12898..12900] : 60;
	12901 : C4;
	[12902..12903] : E4;
	12904 : A0;
	[12905..12906] : 20;
	[12907..12911] : 00;
	12912 : 40;
	12913 : C0;
	12914 : A0;
	12915 : 80;
	[12916..12918] : A0;
	[12919..12951] : 00;
	[12952..12953] : 20;
	[12954..13403] : 00;
	13404 : A4;
	13405 : C0;
	13406 : A0;
	[13407..13408] : C4;
	[13409..13410] : 40;
	[13411..13414] : 00;
	[13415..13417] : 20;
	13418 : A0;
	[13419..13420] : E4;
	13421 : 80;
	[13422..13423] : 40;
	13424 : 60;
	13425 : A0;
	13426 : C4;
	13427 : E4;
	13428 : 60;
	[13429..13431] : 20;
	[13432..13435] : 00;
	[13436..13437] : A4;
	13438 : C4;
	13439 : 60;
	[13440..13441] : 00;
	[13442..13443] : 80;
	[13444..13445] : C4;
	[13446..13452] : 00;
	13453 : 40;
	13454 : A0;
	13455 : E4;
	[13456..13457] : C4;
	[13458..13459] : C0;
	[13460..13463] : C4;
	13464 : 60;
	[13465..13471] : 00;
	13472 : 60;
	13473 : C4;
	13474 : A0;
	[13475..13478] : 60;
	[13479..13963] : 00;
	[13964..13966] : 60;
	[13967..13968] : C4;
	[13969..13970] : 40;
	[13971..13977] : 00;
	13978 : 40;
	13979 : A0;
	[13980..13981] : E4;
	[13982..13984] : C0;
	13985 : C4;
	13986 : E4;
	13987 : C4;
	13988 : 40;
	[13989..13995] : 00;
	[13996..13997] : A0;
	13998 : C0;
	13999 : 60;
	[14000..14001] : 00;
	[14002..14003] : 80;
	[14004..14005] : C4;
	[14006..14012] : 00;
	14013 : 40;
	14014 : A0;
	14015 : E4;
	[14016..14017] : C4;
	[14018..14019] : C0;
	[14020..14023] : C4;
	14024 : 60;
	[14025..14031] : 00;
	14032 : 60;
	14033 : C4;
	14034 : A0;
	[14035..14038] : 60;
	[14039..14523] : 00;
	[14524..14526] : 60;
	[14527..14528] : C4;
	[14529..14530] : 40;
	[14531..14537] : 00;
	14538 : 40;
	14539 : A0;
	[14540..14541] : E4;
	[14542..14544] : C0;
	14545 : C4;
	14546 : E4;
	14547 : C4;
	14548 : 40;
	[14549..14555] : 00;
	[14556..14557] : A0;
	14558 : C0;
	14559 : 60;
	[14560..14561] : 00;
	[14562..14563] : 60;
	14564 : C4;
	14565 : A4;
	[14566..14572] : 00;
	14573 : 20;
	[14574..14577] : 80;
	[14578..14579] : C4;
	14580 : A4;
	14581 : 84;
	[14582..14583] : C4;
	14584 : 80;
	[14585..14590] : 00;
	14591 : 20;
	14592 : 80;
	[14593..14594] : C4;
	14595 : 40;
	[14596..14678] : 00;
	[14679..14685] : 20;
	[14686..14697] : 00;
	[14698..14708] : 20;
	[14709..14967] : 00;
	[14968..14991] : 20;
	[14992..14997] : 00;
	14998 : 20;
	[14999..15085] : 00;
	15086 : 20;
	[15087..15088] : C4;
	[15089..15090] : 80;
	15091 : 40;
	[15092..15097] : 00;
	15098 : 60;
	15099 : A4;
	15100 : 80;
	15101 : A0;
	[15102..15104] : C4;
	[15105..15106] : 80;
	15107 : C4;
	15108 : 40;
	[15109..15115] : 00;
	[15116..15117] : A0;
	15118 : C0;
	15119 : 60;
	[15120..15121] : 00;
	[15122..15123] : 60;
	15124 : C4;
	15125 : A0;
	[15126..15132] : 00;
	15133 : 40;
	15134 : C0;
	[15135..15137] : 40;
	15138 : C0;
	15139 : E4;
	15140 : C4;
	15141 : 20;
	[15142..15143] : A4;
	15144 : 80;
	[15145..15148] : 00;
	[15149..15150] : 20;
	15151 : A4;
	[15152..15154] : C4;
	15155 : 40;
	[15156..15238] : 00;
	[15239..15245] : 20;
	[15246..15247] : 00;
	15248 : 20;
	[15249..15257] : 00;
	[15258..15270] : 20;
	[15271..15527] : 00;
	[15528..15551] : 20;
	[15552..15557] : 00;
	15558 : 20;
	[15559..15645] : 00;
	15646 : 40;
	[15647..15651] : C4;
	15652 : 40;
	[15653..15657] : 00;
	[15658..15659] : 80;
	15660 : 20;
	15661 : 60;
	[15662..15663] : E0;
	15664 : C0;
	[15665..15666] : 40;
	15667 : C4;
	15668 : 40;
	[15669..15675] : 00;
	[15676..15677] : A0;
	15678 : C0;
	15679 : 60;
	[15680..15681] : 00;
	[15682..15683] : 60;
	[15684..15685] : A0;
	[15686..15693] : 00;
	15694 : 20;
	[15695..15697] : 00;
	[15698..15699] : 20;
	[15700..15701] : 00;
	[15702..15703] : 20;
	[15704..15706] : 00;
	15707 : 20;
	15708 : A0;
	[15709..15710] : A4;
	15711 : C0;
	15712 : 80;
	[15713..15714] : 40;
	[15715..15797] : 00;
	[15798..15807] : 20;
	[15808..15812] : 00;
	[15813..15819] : 20;
	[15820..16101] : 00;
	[16102..16108] : 20;
	[16109..16110] : 00;
	16111 : 20;
	[16112..16117] : 00;
	[16118..16123] : 20;
	[16124..16145] : 00;
	[16146..16147] : 20;
	[16148..16206] : 00;
	[16207..16208] : 40;
	[16209..16210] : 60;
	16211 : A0;
	[16212..16213] : A4;
	16214 : 40;
	[16215..16218] : 00;
	16219 : 20;
	[16220..16221] : 00;
	[16222..16224] : 20;
	[16225..16226] : 00;
	16227 : 20;
	[16228..16235] : 00;
	[16236..16237] : 80;
	16238 : A0;
	16239 : 60;
	[16240..16241] : 00;
	[16242..16243] : 60;
	[16244..16245] : A0;
	[16246..16266] : 00;
	16267 : 20;
	[16268..16270] : C4;
	16271 : A0;
	16272 : 60;
	[16273..16314] : 00;
	16315 : 20;
	[16316..16353] : 00;
	[16354..16379] : 20;
	[16380..16393] : 00;
	16394 : 20;
	[16395..16411] : 40;
	[16412..16415] : 00;
	[16416..16417] : 20;
	[16418..16421] : 40;
	[16422..16426] : 20;
	[16427..16428] : 40;
	[16429..16430] : 20;
	[16431..16445] : 00;
	16446 : 20;
	16447 : 00;
	16448 : 20;
	[16449..16450] : 40;
	[16451..16452] : 20;
	[16453..16454] : 00;
	16455 : 20;
	[16456..16458] : 40;
	16459 : 20;
	[16460..16468] : 00;
	[16469..16470] : 20;
	16471 : 40;
	[16472..16486] : 60;
	16487 : 40;
	16488 : 20;
	[16489..16490] : 00;
	16491 : 20;
	[16492..16541] : 00;
	[16542..16543] : 20;
	[16544..16565] : 40;
	[16566..16571] : 00;
	[16572..16583] : 40;
	[16584..16585] : 60;
	[16586..16588] : 00;
	[16589..16592] : 20;
	[16593..16599] : 00;
	16600 : 20;
	[16601..16604] : 40;
	[16605..16620] : 60;
	[16621..16628] : 40;
	[16629..16631] : 60;
	[16632..16637] : 40;
	[16638..16639] : 20;
	[16640..16653] : 00;
	[16654..16663] : 20;
	16664 : 00;
	16665 : 20;
	[16666..16670] : 00;
	[16671..16683] : 20;
	[16684..16706] : 00;
	16707 : 20;
	[16708..16768] : 00;
	[16769..16770] : 40;
	16771 : A0;
	16772 : E4;
	16773 : C4;
	16774 : A0;
	[16775..16795] : 00;
	[16796..16797] : 80;
	16798 : A0;
	16799 : 60;
	[16800..16801] : 00;
	[16802..16803] : 60;
	[16804..16805] : A0;
	[16806..16807] : 20;
	[16808..16813] : 40;
	[16814..16819] : 60;
	[16820..16826] : 40;
	16827 : 80;
	16828 : C4;
	[16829..16830] : 80;
	16831 : 60;
	16832 : 20;
	[16833..16925] : 00;
	[16926..16941] : 20;
	[16942..16943] : 40;
	16944 : 20;
	[16945..16953] : 00;
	[16954..16970] : 20;
	16971 : 40;
	16972 : 60;
	16973 : 40;
	[16974..16975] : 60;
	[16976..16988] : 20;
	[16989..16998] : 00;
	[16999..17000] : 40;
	17001 : 20;
	[17002..17007] : 00;
	[17008..17012] : 20;
	[17013..17014] : 00;
	[17015..17018] : 20;
	[17019..17020] : 40;
	[17021..17028] : 00;
	[17029..17043] : 40;
	17044 : 60;
	[17045..17046] : 40;
	[17047..17048] : 20;
	[17049..17075] : 00;
	[17076..17077] : 20;
	17078 : 40;
	[17079..17098] : 00;
	17099 : 20;
	17100 : 40;
	17101 : 00;
	[17102..17105] : 20;
	17106 : 40;
	[17107..17108] : 20;
	[17109..17110] : 40;
	[17111..17124] : 20;
	17125 : 40;
	17126 : 60;
	17127 : 20;
	[17128..17131] : 00;
	[17132..17141] : 20;
	[17142..17146] : 40;
	[17147..17148] : 00;
	[17149..17151] : 20;
	[17152..17159] : 00;
	[17160..17163] : 20;
	[17164..17181] : 40;
	[17182..17187] : 20;
	[17188..17192] : 40;
	[17193..17199] : 20;
	[17200..17221] : 00;
	[17222..17223] : 20;
	[17224..17225] : 60;
	[17226..17228] : 00;
	[17229..17233] : 20;
	[17234..17328] : 00;
	[17329..17330] : 20;
	17331 : 60;
	[17332..17333] : 80;
	17334 : C4;
	[17335..17338] : 60;
	17339 : 40;
	17340 : 60;
	[17341..17355] : 40;
	[17356..17357] : 80;
	17358 : A0;
	17359 : 60;
	[17360..17361] : 00;
	[17362..17363] : 40;
	[17364..17365] : A0;
	[17366..17367] : 60;
	[17368..17373] : A0;
	[17374..17377] : C0;
	[17378..17383] : A0;
	[17384..17385] : C0;
	[17386..17388] : C4;
	[17389..17390] : 40;
	17391 : 20;
	[17392..17485] : 00;
	[17486..17494] : 20;
	[17495..17498] : 00;
	17499 : 20;
	[17500..17501] : 60;
	[17502..17503] : 40;
	[17504..17531] : 00;
	17532 : 80;
	17533 : A4;
	[17534..17535] : A0;
	[17536..17557] : 00;
	17558 : 20;
	17559 : A4;
	17560 : A0;
	17561 : 20;
	[17562..17578] : 00;
	17579 : 20;
	17580 : 60;
	17581 : 20;
	[17582..17588] : 00;
	[17589..17590] : 20;
	[17591..17635] : 00;
	[17636..17637] : 20;
	17638 : 60;
	[17639..17658] : 00;
	17659 : 80;
	17660 : A0;
	[17661..17684] : 00;
	17685 : 20;
	17686 : C4;
	17687 : 60;
	[17688..17705] : 00;
	17706 : 60;
	[17707..17781] : 00;
	[17782..17783] : 60;
	17784 : E4;
	17785 : C4;
	17786 : 20;
	[17787..17788] : 00;
	[17789..17790] : 20;
	[17791..17891] : 00;
	17892 : 20;
	17893 : 40;
	17894 : A0;
	[17895..17897] : C4;
	[17898..17904] : C0;
	[17905..17912] : A0;
	17913 : 80;
	17914 : 60;
	17915 : 80;
	[17916..17918] : A0;
	17919 : 40;
	[17920..17921] : 00;
	[17922..17923] : 60;
	17924 : A0;
	17925 : 80;
	[17926..17927] : 40;
	[17928..17930] : 60;
	[17931..17946] : 80;
	17947 : A4;
	17948 : 84;
	[17949..17950] : 20;
	[17951..18013] : 00;
	18014 : 20;
	[18015..18024] : 40;
	18025 : 20;
	[18026..18031] : 00;
	[18032..18043] : 40;
	[18044..18045] : 00;
	[18046..18057] : 20;
	[18058..18059] : 40;
	[18060..18061] : 20;
	[18062..18063] : 44;
	18064 : 6D;
	[18065..18086] : 92;
	18087 : 6E;
	[18088..18091] : 00;
	18092 : 20;
	18093 : 40;
	18094 : 44;
	18095 : 89;
	[18096..18099] : 6D;
	18100 : 6E;
	[18101..18115] : 92;
	[18116..18117] : 6E;
	18118 : 49;
	[18119..18124] : 20;
	[18125..18127] : 00;
	18128 : 6D;
	[18129..18135] : 92;
	[18136..18137] : 24;
	18138 : 00;
	18139 : 20;
	18140 : 60;
	18141 : 20;
	[18142..18146] : 00;
	[18147..18150] : 20;
	[18151..18152] : 00;
	18153 : 6D;
	[18154..18159] : 92;
	18160 : 6E;
	18161 : 24;
	[18162..18166] : 00;
	18167 : 24;
	18168 : 6D;
	[18169..18192] : 92;
	18193 : 6E;
	18194 : 49;
	18195 : 00;
	[18196..18197] : 20;
	18198 : 60;
	[18199..18215] : 00;
	[18216..18218] : 20;
	18219 : 40;
	18220 : 20;
	18221 : 00;
	[18222..18223] : 25;
	18224 : 6E;
	[18225..18241] : 92;
	[18242..18243] : 6E;
	18244 : 24;
	18245 : 00;
	[18246..18247] : 40;
	18248 : 20;
	[18249..18253] : 00;
	18254 : 49;
	[18255..18260] : 92;
	18261 : 6E;
	[18262..18263] : 24;
	[18264..18265] : 00;
	18266 : 40;
	[18267..18271] : 00;
	18272 : 49;
	18273 : 6E;
	[18274..18279] : 92;
	18280 : 49;
	[18281..18286] : 00;
	18287 : 24;
	18288 : 6E;
	[18289..18311] : 92;
	18312 : 6E;
	[18313..18318] : 00;
	18319 : 24;
	18320 : 6E;
	[18321..18341] : 92;
	[18342..18343] : 88;
	18344 : 60;
	18345 : 40;
	[18346..18348] : 20;
	[18349..18359] : 00;
	18360 : 20;
	[18361..18370] : 40;
	[18371..18377] : 00;
	18378 : 20;
	[18379..18387] : 40;
	[18388..18451] : 00;
	18452 : 20;
	18453 : 40;
	[18454..18471] : 80;
	[18472..18473] : 60;
	[18474..18475] : 40;
	[18476..18477] : 80;
	18478 : A0;
	18479 : 40;
	[18480..18481] : 00;
	[18482..18483] : 60;
	18484 : A0;
	18485 : 80;
	[18486..18490] : 00;
	18491 : 20;
	18492 : 60;
	18493 : 40;
	[18494..18573] : 00;
	18574 : 84;
	[18575..18584] : E4;
	18585 : C4;
	[18586..18591] : 00;
	18592 : A4;
	18593 : E8;
	[18594..18603] : E4;
	18604 : 20;
	18605 : 00;
	[18606..18613] : 20;
	18614 : 00;
	18615 : 20;
	[18616..18617] : 80;
	18618 : A0;
	18619 : 60;
	[18620..18621] : 00;
	[18622..18623] : 49;
	18624 : DB;
	[18625..18647] : FF;
	18648 : 25;
	[18649..18653] : 00;
	18654 : 24;
	[18655..18677] : FF;
	18678 : B6;
	[18679..18680] : 00;
	18681 : 60;
	[18682..18683] : 80;
	18684 : A0;
	18685 : 20;
	[18686..18687] : 00;
	18688 : DB;
	[18689..18695] : FF;
	[18696..18697] : 24;
	[18698..18699] : 00;
	18700 : 60;
	[18701..18703] : 80;
	[18704..18705] : 00;
	18706 : 20;
	[18707..18708] : A0;
	[18709..18710] : 40;
	[18711..18712] : 00;
	18713 : DB;
	[18714..18720] : FF;
	18721 : 49;
	[18722..18726] : 00;
	18727 : 49;
	[18728..18753] : FF;
	18754 : 6D;
	18755 : 00;
	[18756..18757] : 20;
	18758 : A0;
	[18759..18774] : 00;
	18775 : 60;
	[18776..18778] : 80;
	18779 : 20;
	[18780..18781] : 00;
	[18782..18783] : B6;
	[18784..18803] : FF;
	18804 : 6D;
	[18805..18806] : 00;
	18807 : 40;
	18808 : A0;
	[18809..18812] : 00;
	18813 : 24;
	18814 : B6;
	[18815..18821] : FF;
	[18822..18823] : 49;
	[18824..18831] : 00;
	18832 : 91;
	[18833..18839] : FF;
	18840 : B6;
	[18841..18846] : 00;
	18847 : 6D;
	[18848..18872] : FF;
	18873 : 48;
	[18874..18878] : 00;
	18879 : 48;
	[18880..18901] : FF;
	[18902..18903] : 92;
	[18904..18905] : 00;
	18906 : 40;
	18907 : A0;
	18908 : 80;
	[18909..18910] : 20;
	[18911..18912] : 00;
	[18913..18915] : 20;
	[18916..18918] : 00;
	18919 : 40;
	[18920..18924] : C0;
	[18925..18926] : C4;
	[18927..18928] : C0;
	[18929..18930] : C4;
	18931 : 40;
	[18932..18935] : 00;
	[18936..18937] : 20;
	[18938..18947] : E4;
	18948 : 40;
	[18949..19027] : 00;
	19028 : 20;
	[19029..19030] : 60;
	19031 : 40;
	[19032..19035] : 00;
	[19036..19037] : 80;
	19038 : A0;
	19039 : 40;
	[19040..19041] : 00;
	[19042..19043] : 60;
	19044 : A0;
	19045 : 80;
	[19046..19047] : 00;
	19048 : 20;
	[19049..19053] : 40;
	[19054..19132] : 00;
	19133 : 20;
	19134 : 80;
	[19135..19144] : C4;
	19145 : A4;
	[19146..19151] : 00;
	19152 : C4;
	19153 : E4;
	[19154..19163] : C4;
	19164 : 20;
	19165 : 00;
	[19166..19172] : 20;
	[19173..19175] : 00;
	[19176..19179] : 20;
	[19180..19181] : 00;
	[19182..19183] : 49;
	19184 : DB;
	[19185..19207] : FF;
	19208 : 25;
	[19209..19213] : 00;
	19214 : 24;
	[19215..19237] : FF;
	19238 : B6;
	19239 : 24;
	19240 : 00;
	[19241..19244] : 20;
	[19245..19247] : 00;
	19248 : DB;
	[19249..19255] : FF;
	[19256..19257] : 48;
	19258 : 24;
	19259 : 00;
	[19260..19261] : 20;
	[19262..19263] : 40;
	19264 : 20;
	19265 : 00;
	19266 : 20;
	19267 : 40;
	[19268..19270] : 20;
	19271 : 00;
	19272 : 24;
	19273 : DB;
	[19274..19280] : FF;
	19281 : 49;
	[19282..19286] : 00;
	19287 : 49;
	[19288..19313] : FF;
	19314 : 6D;
	19315 : 00;
	[19316..19317] : 20;
	19318 : A0;
	[19319..19334] : 00;
	[19335..19339] : 20;
	19340 : 00;
	19341 : 24;
	[19342..19343] : 92;
	[19344..19363] : FF;
	19364 : 6D;
	19365 : 24;
	19366 : 00;
	[19367..19368] : 20;
	[19369..19372] : 00;
	19373 : 24;
	19374 : B6;
	[19375..19381] : FF;
	[19382..19383] : 49;
	[19384..19391] : 00;
	19392 : 91;
	[19393..19399] : FF;
	19400 : B6;
	[19401..19406] : 00;
	19407 : 6D;
	[19408..19432] : FF;
	19433 : 48;
	[19434..19438] : 00;
	19439 : 48;
	[19440..19461] : FF;
	[19462..19463] : B6;
	19464 : 24;
	19465 : 00;
	[19466..19468] : 20;
	[19469..19474] : 00;
	19475 : 20;
	[19476..19478] : 00;
	19479 : 20;
	[19480..19481] : A0;
	[19482..19484] : C0;
	[19485..19486] : C4;
	[19487..19490] : C0;
	19491 : 60;
	[19492..19495] : 00;
	[19496..19497] : 20;
	[19498..19501] : C4;
	[19502..19507] : E4;
	19508 : 40;
	[19509..19587] : 00;
	19588 : 20;
	[19589..19593] : 40;
	[19594..19595] : 00;
	[19596..19597] : 80;
	19598 : A0;
	19599 : 40;
	[19600..19601] : 00;
	[19602..19603] : 60;
	19604 : A0;
	19605 : 80;
	[19606..19607] : 00;
	19608 : 20;
	[19609..19613] : 40;
	[19614..19692] : 00;
	19693 : 20;
	19694 : 80;
	[19695..19704] : C4;
	19705 : A4;
	[19706..19711] : 00;
	19712 : C4;
	19713 : E4;
	[19714..19723] : C4;
	19724 : 20;
	19725 : 00;
	[19726..19732] : 20;
	[19733..19735] : 00;
	[19736..19739] : 20;
	[19740..19741] : 00;
	[19742..19743] : 49;
	19744 : DB;
	[19745..19767] : FF;
	19768 : 25;
	[19769..19773] : 00;
	19774 : 24;
	[19775..19797] : FF;
	19798 : B6;
	19799 : 24;
	19800 : 00;
	[19801..19804] : 20;
	[19805..19807] : 00;
	19808 : DB;
	[19809..19815] : FF;
	[19816..19817] : 48;
	19818 : 24;
	19819 : 00;
	[19820..19821] : 20;
	[19822..19823] : 40;
	19824 : 20;
	19825 : 00;
	19826 : 20;
	19827 : 40;
	[19828..19830] : 20;
	19831 : 00;
	19832 : 24;
	19833 : DB;
	[19834..19840] : FF;
	19841 : 49;
	[19842..19846] : 00;
	19847 : 49;
	[19848..19873] : FF;
	19874 : 6D;
	19875 : 00;
	[19876..19877] : 20;
	19878 : A0;
	[19879..19894] : 00;
	[19895..19899] : 20;
	19900 : 00;
	19901 : 24;
	[19902..19903] : 92;
	[19904..19923] : FF;
	19924 : 6D;
	19925 : 24;
	19926 : 00;
	[19927..19928] : 20;
	[19929..19932] : 00;
	19933 : 24;
	19934 : B6;
	[19935..19941] : FF;
	[19942..19943] : 49;
	[19944..19951] : 00;
	19952 : 91;
	[19953..19959] : FF;
	19960 : B6;
	[19961..19966] : 00;
	19967 : 6D;
	[19968..19992] : FF;
	19993 : 48;
	[19994..19998] : 00;
	19999 : 48;
	[20000..20021] : FF;
	[20022..20023] : B6;
	20024 : 24;
	20025 : 00;
	[20026..20028] : 20;
	[20029..20034] : 00;
	20035 : 20;
	[20036..20038] : 00;
	20039 : 20;
	[20040..20041] : A0;
	[20042..20044] : C0;
	[20045..20046] : C4;
	[20047..20050] : C0;
	20051 : 60;
	[20052..20055] : 00;
	[20056..20057] : 20;
	[20058..20061] : C4;
	[20062..20067] : E4;
	20068 : 40;
	[20069..20147] : 00;
	20148 : 20;
	[20149..20153] : 40;
	[20154..20155] : 00;
	[20156..20157] : 80;
	20158 : A0;
	20159 : 40;
	[20160..20161] : 00;
	[20162..20163] : 60;
	20164 : A0;
	20165 : 80;
	20166 : 00;
	20167 : 20;
	[20168..20170] : 60;
	20171 : 40;
	20172 : 20;
	[20173..20251] : 00;
	20252 : 80;
	20253 : A0;
	20254 : C0;
	[20255..20258] : C4;
	20259 : E4;
	[20260..20261] : C4;
	[20262..20263] : 60;
	20264 : 40;
	20265 : 20;
	[20266..20268] : 00;
	[20269..20270] : 60;
	20271 : 80;
	20272 : C4;
	20273 : E4;
	[20274..20280] : C4;
	20281 : 60;
	[20282..20283] : 40;
	[20284..20285] : 00;
	[20286..20292] : 20;
	[20293..20298] : 00;
	20299 : 49;
	[20300..20301] : B6;
	[20302..20303] : DB;
	[20304..20327] : FF;
	20328 : 25;
	[20329..20333] : 00;
	20334 : 24;
	[20335..20358] : FF;
	[20359..20360] : B6;
	20361 : 6D;
	[20362..20367] : 00;
	20368 : DB;
	[20369..20375] : FF;
	[20376..20377] : DB;
	[20378..20379] : B6;
	20380 : 49;
	20381 : 00;
	[20382..20383] : 20;
	[20384..20385] : 80;
	20386 : 60;
	[20387..20388] : 00;
	[20389..20390] : 91;
	[20391..20392] : B6;
	[20393..20400] : FF;
	20401 : 49;
	[20402..20406] : 00;
	20407 : 49;
	[20408..20433] : FF;
	20434 : 6D;
	20435 : 00;
	[20436..20437] : 20;
	20438 : A0;
	[20439..20457] : 00;
	20458 : 24;
	20459 : 92;
	[20460..20461] : B6;
	[20462..20483] : FF;
	20484 : DB;
	[20485..20486] : B6;
	20487 : 6D;
	[20488..20492] : 00;
	20493 : 24;
	20494 : B6;
	[20495..20501] : FF;
	[20502..20503] : 49;
	[20504..20511] : 00;
	20512 : 91;
	[20513..20519] : FF;
	20520 : B6;
	[20521..20526] : 00;
	20527 : 6D;
	[20528..20552] : FF;
	20553 : 48;
	[20554..20558] : 00;
	20559 : 48;
	[20560..20583] : FF;
	[20584..20585] : B6;
	20586 : 6D;
	[20587..20588] : 00;
	[20589..20590] : 60;
	20591 : 20;
	[20592..20598] : 00;
	[20599..20600] : 20;
	20601 : 40;
	[20602..20603] : E4;
	[20604..20610] : C4;
	20611 : A4;
	20612 : 80;
	20613 : 20;
	[20614..20617] : 00;
	[20618..20619] : 40;
	20620 : A4;
	[20621..20627] : E4;
	[20628..20630] : A0;
	20631 : 20;
	[20632..20708] : 00;
	[20709..20711] : 20;
	[20712..20713] : 60;
	20714 : 40;
	20715 : 00;
	[20716..20717] : 80;
	20718 : A0;
	20719 : 60;
	[20720..20721] : 00;
	[20722..20723] : 60;
	20724 : A0;
	20725 : 80;
	20726 : 00;
	20727 : 40;
	[20728..20730] : 80;
	[20731..20811] : 00;
	20812 : C4;
	20813 : E4;
	[20814..20818] : C4;
	[20819..20821] : E4;
	[20822..20823] : 40;
	[20824..20828] : 00;
	[20829..20830] : A0;
	20831 : E4;
	[20832..20838] : C4;
	20839 : E4;
	20840 : C4;
	20841 : 40;
	[20842..20845] : 00;
	[20846..20851] : 20;
	[20852..20858] : 00;
	20859 : 6E;
	[20860..20887] : FF;
	20888 : 25;
	[20889..20893] : 00;
	20894 : 24;
	[20895..20920] : FF;
	20921 : 92;
	[20922..20927] : 00;
	20928 : DB;
	[20929..20939] : FF;
	20940 : 92;
	20941 : 00;
	[20942..20943] : 20;
	[20944..20945] : 60;
	20946 : 40;
	20947 : 00;
	20948 : 24;
	[20949..20950] : B6;
	[20951..20960] : FF;
	20961 : 49;
	[20962..20966] : 00;
	20967 : 49;
	[20968..20993] : FF;
	20994 : 6D;
	20995 : 00;
	[20996..20997] : 20;
	20998 : A0;
	[20999..21017] : 00;
	21018 : 24;
	21019 : DB;
	[21020..21046] : FF;
	21047 : 92;
	[21048..21052] : 00;
	21053 : 24;
	21054 : B6;
	[21055..21061] : FF;
	[21062..21063] : 49;
	[21064..21071] : 00;
	21072 : 91;
	[21073..21079] : FF;
	21080 : B6;
	[21081..21086] : 00;
	21087 : 6D;
	[21088..21112] : FF;
	21113 : 48;
	[21114..21118] : 00;
	21119 : 48;
	[21120..21145] : FF;
	21146 : 92;
	[21147..21148] : 00;
	[21149..21150] : A0;
	21151 : 20;
	[21152..21160] : 00;
	21161 : 20;
	[21162..21163] : E4;
	[21164..21170] : C4;
	[21171..21172] : E4;
	21173 : 60;
	[21174..21179] : 00;
	21180 : 60;
	[21181..21190] : E4;
	21191 : 20;
	[21192..21271] : 00;
	21272 : 60;
	[21273..21274] : 80;
	21275 : 00;
	[21276..21277] : 60;
	21278 : A0;
	21279 : 60;
	[21280..21281] : 00;
	[21282..21283] : 60;
	21284 : A0;
	21285 : 80;
	21286 : 20;
	21287 : 40;
	[21288..21290] : 80;
	21291 : 20;
	[21292..21368] : 00;
	[21369..21371] : 20;
	21372 : C4;
	21373 : E4;
	[21374..21380] : C4;
	21381 : A4;
	[21382..21383] : 20;
	[21384..21386] : 00;
	[21387..21388] : 20;
	[21389..21390] : C0;
	[21391..21394] : E4;
	[21395..21399] : C4;
	21400 : 80;
	21401 : 20;
	[21402..21405] : 00;
	[21406..21408] : 20;
	[21409..21414] : 00;
	21415 : 20;
	[21416..21418] : 00;
	21419 : 6E;
	[21420..21446] : FF;
	21447 : FB;
	21448 : 25;
	[21449..21453] : 00;
	21454 : 24;
	[21455..21480] : FF;
	21481 : 92;
	[21482..21487] : 00;
	21488 : DB;
	[21489..21499] : FF;
	21500 : 92;
	[21501..21503] : 24;
	[21504..21506] : 00;
	21507 : 24;
	21508 : 48;
	[21509..21510] : DB;
	[21511..21520] : FF;
	21521 : 49;
	[21522..21526] : 00;
	21527 : 49;
	[21528..21553] : FF;
	21554 : 69;
	21555 : 00;
	[21556..21557] : 20;
	21558 : A0;
	21559 : 20;
	[21560..21572] : 00;
	21573 : 20;
	21574 : 60;
	21575 : 20;
	[21576..21577] : 00;
	21578 : 24;
	21579 : DA;
	[21580..21606] : FF;
	21607 : 92;
	[21608..21612] : 00;
	21613 : 24;
	21614 : B6;
	[21615..21621] : FF;
	[21622..21623] : 49;
	[21624..21631] : 00;
	21632 : 91;
	[21633..21639] : FF;
	21640 : B6;
	[21641..21646] : 00;
	21647 : 6D;
	[21648..21671] : FF;
	21672 : DB;
	21673 : 24;
	[21674..21678] : 00;
	21679 : 48;
	[21680..21705] : FF;
	21706 : 92;
	[21707..21708] : 00;
	[21709..21710] : A0;
	21711 : 40;
	[21712..21713] : 00;
	[21714..21718] : 20;
	[21719..21721] : 00;
	[21722..21724] : A4;
	[21725..21730] : C4;
	21731 : E4;
	21732 : E8;
	21733 : 80;
	[21734..21735] : 20;
	[21736..21739] : 00;
	21740 : 60;
	[21741..21743] : C4;
	[21744..21750] : E4;
	21751 : 40;
	[21752..21753] : 20;
	[21754..21831] : 00;
	[21832..21834] : 80;
	21835 : 40;
	[21836..21837] : 80;
	21838 : A0;
	21839 : 40;
	[21840..21841] : 00;
	[21842..21843] : 60;
	[21844..21845] : A0;
	[21846..21848] : 80;
	[21849..21850] : A0;
	21851 : 20;
	[21852..21874] : 00;
	21875 : 04;
	[21876..21877] : 2C;
	[21878..21879] : 50;
	21880 : 4C;
	21881 : 50;
	[21882..21883] : 28;
	[21884..21885] : 24;
	[21886..21927] : 00;
	21928 : 40;
	[21929..21931] : E4;
	21932 : C4;
	[21933..21938] : E4;
	21939 : C0;
	[21940..21945] : 00;
	21946 : 20;
	21947 : 80;
	21948 : E4;
	[21949..21952] : C4;
	[21953..21957] : E4;
	21958 : A4;
	[21959..21963] : 00;
	[21964..21968] : 20;
	[21969..21973] : 00;
	21974 : 40;
	21975 : A0;
	[21976..21977] : 20;
	21978 : 00;
	21979 : 6E;
	[21980..21986] : FF;
	21987 : DB;
	[21988..22013] : 00;
	22014 : 24;
	[22015..22021] : FF;
	[22022..22023] : DB;
	22024 : 24;
	[22025..22032] : 00;
	22033 : 6E;
	[22034..22040] : FF;
	22041 : 92;
	[22042..22047] : 00;
	22048 : DB;
	[22049..22061] : FF;
	[22062..22063] : DB;
	22064 : 24;
	22065 : 00;
	22066 : 44;
	[22067..22080] : FF;
	22081 : 49;
	[22082..22086] : 00;
	22087 : 49;
	[22088..22094] : FF;
	22095 : DB;
	[22096..22097] : 49;
	[22098..22115] : 00;
	[22116..22117] : 20;
	22118 : A0;
	22119 : 20;
	[22120..22132] : 00;
	22133 : 60;
	22134 : C0;
	22135 : 40;
	[22136..22137] : 00;
	22138 : 24;
	22139 : DA;
	[22140..22146] : FF;
	22147 : 24;
	[22148..22158] : 00;
	22159 : 6D;
	[22160..22166] : FF;
	22167 : B6;
	22168 : 24;
	[22169..22172] : 00;
	22173 : 24;
	22174 : B6;
	[22175..22181] : FF;
	[22182..22183] : 49;
	[22184..22191] : 00;
	22192 : 91;
	[22193..22199] : FF;
	22200 : B6;
	[22201..22206] : 00;
	22207 : 6D;
	[22208..22214] : FF;
	22215 : 92;
	[22216..22238] : 00;
	22239 : 48;
	[22240..22246] : FF;
	22247 : DB;
	[22248..22257] : 00;
	22258 : 6D;
	[22259..22265] : FF;
	22266 : 92;
	[22267..22268] : 00;
	[22269..22270] : 80;
	22271 : 60;
	[22272..22284] : 00;
	22285 : 80;
	22286 : E4;
	22287 : C4;
	[22288..22291] : E4;
	22292 : C4;
	[22293..22294] : E4;
	22295 : 60;
	[22296..22301] : 00;
	[22302..22303] : A4;
	[22304..22310] : E4;
	22311 : C4;
	22312 : E4;
	22313 : 80;
	[22314..22359] : 00;
	[22360..22363] : 20;
	[22364..22391] : 00;
	[22392..22398] : A0;
	22399 : 40;
	[22400..22401] : 00;
	[22402..22403] : 60;
	[22404..22405] : A0;
	[22406..22407] : 80;
	[22408..22410] : A0;
	22411 : 20;
	[22412..22434] : 00;
	22435 : 04;
	[22436..22438] : 2C;
	22439 : 4C;
	[22440..22441] : 50;
	[22442..22443] : 70;
	22444 : 94;
	22445 : 70;
	22446 : 24;
	[22447..22487] : 00;
	22488 : 40;
	[22489..22498] : E4;
	22499 : C0;
	[22500..22505] : 00;
	22506 : 20;
	22507 : A0;
	22508 : E4;
	[22509..22511] : C4;
	[22512..22517] : E4;
	22518 : A4;
	[22519..22521] : 00;
	[22522..22528] : 20;
	[22529..22533] : 00;
	22534 : 40;
	22535 : 80;
	[22536..22537] : 20;
	22538 : 00;
	22539 : 6E;
	[22540..22546] : FF;
	22547 : DB;
	[22548..22573] : 00;
	22574 : 24;
	[22575..22581] : FF;
	[22582..22583] : DB;
	[22584..22592] : 00;
	22593 : 6E;
	[22594..22600] : FF;
	22601 : 92;
	[22602..22607] : 00;
	22608 : DB;
	[22609..22621] : FF;
	[22622..22623] : DA;
	22624 : 24;
	22625 : 00;
	22626 : 24;
	[22627..22640] : FF;
	22641 : 49;
	[22642..22646] : 00;
	22647 : 49;
	[22648..22654] : FF;
	22655 : DB;
	[22656..22657] : 25;
	[22658..22675] : 00;
	[22676..22677] : 20;
	22678 : A0;
	22679 : 20;
	[22680..22692] : 00;
	22693 : 60;
	22694 : A0;
	22695 : 40;
	[22696..22697] : 00;
	22698 : 24;
	22699 : DA;
	[22700..22706] : FF;
	22707 : 24;
	[22708..22718] : 00;
	22719 : 6D;
	[22720..22726] : FF;
	22727 : 92;
	[22728..22732] : 00;
	22733 : 24;
	22734 : B6;
	[22735..22741] : FF;
	[22742..22743] : 49;
	[22744..22751] : 00;
	22752 : 91;
	[22753..22759] : FF;
	22760 : B6;
	[22761..22766] : 00;
	22767 : 6D;
	[22768..22774] : FF;
	22775 : 92;
	[22776..22798] : 00;
	22799 : 48;
	[22800..22806] : FF;
	22807 : DB;
	[22808..22817] : 00;
	22818 : 6D;
	[22819..22825] : FF;
	22826 : 92;
	[22827..22828] : 00;
	[22829..22830] : 80;
	22831 : 60;
	[22832..22835] : 00;
	[22836..22840] : 20;
	[22841..22844] : 00;
	22845 : A4;
	[22846..22852] : E4;
	22853 : C4;
	22854 : E4;
	22855 : 80;
	[22856..22861] : 00;
	[22862..22863] : A0;
	[22864..22870] : E4;
	[22871..22872] : C4;
	22873 : 80;
	[22874..22919] : 00;
	22920 : 60;
	22921 : 88;
	[22922..22923] : 84;
	22924 : 20;
	[22925..22951] : 00;
	[22952..22958] : A0;
	22959 : 40;
	[22960..22961] : 00;
	[22962..22963] : 60;
	[22964..22965] : A0;
	[22966..22967] : 80;
	22968 : A0;
	[22969..22970] : A4;
	22971 : 40;
	[22972..22995] : 00;
	[22996..22998] : 04;
	22999 : 4C;
	[23000..23001] : 2C;
	[23002..23003] : 30;
	[23004..23005] : 4C;
	23006 : 2C;
	23007 : 28;
	23008 : 08;
	[23009..23015] : 00;
	[23016..23017] : 40;
	[23018..23019] : 60;
	23020 : 20;
	[23021..23045] : 00;
	23046 : 40;
	23047 : 80;
	23048 : A0;
	[23049..23050] : E4;
	23051 : C4;
	[23052..23055] : E4;
	[23056..23057] : A0;
	[23058..23059] : 40;
	[23060..23063] : 00;
	23064 : 40;
	[23065..23066] : 80;
	23067 : C4;
	23068 : E4;
	[23069..23070] : C4;
	[23071..23073] : E4;
	23074 : C0;
	[23075..23077] : 60;
	23078 : 40;
	[23079..23083] : 00;
	[23084..23088] : 20;
	[23089..23093] : 00;
	23094 : 20;
	23095 : 80;
	[23096..23097] : 20;
	23098 : 00;
	23099 : 6E;
	[23100..23106] : FF;
	23107 : DB;
	[23108..23133] : 00;
	23134 : 24;
	[23135..23141] : FF;
	[23142..23143] : DB;
	[23144..23146] : 00;
	[23147..23148] : 40;
	[23149..23150] : 20;
	[23151..23152] : 00;
	23153 : 6E;
	[23154..23160] : FF;
	23161 : 92;
	[23162..23167] : 00;
	23168 : DB;
	[23169..23183] : FF;
	[23184..23185] : 92;
	23186 : B6;
	[23187..23200] : FF;
	23201 : 49;
	[23202..23206] : 00;
	23207 : 49;
	[23208..23214] : FF;
	23215 : DB;
	[23216..23217] : 25;
	[23218..23233] : 00;
	[23234..23235] : 60;
	[23236..23237] : 80;
	23238 : C0;
	23239 : 20;
	[23240..23252] : 00;
	23253 : 60;
	23254 : C0;
	23255 : 40;
	[23256..23257] : 00;
	23258 : 24;
	23259 : DA;
	[23260..23266] : FF;
	23267 : 24;
	[23268..23270] : 00;
	[23271..23273] : 60;
	23274 : 40;
	23275 : 60;
	[23276..23277] : 20;
	23278 : 00;
	23279 : 6D;
	[23280..23286] : FF;
	23287 : 92;
	[23288..23292] : 00;
	23293 : 24;
	23294 : B6;
	[23295..23301] : FF;
	[23302..23303] : 49;
	[23304..23311] : 00;
	23312 : 91;
	[23313..23319] : FF;
	23320 : B6;
	[23321..23326] : 00;
	23327 : 6D;
	[23328..23334] : FF;
	23335 : 92;
	[23336..23352] : 00;
	23353 : 40;
	[23354..23355] : 60;
	[23356..23358] : 00;
	23359 : 48;
	[23360..23366] : FF;
	23367 : DB;
	[23368..23377] : 00;
	23378 : 6D;
	[23379..23385] : FF;
	23386 : 92;
	[23387..23388] : 00;
	[23389..23390] : 80;
	23391 : 60;
	[23392..23399] : 00;
	23400 : 20;
	[23401..23404] : 00;
	23405 : 20;
	23406 : 40;
	23407 : 80;
	[23408..23414] : E4;
	23415 : C4;
	[23416..23417] : 80;
	23418 : 60;
	[23419..23421] : 00;
	[23422..23423] : 20;
	23424 : 40;
	23425 : 60;
	23426 : C4;
	[23427..23432] : E4;
	23433 : C4;
	23434 : 84;
	23435 : 60;
	[23436..23465] : 00;
	[23466..23468] : 40;
	[23469..23475] : 00;
	[23476..23477] : 24;
	[23478..23481] : 48;
	[23482..23483] : 44;
	[23484..23510] : 00;
	23511 : 40;
	23512 : C4;
	23513 : C0;
	[23514..23518] : A0;
	23519 : 40;
	[23520..23521] : 00;
	[23522..23523] : 60;
	[23524..23525] : A0;
	[23526..23527] : 80;
	23528 : A0;
	[23529..23530] : C4;
	23531 : 40;
	[23532..23557] : 00;
	23558 : 04;
	23559 : 50;
	[23560..23561] : 2C;
	[23562..23563] : 28;
	23564 : 04;
	23565 : 08;
	23566 : 50;
	23567 : 74;
	23568 : 50;
	[23569..23575] : 00;
	[23576..23577] : 64;
	[23578..23579] : A8;
	23580 : 40;
	[23581..23605] : 00;
	23606 : 80;
	[23607..23610] : E4;
	[23611..23613] : C4;
	[23614..23615] : E4;
	[23616..23617] : 60;
	[23618..23623] : 00;
	23624 : 64;
	23625 : E8;
	[23626..23627] : E4;
	[23628..23631] : C4;
	[23632..23633] : E4;
	23634 : A0;
	23635 : 20;
	[23636..23638] : 00;
	23639 : 20;
	[23640..23643] : 00;
	[23644..23648] : 20;
	[23649..23653] : 00;
	23654 : 40;
	23655 : 80;
	[23656..23657] : 20;
	23658 : 00;
	23659 : 6E;
	[23660..23666] : FF;
	23667 : DB;
	[23668..23693] : 00;
	23694 : 24;
	[23695..23701] : FF;
	[23702..23703] : DB;
	[23704..23705] : 00;
	23706 : 40;
	[23707..23708] : 80;
	[23709..23710] : 60;
	[23711..23712] : 00;
	23713 : 6E;
	[23714..23720] : FF;
	23721 : 92;
	[23722..23727] : 00;
	23728 : DB;
	[23729..23760] : FF;
	23761 : 49;
	[23762..23766] : 00;
	23767 : 49;
	[23768..23774] : FF;
	23775 : DB;
	[23776..23777] : 25;
	[23778..23792] : 00;
	23793 : 20;
	[23794..23798] : C4;
	23799 : 20;
	[23800..23812] : 00;
	23813 : 60;
	23814 : C0;
	23815 : 40;
	[23816..23817] : 00;
	23818 : 24;
	23819 : DA;
	[23820..23826] : FF;
	23827 : 24;
	23828 : 00;
	[23829..23830] : 40;
	[23831..23835] : C4;
	[23836..23837] : 40;
	23838 : 00;
	23839 : 6D;
	[23840..23846] : FF;
	23847 : 92;
	[23848..23852] : 00;
	23853 : 24;
	23854 : B6;
	[23855..23861] : FF;
	[23862..23863] : 49;
	[23864..23871] : 00;
	23872 : 91;
	[23873..23879] : FF;
	23880 : B6;
	[23881..23886] : 00;
	23887 : 6D;
	[23888..23894] : FF;
	23895 : 92;
	[23896..23911] : 00;
	23912 : 20;
	23913 : A0;
	23914 : C4;
	23915 : A0;
	[23916..23917] : 20;
	23918 : 00;
	23919 : 48;
	[23920..23926] : FF;
	23927 : DB;
	[23928..23937] : 00;
	23938 : 6D;
	[23939..23945] : FF;
	23946 : 92;
	[23947..23948] : 00;
	[23949..23950] : 80;
	23951 : 60;
	[23952..23966] : 00;
	23967 : 60;
	[23968..23977] : E4;
	23978 : C4;
	[23979..23984] : 00;
	23985 : 40;
	[23986..23994] : E4;
	23995 : C4;
	[23996..24024] : 00;
	24025 : 20;
	[24026..24027] : 84;
	24028 : 60;
	[24029..24035] : 00;
	[24036..24037] : 68;
	24038 : 8C;
	24039 : 68;
	24040 : 28;
	[24041..24043] : 08;
	[24044..24070] : 00;
	24071 : 40;
	24072 : C4;
	24073 : C0;
	[24074..24078] : A0;
	24079 : 40;
	[24080..24081] : 00;
	[24082..24083] : 60;
	[24084..24086] : A0;
	24087 : 80;
	24088 : A0;
	[24089..24090] : C4;
	24091 : 40;
	[24092..24118] : 00;
	[24119..24121] : 2C;
	[24122..24123] : 28;
	24124 : 04;
	24125 : 28;
	24126 : 4C;
	24127 : 50;
	24128 : 2C;
	[24129..24132] : 00;
	[24133..24135] : 20;
	[24136..24138] : 64;
	24139 : 84;
	24140 : 40;
	[24141..24163] : 00;
	24164 : 20;
	24165 : 40;
	24166 : A0;
	24167 : C4;
	[24168..24173] : E4;
	24174 : C0;
	24175 : A0;
	[24176..24177] : 40;
	[24178..24181] : 00;
	[24182..24183] : 20;
	24184 : A4;
	[24185..24191] : E4;
	24192 : C4;
	24193 : A4;
	24194 : 80;
	[24195..24203] : 00;
	[24204..24208] : 20;
	[24209..24213] : 00;
	24214 : 40;
	24215 : 80;
	[24216..24217] : 20;
	24218 : 00;
	24219 : 6E;
	[24220..24226] : FF;
	24227 : DB;
	[24228..24233] : 00;
	24234 : 48;
	24235 : 49;
	[24236..24246] : 48;
	24247 : 49;
	24248 : 20;
	[24249..24253] : 00;
	24254 : 24;
	[24255..24261] : FF;
	[24262..24263] : DB;
	[24264..24265] : 00;
	24266 : 20;
	[24267..24268] : 60;
	[24269..24270] : 40;
	[24271..24272] : 00;
	24273 : 6E;
	[24274..24280] : FF;
	24281 : 92;
	[24282..24287] : 00;
	24288 : DB;
	[24289..24320] : FF;
	24321 : 49;
	[24322..24326] : 00;
	24327 : 49;
	[24328..24335] : FF;
	[24336..24337] : 6D;
	24338 : 49;
	[24339..24346] : 48;
	[24347..24350] : 49;
	[24351..24352] : 00;
	24353 : 20;
	24354 : C0;
	[24355..24358] : 80;
	[24359..24372] : 00;
	24373 : 60;
	24374 : C0;
	24375 : 40;
	[24376..24377] : 00;
	24378 : 24;
	24379 : DA;
	[24380..24386] : FF;
	24387 : 24;
	24388 : 00;
	[24389..24390] : 40;
	[24391..24395] : 80;
	[24396..24397] : 20;
	24398 : 00;
	24399 : 6D;
	[24400..24406] : FF;
	24407 : 92;
	[24408..24412] : 00;
	24413 : 24;
	24414 : B6;
	[24415..24421] : FF;
	[24422..24423] : 49;
	[24424..24431] : 00;
	24432 : 91;
	[24433..24439] : FF;
	24440 : B6;
	[24441..24446] : 00;
	24447 : 6D;
	[24448..24454] : FF;
	24455 : B7;
	[24456..24457] : 49;
	[24458..24467] : 48;
	24468 : 25;
	[24469..24471] : 00;
	24472 : 20;
	24473 : A0;
	[24474..24475] : 80;
	[24476..24478] : 00;
	24479 : 48;
	[24480..24487] : FF;
	24488 : 49;
	[24489..24497] : 48;
	24498 : 92;
	[24499..24505] : FF;
	24506 : 92;
	[24507..24508] : 00;
	[24509..24510] : 80;
	24511 : 60;
	[24512..24517] : 00;
	24518 : 20;
	[24519..24526] : 00;
	24527 : 40;
	24528 : 84;
	[24529..24530] : A0;
	[24531..24537] : E4;
	24538 : C4;
	24539 : 40;
	24540 : 20;
	[24541..24544] : 00;
	24545 : 20;
	24546 : 80;
	24547 : A4;
	[24548..24551] : C4;
	[24552..24554] : E4;
	24555 : C4;
	[24556..24558] : 40;
	24559 : 20;
	[24560..24585] : 00;
	24586 : 40;
	24587 : 64;
	24588 : 60;
	[24589..24591] : 20;
	[24592..24594] : 00;
	24595 : 04;
	[24596..24597] : 48;
	24598 : 68;
	24599 : 48;
	24600 : 28;
	24601 : 08;
	[24602..24603] : 04;
	[24604..24630] : 00;
	24631 : 40;
	24632 : C4;
	24633 : C0;
	[24634..24638] : A0;
	24639 : 40;
	[24640..24641] : 00;
	[24642..24643] : 60;
	[24644..24646] : A0;
	24647 : 80;
	24648 : A0;
	[24649..24650] : C4;
	24651 : 40;
	[24652..24678] : 00;
	24679 : 04;
	[24680..24681] : 28;
	[24682..24683] : 2C;
	24684 : 4C;
	24685 : 2C;
	[24686..24688] : 28;
	[24689..24692] : 00;
	24693 : 64;
	24694 : 88;
	24695 : A4;
	[24696..24697] : 40;
	[24698..24723] : 00;
	24724 : A4;
	[24725..24726] : E4;
	[24727..24731] : C4;
	[24732..24733] : E4;
	24734 : 60;
	[24735..24740] : 00;
	24741 : 60;
	[24742..24743] : C4;
	24744 : E4;
	[24745..24750] : C4;
	24751 : E8;
	24752 : 80;
	[24753..24755] : 00;
	[24756..24768] : 20;
	[24769..24773] : 00;
	24774 : 20;
	24775 : 80;
	[24776..24777] : 20;
	24778 : 00;
	24779 : 6E;
	[24780..24786] : FF;
	24787 : DB;
	[24788..24793] : 00;
	[24794..24807] : FF;
	24808 : 6D;
	[24809..24813] : 00;
	24814 : 24;
	[24815..24821] : FF;
	[24822..24823] : DB;
	24824 : 24;
	[24825..24832] : 00;
	24833 : 6E;
	[24834..24840] : FF;
	24841 : 92;
	[24842..24847] : 00;
	24848 : DB;
	[24849..24880] : FF;
	24881 : 49;
	[24882..24886] : 00;
	24887 : 49;
	[24888..24908] : FF;
	[24909..24910] : DB;
	24911 : 48;
	24912 : 00;
	24913 : 20;
	24914 : C0;
	24915 : 20;
	[24916..24932] : 00;
	24933 : 60;
	24934 : A0;
	24935 : 40;
	[24936..24937] : 00;
	24938 : 24;
	24939 : DA;
	[24940..24946] : FF;
	24947 : 24;
	[24948..24955] : 00;
	[24956..24957] : 20;
	24958 : 00;
	24959 : 6D;
	[24960..24966] : FF;
	24967 : 92;
	[24968..24972] : 00;
	24973 : 24;
	24974 : B6;
	[24975..24981] : FF;
	[24982..24983] : 49;
	[24984..24991] : 00;
	24992 : 91;
	[24993..24999] : FF;
	25000 : B6;
	[25001..25006] : 00;
	25007 : 6D;
	[25008..25027] : FF;
	25028 : DB;
	[25029..25030] : 6D;
	25031 : 00;
	25032 : 20;
	25033 : 80;
	[25034..25038] : 00;
	25039 : 48;
	[25040..25065] : FF;
	25066 : 92;
	[25067..25068] : 00;
	[25069..25070] : A0;
	25071 : 80;
	[25072..25077] : 00;
	[25078..25085] : 20;
	[25086..25090] : 00;
	25091 : C4;
	25092 : E8;
	[25093..25099] : E4;
	25100 : C4;
	25101 : 20;
	[25102..25107] : 00;
	25108 : 80;
	[25109..25114] : C4;
	[25115..25118] : E4;
	25119 : 80;
	[25120..25146] : 00;
	25147 : 20;
	25148 : 44;
	[25149..25150] : 64;
	25151 : 84;
	25152 : 44;
	[25153..25154] : 00;
	25155 : 28;
	[25156..25158] : 08;
	25159 : 28;
	25160 : 2C;
	25161 : 04;
	[25162..25190] : 00;
	25191 : 40;
	25192 : E8;
	25193 : C4;
	25194 : 80;
	[25195..25198] : A0;
	25199 : 60;
	[25200..25201] : 00;
	[25202..25203] : 60;
	[25204..25206] : A0;
	25207 : 80;
	25208 : A0;
	[25209..25210] : C4;
	25211 : 40;
	[25212..25238] : 00;
	25239 : 04;
	[25240..25241] : 28;
	[25242..25243] : 2C;
	25244 : 4C;
	25245 : 2C;
	[25246..25248] : 28;
	[25249..25252] : 00;
	25253 : 64;
	25254 : 88;
	25255 : A4;
	[25256..25257] : 40;
	[25258..25283] : 00;
	25284 : A4;
	[25285..25286] : E4;
	[25287..25291] : C4;
	[25292..25293] : E4;
	25294 : 60;
	[25295..25300] : 00;
	25301 : 60;
	[25302..25303] : C4;
	25304 : E4;
	[25305..25310] : C4;
	25311 : E8;
	25312 : 80;
	[25313..25315] : 00;
	[25316..25328] : 20;
	[25329..25333] : 00;
	25334 : 20;
	25335 : 80;
	[25336..25337] : 20;
	25338 : 00;
	25339 : 6E;
	[25340..25346] : FF;
	25347 : DB;
	[25348..25353] : 00;
	[25354..25367] : FF;
	25368 : 6D;
	[25369..25373] : 00;
	25374 : 24;
	[25375..25381] : FF;
	[25382..25383] : DB;
	25384 : 24;
	[25385..25392] : 00;
	25393 : 6E;
	[25394..25400] : FF;
	25401 : 92;
	[25402..25407] : 00;
	25408 : DB;
	[25409..25440] : FF;
	25441 : 49;
	[25442..25446] : 00;
	25447 : 49;
	[25448..25468] : FF;
	[25469..25470] : DB;
	25471 : 48;
	25472 : 00;
	25473 : 20;
	25474 : C0;
	25475 : 20;
	[25476..25492] : 00;
	25493 : 60;
	25494 : A0;
	25495 : 40;
	[25496..25497] : 00;
	25498 : 24;
	25499 : DA;
	[25500..25506] : FF;
	25507 : 24;
	[25508..25515] : 00;
	[25516..25517] : 20;
	25518 : 00;
	25519 : 6D;
	[25520..25526] : FF;
	25527 : 92;
	[25528..25532] : 00;
	25533 : 24;
	25534 : B6;
	[25535..25541] : FF;
	[25542..25543] : 49;
	[25544..25551] : 00;
	25552 : 91;
	[25553..25559] : FF;
	25560 : B6;
	[25561..25566] : 00;
	25567 : 6D;
	[25568..25587] : FF;
	25588 : DB;
	[25589..25590] : 6D;
	25591 : 00;
	25592 : 20;
	25593 : 80;
	[25594..25598] : 00;
	25599 : 48;
	[25600..25625] : FF;
	25626 : 92;
	[25627..25628] : 00;
	[25629..25630] : A0;
	25631 : 80;
	[25632..25637] : 00;
	[25638..25645] : 20;
	[25646..25650] : 00;
	25651 : C4;
	25652 : E8;
	[25653..25659] : E4;
	25660 : C4;
	25661 : 20;
	[25662..25667] : 00;
	25668 : 80;
	[25669..25674] : C4;
	[25675..25678] : E4;
	25679 : 80;
	[25680..25706] : 00;
	25707 : 20;
	25708 : 44;
	[25709..25710] : 64;
	25711 : 84;
	25712 : 44;
	[25713..25714] : 00;
	25715 : 28;
	[25716..25718] : 08;
	25719 : 28;
	25720 : 2C;
	25721 : 04;
	[25722..25750] : 00;
	25751 : 40;
	25752 : E8;
	25753 : C4;
	25754 : 80;
	[25755..25758] : A0;
	25759 : 60;
	[25760..25761] : 00;
	[25762..25763] : 60;
	[25764..25765] : A0;
	[25766..25767] : 80;
	25768 : A0;
	[25769..25770] : C4;
	25771 : 40;
	[25772..25799] : 00;
	25800 : 04;
	[25801..25803] : 2C;
	25804 : 50;
	25805 : 4C;
	[25806..25808] : 28;
	[25809..25812] : 00;
	25813 : 64;
	25814 : 88;
	25815 : 84;
	[25816..25817] : 40;
	[25818..25843] : 00;
	25844 : A4;
	25845 : E4;
	[25846..25851] : C4;
	[25852..25853] : E4;
	25854 : 40;
	[25855..25860] : 00;
	25861 : 60;
	[25862..25864] : E4;
	[25865..25870] : C4;
	25871 : E4;
	25872 : 80;
	[25873..25875] : 00;
	[25876..25888] : 20;
	[25889..25893] : 00;
	25894 : 20;
	25895 : 80;
	[25896..25897] : 20;
	25898 : 00;
	25899 : 6E;
	[25900..25906] : FF;
	25907 : DB;
	[25908..25913] : 00;
	[25914..25927] : FF;
	25928 : 49;
	[25929..25933] : 00;
	25934 : 24;
	[25935..25941] : FF;
	[25942..25943] : DB;
	[25944..25952] : 00;
	25953 : 92;
	[25954..25960] : FF;
	25961 : 92;
	[25962..25967] : 00;
	25968 : DB;
	[25969..26000] : FF;
	26001 : 49;
	[26002..26006] : 00;
	26007 : 49;
	[26008..26028] : FF;
	[26029..26030] : DB;
	26031 : 49;
	26032 : 00;
	26033 : 20;
	26034 : C0;
	26035 : 20;
	[26036..26052] : 00;
	26053 : 40;
	26054 : A0;
	26055 : 40;
	[26056..26057] : 00;
	26058 : 24;
	26059 : DA;
	[26060..26066] : FF;
	26067 : 24;
	[26068..26075] : 00;
	[26076..26077] : 20;
	26078 : 00;
	26079 : 6D;
	[26080..26086] : FF;
	26087 : 92;
	[26088..26092] : 00;
	26093 : 24;
	26094 : B6;
	[26095..26101] : FF;
	[26102..26103] : 49;
	[26104..26111] : 00;
	26112 : 91;
	[26113..26119] : FF;
	26120 : B6;
	[26121..26126] : 00;
	26127 : 6D;
	[26128..26148] : FF;
	[26149..26150] : 6D;
	26151 : 00;
	26152 : 20;
	26153 : 80;
	[26154..26158] : 00;
	26159 : 48;
	[26160..26185] : FF;
	26186 : 92;
	[26187..26188] : 00;
	[26189..26190] : A0;
	26191 : 80;
	[26192..26197] : 00;
	[26198..26200] : 20;
	[26201..26205] : 00;
	26206 : 20;
	[26207..26210] : 00;
	26211 : C4;
	26212 : E8;
	[26213..26219] : E4;
	26220 : C4;
	26221 : 40;
	[26222..26227] : 00;
	26228 : 80;
	[26229..26230] : E4;
	26231 : C4;
	[26232..26238] : E4;
	26239 : 60;
	[26240..26268] : 00;
	[26269..26270] : 44;
	26271 : 64;
	26272 : 44;
	[26273..26274] : 00;
	[26275..26279] : 28;
	26280 : 08;
	[26281..26310] : 00;
	26311 : 40;
	26312 : E8;
	26313 : C4;
	[26314..26318] : A0;
	26319 : 40;
	[26320..26321] : 00;
	[26322..26323] : 60;
	[26324..26325] : A0;
	[26326..26327] : 80;
	26328 : A0;
	[26329..26330] : C4;
	26331 : 40;
	[26332..26351] : 00;
	[26352..26354] : 40;
	[26355..26364] : 00;
	26365 : 04;
	26366 : 08;
	[26367..26368] : 04;
	[26369..26372] : 44;
	[26373..26374] : 40;
	26375 : 20;
	[26376..26400] : 00;
	26401 : 60;
	[26402..26403] : A0;
	[26404..26410] : C4;
	26411 : E4;
	26412 : A0;
	26413 : 20;
	[26414..26418] : 00;
	26419 : 20;
	26420 : A4;
	26421 : C4;
	[26422..26423] : E4;
	[26424..26427] : C4;
	26428 : E4;
	[26429..26430] : C4;
	26431 : 40;
	26432 : 20;
	[26433..26435] : 00;
	[26436..26448] : 20;
	[26449..26453] : 00;
	26454 : 40;
	26455 : 80;
	[26456..26457] : 20;
	26458 : 00;
	26459 : 6E;
	[26460..26466] : FF;
	26467 : DB;
	[26468..26473] : 00;
	[26474..26487] : FF;
	26488 : 49;
	[26489..26493] : 00;
	26494 : 24;
	[26495..26503] : FF;
	26504 : DB;
	[26505..26511] : DA;
	26512 : DB;
	[26513..26520] : FF;
	26521 : 92;
	[26522..26527] : 00;
	26528 : DB;
	[26529..26535] : FF;
	[26536..26537] : 92;
	26538 : 6E;
	26539 : 92;
	[26540..26548] : FF;
	[26549..26550] : DB;
	[26551..26552] : 6E;
	26553 : DB;
	[26554..26560] : FF;
	26561 : 49;
	[26562..26566] : 00;
	26567 : 49;
	[26568..26588] : FF;
	[26589..26590] : DB;
	26591 : 49;
	26592 : 00;
	26593 : 20;
	26594 : C0;
	26595 : 20;
	[26596..26612] : 00;
	26613 : 60;
	26614 : C0;
	26615 : 40;
	[26616..26617] : 00;
	26618 : 24;
	26619 : DA;
	[26620..26626] : FF;
	26627 : 24;
	[26628..26634] : 00;
	[26635..26637] : 20;
	26638 : 00;
	26639 : 6D;
	[26640..26646] : FF;
	26647 : 92;
	[26648..26652] : 00;
	26653 : 24;
	26654 : B6;
	[26655..26661] : FF;
	[26662..26663] : 49;
	[26664..26671] : 00;
	26672 : 91;
	[26673..26679] : FF;
	26680 : B6;
	[26681..26686] : 00;
	26687 : 6D;
	[26688..26708] : FF;
	[26709..26710] : 6D;
	26711 : 00;
	26712 : 20;
	26713 : 80;
	[26714..26718] : 00;
	26719 : 48;
	[26720..26745] : FF;
	26746 : 92;
	[26747..26748] : 00;
	[26749..26751] : 80;
	[26752..26758] : 00;
	[26759..26766] : 20;
	[26767..26770] : 00;
	26771 : 20;
	26772 : 40;
	26773 : C4;
	[26774..26780] : E4;
	26781 : C4;
	[26782..26783] : 84;
	26784 : 20;
	[26785..26787] : 00;
	26788 : 20;
	[26789..26790] : 60;
	[26791..26794] : E4;
	[26795..26799] : C4;
	26800 : 80;
	[26801..26818] : 00;
	26819 : 60;
	26820 : 80;
	26821 : 60;
	[26822..26823] : 80;
	[26824..26828] : 60;
	[26829..26830] : 20;
	26831 : 40;
	26832 : 64;
	[26833..26834] : 44;
	[26835..26838] : 08;
	26839 : 24;
	26840 : 84;
	[26841..26846] : A0;
	[26847..26850] : 80;
	26851 : 60;
	[26852..26853] : 40;
	[26854..26870] : 00;
	26871 : 40;
	26872 : E8;
	26873 : C4;
	[26874..26878] : A0;
	26879 : 40;
	[26880..26881] : 00;
	[26882..26883] : 60;
	[26884..26885] : A0;
	[26886..26887] : 80;
	26888 : C0;
	[26889..26890] : C4;
	26891 : 40;
	[26892..26910] : 00;
	26911 : 20;
	[26912..26914] : 80;
	26915 : 20;
	[26916..26925] : 00;
	26926 : 04;
	[26927..26928] : 00;
	[26929..26930] : 64;
	26931 : 88;
	26932 : 84;
	26933 : 20;
	[26934..26960] : 00;
	26961 : 80;
	[26962..26963] : E4;
	[26964..26970] : C4;
	26971 : E4;
	26972 : 60;
	[26973..26978] : 00;
	26979 : 40;
	[26980..26981] : E4;
	[26982..26983] : C4;
	[26984..26985] : E4;
	[26986..26987] : C4;
	26988 : E4;
	[26989..26990] : A4;
	26991 : 20;
	[26992..26993] : 00;
	[26994..27008] : 20;
	[27009..27013] : 00;
	27014 : 40;
	27015 : 80;
	[27016..27017] : 20;
	27018 : 00;
	27019 : 6E;
	[27020..27026] : FF;
	27027 : DB;
	[27028..27033] : 00;
	[27034..27047] : FF;
	27048 : 49;
	[27049..27053] : 00;
	27054 : 24;
	[27055..27080] : FF;
	27081 : 92;
	[27082..27087] : 00;
	27088 : DB;
	[27089..27095] : FF;
	[27096..27097] : 24;
	27098 : 00;
	27099 : 49;
	[27100..27108] : FF;
	[27109..27110] : 92;
	[27111..27112] : 00;
	27113 : B7;
	[27114..27120] : FF;
	27121 : 49;
	[27122..27126] : 00;
	27127 : 49;
	[27128..27148] : FF;
	[27149..27150] : DB;
	27151 : 49;
	27152 : 00;
	27153 : 20;
	27154 : C0;
	27155 : 20;
	[27156..27172] : 00;
	27173 : 60;
	27174 : C0;
	27175 : 40;
	[27176..27177] : 00;
	27178 : 24;
	27179 : DA;
	[27180..27186] : FF;
	27187 : 24;
	[27188..27194] : 00;
	27195 : 20;
	[27196..27197] : 40;
	27198 : 00;
	27199 : 6D;
	[27200..27206] : FF;
	27207 : 92;
	[27208..27212] : 00;
	27213 : 24;
	27214 : B6;
	[27215..27221] : FF;
	[27222..27223] : 49;
	[27224..27231] : 00;
	27232 : 91;
	[27233..27239] : FF;
	27240 : B6;
	[27241..27246] : 00;
	27247 : 6D;
	[27248..27268] : FF;
	[27269..27270] : 6D;
	27271 : 00;
	27272 : 20;
	27273 : 80;
	[27274..27278] : 00;
	27279 : 48;
	[27280..27301] : FF;
	[27302..27303] : DB;
	[27304..27305] : B6;
	27306 : 49;
	[27307..27308] : 00;
	[27309..27310] : 80;
	27311 : A0;
	[27312..27317] : 00;
	[27318..27326] : 20;
	[27327..27332] : 00;
	27333 : A4;
	[27334..27341] : E4;
	[27342..27343] : C4;
	27344 : 20;
	[27345..27350] : 00;
	27351 : E4;
	[27352..27354] : C4;
	[27355..27359] : E4;
	27360 : C4;
	[27361..27378] : 00;
	27379 : A0;
	27380 : C0;
	27381 : A0;
	[27382..27383] : C0;
	[27384..27388] : A0;
	[27389..27391] : 20;
	27392 : 64;
	27393 : 88;
	27394 : 84;
	27395 : 00;
	[27396..27398] : 04;
	27399 : 20;
	27400 : A0;
	[27401..27403] : C4;
	[27404..27405] : E4;
	27406 : C4;
	[27407..27410] : C0;
	27411 : A0;
	[27412..27413] : 80;
	[27414..27430] : 00;
	27431 : 40;
	27432 : E8;
	27433 : C0;
	[27434..27438] : A0;
	27439 : 60;
	[27440..27441] : 00;
	[27442..27443] : 60;
	[27444..27445] : A0;
	[27446..27447] : 80;
	27448 : C0;
	[27449..27450] : C4;
	27451 : 40;
	[27452..27466] : 00;
	27467 : 20;
	[27468..27471] : 40;
	27472 : 80;
	[27473..27474] : A0;
	[27475..27488] : 00;
	[27489..27491] : 64;
	27492 : 40;
	[27493..27520] : 00;
	27521 : 40;
	[27522..27523] : 80;
	27524 : A0;
	[27525..27530] : C4;
	27531 : E4;
	27532 : 80;
	27533 : 40;
	27534 : 20;
	[27535..27538] : 00;
	27539 : 40;
	27540 : A0;
	27541 : C0;
	[27542..27543] : C4;
	[27544..27545] : E4;
	[27546..27547] : C4;
	27548 : E4;
	[27549..27550] : C4;
	27551 : 60;
	27552 : 20;
	[27553..27555] : 00;
	[27556..27568] : 20;
	[27569..27573] : 00;
	27574 : 40;
	27575 : 80;
	[27576..27577] : 20;
	27578 : 00;
	27579 : 6E;
	[27580..27586] : FF;
	27587 : DB;
	[27588..27593] : 00;
	[27594..27607] : FF;
	27608 : 49;
	[27609..27613] : 00;
	27614 : 24;
	[27615..27640] : FF;
	27641 : 92;
	[27642..27647] : 00;
	27648 : DB;
	[27649..27655] : FF;
	[27656..27657] : 24;
	27658 : 00;
	27659 : 49;
	[27660..27668] : FF;
	[27669..27670] : 92;
	[27671..27672] : 00;
	27673 : B7;
	[27674..27680] : FF;
	27681 : 49;
	[27682..27686] : 00;
	27687 : 49;
	[27688..27708] : FF;
	[27709..27710] : DB;
	27711 : 49;
	27712 : 00;
	27713 : 20;
	27714 : C0;
	27715 : 20;
	[27716..27732] : 00;
	27733 : 60;
	27734 : C0;
	27735 : 40;
	[27736..27737] : 00;
	27738 : 24;
	27739 : DA;
	[27740..27746] : FF;
	27747 : 24;
	[27748..27754] : 00;
	27755 : 20;
	[27756..27757] : 40;
	27758 : 00;
	27759 : 6D;
	[27760..27766] : FF;
	27767 : 92;
	[27768..27772] : 00;
	27773 : 24;
	27774 : B6;
	[27775..27781] : FF;
	[27782..27783] : 6D;
	[27784..27791] : 00;
	27792 : 92;
	[27793..27799] : FF;
	27800 : B6;
	[27801..27806] : 00;
	27807 : 6D;
	[27808..27828] : FF;
	[27829..27830] : 6D;
	27831 : 00;
	27832 : 20;
	27833 : A0;
	[27834..27838] : 00;
	27839 : 48;
	[27840..27861] : FF;
	[27862..27863] : 92;
	[27864..27868] : 00;
	[27869..27870] : 80;
	27871 : A0;
	[27872..27877] : 00;
	[27878..27886] : 20;
	[27887..27890] : 00;
	27891 : 20;
	27892 : 40;
	27893 : C4;
	[27894..27899] : E4;
	27900 : C4;
	27901 : A0;
	[27902..27903] : 80;
	[27904..27907] : 00;
	27908 : 20;
	[27909..27910] : 40;
	[27911..27913] : C4;
	[27914..27918] : E4;
	27919 : A4;
	27920 : 80;
	[27921..27935] : 00;
	[27936..27938] : 40;
	[27939..27945] : A0;
	[27946..27948] : 80;
	[27949..27951] : 40;
	27952 : 60;
	27953 : 84;
	27954 : 64;
	[27955..27957] : 00;
	27958 : 40;
	27959 : 80;
	[27960..27963] : A0;
	[27964..27970] : C0;
	[27971..27973] : A0;
	27974 : 40;
	[27975..27977] : 20;
	[27978..27990] : 00;
	27991 : 40;
	27992 : C4;
	27993 : C0;
	[27994..27998] : A0;
	27999 : 60;
	[28000..28001] : 00;
	[28002..28003] : 60;
	[28004..28005] : A0;
	[28006..28007] : 80;
	28008 : A0;
	[28009..28010] : C4;
	28011 : 20;
	[28012..28026] : 00;
	[28027..28031] : A0;
	[28032..28034] : C0;
	28035 : 40;
	[28036..28037] : 20;
	[28038..28045] : 00;
	[28046..28047] : 20;
	28048 : 40;
	[28049..28050] : 60;
	28051 : 20;
	[28052..28083] : 00;
	28084 : 80;
	28085 : C0;
	28086 : C4;
	[28087..28088] : C0;
	[28089..28090] : C4;
	28091 : C0;
	28092 : C4;
	28093 : E4;
	28094 : 80;
	[28095..28100] : 00;
	28101 : 60;
	[28102..28104] : C4;
	[28105..28107] : C0;
	[28108..28111] : C4;
	28112 : 80;
	[28113..28115] : 00;
	[28116..28128] : 20;
	[28129..28133] : 00;
	28134 : 60;
	28135 : 80;
	[28136..28137] : 20;
	28138 : 00;
	28139 : 6E;
	[28140..28146] : FF;
	28147 : DB;
	[28148..28153] : 00;
	28154 : 24;
	[28155..28159] : 49;
	[28160..28167] : FF;
	28168 : 49;
	[28169..28173] : 00;
	28174 : 24;
	[28175..28200] : FF;
	28201 : 92;
	[28202..28207] : 00;
	28208 : DB;
	[28209..28215] : FF;
	[28216..28217] : 24;
	28218 : 00;
	28219 : 49;
	[28220..28228] : FF;
	[28229..28230] : 92;
	[28231..28232] : 00;
	28233 : B7;
	[28234..28240] : FF;
	28241 : 49;
	[28242..28246] : 00;
	28247 : 49;
	[28248..28255] : FF;
	[28256..28257] : 6D;
	[28258..28268] : 49;
	[28269..28270] : 24;
	[28271..28272] : 00;
	28273 : 20;
	28274 : C0;
	28275 : 20;
	[28276..28292] : 00;
	28293 : 60;
	28294 : C0;
	28295 : 40;
	[28296..28297] : 00;
	28298 : 24;
	28299 : DA;
	[28300..28306] : FF;
	28307 : 24;
	[28308..28314] : 00;
	[28315..28317] : 20;
	28318 : 00;
	28319 : 6D;
	[28320..28326] : FF;
	28327 : 92;
	[28328..28332] : 00;
	28333 : 24;
	28334 : B6;
	[28335..28341] : FF;
	[28342..28343] : DB;
	[28344..28345] : DA;
	[28346..28347] : 00;
	28348 : 24;
	[28349..28350] : B6;
	28351 : DA;
	[28352..28359] : FF;
	28360 : B6;
	[28361..28366] : 00;
	28367 : 6D;
	[28368..28374] : FF;
	28375 : B6;
	[28376..28387] : 49;
	28388 : 24;
	[28389..28391] : 00;
	28392 : 20;
	28393 : 80;
	[28394..28398] : 00;
	28399 : 48;
	[28400..28407] : FF;
	[28408..28410] : 49;
	28411 : B6;
	[28412..28418] : FF;
	28419 : 92;
	[28420..28421] : 49;
	[28422..28425] : 00;
	28426 : 20;
	28427 : 40;
	28428 : 60;
	[28429..28430] : A4;
	28431 : 80;
	[28432..28437] : 00;
	[28438..28446] : 20;
	[28447..28450] : 00;
	28451 : C0;
	[28452..28453] : C4;
	[28454..28455] : C0;
	[28456..28457] : E4;
	28458 : C4;
	[28459..28460] : C0;
	28461 : 40;
	[28462..28466] : 00;
	28467 : 20;
	28468 : A0;
	[28469..28472] : C4;
	[28473..28475] : C0;
	[28476..28477] : E4;
	28478 : A4;
	[28479..28494] : 00;
	28495 : 60;
	[28496..28497] : A0;
	28498 : C0;
	[28499..28504] : A0;
	28505 : 80;
	28506 : 60;
	[28507..28508] : 40;
	[28509..28510] : 60;
	[28511..28512] : 80;
	[28513..28514] : 64;
	28515 : 40;
	[28516..28517] : 00;
	28518 : 20;
	[28519..28521] : 40;
	[28522..28523] : 60;
	[28524..28525] : 80;
	28526 : A0;
	[28527..28530] : C4;
	[28531..28532] : E4;
	28533 : C0;
	[28534..28537] : A0;
	28538 : 20;
	[28539..28550] : 00;
	28551 : 40;
	28552 : C4;
	28553 : C0;
	[28554..28558] : A0;
	28559 : 60;
	[28560..28561] : 00;
	[28562..28563] : 60;
	[28564..28565] : A0;
	[28566..28567] : 80;
	28568 : C0;
	[28569..28570] : C4;
	28571 : 40;
	[28572..28585] : 00;
	28586 : 20;
	[28587..28592] : A0;
	28593 : C0;
	28594 : A0;
	28595 : 60;
	[28596..28597] : 20;
	[28598..28605] : 00;
	28606 : 20;
	[28607..28608] : 44;
	[28609..28610] : 64;
	28611 : 20;
	[28612..28643] : 00;
	28644 : 80;
	28645 : C0;
	28646 : E4;
	28647 : C0;
	28648 : A0;
	[28649..28650] : C4;
	28651 : C0;
	28652 : C4;
	28653 : E4;
	28654 : 80;
	[28655..28660] : 00;
	28661 : 60;
	[28662..28664] : C4;
	[28665..28666] : A0;
	28667 : C0;
	[28668..28670] : C4;
	28671 : E4;
	28672 : A0;
	[28673..28675] : 00;
	[28676..28688] : 20;
	[28689..28693] : 00;
	28694 : 60;
	28695 : 80;
	[28696..28697] : 20;
	28698 : 00;
	28699 : 6E;
	[28700..28706] : FF;
	28707 : DB;
	[28708..28719] : 00;
	28720 : B6;
	[28721..28727] : FF;
	28728 : 49;
	[28729..28733] : 00;
	28734 : 24;
	[28735..28760] : FF;
	28761 : 92;
	[28762..28767] : 00;
	28768 : DB;
	[28769..28775] : FF;
	[28776..28777] : 24;
	28778 : 00;
	28779 : 49;
	[28780..28788] : FF;
	[28789..28790] : 92;
	[28791..28792] : 00;
	28793 : B7;
	[28794..28800] : FF;
	28801 : 49;
	[28802..28806] : 00;
	28807 : 49;
	[28808..28814] : FF;
	28815 : DB;
	[28816..28817] : 25;
	[28818..28832] : 00;
	28833 : 20;
	28834 : C0;
	28835 : 20;
	[28836..28852] : 00;
	28853 : 60;
	28854 : C0;
	28855 : 40;
	[28856..28857] : 00;
	28858 : 24;
	28859 : DA;
	[28860..28866] : FF;
	28867 : 24;
	[28868..28874] : 00;
	[28875..28877] : 20;
	28878 : 00;
	28879 : 6D;
	[28880..28886] : FF;
	28887 : 92;
	[28888..28892] : 00;
	28893 : 24;
	28894 : B6;
	[28895..28905] : FF;
	[28906..28907] : 00;
	28908 : 48;
	[28909..28919] : FF;
	28920 : B6;
	[28921..28926] : 00;
	28927 : 6D;
	[28928..28934] : FF;
	28935 : 92;
	[28936..28951] : 00;
	28952 : 20;
	28953 : A0;
	[28954..28958] : 00;
	28959 : 48;
	[28960..28966] : FF;
	28967 : DB;
	[28968..28970] : 00;
	28971 : 91;
	[28972..28978] : FF;
	28979 : 49;
	[28980..28985] : 00;
	28986 : 20;
	[28987..28988] : 60;
	[28989..28990] : C4;
	28991 : 80;
	[28992..28995] : 00;
	[28996..29000] : 20;
	[29001..29004] : 00;
	[29005..29006] : 20;
	[29007..29010] : 00;
	29011 : C4;
	29012 : E4;
	29013 : C4;
	29014 : C0;
	29015 : A0;
	[29016..29018] : C4;
	[29019..29020] : C0;
	29021 : 20;
	[29022..29026] : 00;
	29027 : 20;
	29028 : C0;
	[29029..29030] : E4;
	[29031..29032] : C4;
	[29033..29034] : A0;
	29035 : C0;
	[29036..29037] : E4;
	29038 : A4;
	[29039..29053] : 00;
	29054 : 60;
	[29055..29061] : A0;
	[29062..29065] : 80;
	29066 : 60;
	[29067..29068] : 40;
	[29069..29070] : 60;
	[29071..29072] : 80;
	[29073..29074] : 84;
	29075 : 64;
	[29076..29079] : 00;
	29080 : 20;
	[29081..29083] : 40;
	[29084..29085] : 80;
	29086 : A0;
	[29087..29092] : C4;
	29093 : C0;
	[29094..29097] : A0;
	29098 : 20;
	[29099..29110] : 00;
	29111 : 40;
	29112 : C4;
	29113 : C0;
	[29114..29118] : A0;
	29119 : 60;
	[29120..29121] : 00;
	[29122..29123] : 60;
	[29124..29126] : A0;
	29127 : 80;
	29128 : C0;
	[29129..29130] : C4;
	29131 : 40;
	[29132..29144] : 00;
	[29145..29146] : 60;
	[29147..29150] : A0;
	29151 : C0;
	29152 : C8;
	29153 : C4;
	29154 : A0;
	29155 : A4;
	[29156..29157] : 84;
	29158 : 60;
	[29159..29165] : 00;
	29166 : 40;
	[29167..29168] : 64;
	[29169..29170] : 20;
	[29171..29203] : 00;
	[29204..29205] : 40;
	29206 : A0;
	[29207..29208] : C0;
	[29209..29211] : C4;
	29212 : C0;
	[29213..29214] : A0;
	29215 : 80;
	[29216..29217] : 60;
	[29218..29220] : 00;
	29221 : 20;
	[29222..29223] : 40;
	29224 : 80;
	[29225..29226] : C4;
	29227 : C0;
	[29228..29232] : A0;
	29233 : 80;
	29234 : 60;
	[29235..29238] : 00;
	[29239..29248] : 20;
	[29249..29253] : 00;
	29254 : 60;
	29255 : 80;
	[29256..29257] : 20;
	29258 : 00;
	29259 : 6E;
	[29260..29266] : FF;
	29267 : DB;
	[29268..29279] : 00;
	29280 : B6;
	[29281..29287] : FF;
	29288 : 49;
	[29289..29293] : 00;
	29294 : 24;
	[29295..29303] : FF;
	29304 : B6;
	[29305..29312] : 92;
	29313 : DB;
	[29314..29320] : FF;
	29321 : 92;
	[29322..29327] : 00;
	29328 : DB;
	[29329..29335] : FF;
	[29336..29337] : 24;
	29338 : 00;
	29339 : 24;
	29340 : 6D;
	29341 : 92;
	[29342..29343] : DB;
	[29344..29346] : FF;
	29347 : B6;
	29348 : 92;
	[29349..29350] : 49;
	[29351..29352] : 00;
	29353 : B7;
	[29354..29360] : FF;
	29361 : 49;
	[29362..29366] : 00;
	29367 : 49;
	[29368..29374] : FF;
	29375 : DB;
	[29376..29377] : 25;
	[29378..29393] : 00;
	29394 : 40;
	[29395..29397] : 00;
	29398 : 20;
	[29399..29412] : 00;
	29413 : 60;
	29414 : C0;
	29415 : 40;
	[29416..29417] : 00;
	29418 : 24;
	29419 : DA;
	[29420..29426] : FF;
	29427 : 24;
	[29428..29438] : 00;
	29439 : 6D;
	[29440..29446] : FF;
	29447 : 92;
	[29448..29453] : 00;
	29454 : 6D;
	[29455..29457] : 92;
	29458 : DB;
	[29459..29465] : FF;
	[29466..29467] : 6D;
	29468 : 92;
	[29469..29475] : FF;
	[29476..29477] : B6;
	[29478..29479] : 92;
	29480 : 6D;
	[29481..29486] : 00;
	29487 : 6D;
	[29488..29494] : FF;
	29495 : 92;
	[29496..29512] : 00;
	29513 : 40;
	[29514..29518] : 00;
	29519 : 48;
	[29520..29526] : FF;
	29527 : DB;
	[29528..29530] : 00;
	29531 : 49;
	29532 : B7;
	29533 : D6;
	29534 : DB;
	[29535..29538] : FF;
	29539 : B6;
	[29540..29541] : 6D;
	[29542..29543] : 49;
	[29544..29545] : 00;
	29546 : 40;
	29547 : 80;
	29548 : A0;
	[29549..29550] : 60;
	29551 : 20;
	[29552..29555] : 00;
	[29556..29563] : 20;
	[29564..29566] : 00;
	29567 : 40;
	29568 : 60;
	[29569..29570] : 80;
	[29571..29572] : C0;
	29573 : C4;
	29574 : C0;
	[29575..29577] : A0;
	29578 : C0;
	29579 : 40;
	29580 : 20;
	[29581..29584] : 00;
	29585 : 20;
	[29586..29587] : 80;
	29588 : C4;
	[29589..29590] : C0;
	[29591..29592] : A0;
	29593 : C4;
	29594 : A4;
	29595 : A0;
	[29596..29597] : 60;
	29598 : 40;
	[29599..29612] : 00;
	29613 : 80;
	[29614..29615] : A0;
	[29616..29617] : C0;
	29618 : C8;
	29619 : C4;
	29620 : A4;
	[29621..29625] : A0;
	29626 : 80;
	[29627..29628] : 60;
	[29629..29632] : 20;
	[29633..29634] : 60;
	29635 : 40;
	[29636..29639] : 00;
	29640 : 80;
	[29641..29643] : A4;
	[29644..29647] : C4;
	29648 : C8;
	[29649..29651] : C4;
	[29652..29655] : A0;
	[29656..29657] : C4;
	29658 : 60;
	[29659..29670] : 00;
	29671 : 40;
	29672 : C4;
	29673 : C0;
	29674 : 80;
	29675 : 60;
	[29676..29677] : 80;
	29678 : A0;
	29679 : 40;
	[29680..29681] : 00;
	[29682..29683] : 60;
	[29684..29686] : A0;
	29687 : 80;
	29688 : C0;
	[29689..29690] : E4;
	29691 : 60;
	[29692..29703] : 00;
	29704 : 20;
	[29705..29708] : A0;
	[29709..29711] : C4;
	29712 : ED;
	29713 : C5;
	29714 : A0;
	[29715..29717] : E8;
	29718 : C4;
	[29719..29725] : 00;
	29726 : 40;
	[29727..29728] : 64;
	[29729..29765] : 00;
	29766 : 80;
	29767 : A0;
	29768 : C0;
	[29769..29771] : C4;
	29772 : C0;
	29773 : A0;
	29774 : C0;
	29775 : E4;
	[29776..29777] : A4;
	[29778..29783] : 00;
	29784 : 60;
	29785 : E4;
	29786 : C4;
	29787 : C0;
	[29788..29792] : A0;
	29793 : C4;
	29794 : A0;
	29795 : 20;
	[29796..29798] : 00;
	[29799..29808] : 20;
	[29809..29813] : 00;
	29814 : 60;
	29815 : 80;
	[29816..29817] : 20;
	29818 : 00;
	29819 : 6E;
	[29820..29826] : FF;
	29827 : DB;
	[29828..29839] : 00;
	29840 : B6;
	[29841..29847] : FF;
	29848 : 49;
	[29849..29853] : 00;
	29854 : 24;
	[29855..29861] : FF;
	[29862..29863] : DB;
	[29864..29872] : 00;
	29873 : 6E;
	[29874..29880] : FF;
	29881 : 92;
	[29882..29887] : 00;
	29888 : DB;
	[29889..29895] : FF;
	[29896..29897] : 24;
	[29898..29901] : 00;
	[29902..29903] : 6D;
	[29904..29905] : FF;
	29906 : DB;
	[29907..29912] : 00;
	29913 : B7;
	[29914..29920] : FF;
	29921 : 49;
	[29922..29926] : 00;
	29927 : 49;
	[29928..29934] : FF;
	29935 : DB;
	[29936..29937] : 25;
	[29938..29955] : 00;
	[29956..29957] : 20;
	29958 : 80;
	[29959..29972] : 00;
	29973 : 60;
	29974 : C0;
	29975 : 40;
	[29976..29977] : 00;
	29978 : 24;
	29979 : DA;
	[29980..29986] : FF;
	29987 : 24;
	[29988..29998] : 00;
	29999 : 6D;
	[30000..30006] : FF;
	30007 : 92;
	[30008..30017] : 00;
	30018 : 8D;
	[30019..30035] : FF;
	[30036..30037] : 49;
	[30038..30046] : 00;
	30047 : 6D;
	[30048..30054] : FF;
	30055 : 92;
	[30056..30078] : 00;
	30079 : 48;
	[30080..30086] : FF;
	30087 : DB;
	[30088..30090] : 00;
	30091 : 24;
	[30092..30093] : 49;
	30094 : 92;
	[30095..30101] : FF;
	[30102..30103] : B7;
	[30104..30105] : 00;
	30106 : 20;
	30107 : 40;
	30108 : 60;
	[30109..30113] : 00;
	[30114..30124] : 20;
	[30125..30126] : 00;
	30127 : 60;
	30128 : E4;
	[30129..30130] : C4;
	30131 : A0;
	30132 : 80;
	[30133..30138] : A0;
	[30139..30144] : 00;
	30145 : 40;
	30146 : E4;
	30147 : C4;
	30148 : C0;
	[30149..30152] : A0;
	[30153..30154] : E4;
	30155 : A0;
	[30156..30171] : 00;
	30172 : 20;
	30173 : E0;
	[30174..30175] : A0;
	[30176..30177] : E4;
	30178 : E8;
	30179 : C9;
	30180 : A4;
	[30181..30186] : A0;
	30187 : 60;
	30188 : 40;
	[30189..30192] : 00;
	30193 : 40;
	[30194..30197] : 20;
	[30198..30199] : 00;
	30200 : 60;
	30201 : C8;
	[30202..30203] : E8;
	[30204..30207] : C4;
	30208 : C8;
	[30209..30210] : E4;
	30211 : C0;
	[30212..30215] : A0;
	[30216..30217] : A4;
	30218 : 80;
	[30219..30230] : 00;
	30231 : 40;
	30232 : C4;
	30233 : A0;
	[30234..30235] : 60;
	[30236..30238] : 80;
	30239 : 40;
	[30240..30241] : 00;
	[30242..30243] : 60;
	[30244..30248] : A0;
	[30249..30250] : E4;
	30251 : 60;
	[30252..30260] : 00;
	[30261..30263] : 20;
	30264 : 40;
	[30265..30268] : A0;
	[30269..30272] : C0;
	[30273..30274] : A0;
	30275 : C4;
	[30276..30277] : E4;
	30278 : A4;
	30279 : 40;
	[30280..30281] : 20;
	[30282..30285] : 00;
	[30286..30288] : 40;
	[30289..30304] : 00;
	[30305..30311] : 20;
	[30312..30325] : 00;
	[30326..30327] : 60;
	30328 : A0;
	[30329..30332] : C0;
	30333 : A0;
	[30334..30335] : C0;
	[30336..30337] : A0;
	[30338..30339] : 20;
	[30340..30343] : 00;
	30344 : 40;
	[30345..30352] : A0;
	30353 : C0;
	30354 : A0;
	30355 : 40;
	[30356..30358] : 20;
	[30359..30363] : 00;
	[30364..30368] : 20;
	[30369..30373] : 00;
	30374 : 60;
	30375 : 80;
	[30376..30377] : 20;
	30378 : 00;
	30379 : 6E;
	[30380..30387] : FF;
	[30388..30399] : 49;
	30400 : DB;
	[30401..30407] : FF;
	30408 : 49;
	[30409..30413] : 00;
	30414 : 24;
	[30415..30421] : FF;
	[30422..30423] : DB;
	[30424..30426] : 00;
	[30427..30430] : 20;
	[30431..30432] : 00;
	30433 : 6E;
	[30434..30440] : FF;
	30441 : 92;
	[30442..30447] : 00;
	30448 : DB;
	[30449..30455] : FF;
	[30456..30457] : 24;
	[30458..30461] : 00;
	[30462..30463] : 49;
	30464 : B6;
	30465 : DA;
	30466 : B6;
	[30467..30472] : 00;
	30473 : B7;
	[30474..30480] : FF;
	30481 : 49;
	[30482..30486] : 00;
	30487 : 49;
	[30488..30494] : FF;
	30495 : DB;
	[30496..30497] : 6D;
	[30498..30512] : 49;
	30513 : 48;
	[30514..30515] : 00;
	[30516..30517] : 20;
	30518 : 80;
	[30519..30532] : 00;
	30533 : 60;
	30534 : C0;
	30535 : 40;
	[30536..30537] : 00;
	30538 : 24;
	30539 : DA;
	[30540..30546] : FF;
	30547 : 6D;
	[30548..30558] : 49;
	30559 : 92;
	[30560..30566] : FF;
	30567 : 92;
	[30568..30571] : 00;
	[30572..30573] : 20;
	[30574..30577] : 00;
	30578 : 6D;
	[30579..30595] : FF;
	[30596..30597] : 6D;
	[30598..30600] : 00;
	[30601..30603] : 20;
	[30604..30606] : 00;
	30607 : 6D;
	[30608..30614] : FF;
	30615 : B6;
	[30616..30631] : 49;
	30632 : 25;
	[30633..30638] : 00;
	30639 : 48;
	[30640..30646] : FF;
	30647 : DB;
	[30648..30651] : 00;
	30652 : 48;
	30653 : 24;
	30654 : 92;
	[30655..30661] : FF;
	[30662..30663] : DB;
	[30664..30665] : 49;
	30666 : 24;
	[30667..30668] : 00;
	[30669..30670] : 80;
	[30671..30673] : 00;
	[30674..30680] : 20;
	[30681..30684] : 00;
	[30685..30686] : 20;
	30687 : 60;
	[30688..30690] : C0;
	[30691..30695] : A0;
	[30696..30698] : 80;
	[30699..30701] : 00;
	[30702..30704] : 20;
	30705 : 60;
	[30706..30708] : C0;
	[30709..30712] : A0;
	30713 : C0;
	30714 : A0;
	30715 : 80;
	[30716..30730] : 00;
	30731 : 20;
	30732 : 40;
	30733 : C0;
	[30734..30735] : A0;
	[30736..30737] : C4;
	30738 : E8;
	30739 : C8;
	30740 : C4;
	[30741..30746] : A0;
	30747 : 40;
	30748 : 20;
	[30749..30752] : 00;
	[30753..30754] : 20;
	[30755..30760] : 00;
	30761 : 60;
	[30762..30763] : A4;
	[30764..30766] : C0;
	30767 : A0;
	30768 : C0;
	[30769..30770] : E4;
	30771 : C0;
	[30772..30777] : A0;
	30778 : 80;
	30779 : 40;
	30780 : 20;
	[30781..30790] : 00;
	30791 : 20;
	[30792..30793] : A0;
	[30794..30798] : 80;
	30799 : 40;
	[30800..30801] : 00;
	[30802..30803] : 60;
	[30804..30808] : A0;
	[30809..30810] : E4;
	30811 : 60;
	[30812..30820] : 00;
	[30821..30823] : 20;
	30824 : 40;
	[30825..30828] : A0;
	[30829..30832] : C0;
	[30833..30834] : A0;
	30835 : C4;
	[30836..30837] : E4;
	30838 : A4;
	30839 : 40;
	[30840..30841] : 20;
	[30842..30845] : 00;
	[30846..30848] : 40;
	[30849..30864] : 00;
	[30865..30871] : 20;
	[30872..30885] : 00;
	[30886..30887] : 60;
	30888 : A0;
	[30889..30892] : C0;
	30893 : A0;
	[30894..30895] : C0;
	[30896..30897] : A0;
	[30898..30899] : 20;
	[30900..30903] : 00;
	30904 : 40;
	[30905..30912] : A0;
	30913 : C0;
	30914 : A0;
	30915 : 40;
	[30916..30918] : 20;
	[30919..30923] : 00;
	[30924..30928] : 20;
	[30929..30933] : 00;
	30934 : 60;
	30935 : 80;
	[30936..30937] : 20;
	30938 : 00;
	30939 : 6E;
	[30940..30947] : FF;
	[30948..30959] : 49;
	30960 : DB;
	[30961..30967] : FF;
	30968 : 49;
	[30969..30973] : 00;
	30974 : 24;
	[30975..30981] : FF;
	[30982..30983] : DB;
	[30984..30986] : 00;
	[30987..30990] : 20;
	[30991..30992] : 00;
	30993 : 6E;
	[30994..31000] : FF;
	31001 : 92;
	[31002..31007] : 00;
	31008 : DB;
	[31009..31015] : FF;
	[31016..31017] : 24;
	[31018..31021] : 00;
	[31022..31023] : 49;
	31024 : B6;
	31025 : DA;
	31026 : B6;
	[31027..31032] : 00;
	31033 : B7;
	[31034..31040] : FF;
	31041 : 49;
	[31042..31046] : 00;
	31047 : 49;
	[31048..31054] : FF;
	31055 : DB;
	[31056..31057] : 6D;
	[31058..31072] : 49;
	31073 : 48;
	[31074..31075] : 00;
	[31076..31077] : 20;
	31078 : 80;
	[31079..31092] : 00;
	31093 : 60;
	31094 : C0;
	31095 : 40;
	[31096..31097] : 00;
	31098 : 24;
	31099 : DA;
	[31100..31106] : FF;
	31107 : 6D;
	[31108..31118] : 49;
	31119 : 92;
	[31120..31126] : FF;
	31127 : 92;
	[31128..31131] : 00;
	[31132..31133] : 20;
	[31134..31137] : 00;
	31138 : 6D;
	[31139..31155] : FF;
	[31156..31157] : 6D;
	[31158..31160] : 00;
	[31161..31163] : 20;
	[31164..31166] : 00;
	31167 : 6D;
	[31168..31174] : FF;
	31175 : B6;
	[31176..31191] : 49;
	31192 : 25;
	[31193..31198] : 00;
	31199 : 48;
	[31200..31206] : FF;
	31207 : DB;
	[31208..31211] : 00;
	31212 : 48;
	31213 : 24;
	31214 : 92;
	[31215..31221] : FF;
	[31222..31223] : DB;
	[31224..31225] : 49;
	31226 : 24;
	[31227..31228] : 00;
	[31229..31230] : 80;
	[31231..31233] : 00;
	[31234..31240] : 20;
	[31241..31244] : 00;
	[31245..31246] : 20;
	31247 : 60;
	[31248..31250] : C0;
	[31251..31255] : A0;
	[31256..31258] : 80;
	[31259..31261] : 00;
	[31262..31264] : 20;
	31265 : 60;
	[31266..31268] : C0;
	[31269..31272] : A0;
	31273 : C0;
	31274 : A0;
	31275 : 80;
	[31276..31290] : 00;
	31291 : 20;
	31292 : 40;
	31293 : C0;
	[31294..31295] : A0;
	[31296..31297] : C4;
	31298 : E8;
	31299 : C8;
	31300 : C4;
	[31301..31306] : A0;
	31307 : 40;
	31308 : 20;
	[31309..31312] : 00;
	[31313..31314] : 20;
	[31315..31320] : 00;
	31321 : 60;
	[31322..31323] : A4;
	[31324..31326] : C0;
	31327 : A0;
	31328 : C0;
	[31329..31330] : E4;
	31331 : C0;
	[31332..31337] : A0;
	31338 : 80;
	31339 : 40;
	31340 : 20;
	[31341..31350] : 00;
	31351 : 20;
	[31352..31353] : A0;
	[31354..31358] : 80;
	31359 : 40;
	[31360..31361] : 00;
	[31362..31363] : 60;
	[31364..31365] : A0;
	[31366..31367] : 80;
	31368 : A0;
	[31369..31370] : C4;
	31371 : 40;
	[31372..31380] : 00;
	[31381..31383] : 60;
	31384 : 80;
	[31385..31401] : A0;
	[31402..31403] : 40;
	[31404..31405] : 00;
	[31406..31408] : 20;
	[31409..31423] : 00;
	31424 : 20;
	31425 : 80;
	[31426..31430] : A0;
	31431 : 60;
	[31432..31447] : 00;
	31448 : 40;
	[31449..31459] : A0;
	31460 : 20;
	[31461..31464] : 00;
	[31465..31466] : 20;
	31467 : 60;
	[31468..31474] : A0;
	[31475..31477] : C4;
	31478 : 80;
	[31479..31483] : 00;
	[31484..31488] : 20;
	[31489..31493] : 00;
	31494 : 60;
	31495 : 80;
	[31496..31497] : 20;
	31498 : 00;
	31499 : 6E;
	[31500..31507] : FF;
	[31508..31519] : DB;
	[31520..31527] : FF;
	31528 : 49;
	[31529..31533] : 00;
	31534 : 24;
	[31535..31541] : FF;
	[31542..31543] : DB;
	[31544..31545] : 00;
	31546 : 40;
	31547 : 80;
	31548 : A0;
	[31549..31550] : 80;
	[31551..31552] : 00;
	31553 : 6E;
	[31554..31560] : FF;
	31561 : 92;
	[31562..31567] : 00;
	31568 : DB;
	[31569..31575] : FF;
	[31576..31577] : 24;
	[31578..31583] : 00;
	[31584..31586] : 24;
	31587 : 00;
	31588 : 20;
	[31589..31590] : 40;
	[31591..31592] : 00;
	31593 : B7;
	[31594..31600] : FF;
	31601 : 49;
	[31602..31606] : 00;
	31607 : 49;
	[31608..31617] : FF;
	[31618..31633] : DB;
	31634 : 6D;
	31635 : 00;
	[31636..31637] : 20;
	31638 : A0;
	[31639..31652] : 00;
	31653 : 60;
	31654 : C0;
	31655 : 40;
	[31656..31657] : 00;
	31658 : 24;
	31659 : DA;
	[31660..31666] : FF;
	[31667..31678] : DB;
	[31679..31686] : FF;
	31687 : 92;
	[31688..31690] : 00;
	31691 : 20;
	[31692..31693] : 80;
	31694 : 40;
	[31695..31697] : 00;
	31698 : 49;
	[31699..31715] : FF;
	[31716..31717] : 49;
	[31718..31719] : 00;
	31720 : 40;
	31721 : 80;
	[31722..31723] : A0;
	31724 : 40;
	[31725..31726] : 00;
	31727 : 6D;
	[31728..31735] : FF;
	[31736..31752] : DB;
	31753 : 24;
	[31754..31758] : 00;
	31759 : 48;
	[31760..31766] : FF;
	31767 : DB;
	[31768..31773] : 00;
	31774 : 6D;
	[31775..31777] : DB;
	[31778..31783] : FF;
	[31784..31785] : DB;
	31786 : 6D;
	[31787..31788] : 00;
	[31789..31790] : A0;
	31791 : 60;
	[31792..31794] : 00;
	[31795..31800] : 20;
	[31801..31804] : 00;
	31805 : 80;
	31806 : C4;
	[31807..31814] : A0;
	31815 : 60;
	[31816..31817] : 00;
	31818 : 20;
	[31819..31821] : 00;
	[31822..31832] : A0;
	31833 : 60;
	31834 : 20;
	[31835..31848] : 00;
	[31849..31850] : 40;
	[31851..31852] : A0;
	31853 : C0;
	[31854..31855] : A0;
	[31856..31860] : C4;
	31861 : C0;
	[31862..31867] : A0;
	31868 : 80;
	[31869..31870] : 20;
	[31871..31881] : 00;
	[31882..31883] : 20;
	31884 : 80;
	[31885..31888] : A0;
	[31889..31890] : C0;
	[31891..31898] : A0;
	31899 : 80;
	31900 : A0;
	31901 : 20;
	[31902..31911] : 00;
	[31912..31914] : 80;
	[31915..31918] : A0;
	31919 : 40;
	[31920..31921] : 00;
	[31922..31923] : 60;
	[31924..31925] : A0;
	[31926..31927] : 60;
	31928 : A0;
	[31929..31930] : C4;
	31931 : 40;
	[31932..31940] : 00;
	[31941..31943] : 60;
	31944 : 80;
	[31945..31958] : A0;
	31959 : C0;
	31960 : C4;
	31961 : 80;
	[31962..31963] : 20;
	[31964..31966] : 00;
	[31967..31970] : 20;
	[31971..31983] : 00;
	31984 : 44;
	31985 : EC;
	31986 : ED;
	31987 : C8;
	31988 : C0;
	[31989..31990] : A0;
	31991 : 80;
	[31992..32007] : 00;
	32008 : 40;
	[32009..32010] : C0;
	[32011..32017] : A0;
	32018 : E4;
	32019 : E0;
	32020 : 20;
	[32021..32026] : 00;
	32027 : 40;
	[32028..32034] : A0;
	[32035..32037] : E4;
	32038 : 84;
	[32039..32043] : 00;
	[32044..32048] : 20;
	[32049..32053] : 00;
	32054 : 60;
	32055 : 80;
	[32056..32057] : 20;
	32058 : 00;
	32059 : 92;
	[32060..32087] : FF;
	32088 : 49;
	[32089..32093] : 00;
	32094 : 24;
	[32095..32101] : FF;
	[32102..32103] : DB;
	[32104..32105] : 00;
	32106 : 40;
	32107 : C0;
	32108 : C4;
	[32109..32110] : A4;
	[32111..32112] : 00;
	32113 : 6E;
	[32114..32120] : FF;
	32121 : 92;
	[32122..32127] : 00;
	32128 : DB;
	[32129..32135] : FF;
	[32136..32137] : 24;
	[32138..32147] : 00;
	32148 : 20;
	[32149..32150] : 40;
	[32151..32152] : 00;
	32153 : B7;
	[32154..32160] : FF;
	32161 : 49;
	[32162..32166] : 00;
	32167 : 49;
	[32168..32193] : FF;
	32194 : 6D;
	32195 : 00;
	[32196..32197] : 20;
	32198 : A0;
	[32199..32212] : 00;
	32213 : 60;
	32214 : C0;
	32215 : 40;
	[32216..32217] : 00;
	32218 : 24;
	32219 : DA;
	[32220..32246] : FF;
	32247 : 92;
	[32248..32250] : 00;
	32251 : 40;
	[32252..32253] : C4;
	32254 : 40;
	[32255..32257] : 00;
	32258 : 24;
	32259 : DB;
	[32260..32274] : FF;
	32275 : DB;
	[32276..32277] : 24;
	[32278..32279] : 00;
	32280 : 40;
	[32281..32283] : C4;
	32284 : 40;
	[32285..32286] : 00;
	32287 : 6D;
	[32288..32312] : FF;
	32313 : 24;
	[32314..32318] : 00;
	32319 : 48;
	[32320..32326] : FF;
	32327 : DB;
	[32328..32333] : 00;
	32334 : 49;
	[32335..32337] : DB;
	[32338..32345] : FF;
	32346 : 92;
	[32347..32348] : 00;
	[32349..32350] : A0;
	32351 : 60;
	[32352..32354] : 00;
	[32355..32360] : 20;
	[32361..32364] : 00;
	32365 : A4;
	32366 : E4;
	32367 : C0;
	32368 : 80;
	[32369..32374] : A0;
	32375 : 60;
	[32376..32381] : 00;
	[32382..32383] : C0;
	32384 : E4;
	32385 : C0;
	32386 : A0;
	32387 : 80;
	[32388..32392] : A0;
	32393 : 60;
	[32394..32408] : 00;
	[32409..32410] : 60;
	[32411..32412] : C0;
	[32413..32415] : A0;
	[32416..32417] : C0;
	[32418..32420] : C4;
	32421 : C0;
	[32422..32428] : A0;
	[32429..32430] : 60;
	32431 : 20;
	[32432..32443] : 00;
	32444 : 80;
	[32445..32455] : A0;
	[32456..32457] : 80;
	[32458..32460] : A0;
	32461 : 20;
	[32462..32471] : 00;
	[32472..32478] : A0;
	32479 : 40;
	[32480..32481] : 00;
	[32482..32483] : 40;
	[32484..32485] : A0;
	[32486..32487] : 80;
	32488 : A0;
	[32489..32490] : C0;
	32491 : 40;
	[32492..32500] : 00;
	[32501..32503] : 60;
	[32504..32505] : 80;
	[32506..32520] : A0;
	[32521..32523] : 60;
	32524 : 84;
	32525 : 60;
	32526 : 20;
	[32527..32532] : 00;
	32533 : 60;
	[32534..32539] : 84;
	32540 : 80;
	[32541..32543] : 60;
	32544 : A4;
	[32545..32546] : ED;
	32547 : C4;
	[32548..32551] : A0;
	32552 : 60;
	[32553..32568] : 00;
	[32569..32571] : 40;
	32572 : 80;
	[32573..32574] : A0;
	[32575..32577] : 80;
	[32578..32579] : A0;
	[32580..32581] : 40;
	[32582..32583] : 20;
	[32584..32587] : 00;
	32588 : 40;
	[32589..32590] : 80;
	32591 : A0;
	32592 : 80;
	[32593..32597] : A0;
	32598 : 80;
	[32599..32600] : 40;
	32601 : 20;
	[32602..32605] : 00;
	[32606..32608] : 20;
	[32609..32613] : 00;
	32614 : 60;
	32615 : 80;
	[32616..32617] : 20;
	32618 : 00;
	32619 : 45;
	32620 : B6;
	32621 : 92;
	[32622..32623] : D7;
	[32624..32647] : FF;
	32648 : 25;
	[32649..32653] : 00;
	32654 : 24;
	[32655..32661] : FF;
	[32662..32663] : B7;
	[32664..32665] : 00;
	32666 : 40;
	32667 : A0;
	[32668..32670] : 40;
	[32671..32672] : 00;
	32673 : 6D;
	[32674..32680] : FF;
	32681 : 92;
	[32682..32687] : 00;
	32688 : DB;
	[32689..32695] : FF;
	[32696..32697] : 24;
	32698 : 00;
	32699 : 20;
	32700 : 60;
	32701 : 80;
	[32702..32703] : 60;
	[32704..32706] : 40;
	32707 : 80;
	32708 : A0;
	[32709..32710] : 60;
	[32711..32712] : 00;
	32713 : B7;
	[32714..32720] : FF;
	32721 : 49;
	[32722..32726] : 00;
	32727 : 24;
	32728 : DB;
	[32729..32753] : FF;
	32754 : 6D;
	32755 : 00;
	[32756..32757] : 20;
	32758 : A0;
	32759 : 20;
	[32760..32772] : 00;
	32773 : 60;
	32774 : C0;
	32775 : 40;
	[32776..32777] : 00;
	32778 : 24;
	32779 : 92;
	[32780..32781] : B6;
	[32782..32783] : DB;
	[32784..32803] : FF;
	32804 : DB;
	[32805..32806] : 92;
	32807 : 49;
	[32808..32810] : 00;
	32811 : 20;
	[32812..32813] : 80;
	32814 : 40;
	32815 : 20;
	[32816..32817] : 40;
	32818 : 20;
	32819 : 6D;
	[32820..32821] : 92;
	[32822..32823] : DB;
	[32824..32832] : FF;
	[32833..32834] : 92;
	32835 : 6D;
	[32836..32837] : 20;
	[32838..32840] : 40;
	32841 : 80;
	[32842..32843] : C4;
	32844 : 40;
	[32845..32846] : 00;
	32847 : 6D;
	[32848..32872] : FF;
	32873 : 48;
	[32874..32878] : 00;
	32879 : 48;
	[32880..32886] : FF;
	32887 : DB;
	[32888..32891] : 00;
	[32892..32893] : 20;
	32894 : 44;
	[32895..32897] : 6D;
	32898 : B7;
	[32899..32905] : FF;
	32906 : 92;
	[32907..32908] : 00;
	[32909..32910] : A0;
	32911 : 60;
	[32912..32913] : 00;
	[32914..32918] : 20;
	[32919..32921] : 00;
	[32922..32924] : 60;
	32925 : 80;
	[32926..32927] : A0;
	[32928..32931] : 80;
	32932 : A0;
	32933 : 60;
	32934 : 40;
	[32935..32939] : 00;
	32940 : 20;
	32941 : 60;
	[32942..32946] : A0;
	[32947..32950] : 80;
	[32951..32952] : 40;
	32953 : 20;
	[32954..32968] : 00;
	[32969..32970] : 60;
	32971 : C0;
	32972 : C4;
	[32973..32990] : A0;
	32991 : A4;
	32992 : 84;
	[32993..33000] : 00;
	33001 : 40;
	[33002..33003] : 60;
	[33004..33015] : A0;
	[33016..33017] : 80;
	[33018..33020] : A0;
	33021 : 20;
	[33022..33030] : 00;
	33031 : 20;
	33032 : C4;
	33033 : C0;
	[33034..33035] : A0;
	[33036..33038] : 80;
	33039 : 40;
	[33040..33041] : 00;
	[33042..33043] : 60;
	[33044..33048] : A0;
	[33049..33050] : C4;
	33051 : 60;
	[33052..33060] : 00;
	[33061..33064] : 60;
	33065 : 80;
	[33066..33083] : A0;
	33084 : C4;
	33085 : A0;
	33086 : 20;
	[33087..33092] : 00;
	33093 : C4;
	33094 : E8;
	33095 : E4;
	[33096..33099] : C4;
	[33100..33104] : A0;
	[33105..33106] : E8;
	33107 : C4;
	[33108..33112] : A0;
	[33113..33131] : 00;
	33132 : 40;
	33133 : A0;
	[33134..33140] : 80;
	33141 : A0;
	[33142..33143] : 40;
	[33144..33148] : 00;
	[33149..33150] : 40;
	33151 : A0;
	[33152..33158] : 80;
	33159 : A0;
	33160 : 80;
	33161 : 20;
	[33162..33165] : 00;
	[33166..33168] : 20;
	[33169..33173] : 00;
	[33174..33175] : 80;
	[33176..33177] : 20;
	[33178..33181] : 00;
	[33182..33183] : 49;
	33184 : DB;
	[33185..33199] : FF;
	33200 : FB;
	33201 : DA;
	[33202..33203] : B6;
	33204 : DB;
	[33205..33207] : FF;
	33208 : 25;
	[33209..33213] : 00;
	33214 : 24;
	33215 : DB;
	[33216..33220] : FF;
	33221 : DB;
	[33222..33223] : B7;
	[33224..33225] : 00;
	33226 : 40;
	33227 : 80;
	[33228..33232] : 00;
	33233 : 6D;
	33234 : DB;
	33235 : FF;
	[33236..33237] : FB;
	[33238..33240] : FF;
	33241 : 92;
	[33242..33247] : 00;
	33248 : D7;
	[33249..33255] : FF;
	[33256..33257] : 24;
	33258 : 00;
	33259 : 20;
	33260 : A0;
	33261 : C0;
	[33262..33263] : 80;
	[33264..33266] : 60;
	33267 : C0;
	33268 : C4;
	[33269..33270] : 60;
	[33271..33272] : 00;
	33273 : 92;
	33274 : DB;
	[33275..33280] : FF;
	33281 : 48;
	[33282..33286] : 00;
	33287 : 24;
	33288 : B7;
	[33289..33290] : DB;
	33291 : DA;
	[33292..33313] : FF;
	33314 : 49;
	33315 : 00;
	[33316..33317] : 20;
	33318 : A0;
	33319 : 20;
	[33320..33332] : 00;
	33333 : 60;
	33334 : C0;
	33335 : 40;
	[33336..33340] : 00;
	33341 : 24;
	[33342..33343] : 92;
	[33344..33363] : FF;
	33364 : 49;
	[33365..33370] : 00;
	33371 : 20;
	33372 : 60;
	33373 : 20;
	33374 : 60;
	[33375..33377] : C0;
	33378 : 60;
	[33379..33381] : 00;
	[33382..33383] : 92;
	[33384..33391] : FF;
	33392 : B6;
	[33393..33395] : 00;
	[33396..33397] : 60;
	[33398..33399] : C0;
	33400 : 60;
	33401 : 20;
	[33402..33403] : A0;
	33404 : 40;
	[33405..33406] : 00;
	33407 : 6D;
	33408 : DB;
	[33409..33432] : FF;
	33433 : 48;
	[33434..33438] : 00;
	33439 : 48;
	[33440..33445] : FF;
	33446 : DB;
	33447 : B6;
	[33448..33450] : 00;
	33451 : 60;
	[33452..33453] : C0;
	33454 : 60;
	[33455..33457] : 00;
	33458 : 49;
	[33459..33461] : DB;
	[33462..33465] : FF;
	33466 : 92;
	[33467..33468] : 00;
	[33469..33470] : A0;
	33471 : 60;
	[33472..33475] : 00;
	[33476..33478] : 20;
	[33479..33481] : 00;
	[33482..33484] : A0;
	[33485..33491] : 80;
	33492 : A0;
	33493 : 20;
	[33494..33499] : 00;
	33500 : 60;
	[33501..33507] : 80;
	33508 : A0;
	[33509..33510] : 80;
	[33511..33528] : 00;
	[33529..33530] : 60;
	33531 : C0;
	33532 : C4;
	[33533..33548] : A0;
	[33549..33550] : C0;
	33551 : C4;
	33552 : 80;
	[33553..33559] : 00;
	33560 : 20;
	33561 : 80;
	[33562..33563] : C0;
	[33564..33574] : A0;
	33575 : 80;
	[33576..33577] : 60;
	[33578..33580] : A0;
	33581 : 20;
	[33582..33590] : 00;
	33591 : 40;
	33592 : E4;
	33593 : C0;
	[33594..33595] : A0;
	[33596..33597] : 80;
	33598 : A0;
	33599 : 40;
	[33600..33601] : 00;
	[33602..33603] : 60;
	[33604..33608] : A0;
	[33609..33610] : C4;
	33611 : 40;
	[33612..33620] : 00;
	33621 : 60;
	[33622..33623] : 80;
	33624 : 60;
	33625 : 80;
	[33626..33640] : A0;
	33641 : 80;
	[33642..33643] : 60;
	33644 : 20;
	[33645..33652] : 00;
	33653 : A4;
	[33654..33659] : C4;
	33660 : C0;
	[33661..33664] : A0;
	[33665..33666] : C0;
	[33667..33671] : A0;
	33672 : 80;
	[33673..33691] : 00;
	33692 : 40;
	[33693..33700] : 80;
	33701 : A0;
	[33702..33703] : 40;
	[33704..33708] : 00;
	[33709..33710] : 20;
	[33711..33714] : 80;
	[33715..33717] : A0;
	[33718..33720] : 80;
	33721 : 40;
	[33722..33733] : 00;
	33734 : 60;
	33735 : 80;
	[33736..33737] : 20;
	[33738..33741] : 00;
	[33742..33743] : 49;
	33744 : DB;
	[33745..33760] : FF;
	[33761..33763] : B6;
	33764 : B7;
	[33765..33767] : FF;
	33768 : 25;
	[33769..33773] : 00;
	33774 : 24;
	[33775..33781] : DB;
	[33782..33783] : B6;
	[33784..33785] : 00;
	33786 : 40;
	33787 : 80;
	[33788..33792] : 00;
	33793 : 6D;
	[33794..33797] : DB;
	[33798..33800] : FF;
	33801 : 92;
	[33802..33807] : 00;
	33808 : B7;
	[33809..33812] : DB;
	[33813..33815] : FF;
	[33816..33817] : 24;
	33818 : 00;
	33819 : 20;
	33820 : A0;
	33821 : C4;
	[33822..33823] : A0;
	[33824..33825] : 60;
	33826 : 80;
	33827 : C0;
	33828 : C4;
	[33829..33830] : 80;
	[33831..33832] : 00;
	33833 : 92;
	[33834..33837] : DB;
	[33838..33839] : FF;
	33840 : DB;
	33841 : 24;
	[33842..33846] : 00;
	33847 : 24;
	33848 : B6;
	[33849..33851] : DB;
	[33852..33873] : FF;
	33874 : 6D;
	33875 : 00;
	[33876..33877] : 20;
	33878 : A0;
	33879 : 20;
	[33880..33892] : 00;
	33893 : 60;
	33894 : C0;
	33895 : 40;
	[33896..33901] : 00;
	[33902..33903] : 92;
	[33904..33923] : FF;
	33924 : 49;
	[33925..33931] : 00;
	33932 : 60;
	33933 : 40;
	33934 : 60;
	33935 : A0;
	[33936..33937] : C0;
	33938 : 60;
	[33939..33941] : 00;
	[33942..33943] : 92;
	[33944..33945] : DB;
	[33946..33948] : FF;
	[33949..33950] : DB;
	33951 : FF;
	33952 : B6;
	[33953..33955] : 00;
	[33956..33957] : 60;
	33958 : A4;
	33959 : A0;
	33960 : 40;
	33961 : 20;
	[33962..33963] : A0;
	33964 : 40;
	[33965..33966] : 00;
	33967 : 6D;
	[33968..33970] : DB;
	[33971..33992] : FF;
	33993 : 48;
	[33994..33998] : 00;
	33999 : 48;
	[34000..34004] : FF;
	34005 : DB;
	34006 : FF;
	34007 : B6;
	[34008..34010] : 00;
	34011 : 40;
	[34012..34013] : A0;
	34014 : 60;
	[34015..34017] : 00;
	34018 : 49;
	[34019..34021] : DB;
	[34022..34025] : FF;
	34026 : 92;
	[34027..34028] : 00;
	[34029..34030] : A0;
	34031 : 60;
	[34032..34033] : 00;
	[34034..34035] : 20;
	[34036..34040] : 00;
	34041 : 20;
	[34042..34052] : 80;
	34053 : 20;
	[34054..34058] : 00;
	34059 : 20;
	34060 : 60;
	[34061..34064] : A0;
	[34065..34070] : 80;
	[34071..34088] : 00;
	[34089..34090] : 60;
	34091 : C0;
	34092 : C4;
	[34093..34110] : A0;
	34111 : 20;
	[34112..34119] : 00;
	34120 : 80;
	[34121..34123] : C4;
	[34124..34134] : A0;
	34135 : 80;
	[34136..34137] : 60;
	[34138..34140] : A0;
	34141 : 20;
	[34142..34150] : 00;
	34151 : 20;
	34152 : C4;
	34153 : C0;
	[34154..34158] : A0;
	34159 : 40;
	[34160..34161] : 00;
	[34162..34163] : 60;
	[34164..34166] : A0;
	34167 : 80;
	[34168..34170] : C0;
	34171 : 20;
	[34172..34180] : 00;
	34181 : 60;
	[34182..34183] : 80;
	[34184..34185] : 60;
	[34186..34187] : 80;
	[34188..34199] : A0;
	34200 : 80;
	34201 : 20;
	[34202..34212] : 00;
	[34213..34215] : 40;
	[34216..34217] : 80;
	[34218..34219] : C4;
	[34220..34231] : A0;
	34232 : 80;
	[34233..34251] : 00;
	34252 : 20;
	34253 : 40;
	34254 : 60;
	[34255..34261] : 80;
	[34262..34263] : 60;
	[34264..34265] : 40;
	[34266..34270] : 00;
	34271 : 40;
	34272 : 60;
	[34273..34275] : 80;
	[34276..34280] : A0;
	34281 : 80;
	[34282..34283] : 60;
	[34284..34293] : 00;
	34294 : 20;
	[34295..34299] : 60;
	[34300..34301] : 00;
	[34302..34303] : 24;
	34304 : 92;
	34305 : B6;
	[34306..34319] : 92;
	[34320..34324] : 6D;
	[34325..34327] : 92;
	34328 : 24;
	[34329..34333] : 00;
	34334 : 24;
	[34335..34338] : 92;
	[34339..34343] : 6D;
	[34344..34345] : 00;
	34346 : 40;
	34347 : A0;
	[34348..34352] : 00;
	34353 : 25;
	[34354..34355] : 6D;
	[34356..34360] : 92;
	34361 : 49;
	[34362..34367] : 00;
	[34368..34371] : 6D;
	[34372..34375] : 92;
	[34376..34378] : 00;
	34379 : 20;
	[34380..34381] : C0;
	[34382..34383] : 40;
	[34384..34386] : 20;
	34387 : 60;
	34388 : C0;
	[34389..34390] : 60;
	[34391..34392] : 00;
	34393 : 49;
	[34394..34397] : 6D;
	[34398..34400] : 92;
	34401 : 24;
	[34402..34406] : 00;
	34407 : 24;
	[34408..34411] : 6D;
	[34412..34433] : 92;
	34434 : 25;
	34435 : 00;
	[34436..34437] : 20;
	34438 : A0;
	34439 : 20;
	[34440..34452] : 00;
	34453 : 20;
	34454 : 40;
	[34455..34458] : 60;
	[34459..34461] : 00;
	[34462..34463] : 49;
	[34464..34483] : 92;
	34484 : 44;
	[34485..34486] : 20;
	34487 : 40;
	[34488..34490] : 60;
	[34491..34492] : 40;
	[34493..34494] : 20;
	34495 : 40;
	[34496..34499] : 60;
	34500 : 20;
	34501 : 00;
	[34502..34503] : 49;
	[34504..34505] : 6D;
	[34506..34510] : 92;
	34511 : 91;
	34512 : 6D;
	34513 : 00;
	34514 : 20;
	34515 : 60;
	[34516..34517] : A0;
	34518 : C4;
	34519 : 40;
	[34520..34521] : 20;
	[34522..34523] : A0;
	34524 : 40;
	[34525..34526] : 00;
	34527 : 49;
	[34528..34530] : 91;
	[34531..34545] : 92;
	34546 : 96;
	[34547..34552] : 92;
	[34553..34558] : 00;
	34559 : 24;
	34560 : B6;
	[34561..34564] : 92;
	[34565..34567] : 6D;
	[34568..34570] : 00;
	34571 : 20;
	[34572..34574] : 40;
	[34575..34577] : 00;
	34578 : 24;
	[34579..34581] : 6D;
	[34582..34585] : 92;
	34586 : 49;
	[34587..34588] : 00;
	[34589..34590] : A0;
	34591 : 60;
	[34592..34593] : 00;
	[34594..34595] : 20;
	[34596..34598] : 00;
	34599 : 20;
	[34600..34601] : 60;
	[34602..34603] : A0;
	[34604..34608] : 80;
	[34609..34610] : A0;
	34611 : 40;
	34612 : 20;
	[34613..34617] : 00;
	[34618..34619] : 60;
	34620 : 80;
	[34621..34627] : A0;
	34628 : 60;
	[34629..34630] : 40;
	[34631..34639] : 00;
	34640 : 20;
	[34641..34648] : 00;
	[34649..34650] : 60;
	34651 : C0;
	34652 : C4;
	[34653..34665] : A0;
	[34666..34668] : 80;
	[34669..34670] : 20;
	[34671..34679] : 00;
	34680 : 20;
	34681 : 60;
	[34682..34693] : A0;
	[34694..34695] : 80;
	[34696..34697] : 60;
	34698 : 80;
	[34699..34700] : A0;
	34701 : 20;
	[34702..34710] : 00;
	34711 : 20;
	34712 : C4;
	34713 : C0;
	[34714..34718] : A0;
	34719 : 40;
	[34720..34721] : 00;
	[34722..34723] : 60;
	[34724..34726] : A0;
	34727 : 80;
	34728 : C0;
	[34729..34730] : A0;
	34731 : 20;
	[34732..34740] : 00;
	[34741..34746] : 60;
	34747 : 80;
	[34748..34758] : A0;
	34759 : 40;
	34760 : 20;
	[34761..34775] : 00;
	[34776..34777] : 60;
	[34778..34779] : C4;
	[34780..34791] : A0;
	34792 : 80;
	[34793..34813] : 00;
	34814 : 40;
	[34815..34824] : A0;
	34825 : 80;
	[34826..34831] : 00;
	34832 : 40;
	[34833..34843] : A0;
	34844 : 20;
	[34845..34854] : 00;
	34855 : 20;
	[34856..34857] : A0;
	34858 : C4;
	34859 : A0;
	[34860..34905] : 00;
	34906 : 40;
	34907 : 80;
	[34908..34938] : 00;
	34939 : 20;
	[34940..34941] : A0;
	[34942..34946] : 00;
	34947 : 40;
	34948 : A0;
	[34949..34950] : 60;
	[34951..34995] : 00;
	[34996..34997] : 20;
	34998 : A0;
	34999 : 20;
	[35000..35014] : 00;
	35015 : 80;
	[35016..35017] : E4;
	35018 : C4;
	35019 : 40;
	[35020..35043] : 00;
	35044 : 20;
	35045 : 60;
	35046 : 40;
	35047 : 80;
	35048 : C4;
	[35049..35050] : E4;
	35051 : 80;
	[35052..35057] : 00;
	35058 : 60;
	35059 : C0;
	35060 : 20;
	[35061..35073] : 00;
	35074 : 40;
	35075 : A0;
	[35076..35077] : C4;
	35078 : A4;
	[35079..35080] : 00;
	35081 : 20;
	[35082..35083] : A0;
	35084 : 40;
	[35085..35133] : 00;
	35134 : 40;
	[35135..35148] : 00;
	[35149..35150] : A0;
	35151 : 60;
	[35152..35158] : 00;
	35159 : 20;
	[35160..35170] : A0;
	35171 : 20;
	[35172..35175] : 00;
	[35176..35177] : 20;
	[35178..35187] : A0;
	35188 : 20;
	[35189..35198] : 00;
	35199 : 20;
	35200 : A8;
	35201 : 84;
	[35202..35203] : 40;
	[35204..35208] : 00;
	[35209..35210] : 40;
	35211 : C0;
	35212 : C4;
	[35213..35225] : A0;
	35226 : 80;
	35227 : 40;
	35228 : 20;
	[35229..35241] : 00;
	[35242..35243] : 20;
	35244 : 80;
	[35245..35253] : A0;
	[35254..35257] : 60;
	[35258..35260] : 80;
	35261 : 20;
	[35262..35270] : 00;
	35271 : 20;
	35272 : C4;
	35273 : C0;
	[35274..35278] : A0;
	35279 : 40;
	[35280..35281] : 00;
	[35282..35283] : 60;
	[35284..35287] : A0;
	35288 : 80;
	[35289..35290] : A0;
	35291 : 40;
	[35292..35300] : 00;
	35301 : 20;
	[35302..35304] : 40;
	[35305..35306] : 60;
	35307 : 80;
	[35308..35318] : A0;
	[35319..35335] : 00;
	[35336..35337] : 40;
	[35338..35352] : A0;
	35353 : 20;
	[35354..35357] : 00;
	35358 : 20;
	35359 : 60;
	35360 : 80;
	35361 : 40;
	[35362..35373] : 00;
	35374 : 20;
	35375 : 40;
	[35376..35384] : 60;
	35385 : 40;
	[35386..35391] : 00;
	35392 : 20;
	[35393..35394] : 60;
	[35395..35397] : 40;
	[35398..35401] : 60;
	[35402..35403] : 40;
	[35404..35406] : 00;
	[35407..35408] : 20;
	[35409..35415] : 00;
	[35416..35417] : 40;
	35418 : 60;
	[35419..35447] : 40;
	[35448..35451] : 00;
	[35452..35464] : 40;
	35465 : 20;
	[35466..35467] : 80;
	[35468..35470] : 00;
	[35471..35483] : 40;
	35484 : 60;
	35485 : 20;
	[35486..35487] : 00;
	[35488..35495] : 40;
	[35496..35498] : 20;
	35499 : 40;
	35500 : C0;
	35501 : A0;
	[35502..35506] : 00;
	35507 : 40;
	35508 : A0;
	[35509..35510] : 80;
	35511 : 20;
	35512 : 00;
	35513 : 20;
	[35514..35524] : 40;
	[35525..35527] : 00;
	[35528..35555] : 40;
	[35556..35557] : 60;
	35558 : C0;
	35559 : 20;
	[35560..35574] : 00;
	35575 : 40;
	[35576..35578] : 60;
	[35579..35580] : 40;
	35581 : 60;
	[35582..35583] : 40;
	[35584..35585] : 20;
	[35586..35603] : 40;
	35604 : 60;
	[35605..35607] : 80;
	[35608..35610] : 60;
	35611 : 40;
	[35612..35617] : 00;
	35618 : 40;
	[35619..35620] : 60;
	[35621..35623] : 40;
	[35624..35625] : 20;
	[35626..35633] : 40;
	35634 : 80;
	35635 : C4;
	[35636..35637] : 80;
	35638 : 40;
	[35639..35640] : 00;
	35641 : 20;
	[35642..35643] : A0;
	35644 : 80;
	[35645..35673] : 40;
	[35674..35678] : 20;
	[35679..35690] : 40;
	35691 : 20;
	[35692..35693] : 00;
	35694 : 60;
	[35695..35708] : 40;
	[35709..35710] : C4;
	35711 : 60;
	[35712..35718] : 00;
	35719 : 20;
	35720 : 40;
	[35721..35725] : 60;
	[35726..35727] : 40;
	[35728..35730] : 60;
	35731 : 20;
	[35732..35737] : 00;
	[35738..35746] : 60;
	35747 : 40;
	[35748..35758] : 00;
	35759 : 40;
	35760 : C4;
	35761 : C0;
	[35762..35763] : 80;
	35764 : 20;
	[35765..35768] : 00;
	[35769..35770] : 40;
	[35771..35785] : A0;
	35786 : 80;
	[35787..35804] : 00;
	35805 : 80;
	[35806..35810] : A0;
	[35811..35813] : 80;
	[35814..35820] : 60;
	[35821..35831] : 00;
	[35832..35838] : A0;
	35839 : 40;
	[35840..35841] : 00;
	[35842..35843] : 60;
	[35844..35847] : A0;
	35848 : 80;
	[35849..35850] : A0;
	35851 : 40;
	[35852..35860] : 00;
	[35861..35864] : 20;
	[35865..35867] : 60;
	35868 : 80;
	[35869..35878] : A0;
	35879 : 20;
	[35880..35895] : 00;
	[35896..35897] : 40;
	35898 : C0;
	[35899..35912] : A0;
	35913 : 20;
	[35914..35917] : 00;
	35918 : 40;
	35919 : C4;
	35920 : E4;
	35921 : 84;
	[35922..35978] : 00;
	35979 : 20;
	[35980..36007] : A0;
	36008 : 20;
	[36009..36011] : 00;
	36012 : A0;
	36013 : C0;
	[36014..36024] : A0;
	36025 : 80;
	[36026..36027] : A0;
	[36028..36030] : 00;
	[36031..36041] : A0;
	[36042..36044] : C0;
	36045 : 40;
	[36046..36047] : 00;
	36048 : 80;
	[36049..36055] : A0;
	[36056..36057] : 80;
	36058 : 60;
	36059 : 80;
	36060 : C4;
	36061 : A0;
	[36062..36066] : 00;
	36067 : 40;
	[36068..36070] : A0;
	[36071..36072] : 40;
	36073 : 60;
	[36074..36075] : C0;
	[36076..36084] : A0;
	[36085..36086] : 00;
	36087 : 20;
	36088 : 80;
	[36089..36117] : A0;
	36118 : C4;
	36119 : 20;
	[36120..36138] : 00;
	36139 : 60;
	36140 : A0;
	36141 : C0;
	[36142..36143] : 80;
	[36144..36145] : 60;
	[36146..36165] : A0;
	36166 : C0;
	36167 : 60;
	[36168..36178] : 00;
	36179 : 20;
	[36180..36181] : A4;
	[36182..36185] : 60;
	[36186..36193] : A0;
	36194 : C0;
	36195 : C4;
	[36196..36197] : 40;
	[36198..36200] : 00;
	36201 : 20;
	[36202..36203] : A0;
	[36204..36205] : C0;
	[36206..36233] : A0;
	[36234..36238] : 60;
	36239 : 80;
	[36240..36250] : A0;
	36251 : 40;
	[36252..36253] : 00;
	36254 : 80;
	[36255..36267] : A0;
	36268 : C0;
	[36269..36270] : C4;
	36271 : 60;
	[36272..36318] : 00;
	36319 : 20;
	[36320..36321] : A0;
	[36322..36323] : 80;
	36324 : 20;
	[36325..36328] : 00;
	[36329..36330] : 40;
	[36331..36332] : 80;
	[36333..36344] : A0;
	36345 : 80;
	36346 : 60;
	[36347..36363] : 00;
	36364 : 60;
	[36365..36370] : A0;
	36371 : 80;
	[36372..36378] : 60;
	[36379..36380] : 40;
	[36381..36391] : 00;
	[36392..36393] : 80;
	[36394..36395] : A0;
	[36396..36397] : 80;
	36398 : A0;
	36399 : 40;
	[36400..36401] : 00;
	[36402..36403] : 60;
	[36404..36407] : A0;
	36408 : 80;
	[36409..36410] : A0;
	36411 : 40;
	[36412..36420] : 00;
	[36421..36424] : 20;
	[36425..36427] : 60;
	36428 : 80;
	[36429..36438] : A0;
	36439 : 20;
	[36440..36455] : 00;
	[36456..36457] : 40;
	36458 : C0;
	[36459..36472] : A0;
	36473 : 20;
	[36474..36477] : 00;
	36478 : 40;
	36479 : C4;
	36480 : E4;
	36481 : 84;
	[36482..36538] : 00;
	36539 : 20;
	[36540..36567] : A0;
	36568 : 20;
	[36569..36571] : 00;
	36572 : A0;
	36573 : C0;
	[36574..36584] : A0;
	36585 : 80;
	[36586..36587] : A0;
	[36588..36590] : 00;
	[36591..36601] : A0;
	[36602..36604] : C0;
	36605 : 40;
	[36606..36607] : 00;
	36608 : 80;
	[36609..36615] : A0;
	[36616..36617] : 80;
	36618 : 60;
	36619 : 80;
	36620 : C4;
	36621 : A0;
	[36622..36626] : 00;
	36627 : 40;
	[36628..36630] : A0;
	[36631..36632] : 40;
	36633 : 60;
	[36634..36635] : C0;
	[36636..36644] : A0;
	[36645..36646] : 00;
	36647 : 20;
	36648 : 80;
	[36649..36677] : A0;
	36678 : C4;
	36679 : 20;
	[36680..36698] : 00;
	36699 : 60;
	36700 : A0;
	36701 : C0;
	[36702..36703] : 80;
	[36704..36705] : 60;
	[36706..36725] : A0;
	36726 : C0;
	36727 : 60;
	[36728..36738] : 00;
	36739 : 20;
	[36740..36741] : A4;
	[36742..36745] : 60;
	[36746..36753] : A0;
	36754 : C0;
	36755 : C4;
	[36756..36757] : 40;
	[36758..36760] : 00;
	36761 : 20;
	[36762..36763] : A0;
	[36764..36765] : C0;
	[36766..36793] : A0;
	[36794..36798] : 60;
	36799 : 80;
	[36800..36810] : A0;
	36811 : 40;
	[36812..36813] : 00;
	36814 : 80;
	[36815..36827] : A0;
	36828 : C0;
	[36829..36830] : C4;
	36831 : 60;
	[36832..36878] : 00;
	36879 : 20;
	[36880..36881] : A0;
	[36882..36883] : 80;
	36884 : 20;
	[36885..36888] : 00;
	[36889..36890] : 40;
	[36891..36892] : 80;
	[36893..36904] : A0;
	36905 : 80;
	36906 : 60;
	[36907..36923] : 00;
	36924 : 60;
	[36925..36930] : A0;
	36931 : 80;
	[36932..36938] : 60;
	[36939..36940] : 40;
	[36941..36951] : 00;
	[36952..36953] : 80;
	[36954..36955] : A0;
	[36956..36957] : 80;
	36958 : A0;
	36959 : 40;
	[36960..36961] : 00;
	[36962..36963] : 60;
	[36964..36965] : A0;
	[36966..36967] : 80;
	36968 : 60;
	[36969..36970] : 80;
	36971 : 20;
	[36972..36981] : 00;
	[36982..36983] : 20;
	36984 : 40;
	36985 : 80;
	[36986..36987] : 60;
	[36988..36990] : 80;
	[36991..37000] : A0;
	37001 : 80;
	[37002..37003] : 20;
	[37004..37014] : 00;
	37015 : 20;
	[37016..37017] : 60;
	37018 : C0;
	[37019..37031] : A0;
	37032 : 80;
	37033 : 20;
	[37034..37037] : 00;
	37038 : 20;
	37039 : 80;
	37040 : A0;
	37041 : 60;
	[37042..37043] : 00;
	37044 : 20;
	[37045..37086] : 00;
	[37087..37092] : 20;
	[37093..37099] : 00;
	[37100..37127] : A0;
	37128 : 20;
	[37129..37131] : 00;
	37132 : 80;
	37133 : C0;
	[37134..37135] : A0;
	[37136..37139] : C0;
	[37140..37147] : A0;
	[37148..37150] : 00;
	[37151..37154] : A0;
	[37155..37158] : C0;
	[37159..37164] : A0;
	37165 : 40;
	[37166..37167] : 00;
	37168 : 60;
	[37169..37175] : A0;
	[37176..37178] : 80;
	37179 : A0;
	37180 : C0;
	37181 : A0;
	[37182..37186] : 00;
	37187 : 20;
	37188 : A0;
	[37189..37190] : 80;
	[37191..37193] : 40;
	37194 : A0;
	[37195..37200] : C0;
	[37201..37204] : A0;
	[37205..37206] : 00;
	37207 : 20;
	37208 : 80;
	[37209..37238] : A0;
	37239 : 20;
	[37240..37258] : 00;
	37259 : 80;
	37260 : C0;
	37261 : A0;
	[37262..37263] : 80;
	[37264..37265] : 60;
	37266 : 80;
	[37267..37280] : A0;
	37281 : 80;
	[37282..37284] : A0;
	[37285..37286] : C0;
	37287 : 60;
	[37288..37299] : 00;
	[37300..37301] : A0;
	[37302..37305] : 60;
	[37306..37308] : A0;
	[37309..37310] : 80;
	[37311..37315] : A0;
	[37316..37317] : 20;
	[37318..37320] : 00;
	37321 : 20;
	[37322..37323] : A0;
	37324 : C0;
	[37325..37352] : A0;
	[37353..37359] : 80;
	[37360..37363] : A0;
	[37364..37367] : C0;
	[37368..37370] : A0;
	37371 : 40;
	[37372..37373] : 00;
	37374 : 80;
	[37375..37378] : C0;
	[37379..37390] : A0;
	37391 : 40;
	[37392..37439] : 00;
	37440 : 60;
	[37441..37443] : 80;
	37444 : 20;
	[37445..37448] : 00;
	[37449..37450] : 20;
	37451 : 60;
	[37452..37453] : 80;
	[37454..37455] : A0;
	[37456..37458] : 80;
	[37459..37467] : A0;
	37468 : 80;
	[37469..37470] : 20;
	[37471..37479] : 00;
	37480 : 20;
	37481 : 80;
	[37482..37490] : A0;
	37491 : 80;
	[37492..37497] : 60;
	[37498..37499] : 40;
	37500 : 20;
	[37501..37511] : 00;
	37512 : 80;
	[37513..37518] : A0;
	37519 : 40;
	[37520..37521] : 00;
	[37522..37523] : 60;
	[37524..37525] : A0;
	[37526..37528] : 80;
	[37529..37530] : A0;
	37531 : 40;
	[37532..37543] : 00;
	37544 : 20;
	37545 : 80;
	[37546..37550] : 60;
	37551 : 80;
	[37552..37561] : A0;
	[37562..37564] : A4;
	37565 : 80;
	37566 : 20;
	[37567..37573] : 00;
	37574 : 40;
	[37575..37591] : A0;
	37592 : 40;
	[37593..37598] : 00;
	[37599..37604] : 20;
	[37605..37645] : 00;
	[37646..37652] : 20;
	[37653..37659] : 00;
	[37660..37687] : 20;
	[37688..37692] : 00;
	[37693..37695] : 20;
	[37696..37698] : 40;
	[37699..37707] : 20;
	[37708..37710] : 00;
	[37711..37714] : 20;
	[37715..37718] : 40;
	[37719..37724] : 20;
	[37725..37728] : 00;
	[37729..37741] : 20;
	[37742..37747] : 00;
	[37748..37750] : 20;
	[37751..37753] : 00;
	37754 : 20;
	[37755..37760] : 40;
	[37761..37764] : 20;
	[37765..37767] : 00;
	[37768..37798] : 20;
	[37799..37818] : 00;
	37819 : 20;
	[37820..37821] : 40;
	[37822..37844] : 20;
	[37845..37846] : 40;
	[37847..37859] : 00;
	[37860..37875] : 20;
	[37876..37881] : 00;
	[37882..37924] : 20;
	[37925..37926] : 40;
	[37927..37930] : 20;
	[37931..37933] : 00;
	37934 : 20;
	[37935..37937] : 40;
	[37938..37948] : 20;
	[37949..37950] : 40;
	[37951..37953] : 00;
	[37954..37955] : 20;
	[37956..37971] : 00;
	[37972..37973] : 20;
	[37974..37999] : 00;
	[38000..38003] : 20;
	[38004..38010] : 00;
	38011 : 20;
	38012 : 60;
	38013 : 80;
	[38014..38015] : A0;
	[38016..38020] : 80;
	[38021..38028] : A0;
	[38029..38030] : 80;
	[38031..38032] : 84;
	[38033..38037] : 00;
	38038 : 20;
	38039 : A0;
	38040 : 80;
	[38041..38050] : A0;
	38051 : 80;
	[38052..38057] : 60;
	38058 : 40;
	[38059..38070] : 00;
	38071 : 20;
	38072 : C4;
	38073 : C0;
	[38074..38075] : A0;
	[38076..38077] : 80;
	38078 : A0;
	38079 : 40;
	[38080..38081] : 00;
	[38082..38083] : 40;
	38084 : A0;
	38085 : 80;
	[38086..38087] : 60;
	38088 : A0;
	[38089..38090] : E4;
	38091 : 60;
	[38092..38104] : 00;
	[38105..38110] : 60;
	38111 : 80;
	[38112..38121] : A0;
	[38122..38124] : C0;
	38125 : A0;
	38126 : 20;
	[38127..38132] : 00;
	38133 : A0;
	38134 : C4;
	38135 : E4;
	[38136..38137] : C0;
	[38138..38151] : A0;
	38152 : 20;
	[38153..38204] : 00;
	[38205..38213] : 20;
	[38214..38421] : 00;
	[38422..38423] : 20;
	38424 : 40;
	38425 : 20;
	[38426..38428] : 00;
	[38429..38431] : 20;
	[38432..38513] : 00;
	[38514..38523] : 20;
	[38524..38530] : 00;
	38531 : 20;
	[38532..38571] : 00;
	38572 : 40;
	38573 : 80;
	[38574..38575] : A0;
	[38576..38580] : 60;
	38581 : 80;
	[38582..38588] : A0;
	[38589..38592] : C4;
	[38593..38597] : 00;
	38598 : 20;
	[38599..38607] : A0;
	38608 : 80;
	[38609..38617] : 60;
	38618 : 40;
	[38619..38630] : 00;
	38631 : 20;
	38632 : C0;
	38633 : A0;
	38634 : 80;
	38635 : A0;
	[38636..38638] : 80;
	38639 : 40;
	[38640..38641] : 00;
	[38642..38643] : 60;
	38644 : A0;
	38645 : 80;
	[38646..38647] : 40;
	38648 : 80;
	[38649..38650] : C0;
	38651 : 40;
	[38652..38664] : 00;
	38665 : 40;
	[38666..38671] : 60;
	[38672..38674] : 80;
	[38675..38681] : A0;
	[38682..38684] : 60;
	38685 : 40;
	[38686..38690] : 00;
	38691 : 20;
	38692 : 60;
	38693 : A0;
	[38694..38695] : C0;
	[38696..38708] : A0;
	[38709..38710] : 60;
	38711 : 40;
	[38712..38764] : 00;
	[38765..38773] : 20;
	[38774..38943] : 00;
	38944 : 20;
	[38945..38946] : 00;
	[38947..38950] : 20;
	[38951..38959] : 00;
	38960 : 20;
	[38961..38981] : 00;
	[38982..38987] : 20;
	38988 : 00;
	[38989..38990] : 20;
	[38991..39073] : 00;
	[39074..39083] : 20;
	[39084..39132] : 00;
	39133 : 40;
	[39134..39138] : 80;
	[39139..39141] : 60;
	[39142..39145] : 80;
	[39146..39148] : A0;
	[39149..39151] : C4;
	39152 : 80;
	[39153..39158] : 00;
	39159 : 40;
	39160 : 80;
	39161 : A0;
	[39162..39163] : C0;
	[39164..39166] : A0;
	[39167..39177] : 60;
	39178 : 20;
	[39179..39190] : 00;
	39191 : 20;
	39192 : C0;
	39193 : A0;
	39194 : 80;
	[39195..39198] : A0;
	39199 : 60;
	[39200..39201] : 00;
	[39202..39203] : 60;
	[39204..39205] : A0;
	[39206..39207] : 60;
	39208 : 80;
	[39209..39210] : A4;
	39211 : 44;
	[39212..39224] : 00;
	39225 : 20;
	[39226..39234] : 60;
	[39235..39238] : 80;
	[39239..39240] : A0;
	39241 : 80;
	[39242..39243] : 40;
	[39244..39250] : 00;
	39251 : 20;
	39252 : 80;
	[39253..39267] : A0;
	39268 : 60;
	[39269..39315] : 00;
	[39316..39319] : 20;
	[39320..39323] : 00;
	[39324..39333] : 20;
	[39334..39633] : 00;
	[39634..39643] : 20;
	[39644..39692] : 00;
	39693 : 20;
	[39694..39698] : 80;
	[39699..39704] : 60;
	39705 : 80;
	[39706..39710] : A0;
	39711 : 80;
	39712 : 20;
	[39713..39719] : 00;
	39720 : 20;
	39721 : 80;
	[39722..39723] : A0;
	[39724..39726] : 80;
	[39727..39735] : 60;
	[39736..39737] : 20;
	[39738..39750] : 00;
	39751 : 20;
	39752 : C0;
	[39753..39758] : A0;
	39759 : 60;
	[39760..39761] : 00;
	[39762..39763] : 60;
	[39764..39768] : A0;
	[39769..39770] : A4;
	39771 : 44;
	[39772..39785] : 00;
	39786 : 20;
	[39787..39794] : 60;
	[39795..39798] : 80;
	[39799..39800] : A0;
	39801 : 80;
	[39802..39803] : 40;
	[39804..39812] : 00;
	39813 : 80;
	[39814..39824] : A0;
	[39825..39826] : 80;
	[39827..39828] : 60;
	[39829..39883] : 00;
	39884 : 20;
	39885 : 00;
	[39886..39898] : 20;
	[39899..40193] : 00;
	[40194..40199] : 20;
	[40200..40253] : 00;
	40254 : 40;
	40255 : 60;
	[40256..40258] : 80;
	[40259..40265] : 60;
	[40266..40268] : 80;
	[40269..40270] : 60;
	40271 : 40;
	[40272..40280] : 00;
	40281 : 40;
	[40282..40283] : A0;
	[40284..40286] : 80;
	[40287..40294] : 60;
	40295 : 20;
	[40296..40310] : 00;
	40311 : 20;
	40312 : C4;
	40313 : C0;
	[40314..40318] : A0;
	40319 : 40;
	[40320..40321] : 00;
	[40322..40323] : 60;
	[40324..40328] : A0;
	[40329..40330] : C0;
	40331 : 40;
	[40332..40346] : 00;
	40347 : 20;
	[40348..40365] : 60;
	[40366..40373] : 00;
	40374 : 60;
	[40375..40381] : 80;
	[40382..40386] : 60;
	40387 : 20;
	[40388..40397] : 00;
	40398 : 20;
	[40399..40403] : 80;
	40404 : A0;
	40405 : A4;
	40406 : 60;
	40407 : 40;
	[40408..40445] : 00;
	[40446..40458] : 20;
	[40459..40794] : 00;
	40795 : 20;
	[40796..40798] : A4;
	40799 : A0;
	[40800..40801] : 60;
	[40802..40803] : 40;
	[40804..40815] : 00;
	[40816..40817] : 40;
	40818 : 80;
	[40819..40831] : 60;
	40832 : 40;
	[40833..40837] : 00;
	40838 : 20;
	[40839..40853] : 60;
	40854 : 20;
	[40855..40870] : 00;
	40871 : 20;
	40872 : C4;
	40873 : C0;
	[40874..40878] : A0;
	40879 : 40;
	[40880..40881] : 00;
	[40882..40883] : 60;
	[40884..40888] : A0;
	[40889..40890] : C0;
	40891 : 40;
	[40892..40907] : 00;
	40908 : 20;
	[40909..40921] : 60;
	[40922..40925] : 80;
	40926 : 20;
	[40927..40930] : 00;
	40931 : 20;
	40932 : 40;
	40933 : 60;
	[40934..40937] : 80;
	[40938..40946] : 60;
	40947 : 20;
	[40948..40957] : 00;
	40958 : 20;
	40959 : 80;
	[40960..40965] : A0;
	40966 : 80;
	40967 : 60;
	40968 : 20;
	[40969..41005] : 00;
	[41006..41007] : 20;
	[41008..41015] : 00;
	[41016..41017] : 20;
	[41018..41019] : 00;
	[41020..41026] : 20;
	[41027..41291] : 00;
	[41292..41308] : 20;
	[41309..41354] : 00;
	41355 : 20;
	[41356..41361] : A0;
	[41362..41363] : 80;
	41364 : 20;
	[41365..41375] : 00;
	[41376..41377] : 40;
	[41378..41392] : 60;
	41393 : 20;
	[41394..41397] : 00;
	41398 : 40;
	41399 : A0;
	[41400..41412] : 60;
	41413 : 20;
	[41414..41430] : 00;
	41431 : 20;
	41432 : C4;
	41433 : C0;
	[41434..41438] : A0;
	41439 : 40;
	[41440..41441] : 00;
	[41442..41443] : 60;
	[41444..41448] : A0;
	[41449..41450] : C0;
	41451 : 40;
	[41452..41468] : 00;
	[41469..41470] : 20;
	41471 : 40;
	[41472..41481] : 60;
	[41482..41484] : 80;
	41485 : 60;
	[41486..41488] : 00;
	[41489..41490] : 20;
	41491 : 60;
	[41492..41497] : 80;
	[41498..41504] : 60;
	41505 : 40;
	41506 : 20;
	[41507..41518] : 00;
	[41519..41520] : 40;
	41521 : 60;
	[41522..41525] : 80;
	41526 : 40;
	41527 : 20;
	[41528..41531] : 00;
	41532 : 20;
	[41533..41537] : 40;
	[41538..41577] : 00;
	[41578..41579] : 20;
	[41580..41858] : 00;
	[41859..41864] : 20;
	[41865..41904] : 00;
	[41905..41906] : 20;
	41907 : 40;
	41908 : 20;
	[41909..41914] : 00;
	41915 : 20;
	[41916..41919] : 80;
	[41920..41921] : 60;
	[41922..41923] : 40;
	[41924..41926] : 00;
	[41927..41928] : 20;
	[41929..41935] : 00;
	[41936..41937] : 20;
	41938 : 40;
	[41939..41953] : 60;
	41954 : 40;
	[41955..41957] : 00;
	41958 : 40;
	41959 : 80;
	[41960..41970] : 60;
	41971 : 40;
	41972 : 20;
	[41973..41981] : 00;
	[41982..41983] : 20;
	[41984..41990] : 00;
	41991 : 20;
	41992 : C4;
	41993 : C0;
	[41994..41998] : A0;
	41999 : 40;
	[42000..42001] : 00;
	[42002..42003] : 60;
	[42004..42008] : A0;
	[42009..42010] : C0;
	42011 : 40;
	[42012..42028] : 00;
	[42029..42030] : 20;
	42031 : 40;
	[42032..42041] : 60;
	[42042..42044] : 80;
	42045 : 60;
	[42046..42048] : 00;
	[42049..42050] : 20;
	42051 : 60;
	[42052..42057] : 80;
	[42058..42064] : 60;
	42065 : 40;
	42066 : 20;
	[42067..42078] : 00;
	[42079..42080] : 40;
	42081 : 60;
	[42082..42085] : 80;
	42086 : 40;
	42087 : 20;
	[42088..42091] : 00;
	42092 : 20;
	[42093..42097] : 40;
	[42098..42137] : 00;
	[42138..42139] : 20;
	[42140..42418] : 00;
	[42419..42424] : 20;
	[42425..42464] : 00;
	[42465..42466] : 20;
	42467 : 40;
	42468 : 20;
	[42469..42474] : 00;
	42475 : 20;
	[42476..42479] : 80;
	[42480..42481] : 60;
	[42482..42483] : 40;
	[42484..42486] : 00;
	[42487..42488] : 20;
	[42489..42495] : 00;
	[42496..42497] : 20;
	42498 : 40;
	[42499..42513] : 60;
	42514 : 40;
	[42515..42517] : 00;
	42518 : 40;
	42519 : 80;
	[42520..42530] : 60;
	42531 : 40;
	42532 : 20;
	[42533..42541] : 00;
	[42542..42543] : 20;
	[42544..42550] : 00;
	42551 : 20;
	42552 : C4;
	42553 : C0;
	[42554..42558] : A0;
	42559 : 40;
	[42560..42561] : 00;
	[42562..42563] : 60;
	[42564..42570] : A0;
	42571 : 20;
	[42572..42577] : 00;
	[42578..42580] : 20;
	[42581..42591] : 00;
	42592 : 20;
	[42593..42594] : 40;
	[42595..42601] : 60;
	[42602..42603] : 40;
	[42604..42605] : 20;
	[42606..42608] : 00;
	[42609..42612] : 20;
	[42613..42614] : 60;
	[42615..42618] : 80;
	[42619..42621] : 60;
	[42622..42623] : 40;
	42624 : 20;
	[42625..42631] : 00;
	[42632..42635] : 40;
	[42636..42641] : 00;
	[42642..42645] : 40;
	[42646..42651] : 00;
	42652 : 40;
	[42653..42655] : A0;
	[42656..42657] : 80;
	[42658..42697] : 00;
	42698 : 20;
	[42699..42978] : 00;
	[42979..42984] : 20;
	[42985..43024] : 00;
	43025 : 60;
	43026 : A0;
	43027 : C0;
	43028 : 60;
	[43029..43035] : 00;
	[43036..43038] : 40;
	43039 : 20;
	[43040..43046] : 00;
	43047 : 80;
	43048 : A0;
	[43049..43050] : 60;
	43051 : 20;
	[43052..43058] : 00;
	[43059..43060] : 20;
	43061 : 40;
	[43062..43071] : 60;
	43072 : 40;
	[43073..43074] : 20;
	[43075..43077] : 00;
	43078 : 20;
	43079 : 40;
	[43080..43087] : 60;
	[43088..43090] : 40;
	[43091..43100] : 00;
	[43101..43104] : 40;
	[43105..43110] : 00;
	43111 : 20;
	43112 : C4;
	43113 : C0;
	[43114..43118] : A0;
	43119 : 40;
	[43120..43121] : 00;
	[43122..43123] : 60;
	[43124..43125] : A0;
	43126 : 80;
	[43127..43130] : A0;
	43131 : 20;
	[43132..43138] : 00;
	[43139..43140] : 20;
	[43141..43154] : 00;
	[43155..43161] : 40;
	[43162..43163] : 20;
	[43164..43172] : 00;
	[43173..43181] : 40;
	[43182..43191] : 00;
	[43192..43193] : 40;
	[43194..43195] : 60;
	[43196..43211] : 00;
	43212 : 20;
	[43213..43214] : 40;
	43215 : 60;
	[43216..43217] : 40;
	[43218..43379] : 00;
	[43380..43390] : 20;
	[43391..43407] : 00;
	[43408..43418] : 20;
	[43419..43584] : 00;
	43585 : 20;
	[43586..43587] : 60;
	43588 : 40;
	[43589..43606] : 00;
	[43607..43608] : 80;
	[43609..43610] : 60;
	[43611..43612] : 20;
	[43613..43621] : 00;
	[43622..43623] : 20;
	[43624..43630] : 40;
	43631 : 20;
	[43632..43639] : 00;
	[43640..43646] : 40;
	43647 : 20;
	[43648..43660] : 00;
	[43661..43664] : 20;
	[43665..43670] : 00;
	43671 : 20;
	43672 : C4;
	43673 : C0;
	[43674..43678] : A0;
	43679 : 40;
	[43680..43681] : 00;
	[43682..43683] : 60;
	[43684..43685] : A0;
	[43686..43687] : 80;
	43688 : A0;
	[43689..43690] : C0;
	43691 : 40;
	[43692..43752] : 00;
	[43753..43754] : 20;
	[43755..43938] : 00;
	43939 : 60;
	[43940..43948] : C4;
	[43949..43950] : 80;
	[43951..43967] : 00;
	43968 : 80;
	[43969..43971] : C4;
	43972 : C8;
	43973 : C9;
	43974 : C8;
	[43975..43977] : C4;
	43978 : A4;
	43979 : 20;
	[43980..44166] : 00;
	[44167..44170] : 20;
	[44171..44231] : 00;
	44232 : A4;
	[44233..44238] : A0;
	44239 : 40;
	[44240..44241] : 00;
	[44242..44243] : 60;
	[44244..44245] : A0;
	[44246..44247] : 80;
	44248 : A0;
	[44249..44250] : C0;
	44251 : 40;
	44252 : 20;
	[44253..44497] : 00;
	44498 : 20;
	44499 : 80;
	44500 : E0;
	[44501..44503] : C0;
	[44504..44508] : C4;
	[44509..44510] : A4;
	[44511..44512] : 20;
	[44513..44525] : 00;
	[44526..44527] : 20;
	44528 : A0;
	[44529..44530] : C0;
	44531 : C4;
	44532 : E8;
	[44533..44534] : E9;
	44535 : E4;
	[44536..44538] : C4;
	44539 : 40;
	44540 : 20;
	[44541..44790] : 00;
	44791 : 20;
	44792 : C4;
	44793 : C0;
	[44794..44798] : A0;
	44799 : 40;
	[44800..44801] : 00;
	[44802..44803] : 60;
	[44804..44806] : A0;
	44807 : 80;
	[44808..44811] : A0;
	44812 : 84;
	44813 : 60;
	[44814..45054] : 00;
	45055 : 60;
	[45056..45057] : 84;
	45058 : A4;
	[45059..45070] : A0;
	[45071..45072] : A4;
	45073 : 80;
	[45074..45083] : 00;
	45084 : 20;
	45085 : 80;
	[45086..45087] : A4;
	[45088..45092] : A0;
	[45093..45094] : A4;
	[45095..45098] : A0;
	[45099..45101] : A4;
	[45102..45103] : 20;
	[45104..45347] : 00;
	45348 : 40;
	[45349..45351] : 80;
	[45352..45353] : C0;
	[45354..45358] : A0;
	45359 : 40;
	[45360..45361] : 00;
	[45362..45363] : 60;
	[45364..45370] : A0;
	45371 : 80;
	[45372..45373] : A0;
	[45374..45614] : 00;
	45615 : 60;
	[45616..45618] : C4;
	[45619..45630] : A0;
	[45631..45632] : E4;
	45633 : A4;
	[45634..45643] : 00;
	45644 : 40;
	45645 : A4;
	45646 : E4;
	45647 : C4;
	[45648..45658] : A0;
	45659 : C0;
	45660 : E4;
	45661 : C4;
	[45662..45663] : 40;
	[45664..45907] : 00;
	45908 : 80;
	[45909..45910] : A0;
	45911 : 80;
	[45912..45918] : A0;
	45919 : 40;
	[45920..45921] : 00;
	[45922..45923] : 60;
	[45924..45927] : A0;
	45928 : 60;
	[45929..45930] : 40;
	45931 : 80;
	[45932..45933] : A0;
	[45934..45937] : 80;
	[45938..45940] : 60;
	[45941..45984] : 80;
	[45985..45986] : 84;
	45987 : 80;
	45988 : 60;
	[45989..45991] : 80;
	[45992..45993] : 84;
	45994 : 60;
	45995 : 20;
	[45996..46000] : 00;
	46001 : 20;
	[46002..46003] : 84;
	46004 : 80;
	[46005..46008] : 84;
	[46009..46012] : 80;
	[46013..46017] : 84;
	[46018..46019] : 40;
	[46020..46024] : 84;
	[46025..46027] : 80;
	[46028..46104] : 84;
	46105 : 80;
	[46106..46126] : 84;
	46127 : 80;
	[46128..46145] : 84;
	46146 : 64;
	46147 : 20;
	46148 : 00;
	[46149..46150] : 40;
	[46151..46157] : 84;
	[46158..46160] : 80;
	[46161..46172] : 84;
	[46173..46174] : 80;
	46175 : A0;
	[46176..46178] : C0;
	[46179..46190] : A0;
	[46191..46192] : C0;
	46193 : A0;
	46194 : A4;
	[46195..46201] : 84;
	[46202..46203] : 80;
	46204 : A4;
	[46205..46207] : C0;
	[46208..46210] : A0;
	46211 : 80;
	[46212..46214] : 40;
	46215 : 80;
	[46216..46219] : A0;
	[46220..46221] : C0;
	[46222..46228] : 80;
	[46229..46237] : 84;
	[46238..46239] : 80;
	[46240..46250] : 84;
	46251 : 60;
	[46252..46253] : 00;
	46254 : 40;
	[46255..46257] : 84;
	46258 : 64;
	[46259..46265] : 00;
	46266 : 20;
	46267 : 40;
	46268 : 80;
	[46269..46283] : 84;
	[46284..46286] : 88;
	[46287..46303] : 84;
	46304 : 80;
	[46305..46327] : 84;
	46328 : 88;
	[46329..46378] : 84;
	[46379..46381] : 88;
	[46382..46385] : 84;
	[46386..46387] : 80;
	46388 : 60;
	[46389..46390] : 20;
	46391 : 80;
	[46392..46394] : 84;
	46395 : 64;
	[46396..46399] : 84;
	46400 : 80;
	[46401..46403] : 60;
	[46404..46413] : 84;
	[46414..46417] : 80;
	[46418..46420] : 84;
	46421 : 60;
	[46422..46428] : 00;
	[46429..46430] : 60;
	[46431..46432] : 84;
	[46433..46467] : 80;
	[46468..46470] : A0;
	46471 : 80;
	46472 : 40;
	46473 : 60;
	[46474..46478] : A0;
	46479 : 40;
	[46480..46481] : 00;
	[46482..46483] : 60;
	[46484..46485] : A0;
	[46486..46487] : 80;
	46488 : 20;
	[46489..46490] : 00;
	46491 : 80;
	[46492..46493] : A0;
	[46494..46497] : C4;
	[46498..46499] : A0;
	46500 : A4;
	[46501..46544] : C4;
	[46545..46546] : E8;
	46547 : C4;
	[46548..46551] : C0;
	46552 : E4;
	46553 : E8;
	46554 : C4;
	46555 : 60;
	[46556..46557] : 20;
	46558 : 00;
	46559 : 20;
	46560 : 00;
	46561 : 60;
	[46562..46564] : C4;
	46565 : E4;
	[46566..46567] : E8;
	46568 : E4;
	[46569..46571] : C4;
	46572 : E4;
	[46573..46575] : E8;
	[46576..46577] : C8;
	[46578..46579] : 80;
	46580 : E8;
	46581 : E9;
	[46582..46583] : ED;
	46584 : E8;
	46585 : E4;
	[46586..46587] : C4;
	[46588..46591] : E8;
	[46592..46593] : E9;
	[46594..46605] : E8;
	[46606..46607] : E9;
	46608 : E8;
	[46609..46615] : E4;
	[46616..46618] : C4;
	46619 : C8;
	[46620..46641] : E8;
	[46642..46647] : E4;
	46648 : E8;
	[46649..46650] : E9;
	[46651..46655] : E8;
	[46656..46658] : E4;
	[46659..46663] : E8;
	[46664..46665] : C4;
	46666 : E4;
	[46667..46673] : E8;
	[46674..46677] : E9;
	[46678..46680] : E8;
	46681 : E4;
	[46682..46687] : C4;
	46688 : E8;
	[46689..46690] : E9;
	[46691..46705] : E8;
	46706 : C4;
	46707 : 40;
	46708 : 20;
	[46709..46710] : 60;
	[46711..46712] : E9;
	46713 : E8;
	[46714..46717] : E4;
	[46718..46720] : C4;
	[46721..46724] : E8;
	[46725..46727] : ED;
	46728 : EC;
	[46729..46731] : E8;
	46732 : E4;
	46733 : C4;
	46734 : E4;
	[46735..46753] : A0;
	[46754..46759] : E4;
	[46760..46763] : C4;
	46764 : E4;
	46765 : C0;
	[46766..46768] : A0;
	[46769..46770] : 80;
	46771 : 60;
	[46772..46774] : 00;
	46775 : 60;
	[46776..46781] : A0;
	[46782..46788] : C4;
	[46789..46790] : E4;
	[46791..46795] : E8;
	[46796..46797] : E4;
	[46798..46799] : C4;
	46800 : E8;
	[46801..46804] : ED;
	[46805..46806] : E9;
	46807 : E8;
	46808 : C4;
	[46809..46810] : E8;
	46811 : A4;
	[46812..46813] : 00;
	46814 : 60;
	[46815..46817] : E8;
	46818 : A4;
	[46819..46825] : 00;
	46826 : 60;
	46827 : 80;
	46828 : C4;
	[46829..46834] : E8;
	46835 : E4;
	[46836..46837] : E8;
	[46838..46839] : E9;
	[46840..46843] : E8;
	[46844..46847] : ED;
	[46848..46858] : E8;
	[46859..46865] : E4;
	[46866..46868] : E9;
	[46869..46877] : E8;
	46878 : E9;
	46879 : E8;
	[46880..46884] : E4;
	[46885..46886] : E8;
	[46887..46891] : ED;
	[46892..46894] : E9;
	[46895..46898] : E8;
	46899 : E9;
	46900 : ED;
	46901 : E9;
	[46902..46907] : E8;
	[46908..46911] : E9;
	[46912..46917] : E8;
	[46918..46920] : E4;
	[46921..46932] : E8;
	46933 : E4;
	46934 : E8;
	46935 : ED;
	[46936..46938] : E8;
	[46939..46941] : ED;
	[46942..46945] : E4;
	[46946..46947] : C4;
	46948 : A0;
	[46949..46950] : 40;
	46951 : C4;
	46952 : E4;
	[46953..46954] : ED;
	[46955..46957] : C4;
	[46958..46959] : E4;
	[46960..46963] : C4;
	46964 : E4;
	[46965..46967] : E8;
	[46968..46972] : E4;
	[46973..46977] : C4;
	[46978..46980] : E4;
	46981 : A4;
	[46982..46983] : 20;
	[46984..46987] : 00;
	46988 : 20;
	[46989..46990] : C4;
	46991 : E8;
	46992 : E4;
	[46993..47027] : C4;
	[47028..47030] : A0;
	47031 : 60;
	47032 : 00;
	47033 : 20;
	47034 : 80;
	[47035..47038] : A0;
	47039 : 60;
	[47040..47041] : 00;
	[47042..47043] : 60;
	47044 : A0;
	47045 : 80;
	[47046..47047] : 00;
	47048 : 40;
	[47049..47055] : 80;
	[47056..47064] : A0;
	[47065..47090] : 80;
	[47091..47092] : A0;
	[47093..47097] : 80;
	[47098..47101] : A0;
	[47102..47105] : 80;
	[47106..47107] : A0;
	[47108..47111] : 80;
	[47112..47115] : A0;
	[47116..47117] : C0;
	47118 : 80;
	47119 : 00;
	47120 : 60;
	47121 : C4;
	[47122..47123] : A0;
	[47124..47128] : 80;
	[47129..47132] : A0;
	[47133..47134] : 80;
	[47135..47144] : A0;
	[47145..47148] : 80;
	[47149..47165] : A0;
	[47166..47168] : 80;
	[47169..47187] : A0;
	[47188..47200] : 80;
	47201 : A0;
	[47202..47207] : 80;
	[47208..47220] : A0;
	[47221..47226] : 80;
	[47227..47234] : A0;
	[47235..47238] : 80;
	[47239..47263] : A0;
	[47264..47265] : 80;
	47266 : A0;
	47267 : C4;
	47268 : 20;
	[47269..47270] : 40;
	47271 : A0;
	[47272..47279] : 80;
	[47280..47288] : A0;
	[47289..47294] : 80;
	47295 : 60;
	[47296..47298] : 40;
	47299 : 80;
	[47300..47303] : A0;
	[47304..47306] : 80;
	[47307..47328] : A0;
	[47329..47330] : 80;
	47331 : 60;
	47332 : 20;
	[47333..47334] : 00;
	47335 : 60;
	[47336..47344] : A0;
	[47345..47346] : 80;
	[47347..47364] : A0;
	[47365..47366] : 80;
	[47367..47370] : A0;
	[47371..47372] : 80;
	47373 : A0;
	47374 : C0;
	[47375..47378] : A0;
	[47379..47380] : C4;
	47381 : A4;
	[47382..47383] : 20;
	[47384..47385] : 00;
	47386 : A4;
	47387 : C4;
	47388 : C0;
	[47389..47405] : A0;
	[47406..47407] : 80;
	[47408..47415] : A0;
	[47416..47419] : 80;
	[47420..47470] : A0;
	[47471..47472] : 80;
	[47473..47501] : A0;
	[47502..47507] : 80;
	47508 : A0;
	[47509..47510] : A4;
	47511 : 00;
	47512 : 20;
	[47513..47515] : A0;
	[47516..47517] : 80;
	47518 : A0;
	[47519..47520] : 80;
	[47521..47528] : A0;
	[47529..47534] : 80;
	[47535..47540] : A0;
	47541 : C0;
	[47542..47544] : C4;
	47545 : 40;
	47546 : 00;
	47547 : C4;
	47548 : C0;
	[47549..47550] : A0;
	47551 : 80;
	[47552..47555] : A0;
	[47556..47579] : 80;
	[47580..47586] : A0;
	[47587..47592] : 80;
	47593 : 60;
	[47594..47595] : 00;
	[47596..47597] : 80;
	47598 : A0;
	47599 : 40;
	[47600..47601] : 00;
	[47602..47603] : 60;
	47604 : A0;
	47605 : 80;
	[47606..47607] : 00;
	47608 : 40;
	[47609..47615] : 80;
	[47616..47624] : A0;
	[47625..47650] : 80;
	[47651..47652] : A0;
	[47653..47657] : 80;
	[47658..47661] : A0;
	[47662..47665] : 80;
	[47666..47667] : A0;
	[47668..47671] : 80;
	[47672..47675] : A0;
	[47676..47677] : C0;
	47678 : 80;
	47679 : 00;
	47680 : 60;
	47681 : C4;
	[47682..47683] : A0;
	[47684..47688] : 80;
	[47689..47692] : A0;
	[47693..47694] : 80;
	[47695..47704] : A0;
	[47705..47708] : 80;
	[47709..47725] : A0;
	[47726..47728] : 80;
	[47729..47747] : A0;
	[47748..47760] : 80;
	47761 : A0;
	[47762..47767] : 80;
	[47768..47780] : A0;
	[47781..47786] : 80;
	[47787..47794] : A0;
	[47795..47798] : 80;
	[47799..47823] : A0;
	[47824..47825] : 80;
	47826 : A0;
	47827 : C4;
	47828 : 20;
	[47829..47830] : 40;
	47831 : A0;
	[47832..47839] : 80;
	[47840..47848] : A0;
	[47849..47854] : 80;
	47855 : 60;
	[47856..47858] : 40;
	47859 : 80;
	[47860..47863] : A0;
	[47864..47866] : 80;
	[47867..47888] : A0;
	[47889..47890] : 80;
	47891 : 60;
	47892 : 20;
	[47893..47894] : 00;
	47895 : 60;
	[47896..47904] : A0;
	[47905..47906] : 80;
	[47907..47924] : A0;
	[47925..47926] : 80;
	[47927..47930] : A0;
	[47931..47932] : 80;
	47933 : A0;
	47934 : C0;
	[47935..47938] : A0;
	[47939..47940] : C4;
	47941 : A4;
	[47942..47943] : 20;
	[47944..47945] : 00;
	47946 : A4;
	47947 : C4;
	47948 : C0;
	[47949..47965] : A0;
	[47966..47967] : 80;
	[47968..47975] : A0;
	[47976..47979] : 80;
	[47980..48030] : A0;
	[48031..48032] : 80;
	[48033..48061] : A0;
	[48062..48067] : 80;
	48068 : A0;
	[48069..48070] : A4;
	48071 : 00;
	48072 : 20;
	[48073..48075] : A0;
	[48076..48077] : 80;
	48078 : A0;
	[48079..48080] : 80;
	[48081..48088] : A0;
	[48089..48094] : 80;
	[48095..48100] : A0;
	48101 : C0;
	[48102..48104] : C4;
	48105 : 40;
	48106 : 00;
	48107 : C4;
	48108 : C0;
	[48109..48110] : A0;
	48111 : 80;
	[48112..48115] : A0;
	[48116..48139] : 80;
	[48140..48146] : A0;
	[48147..48152] : 80;
	48153 : 60;
	[48154..48155] : 00;
	[48156..48157] : 80;
	48158 : A0;
	48159 : 40;
	[48160..48163] : 00;
	[48164..48165] : A0;
	[48166..48167] : 00;
	48168 : 40;
	[48169..48192] : A0;
	[48193..48208] : 80;
	[48209..48220] : A0;
	[48221..48228] : 80;
	[48229..48230] : 60;
	48231 : 80;
	[48232..48235] : A0;
	[48236..48237] : C0;
	48238 : 80;
	48239 : 00;
	48240 : 60;
	48241 : C4;
	[48242..48250] : A0;
	[48251..48252] : 80;
	[48253..48254] : 60;
	[48255..48264] : A0;
	48265 : 80;
	[48266..48305] : A0;
	[48306..48327] : 80;
	[48328..48339] : A0;
	[48340..48341] : 80;
	[48342..48351] : A0;
	48352 : 80;
	[48353..48383] : A0;
	[48384..48385] : 80;
	48386 : A0;
	48387 : C4;
	[48388..48390] : 40;
	48391 : A0;
	48392 : 80;
	[48393..48405] : A0;
	[48406..48410] : 80;
	[48411..48414] : A0;
	48415 : 60;
	[48416..48418] : 40;
	48419 : 80;
	[48420..48421] : A0;
	[48422..48423] : 80;
	[48424..48425] : 60;
	48426 : 80;
	48427 : A0;
	48428 : 80;
	[48429..48448] : A0;
	[48449..48450] : 80;
	48451 : A0;
	[48452..48454] : 60;
	48455 : 80;
	[48456..48490] : A0;
	[48491..48492] : 80;
	48493 : A0;
	48494 : C0;
	[48495..48498] : A0;
	[48499..48500] : C4;
	48501 : A4;
	[48502..48503] : 20;
	[48504..48505] : 00;
	48506 : A0;
	48507 : C4;
	[48508..48627] : A0;
	48628 : C0;
	[48629..48630] : A4;
	48631 : 00;
	48632 : 20;
	[48633..48634] : A0;
	48635 : 80;
	[48636..48637] : 40;
	[48638..48653] : A0;
	48654 : 80;
	[48655..48660] : A0;
	48661 : C0;
	[48662..48664] : C4;
	48665 : 40;
	48666 : 00;
	48667 : C4;
	48668 : C0;
	[48669..48670] : A0;
	48671 : 80;
	[48672..48681] : A0;
	[48682..48703] : 80;
	[48704..48706] : A0;
	[48707..48710] : 80;
	[48711..48712] : A0;
	48713 : 60;
	[48714..48715] : 00;
	[48716..48718] : A0;
	[48719..48724] : 00;
	48725 : 20;
	48726 : 60;
	[48727..48728] : 80;
	[48729..48730] : A0;
	[48731..48737] : 80;
	[48738..48739] : A0;
	[48740..48741] : 80;
	[48742..48743] : A0;
	[48744..48793] : 80;
	[48794..48797] : A0;
	[48798..48799] : 80;
	[48800..48801] : 40;
	[48802..48803] : 80;
	[48804..48805] : A0;
	[48806..48818] : 80;
	48819 : 40;
	48820 : 80;
	[48821..48823] : A0;
	[48824..48831] : 80;
	[48832..48833] : A0;
	[48834..48835] : 80;
	[48836..48838] : A0;
	[48839..48840] : 80;
	[48841..48843] : A0;
	[48844..48850] : 80;
	[48851..48852] : A0;
	[48853..48854] : 80;
	[48855..48857] : A0;
	[48858..48859] : 80;
	[48860..48861] : A0;
	[48862..48887] : 80;
	[48888..48890] : A0;
	[48891..48897] : 80;
	[48898..48899] : A0;
	[48900..48907] : 80;
	48908 : A0;
	[48909..48920] : 80;
	[48921..48923] : A0;
	[48924..48925] : 80;
	[48926..48927] : A0;
	[48928..48930] : 80;
	[48931..48932] : A0;
	[48933..48934] : 80;
	[48935..48937] : A0;
	[48938..48939] : 80;
	[48940..48944] : A0;
	48945 : C0;
	48946 : A0;
	[48947..48948] : 60;
	[48949..48963] : 80;
	48964 : A0;
	[48965..48985] : 80;
	48986 : A0;
	[48987..48991] : 80;
	[48992..48993] : A0;
	[48994..48995] : 80;
	[48996..48998] : A0;
	[48999..49000] : 80;
	[49001..49003] : A0;
	49004 : 80;
	[49005..49014] : A0;
	[49015..49017] : 80;
	49018 : 60;
	49019 : 80;
	[49020..49021] : A0;
	[49022..49028] : 80;
	[49029..49031] : A0;
	[49032..49033] : 80;
	[49034..49035] : A0;
	[49036..49038] : 80;
	[49039..49040] : A0;
	[49041..49046] : 80;
	[49047..49048] : A0;
	[49049..49051] : 20;
	[49052..49054] : 80;
	[49055..49058] : A0;
	49059 : 80;
	49060 : 40;
	49061 : 20;
	[49062..49065] : 00;
	[49066..49067] : 20;
	49068 : 60;
	[49069..49079] : A0;
	49080 : 80;
	[49081..49083] : A0;
	[49084..49090] : 80;
	[49091..49092] : A0;
	[49093..49104] : 80;
	[49105..49106] : A0;
	[49107..49108] : 80;
	[49109..49111] : A0;
	[49112..49113] : 80;
	[49114..49115] : A0;
	[49116..49127] : 80;
	[49128..49130] : A0;
	[49131..49132] : 80;
	[49133..49139] : A0;
	[49140..49141] : 80;
	[49142..49144] : A0;
	[49145..49146] : 80;
	[49147..49148] : A0;
	[49149..49155] : 80;
	[49156..49158] : A0;
	[49159..49160] : 80;
	[49161..49163] : A0;
	[49164..49165] : 80;
	[49166..49167] : A0;
	[49168..49170] : 80;
	[49171..49172] : A0;
	[49173..49174] : 80;
	[49175..49177] : A0;
	[49178..49179] : 80;
	[49180..49181] : A0;
	[49182..49184] : 80;
	[49185..49186] : A0;
	[49187..49188] : 40;
	[49189..49190] : 60;
	[49191..49193] : A0;
	[49194..49195] : 80;
	[49196..49197] : 60;
	[49198..49199] : 40;
	[49200..49201] : 60;
	[49202..49203] : 80;
	[49204..49205] : A0;
	[49206..49217] : 80;
	[49218..49219] : A0;
	49220 : 80;
	[49221..49223] : A0;
	49224 : C0;
	49225 : 60;
	49226 : 00;
	49227 : 40;
	49228 : 60;
	[49229..49233] : A0;
	[49234..49264] : 80;
	49265 : A0;
	[49266..49271] : 80;
	49272 : A0;
	[49273..49274] : 80;
	49275 : 60;
	[49276..49277] : 20;
	[49278..49285] : 00;
	49286 : 60;
	[49287..49288] : 80;
	[49289..49358] : 60;
	49359 : 80;
	[49360..49361] : 20;
	[49362..49363] : 60;
	[49364..49365] : 80;
	[49366..49377] : 60;
	49378 : 40;
	49379 : 20;
	49380 : 60;
	49381 : 80;
	[49382..49501] : 60;
	[49502..49503] : 80;
	49504 : A0;
	49505 : C4;
	49506 : 80;
	49507 : 20;
	49508 : 60;
	[49509..49510] : 80;
	[49511..49538] : 60;
	[49539..49546] : 80;
	[49547..49565] : 60;
	[49566..49574] : 80;
	[49575..49607] : 60;
	49608 : 80;
	[49609..49611] : 00;
	[49612..49614] : 60;
	49615 : 80;
	[49616..49617] : A0;
	49618 : 80;
	49619 : 60;
	[49620..49627] : 00;
	49628 : 20;
	[49629..49630] : 60;
	[49631..49633] : 80;
	49634 : 60;
	[49635..49637] : 80;
	[49638..49746] : 60;
	[49747..49748] : 20;
	[49749..49750] : 60;
	49751 : 80;
	[49752..49755] : 60;
	[49756..49757] : 40;
	[49758..49760] : 20;
	49761 : 40;
	[49762..49783] : 60;
	49784 : 80;
	49785 : 60;
	49786 : 00;
	[49787..49788] : 20;
	[49789..49790] : 60;
	49791 : 80;
	[49792..49832] : 60;
	[49833..49834] : 80;
	49835 : 60;
	[49836..49846] : 00;
	[49847..49919] : 20;
	[49920..49921] : 00;
	[49922..50063] : 20;
	[50064..50066] : 40;
	[50067..50068] : 00;
	[50069..50099] : 20;
	[50100..50101] : 40;
	[50102..50168] : 20;
	[50169..50171] : 00;
	[50172..50174] : 20;
	[50175..50178] : 40;
	50179 : 20;
	[50180..50188] : 00;
	[50189..50306] : 20;
	[50307..50308] : 00;
	[50309..50318] : 20;
	[50319..50320] : 00;
	[50321..50345] : 20;
	[50346..50347] : 00;
	[50348..50394] : 20;
	[50395..50399] : 00;
END;
