Fitter report for Lab1Demo
Fri Oct 09 18:39:27 2026
Quartus Prime Version 17.0.0 Build 595 04/25/2017 SJ Lite Edition


---------------------
; Table of Contents ;
---------------------
  1. Legal Notice
  2. Fitter Summary
  3. Fitter Settings
  4. Parallel Compilation
  5. Fitter Netlist Optimizations
  6. Ignored Assignments
  7. Incremental Compilation Preservation Summary
  8. Incremental Compilation Partition Settings
  9. Incremental Compilation Placement Preservation
 10. Pin-Out File
 11. Fitter Resource Usage Summary
 12. Fitter Partition Statistics
 13. Input Pins
 14. Output Pins
 15. I/O Bank Usage
 16. All Package Pins
 17. I/O Assignment Warnings
 18. PLL Usage Summary
 19. Fitter Resource Utilization by Entity
 20. Delay Chain Summary
 21. Pad To Core Delay Chain Fanout
 22. Control Signals
 23. Global & Other Fast Signals
 24. Non-Global High Fan-Out Signals
 25. Fitter RAM Summary
 26. Fitter DSP Block Usage Summary
 27. DSP Block Details
 28. Routing Usage Summary
 29. I/O Rules Summary
 30. I/O Rules Details
 31. I/O Rules Matrix
 32. Fitter Device Options
 33. Operating Settings and Conditions
 34. Estimated Delay Added for Hold Timing Summary
 35. Estimated Delay Added for Hold Timing Details
 36. Fitter Messages
 37. Fitter Suppressed Messages



----------------
; Legal Notice ;
----------------
Copyright (C) 2017  Intel Corporation. All rights reserved.
Your use of Intel Corporation's design tools, logic functions 
and other software and tools, and its AMPP partner logic 
functions, and any output files from any of the foregoing 
(including device programming or simulation files), and any 
associated documentation or information are expressly subject 
to the terms and conditions of the Intel Program License 
Subscription Agreement, the Intel Quartus Prime License Agreement,
the Intel MegaCore Function License Agreement, or other 
applicable license agreement, including, without limitation, 
that your use is for the sole purpose of programming logic 
devices manufactured by Intel and sold by Intel or its 
authorized distributors.  Please refer to the applicable 
agreement for further details.



+-------------------------------------------------------------------------------+
; Fitter Summary                                                                ;
+---------------------------------+---------------------------------------------+
; Fitter Status                   ; Successful - Fri Oct 09 18:39:27 2026       ;
; Quartus Prime Version           ; 17.0.0 Build 595 04/25/2017 SJ Lite Edition ;
; Revision Name                   ; Lab1Demo                                    ;
; Top-level Entity Name           ; TOP_VGA_DEMO                                ;
; Family                          ; Cyclone V                                   ;
; Device                          ; 5CSXFC6D6F31C6                              ;
; Timing Models                   ; Final                                       ;
; Logic utilization (in ALMs)     ; 6,563 / 41,910 ( 16 % )                     ;
; Total registers                 ; 5665                                        ;
; Total pins                      ; 91 / 499 ( 18 % )                           ;
; Total virtual pins              ; 0                                           ;
; Total block memory bits         ; 1,392,128 / 5,662,720 ( 25 % )              ;
; Total RAM Blocks                ; 176 / 553 ( 32 % )                          ;
; Total DSP Blocks                ; 1 / 112 ( < 1 % )                           ;
; Total HSSI RX PCSs              ; 0 / 9 ( 0 % )                               ;
; Total HSSI PMA RX Deserializers ; 0 / 9 ( 0 % )                               ;
; Total HSSI TX PCSs              ; 0 / 9 ( 0 % )                               ;
; Total HSSI PMA TX Serializers   ; 0 / 9 ( 0 % )                               ;
; Total PLLs                      ; 1 / 15 ( 7 % )                              ;
; Total DLLs                      ; 0 / 4 ( 0 % )                               ;
+---------------------------------+---------------------------------------------+


+------------------------------------------------------------------------------------------------------------------------------------------------------------+
; Fitter Settings                                                                                                                                            ;
+----------------------------------------------------------------------------+---------------------------------------+---------------------------------------+
; Option                                                                     ; Setting                               ; Default Value                         ;
+----------------------------------------------------------------------------+---------------------------------------+---------------------------------------+
; Device                                                                     ; 5CSXFC6D6F31C6                        ;                                       ;
; Use smart compilation                                                      ; On                                    ; Off                                   ;
; Maximum processors allowed for parallel compilation                        ; All                                   ;                                       ;
; Minimum Core Junction Temperature                                          ; 0                                     ;                                       ;
; Maximum Core Junction Temperature                                          ; 85                                    ;                                       ;
; Optimize Hold Timing                                                       ; Off                                   ; All Paths                             ;
; Fitter Effort                                                              ; Fast Fit                              ; Auto Fit                              ;
; Physical Synthesis Effort Level                                            ; Fast                                  ; Normal                                ;
; Enable parallel Assembler and TimeQuest Timing Analyzer during compilation ; On                                    ; On                                    ;
; Enable compact report table                                                ; Off                                   ; Off                                   ;
; Router Timing Optimization Level                                           ; Normal                                ; Normal                                ;
; Perform Clocking Topology Analysis During Routing                          ; Off                                   ; Off                                   ;
; Placement Effort Multiplier                                                ; 1.0                                   ; 1.0                                   ;
; Device initialization clock source                                         ; INIT_INTOSC                           ; INIT_INTOSC                           ;
; Optimize Multi-Corner Timing                                               ; On                                    ; On                                    ;
; Auto RAM to MLAB Conversion                                                ; On                                    ; On                                    ;
; Equivalent RAM and MLAB Power Up                                           ; Auto                                  ; Auto                                  ;
; Equivalent RAM and MLAB Paused Read Capabilities                           ; Care                                  ; Care                                  ;
; PowerPlay Power Optimization During Fitting                                ; Normal compilation                    ; Normal compilation                    ;
; SSN Optimization                                                           ; Off                                   ; Off                                   ;
; Optimize Timing                                                            ; Normal compilation                    ; Normal compilation                    ;
; Optimize Timing for ECOs                                                   ; Off                                   ; Off                                   ;
; Regenerate Full Fit Report During ECO Compiles                             ; Off                                   ; Off                                   ;
; Optimize IOC Register Placement for Timing                                 ; Normal                                ; Normal                                ;
; Final Placement Optimizations                                              ; Automatically                         ; Automatically                         ;
; Fitter Aggressive Routability Optimizations                                ; Automatically                         ; Automatically                         ;
; Fitter Initial Placement Seed                                              ; 1                                     ; 1                                     ;
; Periphery to Core Placement and Routing Optimization                       ; Off                                   ; Off                                   ;
; Weak Pull-Up Resistor                                                      ; Off                                   ; Off                                   ;
; Enable Bus-Hold Circuitry                                                  ; Off                                   ; Off                                   ;
; Auto Packed Registers                                                      ; Auto                                  ; Auto                                  ;
; Auto Delay Chains                                                          ; On                                    ; On                                    ;
; Auto Delay Chains for High Fanout Input Pins                               ; Off                                   ; Off                                   ;
; Treat Bidirectional Pin as Output Pin                                      ; Off                                   ; Off                                   ;
; Perform Physical Synthesis for Combinational Logic for Fitting             ; Off                                   ; Off                                   ;
; Perform Physical Synthesis for Combinational Logic for Performance         ; Off                                   ; Off                                   ;
; Perform Register Duplication for Performance                               ; Off                                   ; Off                                   ;
; Perform Register Retiming for Performance                                  ; Off                                   ; Off                                   ;
; Perform Asynchronous Signal Pipelining                                     ; Off                                   ; Off                                   ;
; Logic Cell Insertion - Logic Duplication                                   ; Auto                                  ; Auto                                  ;
; Auto Register Duplication                                                  ; Auto                                  ; Auto                                  ;
; Auto Global Clock                                                          ; On                                    ; On                                    ;
; Auto Global Register Control Signals                                       ; On                                    ; On                                    ;
; Reserve all unused pins                                                    ; As input tri-stated with weak pull-up ; As input tri-stated with weak pull-up ;
; Synchronizer Identification                                                ; Auto                                  ; Auto                                  ;
; Enable Beneficial Skew Optimization                                        ; On                                    ; On                                    ;
; Optimize Design for Metastability                                          ; On                                    ; On                                    ;
; Active Serial clock source                                                 ; FREQ_100MHz                           ; FREQ_100MHz                           ;
; Force Fitter to Avoid Periphery Placement Warnings                         ; Off                                   ; Off                                   ;
; Clamping Diode                                                             ; Off                                   ; Off                                   ;
; Enable input tri-state on active configuration pins in user mode           ; Off                                   ; Off                                   ;
; Advanced Physical Optimization                                             ; On                                    ; On                                    ;
+----------------------------------------------------------------------------+---------------------------------------+---------------------------------------+


+------------------------------------------+
; Parallel Compilation                     ;
+----------------------------+-------------+
; Processors                 ; Number      ;
+----------------------------+-------------+
; Number detected on machine ; 20          ;
; Maximum allowed            ; 14          ;
;                            ;             ;
; Average used               ; 1.20        ;
; Maximum used               ; 14          ;
;                            ;             ;
; Usage by Processor         ; % Time Used ;
;     Processor 1            ; 100.0%      ;
;     Processor 2            ;   2.1%      ;
;     Processor 3            ;   1.7%      ;
;     Processor 4            ;   1.7%      ;
;     Processor 5            ;   1.5%      ;
;     Processor 6            ;   1.5%      ;
;     Processor 7            ;   1.5%      ;
;     Processor 8            ;   1.5%      ;
;     Processor 9            ;   1.4%      ;
;     Processor 10           ;   1.3%      ;
;     Processor 11           ;   1.3%      ;
;     Processor 12           ;   1.3%      ;
;     Processor 13           ;   1.3%      ;
;     Processor 14           ;   1.3%      ;
+----------------------------+-------------+


+-----------------------------------------------------------------------------------------------------------------------------------------------------------------------------------------------------------------------------------------------------------------------------------------------------------------------------------------------------------------------------------------------------------------------------------------------------------------------------------------------------------------------------------------------------------------------------------------------------------------------------------------------------------------------------------------------------------------------------------------------------------------------------------------------------------------------------------------------------------------------------------------------------+
; Fitter Netlist Optimizations                                                                                                                                                                                                                                                                                                                                                                                                                                                                                                                                                                                                                                                                                                                                                                                                                                                                        ;
+----------------------------------------------------------------------------------------------------------------------------------------------------------------------------------------------------------------------------------------------------------------------------------------------------------------------------------------------------------+------------+---------------------------------------------------+----------------------------+-----------+----------------+--------------------------------------------------------------------------------------------------------------------------------------------------------------------------------------------------------------------------------------------------------------------------------------------------------------------------------------------------------------------+------------------+-----------------------+
; Node                                                                                                                                                                                                                                                                                                                                                     ; Action     ; Operation                                         ; Reason                     ; Node Port ; Node Port Name ; Destination Node                                                                                                                                                                                                                                                                                                                                                   ; Destination Port ; Destination Port Name ;
+----------------------------------------------------------------------------------------------------------------------------------------------------------------------------------------------------------------------------------------------------------------------------------------------------------------------------------------------------------+------------+---------------------------------------------------+----------------------------+-----------+----------------+--------------------------------------------------------------------------------------------------------------------------------------------------------------------------------------------------------------------------------------------------------------------------------------------------------------------------------------------------------------------+------------------+-----------------------+
; CLK_31P5:inst7|CLK_31P5_0002:clk_31p5_inst|altera_pll:altera_pll_i|outclk_wire[0]~CLKENA0                                                                                                                                                                                                                                                                ; Created    ; Placement                                         ; Fitter Periphery Placement ;           ;                ;                                                                                                                                                                                                                                                                                                                                                                    ;                  ;                       ;
; Apple_Block:inst10|randomCounter:inst|blackCounter[3]                                                                                                                                                                                                                                                                                                    ; Duplicated ; Router Logic Cell Insertion and Logic Duplication ; Routability optimization   ;           ;                ; Apple_Block:inst10|randomCounter:inst|blackCounter[3]~DUPLICATE                                                                                                                                                                                                                                                                                                    ;                  ;                       ;
; Apple_Block:inst10|randomCounter:inst|blackX[1]                                                                                                                                                                                                                                                                                                          ; Duplicated ; Router Logic Cell Insertion and Logic Duplication ; Routability optimization   ;           ;                ; Apple_Block:inst10|randomCounter:inst|blackX[1]~DUPLICATE                                                                                                                                                                                                                                                                                                          ;                  ;                       ;
; Apple_Block:inst10|randomCounter:inst|blackX[2]                                                                                                                                                                                                                                                                                                          ; Duplicated ; Router Logic Cell Insertion and Logic Duplication ; Routability optimization   ;           ;                ; Apple_Block:inst10|randomCounter:inst|blackX[2]~DUPLICATE                                                                                                                                                                                                                                                                                                          ;                  ;                       ;
; Apple_Block:inst10|randomCounter:inst|blueY[0]                                                                                                                                                                                                                                                                                                           ; Duplicated ; Router Logic Cell Insertion and Logic Duplication ; Routability optimization   ;           ;                ; Apple_Block:inst10|randomCounter:inst|blueY[0]~DUPLICATE                                                                                                                                                                                                                                                                                                           ;                  ;                       ;
; Apple_Block:inst10|randomCounter:inst|redCounter[1]                                                                                                                                                                                                                                                                                                      ; Duplicated ; Router Logic Cell Insertion and Logic Duplication ; Routability optimization   ;           ;                ; Apple_Block:inst10|randomCounter:inst|redCounter[1]~DUPLICATE                                                                                                                                                                                                                                                                                                      ;                  ;                       ;
; Apple_Block:inst10|randomCounter:inst|redCounter[2]                                                                                                                                                                                                                                                                                                      ; Duplicated ; Router Logic Cell Insertion and Logic Duplication ; Routability optimization   ;           ;                ; Apple_Block:inst10|randomCounter:inst|redCounter[2]~DUPLICATE                                                                                                                                                                                                                                                                                                      ;                  ;                       ;
; Apple_Block:inst10|randomCounter:inst|redX[1]                                                                                                                                                                                                                                                                                                            ; Duplicated ; Router Logic Cell Insertion and Logic Duplication ; Routability optimization   ;           ;                ; Apple_Block:inst10|randomCounter:inst|redX[1]~DUPLICATE                                                                                                                                                                                                                                                                                                            ;                  ;                       ;
; Apple_Block:inst10|randomCounter:inst|redX[4]                                                                                                                                                                                                                                                                                                            ; Duplicated ; Router Logic Cell Insertion and Logic Duplication ; Routability optimization   ;           ;                ; Apple_Block:inst10|randomCounter:inst|redX[4]~DUPLICATE                                                                                                                                                                                                                                                                                                            ;                  ;                       ;
; Apple_Block:inst10|randomCounter:inst|redY[0]                                                                                                                                                                                                                                                                                                            ; Duplicated ; Router Logic Cell Insertion and Logic Duplication ; Routability optimization   ;           ;                ; Apple_Block:inst10|randomCounter:inst|redY[0]~DUPLICATE                                                                                                                                                                                                                                                                                                            ;                  ;                       ;
; Apple_Block:inst10|randomCounter:inst|redY[1]                                                                                                                                                                                                                                                                                                            ; Duplicated ; Router Logic Cell Insertion and Logic Duplication ; Routability optimization   ;           ;                ; Apple_Block:inst10|randomCounter:inst|redY[1]~DUPLICATE                                                                                                                                                                                                                                                                                                            ;                  ;                       ;
; Apple_Block:inst10|square_object:inst12|drawingRequest                                                                                                                                                                                                                                                                                                   ; Duplicated ; Router Logic Cell Insertion and Logic Duplication ; Routability optimization   ;           ;                ; Apple_Block:inst10|square_object:inst12|drawingRequest~DUPLICATE                                                                                                                                                                                                                                                                                                   ;                  ;                       ;
; Apple_Block:inst10|square_object:inst13|drawingRequest                                                                                                                                                                                                                                                                                                   ; Duplicated ; Router Logic Cell Insertion and Logic Duplication ; Routability optimization   ;           ;                ; Apple_Block:inst10|square_object:inst13|drawingRequest~DUPLICATE                                                                                                                                                                                                                                                                                                   ;                  ;                       ;
; Audio_Block:inst6|AUDIO:inst|addr_counter:inst9|addr[1]                                                                                                                                                                                                                                                                                                  ; Duplicated ; Router Logic Cell Insertion and Logic Duplication ; Routability optimization   ;           ;                ; Audio_Block:inst6|AUDIO:inst|addr_counter:inst9|addr[1]~DUPLICATE                                                                                                                                                                                                                                                                                                  ;                  ;                       ;
; Audio_Block:inst6|AUDIO:inst|addr_counter:inst9|addr[3]                                                                                                                                                                                                                                                                                                  ; Duplicated ; Router Logic Cell Insertion and Logic Duplication ; Routability optimization   ;           ;                ; Audio_Block:inst6|AUDIO:inst|addr_counter:inst9|addr[3]~DUPLICATE                                                                                                                                                                                                                                                                                                  ;                  ;                       ;
; Audio_Block:inst6|AUDIO:inst|addr_counter:inst9|addr[5]                                                                                                                                                                                                                                                                                                  ; Duplicated ; Router Logic Cell Insertion and Logic Duplication ; Routability optimization   ;           ;                ; Audio_Block:inst6|AUDIO:inst|addr_counter:inst9|addr[5]~DUPLICATE                                                                                                                                                                                                                                                                                                  ;                  ;                       ;
; Audio_Block:inst6|AUDIO:inst|audio_codec_controller:inst|CLOCK_500:CLOCK_500_inst|COUNTER_500[4]                                                                                                                                                                                                                                                         ; Duplicated ; Router Logic Cell Insertion and Logic Duplication ; Routability optimization   ;           ;                ; Audio_Block:inst6|AUDIO:inst|audio_codec_controller:inst|CLOCK_500:CLOCK_500_inst|COUNTER_500[4]~DUPLICATE                                                                                                                                                                                                                                                         ;                  ;                       ;
; Audio_Block:inst6|AUDIO:inst|audio_codec_controller:inst|CLOCK_500:CLOCK_500_inst|address[1]                                                                                                                                                                                                                                                             ; Duplicated ; Router Logic Cell Insertion and Logic Duplication ; Routability optimization   ;           ;                ; Audio_Block:inst6|AUDIO:inst|audio_codec_controller:inst|CLOCK_500:CLOCK_500_inst|address[1]~DUPLICATE                                                                                                                                                                                                                                                             ;                  ;                       ;
; Audio_Block:inst6|AUDIO:inst|audio_codec_controller:inst|i2c:i2c_inst|SD_COUNTER[0]                                                                                                                                                                                                                                                                      ; Duplicated ; Router Logic Cell Insertion and Logic Duplication ; Routability optimization   ;           ;                ; Audio_Block:inst6|AUDIO:inst|audio_codec_controller:inst|i2c:i2c_inst|SD_COUNTER[0]~DUPLICATE                                                                                                                                                                                                                                                                      ;                  ;                       ;
; Audio_Block:inst6|AUDIO:inst|audio_codec_controller:inst|i2c:i2c_inst|SD_COUNTER[5]                                                                                                                                                                                                                                                                      ; Duplicated ; Router Logic Cell Insertion and Logic Duplication ; Routability optimization   ;           ;                ; Audio_Block:inst6|AUDIO:inst|audio_codec_controller:inst|i2c:i2c_inst|SD_COUNTER[5]~DUPLICATE                                                                                                                                                                                                                                                                      ;                  ;                       ;
; Audio_Block:inst6|AUDIO:inst|melody_player_1:inst5|Mili_sec_counter:mili_sec_counter_inst|hundredthSecCount[9]                                                                                                                                                                                                                                           ; Duplicated ; Router Logic Cell Insertion and Logic Duplication ; Routability optimization   ;           ;                ; Audio_Block:inst6|AUDIO:inst|melody_player_1:inst5|Mili_sec_counter:mili_sec_counter_inst|hundredthSecCount[9]~DUPLICATE                                                                                                                                                                                                                                           ;                  ;                       ;
; Audio_Block:inst6|AUDIO:inst|melody_player_1:inst5|Mili_sec_counter:mili_sec_counter_inst|hundredthSecCount[22]                                                                                                                                                                                                                                          ; Duplicated ; Router Logic Cell Insertion and Logic Duplication ; Routability optimization   ;           ;                ; Audio_Block:inst6|AUDIO:inst|melody_player_1:inst5|Mili_sec_counter:mili_sec_counter_inst|hundredthSecCount[22]~DUPLICATE                                                                                                                                                                                                                                          ;                  ;                       ;
; Audio_Block:inst6|AUDIO:inst|melody_player_1:inst5|SM_Maestro.s_gap                                                                                                                                                                                                                                                                                      ; Duplicated ; Router Logic Cell Insertion and Logic Duplication ; Routability optimization   ;           ;                ; Audio_Block:inst6|AUDIO:inst|melody_player_1:inst5|SM_Maestro.s_gap~DUPLICATE                                                                                                                                                                                                                                                                                      ;                  ;                       ;
; Audio_Block:inst6|AUDIO:inst|melody_player_1:inst5|SM_Maestro.s_idle                                                                                                                                                                                                                                                                                     ; Duplicated ; Router Logic Cell Insertion and Logic Duplication ; Routability optimization   ;           ;                ; Audio_Block:inst6|AUDIO:inst|melody_player_1:inst5|SM_Maestro.s_idle~DUPLICATE                                                                                                                                                                                                                                                                                     ;                  ;                       ;
; Audio_Block:inst6|AUDIO:inst|melody_player_1:inst5|noteIndex[7]                                                                                                                                                                                                                                                                                          ; Duplicated ; Router Logic Cell Insertion and Logic Duplication ; Routability optimization   ;           ;                ; Audio_Block:inst6|AUDIO:inst|melody_player_1:inst5|noteIndex[7]~DUPLICATE                                                                                                                                                                                                                                                                                          ;                  ;                       ;
; Audio_Block:inst6|AUDIO:inst|prescaler:inst3|counter[11]                                                                                                                                                                                                                                                                                                 ; Duplicated ; Router Logic Cell Insertion and Logic Duplication ; Routability optimization   ;           ;                ; Audio_Block:inst6|AUDIO:inst|prescaler:inst3|counter[11]~DUPLICATE                                                                                                                                                                                                                                                                                                 ;                  ;                       ;
; Audio_Block:inst6|AUDIO:inst|prescaler:inst3|counter[15]                                                                                                                                                                                                                                                                                                 ; Duplicated ; Router Logic Cell Insertion and Logic Duplication ; Routability optimization   ;           ;                ; Audio_Block:inst6|AUDIO:inst|prescaler:inst3|counter[15]~DUPLICATE                                                                                                                                                                                                                                                                                                 ;                  ;                       ;
; Audio_Block:inst6|AUDIO:inst|prescaler:inst3|counter[16]                                                                                                                                                                                                                                                                                                 ; Duplicated ; Router Logic Cell Insertion and Logic Duplication ; Routability optimization   ;           ;                ; Audio_Block:inst6|AUDIO:inst|prescaler:inst3|counter[16]~DUPLICATE                                                                                                                                                                                                                                                                                                 ;                  ;                       ;
; Score_Block:inst11|appleCounter:inst133|scoreHigh[1]                                                                                                                                                                                                                                                                                                     ; Duplicated ; Router Logic Cell Insertion and Logic Duplication ; Routability optimization   ;           ;                ; Score_Block:inst11|appleCounter:inst133|scoreHigh[1]~DUPLICATE                                                                                                                                                                                                                                                                                                     ;                  ;                       ;
; Score_Block:inst11|appleCounter:inst133|scoreHigh[3]                                                                                                                                                                                                                                                                                                     ; Duplicated ; Router Logic Cell Insertion and Logic Duplication ; Routability optimization   ;           ;                ; Score_Block:inst11|appleCounter:inst133|scoreHigh[3]~DUPLICATE                                                                                                                                                                                                                                                                                                     ;                  ;                       ;
; Score_Block:inst11|appleCounter:inst133|scoreLow[1]                                                                                                                                                                                                                                                                                                      ; Duplicated ; Router Logic Cell Insertion and Logic Duplication ; Routability optimization   ;           ;                ; Score_Block:inst11|appleCounter:inst133|scoreLow[1]~DUPLICATE                                                                                                                                                                                                                                                                                                      ;                  ;                       ;
; Score_Block:inst11|appleCounter:inst133|scoreLow[3]                                                                                                                                                                                                                                                                                                      ; Duplicated ; Router Logic Cell Insertion and Logic Duplication ; Routability optimization   ;           ;                ; Score_Block:inst11|appleCounter:inst133|scoreLow[3]~DUPLICATE                                                                                                                                                                                                                                                                                                      ;                  ;                       ;
; Score_Block:inst11|square_object:inst4|offsetX[5]                                                                                                                                                                                                                                                                                                        ; Duplicated ; Router Logic Cell Insertion and Logic Duplication ; Routability optimization   ;           ;                ; Score_Block:inst11|square_object:inst4|offsetX[5]~DUPLICATE                                                                                                                                                                                                                                                                                                        ;                  ;                       ;
; Snake_Block:inst13|snake_body:inst6|snakeLength[0]                                                                                                                                                                                                                                                                                                       ; Duplicated ; Router Logic Cell Insertion and Logic Duplication ; Routability optimization   ;           ;                ; Snake_Block:inst13|snake_body:inst6|snakeLength[0]~DUPLICATE                                                                                                                                                                                                                                                                                                       ;                  ;                       ;
; Snake_Block:inst13|snake_body:inst6|snakeLength[1]                                                                                                                                                                                                                                                                                                       ; Duplicated ; Router Logic Cell Insertion and Logic Duplication ; Routability optimization   ;           ;                ; Snake_Block:inst13|snake_body:inst6|snakeLength[1]~DUPLICATE                                                                                                                                                                                                                                                                                                       ;                  ;                       ;
; Snake_Block:inst13|snake_body:inst6|snakeLength[3]                                                                                                                                                                                                                                                                                                       ; Duplicated ; Router Logic Cell Insertion and Logic Duplication ; Routability optimization   ;           ;                ; Snake_Block:inst13|snake_body:inst6|snakeLength[3]~DUPLICATE                                                                                                                                                                                                                                                                                                       ;                  ;                       ;
; Snake_Block:inst13|snake_body:inst6|snakeLength[4]                                                                                                                                                                                                                                                                                                       ; Duplicated ; Router Logic Cell Insertion and Logic Duplication ; Routability optimization   ;           ;                ; Snake_Block:inst13|snake_body:inst6|snakeLength[4]~DUPLICATE                                                                                                                                                                                                                                                                                                       ;                  ;                       ;
; Snake_Block:inst13|snake_body:inst6|trailX[6][0]                                                                                                                                                                                                                                                                                                         ; Duplicated ; Router Logic Cell Insertion and Logic Duplication ; Routability optimization   ;           ;                ; Snake_Block:inst13|snake_body:inst6|trailX[6][0]~DUPLICATE                                                                                                                                                                                                                                                                                                         ;                  ;                       ;
; Snake_Block:inst13|snake_body:inst6|trailX[6][1]                                                                                                                                                                                                                                                                                                         ; Duplicated ; Router Logic Cell Insertion and Logic Duplication ; Routability optimization   ;           ;                ; Snake_Block:inst13|snake_body:inst6|trailX[6][1]~DUPLICATE                                                                                                                                                                                                                                                                                                         ;                  ;                       ;
; Snake_Block:inst13|snake_body:inst6|trailX[6][8]                                                                                                                                                                                                                                                                                                         ; Duplicated ; Router Logic Cell Insertion and Logic Duplication ; Routability optimization   ;           ;                ; Snake_Block:inst13|snake_body:inst6|trailX[6][8]~DUPLICATE                                                                                                                                                                                                                                                                                                         ;                  ;                       ;
; Snake_Block:inst13|snake_body:inst6|trailX[18][7]                                                                                                                                                                                                                                                                                                        ; Duplicated ; Router Logic Cell Insertion and Logic Duplication ; Routability optimization   ;           ;                ; Snake_Block:inst13|snake_body:inst6|trailX[18][7]~DUPLICATE                                                                                                                                                                                                                                                                                                        ;                  ;                       ;
; Snake_Block:inst13|snake_body:inst6|trailX[24][4]                                                                                                                                                                                                                                                                                                        ; Duplicated ; Router Logic Cell Insertion and Logic Duplication ; Routability optimization   ;           ;                ; Snake_Block:inst13|snake_body:inst6|trailX[24][4]~DUPLICATE                                                                                                                                                                                                                                                                                                        ;                  ;                       ;
; Snake_Block:inst13|snake_body:inst6|trailX[24][5]                                                                                                                                                                                                                                                                                                        ; Duplicated ; Router Logic Cell Insertion and Logic Duplication ; Routability optimization   ;           ;                ; Snake_Block:inst13|snake_body:inst6|trailX[24][5]~DUPLICATE                                                                                                                                                                                                                                                                                                        ;                  ;                       ;
; Snake_Block:inst13|snake_body:inst6|trailX[36][0]                                                                                                                                                                                                                                                                                                        ; Duplicated ; Router Logic Cell Insertion and Logic Duplication ; Routability optimization   ;           ;                ; Snake_Block:inst13|snake_body:inst6|trailX[36][0]~DUPLICATE                                                                                                                                                                                                                                                                                                        ;                  ;                       ;
; Snake_Block:inst13|snake_body:inst6|trailX[36][1]                                                                                                                                                                                                                                                                                                        ; Duplicated ; Router Logic Cell Insertion and Logic Duplication ; Routability optimization   ;           ;                ; Snake_Block:inst13|snake_body:inst6|trailX[36][1]~DUPLICATE                                                                                                                                                                                                                                                                                                        ;                  ;                       ;
; Snake_Block:inst13|snake_body:inst6|trailX[36][4]                                                                                                                                                                                                                                                                                                        ; Duplicated ; Router Logic Cell Insertion and Logic Duplication ; Routability optimization   ;           ;                ; Snake_Block:inst13|snake_body:inst6|trailX[36][4]~DUPLICATE                                                                                                                                                                                                                                                                                                        ;                  ;                       ;
; Snake_Block:inst13|snake_body:inst6|trailX[36][9]                                                                                                                                                                                                                                                                                                        ; Duplicated ; Router Logic Cell Insertion and Logic Duplication ; Routability optimization   ;           ;                ; Snake_Block:inst13|snake_body:inst6|trailX[36][9]~DUPLICATE                                                                                                                                                                                                                                                                                                        ;                  ;                       ;
; Snake_Block:inst13|snake_body:inst6|trailX[36][10]                                                                                                                                                                                                                                                                                                       ; Duplicated ; Router Logic Cell Insertion and Logic Duplication ; Routability optimization   ;           ;                ; Snake_Block:inst13|snake_body:inst6|trailX[36][10]~DUPLICATE                                                                                                                                                                                                                                                                                                       ;                  ;                       ;
; Snake_Block:inst13|snake_body:inst6|trailX[42][1]                                                                                                                                                                                                                                                                                                        ; Duplicated ; Router Logic Cell Insertion and Logic Duplication ; Routability optimization   ;           ;                ; Snake_Block:inst13|snake_body:inst6|trailX[42][1]~DUPLICATE                                                                                                                                                                                                                                                                                                        ;                  ;                       ;
; Snake_Block:inst13|snake_body:inst6|trailX[42][2]                                                                                                                                                                                                                                                                                                        ; Duplicated ; Router Logic Cell Insertion and Logic Duplication ; Routability optimization   ;           ;                ; Snake_Block:inst13|snake_body:inst6|trailX[42][2]~DUPLICATE                                                                                                                                                                                                                                                                                                        ;                  ;                       ;
; Snake_Block:inst13|snake_body:inst6|trailX[42][5]                                                                                                                                                                                                                                                                                                        ; Duplicated ; Router Logic Cell Insertion and Logic Duplication ; Routability optimization   ;           ;                ; Snake_Block:inst13|snake_body:inst6|trailX[42][5]~DUPLICATE                                                                                                                                                                                                                                                                                                        ;                  ;                       ;
; Snake_Block:inst13|snake_body:inst6|trailX[42][6]                                                                                                                                                                                                                                                                                                        ; Duplicated ; Router Logic Cell Insertion and Logic Duplication ; Routability optimization   ;           ;                ; Snake_Block:inst13|snake_body:inst6|trailX[42][6]~DUPLICATE                                                                                                                                                                                                                                                                                                        ;                  ;                       ;
; Snake_Block:inst13|snake_body:inst6|trailX[48][0]                                                                                                                                                                                                                                                                                                        ; Duplicated ; Router Logic Cell Insertion and Logic Duplication ; Routability optimization   ;           ;                ; Snake_Block:inst13|snake_body:inst6|trailX[48][0]~DUPLICATE                                                                                                                                                                                                                                                                                                        ;                  ;                       ;
; Snake_Block:inst13|snake_body:inst6|trailX[48][1]                                                                                                                                                                                                                                                                                                        ; Duplicated ; Router Logic Cell Insertion and Logic Duplication ; Routability optimization   ;           ;                ; Snake_Block:inst13|snake_body:inst6|trailX[48][1]~DUPLICATE                                                                                                                                                                                                                                                                                                        ;                  ;                       ;
; Snake_Block:inst13|snake_body:inst6|trailX[48][3]                                                                                                                                                                                                                                                                                                        ; Duplicated ; Router Logic Cell Insertion and Logic Duplication ; Routability optimization   ;           ;                ; Snake_Block:inst13|snake_body:inst6|trailX[48][3]~DUPLICATE                                                                                                                                                                                                                                                                                                        ;                  ;                       ;
; Snake_Block:inst13|snake_body:inst6|trailX[48][4]                                                                                                                                                                                                                                                                                                        ; Duplicated ; Router Logic Cell Insertion and Logic Duplication ; Routability optimization   ;           ;                ; Snake_Block:inst13|snake_body:inst6|trailX[48][4]~DUPLICATE                                                                                                                                                                                                                                                                                                        ;                  ;                       ;
; Snake_Block:inst13|snake_body:inst6|trailX[54][3]                                                                                                                                                                                                                                                                                                        ; Duplicated ; Router Logic Cell Insertion and Logic Duplication ; Routability optimization   ;           ;                ; Snake_Block:inst13|snake_body:inst6|trailX[54][3]~DUPLICATE                                                                                                                                                                                                                                                                                                        ;                  ;                       ;
; Snake_Block:inst13|snake_body:inst6|trailX[54][6]                                                                                                                                                                                                                                                                                                        ; Duplicated ; Router Logic Cell Insertion and Logic Duplication ; Routability optimization   ;           ;                ; Snake_Block:inst13|snake_body:inst6|trailX[54][6]~DUPLICATE                                                                                                                                                                                                                                                                                                        ;                  ;                       ;
; Snake_Block:inst13|snake_body:inst6|trailX[60][7]                                                                                                                                                                                                                                                                                                        ; Duplicated ; Router Logic Cell Insertion and Logic Duplication ; Routability optimization   ;           ;                ; Snake_Block:inst13|snake_body:inst6|trailX[60][7]~DUPLICATE                                                                                                                                                                                                                                                                                                        ;                  ;                       ;
; Snake_Block:inst13|snake_body:inst6|trailX[60][8]                                                                                                                                                                                                                                                                                                        ; Duplicated ; Router Logic Cell Insertion and Logic Duplication ; Routability optimization   ;           ;                ; Snake_Block:inst13|snake_body:inst6|trailX[60][8]~DUPLICATE                                                                                                                                                                                                                                                                                                        ;                  ;                       ;
; Snake_Block:inst13|snake_body:inst6|trailX[66][0]                                                                                                                                                                                                                                                                                                        ; Duplicated ; Router Logic Cell Insertion and Logic Duplication ; Routability optimization   ;           ;                ; Snake_Block:inst13|snake_body:inst6|trailX[66][0]~DUPLICATE                                                                                                                                                                                                                                                                                                        ;                  ;                       ;
; Snake_Block:inst13|snake_body:inst6|trailX[66][1]                                                                                                                                                                                                                                                                                                        ; Duplicated ; Router Logic Cell Insertion and Logic Duplication ; Routability optimization   ;           ;                ; Snake_Block:inst13|snake_body:inst6|trailX[66][1]~DUPLICATE                                                                                                                                                                                                                                                                                                        ;                  ;                       ;
; Snake_Block:inst13|snake_body:inst6|trailX[66][8]                                                                                                                                                                                                                                                                                                        ; Duplicated ; Router Logic Cell Insertion and Logic Duplication ; Routability optimization   ;           ;                ; Snake_Block:inst13|snake_body:inst6|trailX[66][8]~DUPLICATE                                                                                                                                                                                                                                                                                                        ;                  ;                       ;
; Snake_Block:inst13|snake_body:inst6|trailX[66][10]                                                                                                                                                                                                                                                                                                       ; Duplicated ; Router Logic Cell Insertion and Logic Duplication ; Routability optimization   ;           ;                ; Snake_Block:inst13|snake_body:inst6|trailX[66][10]~DUPLICATE                                                                                                                                                                                                                                                                                                       ;                  ;                       ;
; Snake_Block:inst13|snake_body:inst6|trailX[72][6]                                                                                                                                                                                                                                                                                                        ; Duplicated ; Router Logic Cell Insertion and Logic Duplication ; Routability optimization   ;           ;                ; Snake_Block:inst13|snake_body:inst6|trailX[72][6]~DUPLICATE                                                                                                                                                                                                                                                                                                        ;                  ;                       ;
; Snake_Block:inst13|snake_body:inst6|trailX[72][9]                                                                                                                                                                                                                                                                                                        ; Duplicated ; Router Logic Cell Insertion and Logic Duplication ; Routability optimization   ;           ;                ; Snake_Block:inst13|snake_body:inst6|trailX[72][9]~DUPLICATE                                                                                                                                                                                                                                                                                                        ;                  ;                       ;
; Snake_Block:inst13|snake_body:inst6|trailX[90][0]                                                                                                                                                                                                                                                                                                        ; Duplicated ; Router Logic Cell Insertion and Logic Duplication ; Routability optimization   ;           ;                ; Snake_Block:inst13|snake_body:inst6|trailX[90][0]~DUPLICATE                                                                                                                                                                                                                                                                                                        ;                  ;                       ;
; Snake_Block:inst13|snake_body:inst6|trailX[90][1]                                                                                                                                                                                                                                                                                                        ; Duplicated ; Router Logic Cell Insertion and Logic Duplication ; Routability optimization   ;           ;                ; Snake_Block:inst13|snake_body:inst6|trailX[90][1]~DUPLICATE                                                                                                                                                                                                                                                                                                        ;                  ;                       ;
; Snake_Block:inst13|snake_body:inst6|trailX[90][3]                                                                                                                                                                                                                                                                                                        ; Duplicated ; Router Logic Cell Insertion and Logic Duplication ; Routability optimization   ;           ;                ; Snake_Block:inst13|snake_body:inst6|trailX[90][3]~DUPLICATE                                                                                                                                                                                                                                                                                                        ;                  ;                       ;
; Snake_Block:inst13|snake_body:inst6|trailX[90][5]                                                                                                                                                                                                                                                                                                        ; Duplicated ; Router Logic Cell Insertion and Logic Duplication ; Routability optimization   ;           ;                ; Snake_Block:inst13|snake_body:inst6|trailX[90][5]~DUPLICATE                                                                                                                                                                                                                                                                                                        ;                  ;                       ;
; Snake_Block:inst13|snake_body:inst6|trailX[90][7]                                                                                                                                                                                                                                                                                                        ; Duplicated ; Router Logic Cell Insertion and Logic Duplication ; Routability optimization   ;           ;                ; Snake_Block:inst13|snake_body:inst6|trailX[90][7]~DUPLICATE                                                                                                                                                                                                                                                                                                        ;                  ;                       ;
; Snake_Block:inst13|snake_body:inst6|trailX[90][8]                                                                                                                                                                                                                                                                                                        ; Duplicated ; Router Logic Cell Insertion and Logic Duplication ; Routability optimization   ;           ;                ; Snake_Block:inst13|snake_body:inst6|trailX[90][8]~DUPLICATE                                                                                                                                                                                                                                                                                                        ;                  ;                       ;
; Snake_Block:inst13|snake_body:inst6|trailX[90][9]                                                                                                                                                                                                                                                                                                        ; Duplicated ; Router Logic Cell Insertion and Logic Duplication ; Routability optimization   ;           ;                ; Snake_Block:inst13|snake_body:inst6|trailX[90][9]~DUPLICATE                                                                                                                                                                                                                                                                                                        ;                  ;                       ;
; Snake_Block:inst13|snake_body:inst6|trailX[96][1]                                                                                                                                                                                                                                                                                                        ; Duplicated ; Router Logic Cell Insertion and Logic Duplication ; Routability optimization   ;           ;                ; Snake_Block:inst13|snake_body:inst6|trailX[96][1]~DUPLICATE                                                                                                                                                                                                                                                                                                        ;                  ;                       ;
; Snake_Block:inst13|snake_body:inst6|trailX[96][2]                                                                                                                                                                                                                                                                                                        ; Duplicated ; Router Logic Cell Insertion and Logic Duplication ; Routability optimization   ;           ;                ; Snake_Block:inst13|snake_body:inst6|trailX[96][2]~DUPLICATE                                                                                                                                                                                                                                                                                                        ;                  ;                       ;
; Snake_Block:inst13|snake_body:inst6|trailX[102][9]                                                                                                                                                                                                                                                                                                       ; Duplicated ; Router Logic Cell Insertion and Logic Duplication ; Routability optimization   ;           ;                ; Snake_Block:inst13|snake_body:inst6|trailX[102][9]~DUPLICATE                                                                                                                                                                                                                                                                                                       ;                  ;                       ;
; Snake_Block:inst13|snake_body:inst6|trailX[108][6]                                                                                                                                                                                                                                                                                                       ; Duplicated ; Router Logic Cell Insertion and Logic Duplication ; Routability optimization   ;           ;                ; Snake_Block:inst13|snake_body:inst6|trailX[108][6]~DUPLICATE                                                                                                                                                                                                                                                                                                       ;                  ;                       ;
; Snake_Block:inst13|snake_body:inst6|trailX[114][1]                                                                                                                                                                                                                                                                                                       ; Duplicated ; Router Logic Cell Insertion and Logic Duplication ; Routability optimization   ;           ;                ; Snake_Block:inst13|snake_body:inst6|trailX[114][1]~DUPLICATE                                                                                                                                                                                                                                                                                                       ;                  ;                       ;
; Snake_Block:inst13|snake_body:inst6|trailX[114][5]                                                                                                                                                                                                                                                                                                       ; Duplicated ; Router Logic Cell Insertion and Logic Duplication ; Routability optimization   ;           ;                ; Snake_Block:inst13|snake_body:inst6|trailX[114][5]~DUPLICATE                                                                                                                                                                                                                                                                                                       ;                  ;                       ;
; Snake_Block:inst13|snake_body:inst6|trailX[120][0]                                                                                                                                                                                                                                                                                                       ; Duplicated ; Router Logic Cell Insertion and Logic Duplication ; Routability optimization   ;           ;                ; Snake_Block:inst13|snake_body:inst6|trailX[120][0]~DUPLICATE                                                                                                                                                                                                                                                                                                       ;                  ;                       ;
; Snake_Block:inst13|snake_body:inst6|trailX[120][7]                                                                                                                                                                                                                                                                                                       ; Duplicated ; Router Logic Cell Insertion and Logic Duplication ; Routability optimization   ;           ;                ; Snake_Block:inst13|snake_body:inst6|trailX[120][7]~DUPLICATE                                                                                                                                                                                                                                                                                                       ;                  ;                       ;
; Snake_Block:inst13|snake_body:inst6|trailX[126][0]                                                                                                                                                                                                                                                                                                       ; Duplicated ; Router Logic Cell Insertion and Logic Duplication ; Routability optimization   ;           ;                ; Snake_Block:inst13|snake_body:inst6|trailX[126][0]~DUPLICATE                                                                                                                                                                                                                                                                                                       ;                  ;                       ;
; Snake_Block:inst13|snake_body:inst6|trailX[132][0]                                                                                                                                                                                                                                                                                                       ; Duplicated ; Router Logic Cell Insertion and Logic Duplication ; Routability optimization   ;           ;                ; Snake_Block:inst13|snake_body:inst6|trailX[132][0]~DUPLICATE                                                                                                                                                                                                                                                                                                       ;                  ;                       ;
; Snake_Block:inst13|snake_body:inst6|trailX[138][1]                                                                                                                                                                                                                                                                                                       ; Duplicated ; Router Logic Cell Insertion and Logic Duplication ; Routability optimization   ;           ;                ; Snake_Block:inst13|snake_body:inst6|trailX[138][1]~DUPLICATE                                                                                                                                                                                                                                                                                                       ;                  ;                       ;
; Snake_Block:inst13|snake_body:inst6|trailX[138][4]                                                                                                                                                                                                                                                                                                       ; Duplicated ; Router Logic Cell Insertion and Logic Duplication ; Routability optimization   ;           ;                ; Snake_Block:inst13|snake_body:inst6|trailX[138][4]~DUPLICATE                                                                                                                                                                                                                                                                                                       ;                  ;                       ;
; Snake_Block:inst13|snake_body:inst6|trailX[138][5]                                                                                                                                                                                                                                                                                                       ; Duplicated ; Router Logic Cell Insertion and Logic Duplication ; Routability optimization   ;           ;                ; Snake_Block:inst13|snake_body:inst6|trailX[138][5]~DUPLICATE                                                                                                                                                                                                                                                                                                       ;                  ;                       ;
; Snake_Block:inst13|snake_body:inst6|trailX[138][6]                                                                                                                                                                                                                                                                                                       ; Duplicated ; Router Logic Cell Insertion and Logic Duplication ; Routability optimization   ;           ;                ; Snake_Block:inst13|snake_body:inst6|trailX[138][6]~DUPLICATE                                                                                                                                                                                                                                                                                                       ;                  ;                       ;
; Snake_Block:inst13|snake_body:inst6|trailX[144][0]                                                                                                                                                                                                                                                                                                       ; Duplicated ; Router Logic Cell Insertion and Logic Duplication ; Routability optimization   ;           ;                ; Snake_Block:inst13|snake_body:inst6|trailX[144][0]~DUPLICATE                                                                                                                                                                                                                                                                                                       ;                  ;                       ;
; Snake_Block:inst13|snake_body:inst6|trailX[144][10]                                                                                                                                                                                                                                                                                                      ; Duplicated ; Router Logic Cell Insertion and Logic Duplication ; Routability optimization   ;           ;                ; Snake_Block:inst13|snake_body:inst6|trailX[144][10]~DUPLICATE                                                                                                                                                                                                                                                                                                      ;                  ;                       ;
; Snake_Block:inst13|snake_body:inst6|trailX[150][0]                                                                                                                                                                                                                                                                                                       ; Duplicated ; Router Logic Cell Insertion and Logic Duplication ; Routability optimization   ;           ;                ; Snake_Block:inst13|snake_body:inst6|trailX[150][0]~DUPLICATE                                                                                                                                                                                                                                                                                                       ;                  ;                       ;
; Snake_Block:inst13|snake_body:inst6|trailX[150][1]                                                                                                                                                                                                                                                                                                       ; Duplicated ; Router Logic Cell Insertion and Logic Duplication ; Routability optimization   ;           ;                ; Snake_Block:inst13|snake_body:inst6|trailX[150][1]~DUPLICATE                                                                                                                                                                                                                                                                                                       ;                  ;                       ;
; Snake_Block:inst13|snake_body:inst6|trailX[150][3]                                                                                                                                                                                                                                                                                                       ; Duplicated ; Router Logic Cell Insertion and Logic Duplication ; Routability optimization   ;           ;                ; Snake_Block:inst13|snake_body:inst6|trailX[150][3]~DUPLICATE                                                                                                                                                                                                                                                                                                       ;                  ;                       ;
; Snake_Block:inst13|snake_body:inst6|trailX[150][5]                                                                                                                                                                                                                                                                                                       ; Duplicated ; Router Logic Cell Insertion and Logic Duplication ; Routability optimization   ;           ;                ; Snake_Block:inst13|snake_body:inst6|trailX[150][5]~DUPLICATE                                                                                                                                                                                                                                                                                                       ;                  ;                       ;
; Snake_Block:inst13|snake_body:inst6|trailX[156][0]                                                                                                                                                                                                                                                                                                       ; Duplicated ; Router Logic Cell Insertion and Logic Duplication ; Routability optimization   ;           ;                ; Snake_Block:inst13|snake_body:inst6|trailX[156][0]~DUPLICATE                                                                                                                                                                                                                                                                                                       ;                  ;                       ;
; Snake_Block:inst13|snake_body:inst6|trailX[156][2]                                                                                                                                                                                                                                                                                                       ; Duplicated ; Router Logic Cell Insertion and Logic Duplication ; Routability optimization   ;           ;                ; Snake_Block:inst13|snake_body:inst6|trailX[156][2]~DUPLICATE                                                                                                                                                                                                                                                                                                       ;                  ;                       ;
; Snake_Block:inst13|snake_body:inst6|trailX[156][9]                                                                                                                                                                                                                                                                                                       ; Duplicated ; Router Logic Cell Insertion and Logic Duplication ; Routability optimization   ;           ;                ; Snake_Block:inst13|snake_body:inst6|trailX[156][9]~DUPLICATE                                                                                                                                                                                                                                                                                                       ;                  ;                       ;
; Snake_Block:inst13|snake_body:inst6|trailX[162][1]                                                                                                                                                                                                                                                                                                       ; Duplicated ; Router Logic Cell Insertion and Logic Duplication ; Routability optimization   ;           ;                ; Snake_Block:inst13|snake_body:inst6|trailX[162][1]~DUPLICATE                                                                                                                                                                                                                                                                                                       ;                  ;                       ;
; Snake_Block:inst13|snake_body:inst6|trailX[162][7]                                                                                                                                                                                                                                                                                                       ; Duplicated ; Router Logic Cell Insertion and Logic Duplication ; Routability optimization   ;           ;                ; Snake_Block:inst13|snake_body:inst6|trailX[162][7]~DUPLICATE                                                                                                                                                                                                                                                                                                       ;                  ;                       ;
; Snake_Block:inst13|snake_body:inst6|trailX[162][8]                                                                                                                                                                                                                                                                                                       ; Duplicated ; Router Logic Cell Insertion and Logic Duplication ; Routability optimization   ;           ;                ; Snake_Block:inst13|snake_body:inst6|trailX[162][8]~DUPLICATE                                                                                                                                                                                                                                                                                                       ;                  ;                       ;
; Snake_Block:inst13|snake_body:inst6|trailX[168][7]                                                                                                                                                                                                                                                                                                       ; Duplicated ; Router Logic Cell Insertion and Logic Duplication ; Routability optimization   ;           ;                ; Snake_Block:inst13|snake_body:inst6|trailX[168][7]~DUPLICATE                                                                                                                                                                                                                                                                                                       ;                  ;                       ;
; Snake_Block:inst13|snake_body:inst6|trailX[174][9]                                                                                                                                                                                                                                                                                                       ; Duplicated ; Router Logic Cell Insertion and Logic Duplication ; Routability optimization   ;           ;                ; Snake_Block:inst13|snake_body:inst6|trailX[174][9]~DUPLICATE                                                                                                                                                                                                                                                                                                       ;                  ;                       ;
; Snake_Block:inst13|snake_body:inst6|trailX[180][0]                                                                                                                                                                                                                                                                                                       ; Duplicated ; Router Logic Cell Insertion and Logic Duplication ; Routability optimization   ;           ;                ; Snake_Block:inst13|snake_body:inst6|trailX[180][0]~DUPLICATE                                                                                                                                                                                                                                                                                                       ;                  ;                       ;
; Snake_Block:inst13|snake_body:inst6|trailX[180][8]                                                                                                                                                                                                                                                                                                       ; Duplicated ; Router Logic Cell Insertion and Logic Duplication ; Routability optimization   ;           ;                ; Snake_Block:inst13|snake_body:inst6|trailX[180][8]~DUPLICATE                                                                                                                                                                                                                                                                                                       ;                  ;                       ;
; Snake_Block:inst13|snake_body:inst6|trailX[186][1]                                                                                                                                                                                                                                                                                                       ; Duplicated ; Router Logic Cell Insertion and Logic Duplication ; Routability optimization   ;           ;                ; Snake_Block:inst13|snake_body:inst6|trailX[186][1]~DUPLICATE                                                                                                                                                                                                                                                                                                       ;                  ;                       ;
; Snake_Block:inst13|snake_body:inst6|trailX[192][1]                                                                                                                                                                                                                                                                                                       ; Duplicated ; Router Logic Cell Insertion and Logic Duplication ; Routability optimization   ;           ;                ; Snake_Block:inst13|snake_body:inst6|trailX[192][1]~DUPLICATE                                                                                                                                                                                                                                                                                                       ;                  ;                       ;
; Snake_Block:inst13|snake_body:inst6|trailX[192][8]                                                                                                                                                                                                                                                                                                       ; Duplicated ; Router Logic Cell Insertion and Logic Duplication ; Routability optimization   ;           ;                ; Snake_Block:inst13|snake_body:inst6|trailX[192][8]~DUPLICATE                                                                                                                                                                                                                                                                                                       ;                  ;                       ;
; Snake_Block:inst13|snake_body:inst6|trailX[192][10]                                                                                                                                                                                                                                                                                                      ; Duplicated ; Router Logic Cell Insertion and Logic Duplication ; Routability optimization   ;           ;                ; Snake_Block:inst13|snake_body:inst6|trailX[192][10]~DUPLICATE                                                                                                                                                                                                                                                                                                      ;                  ;                       ;
; Snake_Block:inst13|snake_body:inst6|trailY[6][2]                                                                                                                                                                                                                                                                                                         ; Duplicated ; Router Logic Cell Insertion and Logic Duplication ; Routability optimization   ;           ;                ; Snake_Block:inst13|snake_body:inst6|trailY[6][2]~DUPLICATE                                                                                                                                                                                                                                                                                                         ;                  ;                       ;
; Snake_Block:inst13|snake_body:inst6|trailY[6][3]                                                                                                                                                                                                                                                                                                         ; Duplicated ; Router Logic Cell Insertion and Logic Duplication ; Routability optimization   ;           ;                ; Snake_Block:inst13|snake_body:inst6|trailY[6][3]~DUPLICATE                                                                                                                                                                                                                                                                                                         ;                  ;                       ;
; Snake_Block:inst13|snake_body:inst6|trailY[6][5]                                                                                                                                                                                                                                                                                                         ; Duplicated ; Router Logic Cell Insertion and Logic Duplication ; Routability optimization   ;           ;                ; Snake_Block:inst13|snake_body:inst6|trailY[6][5]~DUPLICATE                                                                                                                                                                                                                                                                                                         ;                  ;                       ;
; Snake_Block:inst13|snake_body:inst6|trailY[6][10]                                                                                                                                                                                                                                                                                                        ; Duplicated ; Router Logic Cell Insertion and Logic Duplication ; Routability optimization   ;           ;                ; Snake_Block:inst13|snake_body:inst6|trailY[6][10]~DUPLICATE                                                                                                                                                                                                                                                                                                        ;                  ;                       ;
; Snake_Block:inst13|snake_body:inst6|trailY[18][8]                                                                                                                                                                                                                                                                                                        ; Duplicated ; Router Logic Cell Insertion and Logic Duplication ; Routability optimization   ;           ;                ; Snake_Block:inst13|snake_body:inst6|trailY[18][8]~DUPLICATE                                                                                                                                                                                                                                                                                                        ;                  ;                       ;
; Snake_Block:inst13|snake_body:inst6|trailY[24][1]                                                                                                                                                                                                                                                                                                        ; Duplicated ; Router Logic Cell Insertion and Logic Duplication ; Routability optimization   ;           ;                ; Snake_Block:inst13|snake_body:inst6|trailY[24][1]~DUPLICATE                                                                                                                                                                                                                                                                                                        ;                  ;                       ;
; Snake_Block:inst13|snake_body:inst6|trailY[24][4]                                                                                                                                                                                                                                                                                                        ; Duplicated ; Router Logic Cell Insertion and Logic Duplication ; Routability optimization   ;           ;                ; Snake_Block:inst13|snake_body:inst6|trailY[24][4]~DUPLICATE                                                                                                                                                                                                                                                                                                        ;                  ;                       ;
; Snake_Block:inst13|snake_body:inst6|trailY[30][7]                                                                                                                                                                                                                                                                                                        ; Duplicated ; Router Logic Cell Insertion and Logic Duplication ; Routability optimization   ;           ;                ; Snake_Block:inst13|snake_body:inst6|trailY[30][7]~DUPLICATE                                                                                                                                                                                                                                                                                                        ;                  ;                       ;
; Snake_Block:inst13|snake_body:inst6|trailY[36][0]                                                                                                                                                                                                                                                                                                        ; Duplicated ; Router Logic Cell Insertion and Logic Duplication ; Routability optimization   ;           ;                ; Snake_Block:inst13|snake_body:inst6|trailY[36][0]~DUPLICATE                                                                                                                                                                                                                                                                                                        ;                  ;                       ;
; Snake_Block:inst13|snake_body:inst6|trailY[36][3]                                                                                                                                                                                                                                                                                                        ; Duplicated ; Router Logic Cell Insertion and Logic Duplication ; Routability optimization   ;           ;                ; Snake_Block:inst13|snake_body:inst6|trailY[36][3]~DUPLICATE                                                                                                                                                                                                                                                                                                        ;                  ;                       ;
; Snake_Block:inst13|snake_body:inst6|trailY[42][3]                                                                                                                                                                                                                                                                                                        ; Duplicated ; Router Logic Cell Insertion and Logic Duplication ; Routability optimization   ;           ;                ; Snake_Block:inst13|snake_body:inst6|trailY[42][3]~DUPLICATE                                                                                                                                                                                                                                                                                                        ;                  ;                       ;
; Snake_Block:inst13|snake_body:inst6|trailY[42][4]                                                                                                                                                                                                                                                                                                        ; Duplicated ; Router Logic Cell Insertion and Logic Duplication ; Routability optimization   ;           ;                ; Snake_Block:inst13|snake_body:inst6|trailY[42][4]~DUPLICATE                                                                                                                                                                                                                                                                                                        ;                  ;                       ;
; Snake_Block:inst13|snake_body:inst6|trailY[48][0]                                                                                                                                                                                                                                                                                                        ; Duplicated ; Router Logic Cell Insertion and Logic Duplication ; Routability optimization   ;           ;                ; Snake_Block:inst13|snake_body:inst6|trailY[48][0]~DUPLICATE                                                                                                                                                                                                                                                                                                        ;                  ;                       ;
; Snake_Block:inst13|snake_body:inst6|trailY[48][7]                                                                                                                                                                                                                                                                                                        ; Duplicated ; Router Logic Cell Insertion and Logic Duplication ; Routability optimization   ;           ;                ; Snake_Block:inst13|snake_body:inst6|trailY[48][7]~DUPLICATE                                                                                                                                                                                                                                                                                                        ;                  ;                       ;
; Snake_Block:inst13|snake_body:inst6|trailY[48][10]                                                                                                                                                                                                                                                                                                       ; Duplicated ; Router Logic Cell Insertion and Logic Duplication ; Routability optimization   ;           ;                ; Snake_Block:inst13|snake_body:inst6|trailY[48][10]~DUPLICATE                                                                                                                                                                                                                                                                                                       ;                  ;                       ;
; Snake_Block:inst13|snake_body:inst6|trailY[54][1]                                                                                                                                                                                                                                                                                                        ; Duplicated ; Router Logic Cell Insertion and Logic Duplication ; Routability optimization   ;           ;                ; Snake_Block:inst13|snake_body:inst6|trailY[54][1]~DUPLICATE                                                                                                                                                                                                                                                                                                        ;                  ;                       ;
; Snake_Block:inst13|snake_body:inst6|trailY[54][6]                                                                                                                                                                                                                                                                                                        ; Duplicated ; Router Logic Cell Insertion and Logic Duplication ; Routability optimization   ;           ;                ; Snake_Block:inst13|snake_body:inst6|trailY[54][6]~DUPLICATE                                                                                                                                                                                                                                                                                                        ;                  ;                       ;
; Snake_Block:inst13|snake_body:inst6|trailY[54][9]                                                                                                                                                                                                                                                                                                        ; Duplicated ; Router Logic Cell Insertion and Logic Duplication ; Routability optimization   ;           ;                ; Snake_Block:inst13|snake_body:inst6|trailY[54][9]~DUPLICATE                                                                                                                                                                                                                                                                                                        ;                  ;                       ;
; Snake_Block:inst13|snake_body:inst6|trailY[66][0]                                                                                                                                                                                                                                                                                                        ; Duplicated ; Router Logic Cell Insertion and Logic Duplication ; Routability optimization   ;           ;                ; Snake_Block:inst13|snake_body:inst6|trailY[66][0]~DUPLICATE                                                                                                                                                                                                                                                                                                        ;                  ;                       ;
; Snake_Block:inst13|snake_body:inst6|trailY[66][2]                                                                                                                                                                                                                                                                                                        ; Duplicated ; Router Logic Cell Insertion and Logic Duplication ; Routability optimization   ;           ;                ; Snake_Block:inst13|snake_body:inst6|trailY[66][2]~DUPLICATE                                                                                                                                                                                                                                                                                                        ;                  ;                       ;
; Snake_Block:inst13|snake_body:inst6|trailY[78][0]                                                                                                                                                                                                                                                                                                        ; Duplicated ; Router Logic Cell Insertion and Logic Duplication ; Routability optimization   ;           ;                ; Snake_Block:inst13|snake_body:inst6|trailY[78][0]~DUPLICATE                                                                                                                                                                                                                                                                                                        ;                  ;                       ;
; Snake_Block:inst13|snake_body:inst6|trailY[78][3]                                                                                                                                                                                                                                                                                                        ; Duplicated ; Router Logic Cell Insertion and Logic Duplication ; Routability optimization   ;           ;                ; Snake_Block:inst13|snake_body:inst6|trailY[78][3]~DUPLICATE                                                                                                                                                                                                                                                                                                        ;                  ;                       ;
; Snake_Block:inst13|snake_body:inst6|trailY[84][10]                                                                                                                                                                                                                                                                                                       ; Duplicated ; Router Logic Cell Insertion and Logic Duplication ; Routability optimization   ;           ;                ; Snake_Block:inst13|snake_body:inst6|trailY[84][10]~DUPLICATE                                                                                                                                                                                                                                                                                                       ;                  ;                       ;
; Snake_Block:inst13|snake_body:inst6|trailY[90][1]                                                                                                                                                                                                                                                                                                        ; Duplicated ; Router Logic Cell Insertion and Logic Duplication ; Routability optimization   ;           ;                ; Snake_Block:inst13|snake_body:inst6|trailY[90][1]~DUPLICATE                                                                                                                                                                                                                                                                                                        ;                  ;                       ;
; Snake_Block:inst13|snake_body:inst6|trailY[96][3]                                                                                                                                                                                                                                                                                                        ; Duplicated ; Router Logic Cell Insertion and Logic Duplication ; Routability optimization   ;           ;                ; Snake_Block:inst13|snake_body:inst6|trailY[96][3]~DUPLICATE                                                                                                                                                                                                                                                                                                        ;                  ;                       ;
; Snake_Block:inst13|snake_body:inst6|trailY[102][0]                                                                                                                                                                                                                                                                                                       ; Duplicated ; Router Logic Cell Insertion and Logic Duplication ; Routability optimization   ;           ;                ; Snake_Block:inst13|snake_body:inst6|trailY[102][0]~DUPLICATE                                                                                                                                                                                                                                                                                                       ;                  ;                       ;
; Snake_Block:inst13|snake_body:inst6|trailY[102][1]                                                                                                                                                                                                                                                                                                       ; Duplicated ; Router Logic Cell Insertion and Logic Duplication ; Routability optimization   ;           ;                ; Snake_Block:inst13|snake_body:inst6|trailY[102][1]~DUPLICATE                                                                                                                                                                                                                                                                                                       ;                  ;                       ;
; Snake_Block:inst13|snake_body:inst6|trailY[102][9]                                                                                                                                                                                                                                                                                                       ; Duplicated ; Router Logic Cell Insertion and Logic Duplication ; Routability optimization   ;           ;                ; Snake_Block:inst13|snake_body:inst6|trailY[102][9]~DUPLICATE                                                                                                                                                                                                                                                                                                       ;                  ;                       ;
; Snake_Block:inst13|snake_body:inst6|trailY[108][1]                                                                                                                                                                                                                                                                                                       ; Duplicated ; Router Logic Cell Insertion and Logic Duplication ; Routability optimization   ;           ;                ; Snake_Block:inst13|snake_body:inst6|trailY[108][1]~DUPLICATE                                                                                                                                                                                                                                                                                                       ;                  ;                       ;
; Snake_Block:inst13|snake_body:inst6|trailY[108][9]                                                                                                                                                                                                                                                                                                       ; Duplicated ; Router Logic Cell Insertion and Logic Duplication ; Routability optimization   ;           ;                ; Snake_Block:inst13|snake_body:inst6|trailY[108][9]~DUPLICATE                                                                                                                                                                                                                                                                                                       ;                  ;                       ;
; Snake_Block:inst13|snake_body:inst6|trailY[114][3]                                                                                                                                                                                                                                                                                                       ; Duplicated ; Router Logic Cell Insertion and Logic Duplication ; Routability optimization   ;           ;                ; Snake_Block:inst13|snake_body:inst6|trailY[114][3]~DUPLICATE                                                                                                                                                                                                                                                                                                       ;                  ;                       ;
; Snake_Block:inst13|snake_body:inst6|trailY[120][9]                                                                                                                                                                                                                                                                                                       ; Duplicated ; Router Logic Cell Insertion and Logic Duplication ; Routability optimization   ;           ;                ; Snake_Block:inst13|snake_body:inst6|trailY[120][9]~DUPLICATE                                                                                                                                                                                                                                                                                                       ;                  ;                       ;
; Snake_Block:inst13|snake_body:inst6|trailY[120][10]                                                                                                                                                                                                                                                                                                      ; Duplicated ; Router Logic Cell Insertion and Logic Duplication ; Routability optimization   ;           ;                ; Snake_Block:inst13|snake_body:inst6|trailY[120][10]~DUPLICATE                                                                                                                                                                                                                                                                                                      ;                  ;                       ;
; Snake_Block:inst13|snake_body:inst6|trailY[126][6]                                                                                                                                                                                                                                                                                                       ; Duplicated ; Router Logic Cell Insertion and Logic Duplication ; Routability optimization   ;           ;                ; Snake_Block:inst13|snake_body:inst6|trailY[126][6]~DUPLICATE                                                                                                                                                                                                                                                                                                       ;                  ;                       ;
; Snake_Block:inst13|snake_body:inst6|trailY[132][2]                                                                                                                                                                                                                                                                                                       ; Duplicated ; Router Logic Cell Insertion and Logic Duplication ; Routability optimization   ;           ;                ; Snake_Block:inst13|snake_body:inst6|trailY[132][2]~DUPLICATE                                                                                                                                                                                                                                                                                                       ;                  ;                       ;
; Snake_Block:inst13|snake_body:inst6|trailY[132][4]                                                                                                                                                                                                                                                                                                       ; Duplicated ; Router Logic Cell Insertion and Logic Duplication ; Routability optimization   ;           ;                ; Snake_Block:inst13|snake_body:inst6|trailY[132][4]~DUPLICATE                                                                                                                                                                                                                                                                                                       ;                  ;                       ;
; Snake_Block:inst13|snake_body:inst6|trailY[132][5]                                                                                                                                                                                                                                                                                                       ; Duplicated ; Router Logic Cell Insertion and Logic Duplication ; Routability optimization   ;           ;                ; Snake_Block:inst13|snake_body:inst6|trailY[132][5]~DUPLICATE                                                                                                                                                                                                                                                                                                       ;                  ;                       ;
; Snake_Block:inst13|snake_body:inst6|trailY[132][9]                                                                                                                                                                                                                                                                                                       ; Duplicated ; Router Logic Cell Insertion and Logic Duplication ; Routability optimization   ;           ;                ; Snake_Block:inst13|snake_body:inst6|trailY[132][9]~DUPLICATE                                                                                                                                                                                                                                                                                                       ;                  ;                       ;
; Snake_Block:inst13|snake_body:inst6|trailY[138][0]                                                                                                                                                                                                                                                                                                       ; Duplicated ; Router Logic Cell Insertion and Logic Duplication ; Routability optimization   ;           ;                ; Snake_Block:inst13|snake_body:inst6|trailY[138][0]~DUPLICATE                                                                                                                                                                                                                                                                                                       ;                  ;                       ;
; Snake_Block:inst13|snake_body:inst6|trailY[138][4]                                                                                                                                                                                                                                                                                                       ; Duplicated ; Router Logic Cell Insertion and Logic Duplication ; Routability optimization   ;           ;                ; Snake_Block:inst13|snake_body:inst6|trailY[138][4]~DUPLICATE                                                                                                                                                                                                                                                                                                       ;                  ;                       ;
; Snake_Block:inst13|snake_body:inst6|trailY[138][9]                                                                                                                                                                                                                                                                                                       ; Duplicated ; Router Logic Cell Insertion and Logic Duplication ; Routability optimization   ;           ;                ; Snake_Block:inst13|snake_body:inst6|trailY[138][9]~DUPLICATE                                                                                                                                                                                                                                                                                                       ;                  ;                       ;
; Snake_Block:inst13|snake_body:inst6|trailY[144][5]                                                                                                                                                                                                                                                                                                       ; Duplicated ; Router Logic Cell Insertion and Logic Duplication ; Routability optimization   ;           ;                ; Snake_Block:inst13|snake_body:inst6|trailY[144][5]~DUPLICATE                                                                                                                                                                                                                                                                                                       ;                  ;                       ;
; Snake_Block:inst13|snake_body:inst6|trailY[150][0]                                                                                                                                                                                                                                                                                                       ; Duplicated ; Router Logic Cell Insertion and Logic Duplication ; Routability optimization   ;           ;                ; Snake_Block:inst13|snake_body:inst6|trailY[150][0]~DUPLICATE                                                                                                                                                                                                                                                                                                       ;                  ;                       ;
; Snake_Block:inst13|snake_body:inst6|trailY[150][2]                                                                                                                                                                                                                                                                                                       ; Duplicated ; Router Logic Cell Insertion and Logic Duplication ; Routability optimization   ;           ;                ; Snake_Block:inst13|snake_body:inst6|trailY[150][2]~DUPLICATE                                                                                                                                                                                                                                                                                                       ;                  ;                       ;
; Snake_Block:inst13|snake_body:inst6|trailY[150][7]                                                                                                                                                                                                                                                                                                       ; Duplicated ; Router Logic Cell Insertion and Logic Duplication ; Routability optimization   ;           ;                ; Snake_Block:inst13|snake_body:inst6|trailY[150][7]~DUPLICATE                                                                                                                                                                                                                                                                                                       ;                  ;                       ;
; Snake_Block:inst13|snake_body:inst6|trailY[150][8]                                                                                                                                                                                                                                                                                                       ; Duplicated ; Router Logic Cell Insertion and Logic Duplication ; Routability optimization   ;           ;                ; Snake_Block:inst13|snake_body:inst6|trailY[150][8]~DUPLICATE                                                                                                                                                                                                                                                                                                       ;                  ;                       ;
; Snake_Block:inst13|snake_body:inst6|trailY[156][1]                                                                                                                                                                                                                                                                                                       ; Duplicated ; Router Logic Cell Insertion and Logic Duplication ; Routability optimization   ;           ;                ; Snake_Block:inst13|snake_body:inst6|trailY[156][1]~DUPLICATE                                                                                                                                                                                                                                                                                                       ;                  ;                       ;
; Snake_Block:inst13|snake_body:inst6|trailY[156][6]                                                                                                                                                                                                                                                                                                       ; Duplicated ; Router Logic Cell Insertion and Logic Duplication ; Routability optimization   ;           ;                ; Snake_Block:inst13|snake_body:inst6|trailY[156][6]~DUPLICATE                                                                                                                                                                                                                                                                                                       ;                  ;                       ;
; Snake_Block:inst13|snake_body:inst6|trailY[162][4]                                                                                                                                                                                                                                                                                                       ; Duplicated ; Router Logic Cell Insertion and Logic Duplication ; Routability optimization   ;           ;                ; Snake_Block:inst13|snake_body:inst6|trailY[162][4]~DUPLICATE                                                                                                                                                                                                                                                                                                       ;                  ;                       ;
; Snake_Block:inst13|snake_body:inst6|trailY[168][4]                                                                                                                                                                                                                                                                                                       ; Duplicated ; Router Logic Cell Insertion and Logic Duplication ; Routability optimization   ;           ;                ; Snake_Block:inst13|snake_body:inst6|trailY[168][4]~DUPLICATE                                                                                                                                                                                                                                                                                                       ;                  ;                       ;
; Snake_Block:inst13|snake_body:inst6|trailY[168][6]                                                                                                                                                                                                                                                                                                       ; Duplicated ; Router Logic Cell Insertion and Logic Duplication ; Routability optimization   ;           ;                ; Snake_Block:inst13|snake_body:inst6|trailY[168][6]~DUPLICATE                                                                                                                                                                                                                                                                                                       ;                  ;                       ;
; Snake_Block:inst13|snake_body:inst6|trailY[174][0]                                                                                                                                                                                                                                                                                                       ; Duplicated ; Router Logic Cell Insertion and Logic Duplication ; Routability optimization   ;           ;                ; Snake_Block:inst13|snake_body:inst6|trailY[174][0]~DUPLICATE                                                                                                                                                                                                                                                                                                       ;                  ;                       ;
; Snake_Block:inst13|snake_body:inst6|trailY[174][6]                                                                                                                                                                                                                                                                                                       ; Duplicated ; Router Logic Cell Insertion and Logic Duplication ; Routability optimization   ;           ;                ; Snake_Block:inst13|snake_body:inst6|trailY[174][6]~DUPLICATE                                                                                                                                                                                                                                                                                                       ;                  ;                       ;
; Snake_Block:inst13|snake_body:inst6|trailY[174][7]                                                                                                                                                                                                                                                                                                       ; Duplicated ; Router Logic Cell Insertion and Logic Duplication ; Routability optimization   ;           ;                ; Snake_Block:inst13|snake_body:inst6|trailY[174][7]~DUPLICATE                                                                                                                                                                                                                                                                                                       ;                  ;                       ;
; Snake_Block:inst13|snake_body:inst6|trailY[180][1]                                                                                                                                                                                                                                                                                                       ; Duplicated ; Router Logic Cell Insertion and Logic Duplication ; Routability optimization   ;           ;                ; Snake_Block:inst13|snake_body:inst6|trailY[180][1]~DUPLICATE                                                                                                                                                                                                                                                                                                       ;                  ;                       ;
; Snake_Block:inst13|snake_body:inst6|trailY[180][3]                                                                                                                                                                                                                                                                                                       ; Duplicated ; Router Logic Cell Insertion and Logic Duplication ; Routability optimization   ;           ;                ; Snake_Block:inst13|snake_body:inst6|trailY[180][3]~DUPLICATE                                                                                                                                                                                                                                                                                                       ;                  ;                       ;
; Snake_Block:inst13|snake_body:inst6|trailY[186][0]                                                                                                                                                                                                                                                                                                       ; Duplicated ; Router Logic Cell Insertion and Logic Duplication ; Routability optimization   ;           ;                ; Snake_Block:inst13|snake_body:inst6|trailY[186][0]~DUPLICATE                                                                                                                                                                                                                                                                                                       ;                  ;                       ;
; Snake_Block:inst13|snake_body:inst6|trailY[192][0]                                                                                                                                                                                                                                                                                                       ; Duplicated ; Router Logic Cell Insertion and Logic Duplication ; Routability optimization   ;           ;                ; Snake_Block:inst13|snake_body:inst6|trailY[192][0]~DUPLICATE                                                                                                                                                                                                                                                                                                       ;                  ;                       ;
; Snake_Block:inst13|snake_body:inst6|trailY[192][8]                                                                                                                                                                                                                                                                                                       ; Duplicated ; Router Logic Cell Insertion and Logic Duplication ; Routability optimization   ;           ;                ; Snake_Block:inst13|snake_body:inst6|trailY[192][8]~DUPLICATE                                                                                                                                                                                                                                                                                                       ;                  ;                       ;
; Snake_Block:inst13|snake_body:inst6|trailY[192][10]                                                                                                                                                                                                                                                                                                      ; Duplicated ; Router Logic Cell Insertion and Logic Duplication ; Routability optimization   ;           ;                ; Snake_Block:inst13|snake_body:inst6|trailY[192][10]~DUPLICATE                                                                                                                                                                                                                                                                                                      ;                  ;                       ;
; Snake_Block:inst13|snake_head:inst3|Xposition[0]                                                                                                                                                                                                                                                                                                         ; Duplicated ; Router Logic Cell Insertion and Logic Duplication ; Routability optimization   ;           ;                ; Snake_Block:inst13|snake_head:inst3|Xposition[0]~DUPLICATE                                                                                                                                                                                                                                                                                                         ;                  ;                       ;
; Snake_Block:inst13|snake_head:inst3|Xposition[1]                                                                                                                                                                                                                                                                                                         ; Duplicated ; Router Logic Cell Insertion and Logic Duplication ; Routability optimization   ;           ;                ; Snake_Block:inst13|snake_head:inst3|Xposition[1]~DUPLICATE                                                                                                                                                                                                                                                                                                         ;                  ;                       ;
; Snake_Block:inst13|snake_head:inst3|Xposition[2]                                                                                                                                                                                                                                                                                                         ; Duplicated ; Router Logic Cell Insertion and Logic Duplication ; Routability optimization   ;           ;                ; Snake_Block:inst13|snake_head:inst3|Xposition[2]~DUPLICATE                                                                                                                                                                                                                                                                                                         ;                  ;                       ;
; Snake_Block:inst13|snake_head:inst3|Xposition[15]                                                                                                                                                                                                                                                                                                        ; Duplicated ; Router Logic Cell Insertion and Logic Duplication ; Routability optimization   ;           ;                ; Snake_Block:inst13|snake_head:inst3|Xposition[15]~DUPLICATE                                                                                                                                                                                                                                                                                                        ;                  ;                       ;
; Snake_Block:inst13|snake_head:inst3|Xposition[16]                                                                                                                                                                                                                                                                                                        ; Duplicated ; Router Logic Cell Insertion and Logic Duplication ; Routability optimization   ;           ;                ; Snake_Block:inst13|snake_head:inst3|Xposition[16]~DUPLICATE                                                                                                                                                                                                                                                                                                        ;                  ;                       ;
; Snake_Block:inst13|snake_head:inst3|Xposition[27]                                                                                                                                                                                                                                                                                                        ; Duplicated ; Router Logic Cell Insertion and Logic Duplication ; Routability optimization   ;           ;                ; Snake_Block:inst13|snake_head:inst3|Xposition[27]~DUPLICATE                                                                                                                                                                                                                                                                                                        ;                  ;                       ;
; Snake_Block:inst13|snake_head:inst3|Xposition[28]                                                                                                                                                                                                                                                                                                        ; Duplicated ; Router Logic Cell Insertion and Logic Duplication ; Routability optimization   ;           ;                ; Snake_Block:inst13|snake_head:inst3|Xposition[28]~DUPLICATE                                                                                                                                                                                                                                                                                                        ;                  ;                       ;
; Snake_Block:inst13|snake_head:inst3|Xposition[29]                                                                                                                                                                                                                                                                                                        ; Duplicated ; Router Logic Cell Insertion and Logic Duplication ; Routability optimization   ;           ;                ; Snake_Block:inst13|snake_head:inst3|Xposition[29]~DUPLICATE                                                                                                                                                                                                                                                                                                        ;                  ;                       ;
; Snake_Block:inst13|snake_head:inst3|Xspeed[0]                                                                                                                                                                                                                                                                                                            ; Duplicated ; Router Logic Cell Insertion and Logic Duplication ; Routability optimization   ;           ;                ; Snake_Block:inst13|snake_head:inst3|Xspeed[0]~DUPLICATE                                                                                                                                                                                                                                                                                                            ;                  ;                       ;
; Snake_Block:inst13|snake_head:inst3|Xspeed[1]                                                                                                                                                                                                                                                                                                            ; Duplicated ; Router Logic Cell Insertion and Logic Duplication ; Routability optimization   ;           ;                ; Snake_Block:inst13|snake_head:inst3|Xspeed[1]~DUPLICATE                                                                                                                                                                                                                                                                                                            ;                  ;                       ;
; Snake_Block:inst13|snake_head:inst3|Xspeed[6]                                                                                                                                                                                                                                                                                                            ; Duplicated ; Router Logic Cell Insertion and Logic Duplication ; Routability optimization   ;           ;                ; Snake_Block:inst13|snake_head:inst3|Xspeed[6]~DUPLICATE                                                                                                                                                                                                                                                                                                            ;                  ;                       ;
; Snake_Block:inst13|snake_head:inst3|Xspeed[7]                                                                                                                                                                                                                                                                                                            ; Duplicated ; Router Logic Cell Insertion and Logic Duplication ; Routability optimization   ;           ;                ; Snake_Block:inst13|snake_head:inst3|Xspeed[7]~DUPLICATE                                                                                                                                                                                                                                                                                                            ;                  ;                       ;
; Snake_Block:inst13|snake_head:inst3|Yposition[1]                                                                                                                                                                                                                                                                                                         ; Duplicated ; Router Logic Cell Insertion and Logic Duplication ; Routability optimization   ;           ;                ; Snake_Block:inst13|snake_head:inst3|Yposition[1]~DUPLICATE                                                                                                                                                                                                                                                                                                         ;                  ;                       ;
; Snake_Block:inst13|snake_head:inst3|Yposition[3]                                                                                                                                                                                                                                                                                                         ; Duplicated ; Router Logic Cell Insertion and Logic Duplication ; Routability optimization   ;           ;                ; Snake_Block:inst13|snake_head:inst3|Yposition[3]~DUPLICATE                                                                                                                                                                                                                                                                                                         ;                  ;                       ;
; Snake_Block:inst13|snake_head:inst3|Yposition[7]                                                                                                                                                                                                                                                                                                         ; Duplicated ; Router Logic Cell Insertion and Logic Duplication ; Routability optimization   ;           ;                ; Snake_Block:inst13|snake_head:inst3|Yposition[7]~DUPLICATE                                                                                                                                                                                                                                                                                                         ;                  ;                       ;
; Snake_Block:inst13|snake_head:inst3|Yposition[14]                                                                                                                                                                                                                                                                                                        ; Duplicated ; Router Logic Cell Insertion and Logic Duplication ; Routability optimization   ;           ;                ; Snake_Block:inst13|snake_head:inst3|Yposition[14]~DUPLICATE                                                                                                                                                                                                                                                                                                        ;                  ;                       ;
; Snake_Block:inst13|snake_head:inst3|Yposition[18]                                                                                                                                                                                                                                                                                                        ; Duplicated ; Router Logic Cell Insertion and Logic Duplication ; Routability optimization   ;           ;                ; Snake_Block:inst13|snake_head:inst3|Yposition[18]~DUPLICATE                                                                                                                                                                                                                                                                                                        ;                  ;                       ;
; Snake_Block:inst13|snake_head:inst3|Yposition[19]                                                                                                                                                                                                                                                                                                        ; Duplicated ; Router Logic Cell Insertion and Logic Duplication ; Routability optimization   ;           ;                ; Snake_Block:inst13|snake_head:inst3|Yposition[19]~DUPLICATE                                                                                                                                                                                                                                                                                                        ;                  ;                       ;
; Snake_Block:inst13|snake_head:inst3|Yposition[20]                                                                                                                                                                                                                                                                                                        ; Duplicated ; Router Logic Cell Insertion and Logic Duplication ; Routability optimization   ;           ;                ; Snake_Block:inst13|snake_head:inst3|Yposition[20]~DUPLICATE                                                                                                                                                                                                                                                                                                        ;                  ;                       ;
; Snake_Block:inst13|snake_head:inst3|Yposition[21]                                                                                                                                                                                                                                                                                                        ; Duplicated ; Router Logic Cell Insertion and Logic Duplication ; Routability optimization   ;           ;                ; Snake_Block:inst13|snake_head:inst3|Yposition[21]~DUPLICATE                                                                                                                                                                                                                                                                                                        ;                  ;                       ;
; Snake_Block:inst13|snake_head:inst3|Yposition[23]                                                                                                                                                                                                                                                                                                        ; Duplicated ; Router Logic Cell Insertion and Logic Duplication ; Routability optimization   ;           ;                ; Snake_Block:inst13|snake_head:inst3|Yposition[23]~DUPLICATE                                                                                                                                                                                                                                                                                                        ;                  ;                       ;
; Snake_Block:inst13|snake_head:inst3|Yposition[25]                                                                                                                                                                                                                                                                                                        ; Duplicated ; Router Logic Cell Insertion and Logic Duplication ; Routability optimization   ;           ;                ; Snake_Block:inst13|snake_head:inst3|Yposition[25]~DUPLICATE                                                                                                                                                                                                                                                                                                        ;                  ;                       ;
; Snake_Block:inst13|snake_head:inst3|Yspeed[7]                                                                                                                                                                                                                                                                                                            ; Duplicated ; Router Logic Cell Insertion and Logic Duplication ; Routability optimization   ;           ;                ; Snake_Block:inst13|snake_head:inst3|Yspeed[7]~DUPLICATE                                                                                                                                                                                                                                                                                                            ;                  ;                       ;
; Snake_Block:inst13|snake_head:inst3|currentDir.DIR_DOWN                                                                                                                                                                                                                                                                                                  ; Duplicated ; Router Logic Cell Insertion and Logic Duplication ; Routability optimization   ;           ;                ; Snake_Block:inst13|snake_head:inst3|currentDir.DIR_DOWN~DUPLICATE                                                                                                                                                                                                                                                                                                  ;                  ;                       ;
; Snake_Block:inst13|snake_head:inst3|currentDir.DIR_NONE                                                                                                                                                                                                                                                                                                  ; Duplicated ; Router Logic Cell Insertion and Logic Duplication ; Routability optimization   ;           ;                ; Snake_Block:inst13|snake_head:inst3|currentDir.DIR_NONE~DUPLICATE                                                                                                                                                                                                                                                                                                  ;                  ;                       ;
; Snake_Block:inst13|snake_head:inst3|pendingDir.DIR_NONE                                                                                                                                                                                                                                                                                                  ; Duplicated ; Router Logic Cell Insertion and Logic Duplication ; Routability optimization   ;           ;                ; Snake_Block:inst13|snake_head:inst3|pendingDir.DIR_NONE~DUPLICATE                                                                                                                                                                                                                                                                                                  ;                  ;                       ;
; Snake_Block:inst13|snake_head:inst3|targetX[3]                                                                                                                                                                                                                                                                                                           ; Duplicated ; Router Logic Cell Insertion and Logic Duplication ; Routability optimization   ;           ;                ; Snake_Block:inst13|snake_head:inst3|targetX[3]~DUPLICATE                                                                                                                                                                                                                                                                                                           ;                  ;                       ;
; Snake_Block:inst13|snake_head:inst3|targetX[10]                                                                                                                                                                                                                                                                                                          ; Duplicated ; Router Logic Cell Insertion and Logic Duplication ; Routability optimization   ;           ;                ; Snake_Block:inst13|snake_head:inst3|targetX[10]~DUPLICATE                                                                                                                                                                                                                                                                                                          ;                  ;                       ;
; Snake_Block:inst13|snake_head:inst3|targetX[11]                                                                                                                                                                                                                                                                                                          ; Duplicated ; Router Logic Cell Insertion and Logic Duplication ; Routability optimization   ;           ;                ; Snake_Block:inst13|snake_head:inst3|targetX[11]~DUPLICATE                                                                                                                                                                                                                                                                                                          ;                  ;                       ;
; Snake_Block:inst13|snake_head:inst3|targetX[12]                                                                                                                                                                                                                                                                                                          ; Duplicated ; Router Logic Cell Insertion and Logic Duplication ; Routability optimization   ;           ;                ; Snake_Block:inst13|snake_head:inst3|targetX[12]~DUPLICATE                                                                                                                                                                                                                                                                                                          ;                  ;                       ;
; Snake_Block:inst13|snake_head:inst3|targetX[13]                                                                                                                                                                                                                                                                                                          ; Duplicated ; Router Logic Cell Insertion and Logic Duplication ; Routability optimization   ;           ;                ; Snake_Block:inst13|snake_head:inst3|targetX[13]~DUPLICATE                                                                                                                                                                                                                                                                                                          ;                  ;                       ;
; Snake_Block:inst13|snake_head:inst3|targetX[14]                                                                                                                                                                                                                                                                                                          ; Duplicated ; Router Logic Cell Insertion and Logic Duplication ; Routability optimization   ;           ;                ; Snake_Block:inst13|snake_head:inst3|targetX[14]~DUPLICATE                                                                                                                                                                                                                                                                                                          ;                  ;                       ;
; Snake_Block:inst13|snake_head:inst3|targetX[18]                                                                                                                                                                                                                                                                                                          ; Duplicated ; Router Logic Cell Insertion and Logic Duplication ; Routability optimization   ;           ;                ; Snake_Block:inst13|snake_head:inst3|targetX[18]~DUPLICATE                                                                                                                                                                                                                                                                                                          ;                  ;                       ;
; Snake_Block:inst13|snake_head:inst3|targetX[22]                                                                                                                                                                                                                                                                                                          ; Duplicated ; Router Logic Cell Insertion and Logic Duplication ; Routability optimization   ;           ;                ; Snake_Block:inst13|snake_head:inst3|targetX[22]~DUPLICATE                                                                                                                                                                                                                                                                                                          ;                  ;                       ;
; Snake_Block:inst13|snake_head:inst3|targetX[24]                                                                                                                                                                                                                                                                                                          ; Duplicated ; Router Logic Cell Insertion and Logic Duplication ; Routability optimization   ;           ;                ; Snake_Block:inst13|snake_head:inst3|targetX[24]~DUPLICATE                                                                                                                                                                                                                                                                                                          ;                  ;                       ;
; Snake_Block:inst13|snake_head:inst3|targetX[27]                                                                                                                                                                                                                                                                                                          ; Duplicated ; Router Logic Cell Insertion and Logic Duplication ; Routability optimization   ;           ;                ; Snake_Block:inst13|snake_head:inst3|targetX[27]~DUPLICATE                                                                                                                                                                                                                                                                                                          ;                  ;                       ;
; Snake_Block:inst13|snake_head:inst3|targetX[29]                                                                                                                                                                                                                                                                                                          ; Duplicated ; Router Logic Cell Insertion and Logic Duplication ; Routability optimization   ;           ;                ; Snake_Block:inst13|snake_head:inst3|targetX[29]~DUPLICATE                                                                                                                                                                                                                                                                                                          ;                  ;                       ;
; Snake_Block:inst13|snake_head:inst3|targetX[30]                                                                                                                                                                                                                                                                                                          ; Duplicated ; Router Logic Cell Insertion and Logic Duplication ; Routability optimization   ;           ;                ; Snake_Block:inst13|snake_head:inst3|targetX[30]~DUPLICATE                                                                                                                                                                                                                                                                                                          ;                  ;                       ;
; Snake_Block:inst13|snake_head:inst3|targetX[31]                                                                                                                                                                                                                                                                                                          ; Duplicated ; Router Logic Cell Insertion and Logic Duplication ; Routability optimization   ;           ;                ; Snake_Block:inst13|snake_head:inst3|targetX[31]~DUPLICATE                                                                                                                                                                                                                                                                                                          ;                  ;                       ;
; Snake_Block:inst13|snake_head:inst3|targetY[3]                                                                                                                                                                                                                                                                                                           ; Duplicated ; Router Logic Cell Insertion and Logic Duplication ; Routability optimization   ;           ;                ; Snake_Block:inst13|snake_head:inst3|targetY[3]~DUPLICATE                                                                                                                                                                                                                                                                                                           ;                  ;                       ;
; Snake_Block:inst13|snake_head:inst3|targetY[9]                                                                                                                                                                                                                                                                                                           ; Duplicated ; Router Logic Cell Insertion and Logic Duplication ; Routability optimization   ;           ;                ; Snake_Block:inst13|snake_head:inst3|targetY[9]~DUPLICATE                                                                                                                                                                                                                                                                                                           ;                  ;                       ;
; Snake_Block:inst13|snake_head:inst3|targetY[10]                                                                                                                                                                                                                                                                                                          ; Duplicated ; Router Logic Cell Insertion and Logic Duplication ; Routability optimization   ;           ;                ; Snake_Block:inst13|snake_head:inst3|targetY[10]~DUPLICATE                                                                                                                                                                                                                                                                                                          ;                  ;                       ;
; Snake_Block:inst13|snake_head:inst3|targetY[11]                                                                                                                                                                                                                                                                                                          ; Duplicated ; Router Logic Cell Insertion and Logic Duplication ; Routability optimization   ;           ;                ; Snake_Block:inst13|snake_head:inst3|targetY[11]~DUPLICATE                                                                                                                                                                                                                                                                                                          ;                  ;                       ;
; Snake_Block:inst13|snake_head:inst3|targetY[12]                                                                                                                                                                                                                                                                                                          ; Duplicated ; Router Logic Cell Insertion and Logic Duplication ; Routability optimization   ;           ;                ; Snake_Block:inst13|snake_head:inst3|targetY[12]~DUPLICATE                                                                                                                                                                                                                                                                                                          ;                  ;                       ;
; Snake_Block:inst13|snake_head:inst3|targetY[13]                                                                                                                                                                                                                                                                                                          ; Duplicated ; Router Logic Cell Insertion and Logic Duplication ; Routability optimization   ;           ;                ; Snake_Block:inst13|snake_head:inst3|targetY[13]~DUPLICATE                                                                                                                                                                                                                                                                                                          ;                  ;                       ;
; Snake_Block:inst13|snake_head:inst3|targetY[19]                                                                                                                                                                                                                                                                                                          ; Duplicated ; Router Logic Cell Insertion and Logic Duplication ; Routability optimization   ;           ;                ; Snake_Block:inst13|snake_head:inst3|targetY[19]~DUPLICATE                                                                                                                                                                                                                                                                                                          ;                  ;                       ;
; Snake_Block:inst13|snake_head:inst3|targetY[20]                                                                                                                                                                                                                                                                                                          ; Duplicated ; Router Logic Cell Insertion and Logic Duplication ; Routability optimization   ;           ;                ; Snake_Block:inst13|snake_head:inst3|targetY[20]~DUPLICATE                                                                                                                                                                                                                                                                                                          ;                  ;                       ;
; Snake_Block:inst13|snake_head:inst3|targetY[21]                                                                                                                                                                                                                                                                                                          ; Duplicated ; Router Logic Cell Insertion and Logic Duplication ; Routability optimization   ;           ;                ; Snake_Block:inst13|snake_head:inst3|targetY[21]~DUPLICATE                                                                                                                                                                                                                                                                                                          ;                  ;                       ;
; Snake_Block:inst13|snake_head:inst3|targetY[22]                                                                                                                                                                                                                                                                                                          ; Duplicated ; Router Logic Cell Insertion and Logic Duplication ; Routability optimization   ;           ;                ; Snake_Block:inst13|snake_head:inst3|targetY[22]~DUPLICATE                                                                                                                                                                                                                                                                                                          ;                  ;                       ;
; Snake_Block:inst13|snake_head:inst3|targetY[23]                                                                                                                                                                                                                                                                                                          ; Duplicated ; Router Logic Cell Insertion and Logic Duplication ; Routability optimization   ;           ;                ; Snake_Block:inst13|snake_head:inst3|targetY[23]~DUPLICATE                                                                                                                                                                                                                                                                                                          ;                  ;                       ;
; Snake_Block:inst13|snake_head:inst3|targetY[27]                                                                                                                                                                                                                                                                                                          ; Duplicated ; Router Logic Cell Insertion and Logic Duplication ; Routability optimization   ;           ;                ; Snake_Block:inst13|snake_head:inst3|targetY[27]~DUPLICATE                                                                                                                                                                                                                                                                                                          ;                  ;                       ;
; Snake_Block:inst13|snake_head:inst3|targetY[31]                                                                                                                                                                                                                                                                                                          ; Duplicated ; Router Logic Cell Insertion and Logic Duplication ; Routability optimization   ;           ;                ; Snake_Block:inst13|snake_head:inst3|targetY[31]~DUPLICATE                                                                                                                                                                                                                                                                                                          ;                  ;                       ;
; Snake_Block:inst13|speed_controller:inst|moveSpeed[1]                                                                                                                                                                                                                                                                                                    ; Duplicated ; Router Logic Cell Insertion and Logic Duplication ; Routability optimization   ;           ;                ; Snake_Block:inst13|speed_controller:inst|moveSpeed[1]~DUPLICATE                                                                                                                                                                                                                                                                                                    ;                  ;                       ;
; Snake_Block:inst13|speed_controller:inst|moveSpeed[2]                                                                                                                                                                                                                                                                                                    ; Duplicated ; Router Logic Cell Insertion and Logic Duplication ; Routability optimization   ;           ;                ; Snake_Block:inst13|speed_controller:inst|moveSpeed[2]~DUPLICATE                                                                                                                                                                                                                                                                                                    ;                  ;                       ;
; Snake_Block:inst13|speed_controller:inst|moveSpeed[3]                                                                                                                                                                                                                                                                                                    ; Duplicated ; Router Logic Cell Insertion and Logic Duplication ; Routability optimization   ;           ;                ; Snake_Block:inst13|speed_controller:inst|moveSpeed[3]~DUPLICATE                                                                                                                                                                                                                                                                                                    ;                  ;                       ;
; Snake_Block:inst13|speed_controller:inst|moveSpeed[4]                                                                                                                                                                                                                                                                                                    ; Duplicated ; Router Logic Cell Insertion and Logic Duplication ; Routability optimization   ;           ;                ; Snake_Block:inst13|speed_controller:inst|moveSpeed[4]~DUPLICATE                                                                                                                                                                                                                                                                                                    ;                  ;                       ;
; Snake_Block:inst13|speed_controller:inst|moveSpeed[6]                                                                                                                                                                                                                                                                                                    ; Duplicated ; Router Logic Cell Insertion and Logic Duplication ; Routability optimization   ;           ;                ; Snake_Block:inst13|speed_controller:inst|moveSpeed[6]~DUPLICATE                                                                                                                                                                                                                                                                                                    ;                  ;                       ;
; Snake_Block:inst13|speed_controller:inst|moveSpeed[10]                                                                                                                                                                                                                                                                                                   ; Duplicated ; Router Logic Cell Insertion and Logic Duplication ; Routability optimization   ;           ;                ; Snake_Block:inst13|speed_controller:inst|moveSpeed[10]~DUPLICATE                                                                                                                                                                                                                                                                                                   ;                  ;                       ;
; Snake_Block:inst13|square_object:inst4|offsetX[0]                                                                                                                                                                                                                                                                                                        ; Duplicated ; Router Logic Cell Insertion and Logic Duplication ; Routability optimization   ;           ;                ; Snake_Block:inst13|square_object:inst4|offsetX[0]~DUPLICATE                                                                                                                                                                                                                                                                                                        ;                  ;                       ;
; Snake_Block:inst13|square_object:inst4|offsetX[3]                                                                                                                                                                                                                                                                                                        ; Duplicated ; Router Logic Cell Insertion and Logic Duplication ; Routability optimization   ;           ;                ; Snake_Block:inst13|square_object:inst4|offsetX[3]~DUPLICATE                                                                                                                                                                                                                                                                                                        ;                  ;                       ;
; TOP_KBD:inst16|KBDINTF:inst|bitrec:inst4|cntr[2]                                                                                                                                                                                                                                                                                                         ; Duplicated ; Router Logic Cell Insertion and Logic Duplication ; Routability optimization   ;           ;                ; TOP_KBD:inst16|KBDINTF:inst|bitrec:inst4|cntr[2]~DUPLICATE                                                                                                                                                                                                                                                                                                         ;                  ;                       ;
; TOP_KBD:inst16|KBDINTF:inst|bitrec:inst4|dout[3]                                                                                                                                                                                                                                                                                                         ; Duplicated ; Router Logic Cell Insertion and Logic Duplication ; Routability optimization   ;           ;                ; TOP_KBD:inst16|KBDINTF:inst|bitrec:inst4|dout[3]~DUPLICATE                                                                                                                                                                                                                                                                                                         ;                  ;                       ;
; VGA_Controller:inst|H_Cont[0]                                                                                                                                                                                                                                                                                                                            ; Duplicated ; Router Logic Cell Insertion and Logic Duplication ; Routability optimization   ;           ;                ; VGA_Controller:inst|H_Cont[0]~DUPLICATE                                                                                                                                                                                                                                                                                                                            ;                  ;                       ;
; VGA_Controller:inst|H_Cont[8]                                                                                                                                                                                                                                                                                                                            ; Duplicated ; Router Logic Cell Insertion and Logic Duplication ; Routability optimization   ;           ;                ; VGA_Controller:inst|H_Cont[8]~DUPLICATE                                                                                                                                                                                                                                                                                                                            ;                  ;                       ;
; VGA_Controller:inst|H_Cont[10]                                                                                                                                                                                                                                                                                                                           ; Duplicated ; Router Logic Cell Insertion and Logic Duplication ; Routability optimization   ;           ;                ; VGA_Controller:inst|H_Cont[10]~DUPLICATE                                                                                                                                                                                                                                                                                                                           ;                  ;                       ;
; VGA_Controller:inst|VGA_VS_d                                                                                                                                                                                                                                                                                                                             ; Duplicated ; Router Logic Cell Insertion and Logic Duplication ; Routability optimization   ;           ;                ; VGA_Controller:inst|VGA_VS_d~DUPLICATE                                                                                                                                                                                                                                                                                                                             ;                  ;                       ;
; VGA_Controller:inst|V_Cont[4]                                                                                                                                                                                                                                                                                                                            ; Duplicated ; Router Logic Cell Insertion and Logic Duplication ; Routability optimization   ;           ;                ; VGA_Controller:inst|V_Cont[4]~DUPLICATE                                                                                                                                                                                                                                                                                                                            ;                  ;                       ;
; VGA_Controller:inst|V_Cont[6]                                                                                                                                                                                                                                                                                                                            ; Duplicated ; Router Logic Cell Insertion and Logic Duplication ; Routability optimization   ;           ;                ; VGA_Controller:inst|V_Cont[6]~DUPLICATE                                                                                                                                                                                                                                                                                                                            ;                  ;                       ;
; back_ground_draw:inst4|lpm_rom:top_background_rom|altrom:srom|altsyncram:rom_block|altsyncram_pn81:auto_generated|address_reg_a[0]                                                                                                                                                                                                                       ; Duplicated ; Router Logic Cell Insertion and Logic Duplication ; Routability optimization   ;           ;                ; back_ground_draw:inst4|lpm_rom:top_background_rom|altrom:srom|altsyncram:rom_block|altsyncram_pn81:auto_generated|address_reg_a[0]~DUPLICATE                                                                                                                                                                                                                       ;                  ;                       ;
; back_ground_draw:inst4|lpm_rom:top_background_rom|altrom:srom|altsyncram:rom_block|altsyncram_pn81:auto_generated|address_reg_a[1]                                                                                                                                                                                                                       ; Duplicated ; Router Logic Cell Insertion and Logic Duplication ; Routability optimization   ;           ;                ; back_ground_draw:inst4|lpm_rom:top_background_rom|altrom:srom|altsyncram:rom_block|altsyncram_pn81:auto_generated|address_reg_a[1]~DUPLICATE                                                                                                                                                                                                                       ;                  ;                       ;
; sld_hub:auto_hub|alt_sld_fab_with_jtag_input:\instrumentation_fabric_with_node_gen:fabric_gen_new_way:with_jtag_input_gen:instrumentation_fabric|alt_sld_fab:instrumentation_fabric|alt_sld_fab_alt_sld_fab:alt_sld_fab|alt_sld_fab_alt_sld_fab_sldfabric:sldfabric|sld_jtag_hub:\jtag_hub_gen:real_sld_jtag_hub|hub_mode_reg[1]                         ; Duplicated ; Router Logic Cell Insertion and Logic Duplication ; Routability optimization   ;           ;                ; sld_hub:auto_hub|alt_sld_fab_with_jtag_input:\instrumentation_fabric_with_node_gen:fabric_gen_new_way:with_jtag_input_gen:instrumentation_fabric|alt_sld_fab:instrumentation_fabric|alt_sld_fab_alt_sld_fab:alt_sld_fab|alt_sld_fab_alt_sld_fab_sldfabric:sldfabric|sld_jtag_hub:\jtag_hub_gen:real_sld_jtag_hub|hub_mode_reg[1]~DUPLICATE                         ;                  ;                       ;
; sld_hub:auto_hub|alt_sld_fab_with_jtag_input:\instrumentation_fabric_with_node_gen:fabric_gen_new_way:with_jtag_input_gen:instrumentation_fabric|alt_sld_fab:instrumentation_fabric|alt_sld_fab_alt_sld_fab:alt_sld_fab|alt_sld_fab_alt_sld_fab_sldfabric:sldfabric|sld_jtag_hub:\jtag_hub_gen:real_sld_jtag_hub|jtag_ir_reg[6]                          ; Duplicated ; Router Logic Cell Insertion and Logic Duplication ; Routability optimization   ;           ;                ; sld_hub:auto_hub|alt_sld_fab_with_jtag_input:\instrumentation_fabric_with_node_gen:fabric_gen_new_way:with_jtag_input_gen:instrumentation_fabric|alt_sld_fab:instrumentation_fabric|alt_sld_fab_alt_sld_fab:alt_sld_fab|alt_sld_fab_alt_sld_fab_sldfabric:sldfabric|sld_jtag_hub:\jtag_hub_gen:real_sld_jtag_hub|jtag_ir_reg[6]~DUPLICATE                          ;                  ;                       ;
; sld_hub:auto_hub|alt_sld_fab_with_jtag_input:\instrumentation_fabric_with_node_gen:fabric_gen_new_way:with_jtag_input_gen:instrumentation_fabric|alt_sld_fab:instrumentation_fabric|alt_sld_fab_alt_sld_fab:alt_sld_fab|alt_sld_fab_alt_sld_fab_sldfabric:sldfabric|sld_jtag_hub:\jtag_hub_gen:real_sld_jtag_hub|sld_rom_sr:hub_info_reg|word_counter[1] ; Duplicated ; Router Logic Cell Insertion and Logic Duplication ; Routability optimization   ;           ;                ; sld_hub:auto_hub|alt_sld_fab_with_jtag_input:\instrumentation_fabric_with_node_gen:fabric_gen_new_way:with_jtag_input_gen:instrumentation_fabric|alt_sld_fab:instrumentation_fabric|alt_sld_fab_alt_sld_fab:alt_sld_fab|alt_sld_fab_alt_sld_fab_sldfabric:sldfabric|sld_jtag_hub:\jtag_hub_gen:real_sld_jtag_hub|sld_rom_sr:hub_info_reg|word_counter[1]~DUPLICATE ;                  ;                       ;
; sld_hub:auto_hub|alt_sld_fab_with_jtag_input:\instrumentation_fabric_with_node_gen:fabric_gen_new_way:with_jtag_input_gen:instrumentation_fabric|alt_sld_fab:instrumentation_fabric|alt_sld_fab_alt_sld_fab:alt_sld_fab|alt_sld_fab_alt_sld_fab_sldfabric:sldfabric|sld_jtag_hub:\jtag_hub_gen:real_sld_jtag_hub|sld_rom_sr:hub_info_reg|word_counter[3] ; Duplicated ; Router Logic Cell Insertion and Logic Duplication ; Routability optimization   ;           ;                ; sld_hub:auto_hub|alt_sld_fab_with_jtag_input:\instrumentation_fabric_with_node_gen:fabric_gen_new_way:with_jtag_input_gen:instrumentation_fabric|alt_sld_fab:instrumentation_fabric|alt_sld_fab_alt_sld_fab:alt_sld_fab|alt_sld_fab_alt_sld_fab_sldfabric:sldfabric|sld_jtag_hub:\jtag_hub_gen:real_sld_jtag_hub|sld_rom_sr:hub_info_reg|word_counter[3]~DUPLICATE ;                  ;                       ;
; sld_signaltap:auto_signaltap_0|sld_signaltap_impl:sld_signaltap_body|sld_signaltap_implb:sld_signaltap_body|buffer_write_address_delayed[2]                                                                                                                                                                                                              ; Duplicated ; Router Logic Cell Insertion and Logic Duplication ; Routability optimization   ;           ;                ; sld_signaltap:auto_signaltap_0|sld_signaltap_impl:sld_signaltap_body|sld_signaltap_implb:sld_signaltap_body|buffer_write_address_delayed[2]~DUPLICATE                                                                                                                                                                                                              ;                  ;                       ;
; sld_signaltap:auto_signaltap_0|sld_signaltap_impl:sld_signaltap_body|sld_signaltap_implb:sld_signaltap_body|condition_delay_reg[3]                                                                                                                                                                                                                       ; Duplicated ; Router Logic Cell Insertion and Logic Duplication ; Routability optimization   ;           ;                ; sld_signaltap:auto_signaltap_0|sld_signaltap_impl:sld_signaltap_body|sld_signaltap_implb:sld_signaltap_body|condition_delay_reg[3]~DUPLICATE                                                                                                                                                                                                                       ;                  ;                       ;
; sld_signaltap:auto_signaltap_0|sld_signaltap_impl:sld_signaltap_body|sld_signaltap_implb:sld_signaltap_body|last_trigger_address_delayed[5]                                                                                                                                                                                                              ; Duplicated ; Router Logic Cell Insertion and Logic Duplication ; Routability optimization   ;           ;                ; sld_signaltap:auto_signaltap_0|sld_signaltap_impl:sld_signaltap_body|sld_signaltap_implb:sld_signaltap_body|last_trigger_address_delayed[5]~DUPLICATE                                                                                                                                                                                                              ;                  ;                       ;
; sld_signaltap:auto_signaltap_0|sld_signaltap_impl:sld_signaltap_body|sld_signaltap_implb:sld_signaltap_body|serial_crc_16:\tdo_crc_gen:tdo_crc_calc|lfsr[3]                                                                                                                                                                                              ; Duplicated ; Router Logic Cell Insertion and Logic Duplication ; Routability optimization   ;           ;                ; sld_signaltap:auto_signaltap_0|sld_signaltap_impl:sld_signaltap_body|sld_signaltap_implb:sld_signaltap_body|serial_crc_16:\tdo_crc_gen:tdo_crc_calc|lfsr[3]~DUPLICATE                                                                                                                                                                                              ;                  ;                       ;
; sld_signaltap:auto_signaltap_0|sld_signaltap_impl:sld_signaltap_body|sld_signaltap_implb:sld_signaltap_body|serial_crc_16:\tdo_crc_gen:tdo_crc_calc|lfsr[9]                                                                                                                                                                                              ; Duplicated ; Router Logic Cell Insertion and Logic Duplication ; Routability optimization   ;           ;                ; sld_signaltap:auto_signaltap_0|sld_signaltap_impl:sld_signaltap_body|sld_signaltap_implb:sld_signaltap_body|serial_crc_16:\tdo_crc_gen:tdo_crc_calc|lfsr[9]~DUPLICATE                                                                                                                                                                                              ;                  ;                       ;
; sld_signaltap:auto_signaltap_0|sld_signaltap_impl:sld_signaltap_body|sld_signaltap_implb:sld_signaltap_body|sld_ela_control:ela_control|lpm_shiftreg:trigger_config_deserialize|dffs[0]                                                                                                                                                                  ; Duplicated ; Router Logic Cell Insertion and Logic Duplication ; Routability optimization   ;           ;                ; sld_signaltap:auto_signaltap_0|sld_signaltap_impl:sld_signaltap_body|sld_signaltap_implb:sld_signaltap_body|sld_ela_control:ela_control|lpm_shiftreg:trigger_config_deserialize|dffs[0]~DUPLICATE                                                                                                                                                                  ;                  ;                       ;
; sld_signaltap:auto_signaltap_0|sld_signaltap_impl:sld_signaltap_body|sld_signaltap_implb:sld_signaltap_body|sld_offload_buffer_mgr:\stp_non_zero_depth_offload_gen:stp_offload_buff_mgr_inst|lpm_counter:\adv_point_3_and_more:advance_pointer_counter|cntr_f7i:auto_generated|counter_reg_bit[0]                                                        ; Duplicated ; Router Logic Cell Insertion and Logic Duplication ; Routability optimization   ;           ;                ; sld_signaltap:auto_signaltap_0|sld_signaltap_impl:sld_signaltap_body|sld_signaltap_implb:sld_signaltap_body|sld_offload_buffer_mgr:\stp_non_zero_depth_offload_gen:stp_offload_buff_mgr_inst|lpm_counter:\adv_point_3_and_more:advance_pointer_counter|cntr_f7i:auto_generated|counter_reg_bit[0]~DUPLICATE                                                        ;                  ;                       ;
; sld_signaltap:auto_signaltap_0|sld_signaltap_impl:sld_signaltap_body|sld_signaltap_implb:sld_signaltap_body|sld_offload_buffer_mgr:\stp_non_zero_depth_offload_gen:stp_offload_buff_mgr_inst|lpm_counter:\adv_point_3_and_more:advance_pointer_counter|cntr_f7i:auto_generated|counter_reg_bit[1]                                                        ; Duplicated ; Router Logic Cell Insertion and Logic Duplication ; Routability optimization   ;           ;                ; sld_signaltap:auto_signaltap_0|sld_signaltap_impl:sld_signaltap_body|sld_signaltap_implb:sld_signaltap_body|sld_offload_buffer_mgr:\stp_non_zero_depth_offload_gen:stp_offload_buff_mgr_inst|lpm_counter:\adv_point_3_and_more:advance_pointer_counter|cntr_f7i:auto_generated|counter_reg_bit[1]~DUPLICATE                                                        ;                  ;                       ;
; sld_signaltap:auto_signaltap_0|sld_signaltap_impl:sld_signaltap_body|sld_signaltap_implb:sld_signaltap_body|sld_offload_buffer_mgr:\stp_non_zero_depth_offload_gen:stp_offload_buff_mgr_inst|lpm_counter:\adv_point_3_and_more:advance_pointer_counter|cntr_f7i:auto_generated|counter_reg_bit[2]                                                        ; Duplicated ; Router Logic Cell Insertion and Logic Duplication ; Routability optimization   ;           ;                ; sld_signaltap:auto_signaltap_0|sld_signaltap_impl:sld_signaltap_body|sld_signaltap_implb:sld_signaltap_body|sld_offload_buffer_mgr:\stp_non_zero_depth_offload_gen:stp_offload_buff_mgr_inst|lpm_counter:\adv_point_3_and_more:advance_pointer_counter|cntr_f7i:auto_generated|counter_reg_bit[2]~DUPLICATE                                                        ;                  ;                       ;
; sld_signaltap:auto_signaltap_0|sld_signaltap_impl:sld_signaltap_body|sld_signaltap_implb:sld_signaltap_body|sld_offload_buffer_mgr:\stp_non_zero_depth_offload_gen:stp_offload_buff_mgr_inst|lpm_counter:read_pointer_counter|cntr_a2j:auto_generated|counter_reg_bit[0]                                                                                 ; Duplicated ; Router Logic Cell Insertion and Logic Duplication ; Routability optimization   ;           ;                ; sld_signaltap:auto_signaltap_0|sld_signaltap_impl:sld_signaltap_body|sld_signaltap_implb:sld_signaltap_body|sld_offload_buffer_mgr:\stp_non_zero_depth_offload_gen:stp_offload_buff_mgr_inst|lpm_counter:read_pointer_counter|cntr_a2j:auto_generated|counter_reg_bit[0]~DUPLICATE                                                                                 ;                  ;                       ;
; sld_signaltap:auto_signaltap_0|sld_signaltap_impl:sld_signaltap_body|sld_signaltap_implb:sld_signaltap_body|sld_offload_buffer_mgr:\stp_non_zero_depth_offload_gen:stp_offload_buff_mgr_inst|lpm_counter:read_pointer_counter|cntr_a2j:auto_generated|counter_reg_bit[4]                                                                                 ; Duplicated ; Router Logic Cell Insertion and Logic Duplication ; Routability optimization   ;           ;                ; sld_signaltap:auto_signaltap_0|sld_signaltap_impl:sld_signaltap_body|sld_signaltap_implb:sld_signaltap_body|sld_offload_buffer_mgr:\stp_non_zero_depth_offload_gen:stp_offload_buff_mgr_inst|lpm_counter:read_pointer_counter|cntr_a2j:auto_generated|counter_reg_bit[4]~DUPLICATE                                                                                 ;                  ;                       ;
; sld_signaltap:auto_signaltap_0|sld_signaltap_impl:sld_signaltap_body|sld_signaltap_implb:sld_signaltap_body|sld_offload_buffer_mgr:\stp_non_zero_depth_offload_gen:stp_offload_buff_mgr_inst|lpm_counter:read_pointer_counter|cntr_a2j:auto_generated|counter_reg_bit[6]                                                                                 ; Duplicated ; Router Logic Cell Insertion and Logic Duplication ; Routability optimization   ;           ;                ; sld_signaltap:auto_signaltap_0|sld_signaltap_impl:sld_signaltap_body|sld_signaltap_implb:sld_signaltap_body|sld_offload_buffer_mgr:\stp_non_zero_depth_offload_gen:stp_offload_buff_mgr_inst|lpm_counter:read_pointer_counter|cntr_a2j:auto_generated|counter_reg_bit[6]~DUPLICATE                                                                                 ;                  ;                       ;
; sld_signaltap:auto_signaltap_0|sld_signaltap_impl:sld_signaltap_body|sld_signaltap_implb:sld_signaltap_body|sld_offload_buffer_mgr:\stp_non_zero_depth_offload_gen:stp_offload_buff_mgr_inst|lpm_counter:read_pointer_counter|cntr_a2j:auto_generated|counter_reg_bit[10]                                                                                ; Duplicated ; Router Logic Cell Insertion and Logic Duplication ; Routability optimization   ;           ;                ; sld_signaltap:auto_signaltap_0|sld_signaltap_impl:sld_signaltap_body|sld_signaltap_implb:sld_signaltap_body|sld_offload_buffer_mgr:\stp_non_zero_depth_offload_gen:stp_offload_buff_mgr_inst|lpm_counter:read_pointer_counter|cntr_a2j:auto_generated|counter_reg_bit[10]~DUPLICATE                                                                                ;                  ;                       ;
; sld_signaltap:auto_signaltap_0|sld_signaltap_impl:sld_signaltap_body|sld_signaltap_implb:sld_signaltap_body|sld_offload_buffer_mgr:\stp_non_zero_depth_offload_gen:stp_offload_buff_mgr_inst|lpm_counter:status_advance_pointer_counter|cntr_49i:auto_generated|counter_reg_bit[4]                                                                       ; Duplicated ; Router Logic Cell Insertion and Logic Duplication ; Routability optimization   ;           ;                ; sld_signaltap:auto_signaltap_0|sld_signaltap_impl:sld_signaltap_body|sld_signaltap_implb:sld_signaltap_body|sld_offload_buffer_mgr:\stp_non_zero_depth_offload_gen:stp_offload_buff_mgr_inst|lpm_counter:status_advance_pointer_counter|cntr_49i:auto_generated|counter_reg_bit[4]~DUPLICATE                                                                       ;                  ;                       ;
; sld_signaltap:auto_signaltap_0|sld_signaltap_impl:sld_signaltap_body|sld_signaltap_implb:sld_signaltap_body|sld_offload_buffer_mgr:\stp_non_zero_depth_offload_gen:stp_offload_buff_mgr_inst|lpm_counter:status_read_pointer_counter|cntr_kri:auto_generated|counter_reg_bit[0]                                                                          ; Duplicated ; Router Logic Cell Insertion and Logic Duplication ; Routability optimization   ;           ;                ; sld_signaltap:auto_signaltap_0|sld_signaltap_impl:sld_signaltap_body|sld_signaltap_implb:sld_signaltap_body|sld_offload_buffer_mgr:\stp_non_zero_depth_offload_gen:stp_offload_buff_mgr_inst|lpm_counter:status_read_pointer_counter|cntr_kri:auto_generated|counter_reg_bit[0]~DUPLICATE                                                                          ;                  ;                       ;
; sld_signaltap:auto_signaltap_0|sld_signaltap_impl:sld_signaltap_body|sld_signaltap_implb:sld_signaltap_body|sld_rom_sr:crc_rom_sr|word_counter[0]                                                                                                                                                                                                        ; Duplicated ; Router Logic Cell Insertion and Logic Duplication ; Routability optimization   ;           ;                ; sld_signaltap:auto_signaltap_0|sld_signaltap_impl:sld_signaltap_body|sld_signaltap_implb:sld_signaltap_body|sld_rom_sr:crc_rom_sr|word_counter[0]~DUPLICATE                                                                                                                                                                                                        ;                  ;                       ;
; sld_signaltap:auto_signaltap_0|sld_signaltap_impl:sld_signaltap_body|sld_signaltap_implb:sld_signaltap_body|sld_rom_sr:crc_rom_sr|word_counter[1]                                                                                                                                                                                                        ; Duplicated ; Router Logic Cell Insertion and Logic Duplication ; Routability optimization   ;           ;                ; sld_signaltap:auto_signaltap_0|sld_signaltap_impl:sld_signaltap_body|sld_signaltap_implb:sld_signaltap_body|sld_rom_sr:crc_rom_sr|word_counter[1]~DUPLICATE                                                                                                                                                                                                        ;                  ;                       ;
; sld_signaltap:auto_signaltap_0|sld_signaltap_impl:sld_signaltap_body|sld_signaltap_implb:sld_signaltap_body|sld_rom_sr:crc_rom_sr|word_counter[3]                                                                                                                                                                                                        ; Duplicated ; Router Logic Cell Insertion and Logic Duplication ; Routability optimization   ;           ;                ; sld_signaltap:auto_signaltap_0|sld_signaltap_impl:sld_signaltap_body|sld_signaltap_implb:sld_signaltap_body|sld_rom_sr:crc_rom_sr|word_counter[3]~DUPLICATE                                                                                                                                                                                                        ;                  ;                       ;
; sld_signaltap:auto_signaltap_0|sld_signaltap_impl:sld_signaltap_body|sld_signaltap_implb:sld_signaltap_body|tdo_crc_len_reg[3]                                                                                                                                                                                                                           ; Duplicated ; Router Logic Cell Insertion and Logic Duplication ; Routability optimization   ;           ;                ; sld_signaltap:auto_signaltap_0|sld_signaltap_impl:sld_signaltap_body|sld_signaltap_implb:sld_signaltap_body|tdo_crc_len_reg[3]~DUPLICATE                                                                                                                                                                                                                           ;                  ;                       ;
+----------------------------------------------------------------------------------------------------------------------------------------------------------------------------------------------------------------------------------------------------------------------------------------------------------------------------------------------------------+------------+---------------------------------------------------+----------------------------+-----------+----------------+--------------------------------------------------------------------------------------------------------------------------------------------------------------------------------------------------------------------------------------------------------------------------------------------------------------------------------------------------------------------+------------------+-----------------------+


+-------------------------------------------------------------------------------------------------------------------------------------------------------------------------------------------------------------+
; Ignored Assignments                                                                                                                                                                                         ;
+--------------------------+----------------+--------------+-----------------------------------------------------------------------------------------------------+---------------+----------------------------+
; Name                     ; Ignored Entity ; Ignored From ; Ignored To                                                                                          ; Ignored Value ; Ignored Source             ;
+--------------------------+----------------+--------------+-----------------------------------------------------------------------------------------------------+---------------+----------------------------+
; Location                 ;                ;              ; ADC_CONVST                                                                                          ; PIN_Y21       ; QSF Assignment             ;
; Location                 ;                ;              ; ADC_DIN                                                                                             ; PIN_W22       ; QSF Assignment             ;
; Location                 ;                ;              ; ADC_DOUT                                                                                            ; PIN_V23       ; QSF Assignment             ;
; Location                 ;                ;              ; ADC_SCLK                                                                                            ; PIN_W24       ; QSF Assignment             ;
; Location                 ;                ;              ; AUDIN[3]                                                                                            ; PIN_AG30      ; QSF Assignment             ;
; Location                 ;                ;              ; AUDOUT[0]                                                                                           ; PIN_AC22      ; QSF Assignment             ;
; Location                 ;                ;              ; AUDOUT[1]                                                                                           ; PIN_AH29      ; Compiler or HDL Assignment ;
; Location                 ;                ;              ; AUDOUT[2]                                                                                           ; PIN_AF30      ; Compiler or HDL Assignment ;
; Location                 ;                ;              ; AUDOUT[3]                                                                                           ; PIN_AF29      ; Compiler or HDL Assignment ;
; Location                 ;                ;              ; AUDOUT[4]                                                                                           ; PIN_AG30      ; Compiler or HDL Assignment ;
; Location                 ;                ;              ; AUD_ADCDAT                                                                                          ; PIN_AJ29      ; QSF Assignment             ;
; Location                 ;                ;              ; KEY[1]                                                                                              ; PIN_AK4       ; QSF Assignment             ;
; Location                 ;                ;              ; KEY[2]                                                                                              ; PIN_AA14      ; QSF Assignment             ;
; Location                 ;                ;              ; LEDR[3]                                                                                             ; PIN_AD24      ; QSF Assignment             ;
; Location                 ;                ;              ; LEDR[4]                                                                                             ; PIN_AG25      ; QSF Assignment             ;
; Location                 ;                ;              ; SW[0]                                                                                               ; PIN_AB30      ; QSF Assignment             ;
; Location                 ;                ;              ; SW[1]                                                                                               ; PIN_Y27       ; QSF Assignment             ;
; Location                 ;                ;              ; SW[2]                                                                                               ; PIN_AB28      ; QSF Assignment             ;
; Location                 ;                ;              ; SW[3]                                                                                               ; PIN_AC30      ; QSF Assignment             ;
; Location                 ;                ;              ; SW[4]                                                                                               ; PIN_W25       ; QSF Assignment             ;
; Location                 ;                ;              ; SW[5]                                                                                               ; PIN_V25       ; QSF Assignment             ;
; Location                 ;                ;              ; SW[6]                                                                                               ; PIN_AC28      ; QSF Assignment             ;
; Location                 ;                ;              ; SW[7]                                                                                               ; PIN_AD30      ; QSF Assignment             ;
; Location                 ;                ;              ; SW[8]                                                                                               ; PIN_AC29      ; QSF Assignment             ;
; Location                 ;                ;              ; SW[9]                                                                                               ; PIN_AA30      ; QSF Assignment             ;
; Location                 ;                ;              ; ball_toggle                                                                                         ; PIN_AA24      ; QSF Assignment             ;
; Location                 ;                ;              ; greenLight                                                                                          ; PIN_AE11      ; QSF Assignment             ;
; Location                 ;                ;              ; ir_write                                                                                            ; PIN_AB23      ; QSF Assignment             ;
; Location                 ;                ;              ; numKey[0]                                                                                           ; PIN_AF25      ; QSF Assignment             ;
; Location                 ;                ;              ; numKey[1]                                                                                           ; PIN_AE24      ; QSF Assignment             ;
; Location                 ;                ;              ; numKey[2]                                                                                           ; PIN_AF24      ; QSF Assignment             ;
; Location                 ;                ;              ; numKey[3]                                                                                           ; PIN_AB22      ; QSF Assignment             ;
; Location                 ;                ;              ; redLight                                                                                            ; PIN_AF9       ; QSF Assignment             ;
; Location                 ;                ;              ; sound_on                                                                                            ; PIN_AC23      ; QSF Assignment             ;
; Location                 ;                ;              ; yellowLight                                                                                         ; PIN_AE7       ; QSF Assignment             ;
; PLL Bandwidth Preset     ; TOP_VGA_DEMO   ;              ; Audio_Block:inst6|AUDIO:inst|audio_codec_controller:inst|*CLK_31P5_0002*|altera_pll:altera_pll_i*|* ; AUTO          ; Compiler or HDL Assignment ;
; PLL Bandwidth Preset     ; TOP_VGA_DEMO   ;              ; TOP_KBD:inst16|KBDINTF:inst|*CLK_31P5_0002*|altera_pll:altera_pll_i*|*                              ; AUTO          ; Compiler or HDL Assignment ;
; PLL Compensation Mode    ; TOP_VGA_DEMO   ;              ; Audio_Block:inst6|AUDIO:inst|audio_codec_controller:inst|*CLK_31P5_0002*|altera_pll:altera_pll_i*|* ; DIRECT        ; Compiler or HDL Assignment ;
; PLL Compensation Mode    ; TOP_VGA_DEMO   ;              ; TOP_KBD:inst16|KBDINTF:inst|*CLK_31P5_0002*|altera_pll:altera_pll_i*|*                              ; DIRECT        ; Compiler or HDL Assignment ;
; PLL Automatic Self-Reset ; TOP_VGA_DEMO   ;              ; Audio_Block:inst6|AUDIO:inst|audio_codec_controller:inst|*CLK_31P5_0002*|altera_pll:altera_pll_i*|* ; OFF           ; Compiler or HDL Assignment ;
; PLL Automatic Self-Reset ; TOP_VGA_DEMO   ;              ; TOP_KBD:inst16|KBDINTF:inst|*CLK_31P5_0002*|altera_pll:altera_pll_i*|*                              ; OFF           ; Compiler or HDL Assignment ;
; I/O Standard             ; TOP_VGA_DEMO   ;              ; Audio_Block:inst6|AUDIO:inst|audio_codec_controller:inst|AUDIN[1]                                   ; 3.3-V LVTTL   ; Compiler or HDL Assignment ;
; I/O Standard             ; TOP_VGA_DEMO   ;              ; Audio_Block:inst6|AUDIO:inst|audio_codec_controller:inst|AUDIN[2]                                   ; 3.3-V LVTTL   ; Compiler or HDL Assignment ;
; I/O Standard             ; TOP_VGA_DEMO   ;              ; Audio_Block:inst6|AUDIO:inst|audio_codec_controller:inst|AUDOUT[4]                                  ; 3.3-V LVTTL   ; Compiler or HDL Assignment ;
; I/O Standard             ; TOP_VGA_DEMO   ;              ; Audio_Block:inst6|AUDIO:inst|audio_codec_controller:inst|AUDOUT[5]                                  ; 3.3-V LVTTL   ; Compiler or HDL Assignment ;
; I/O Standard             ; TOP_VGA_DEMO   ;              ; Audio_Block:inst6|AUDIO:inst|audio_codec_controller:inst|AUDOUT[6]                                  ; 3.3-V LVTTL   ; Compiler or HDL Assignment ;
; I/O Standard             ; TOP_VGA_DEMO   ;              ; Audio_Block:inst6|AUDIO:inst|audio_codec_controller:inst|AUDOUT[7]                                  ; 3.3-V LVTTL   ; Compiler or HDL Assignment ;
; I/O Standard             ; TOP_VGA_DEMO   ;              ; Audio_Block:inst6|AUDIO:inst|audio_codec_controller:inst|BG_RGB[0]                                  ; 3.3-V LVTTL   ; Compiler or HDL Assignment ;
; I/O Standard             ; TOP_VGA_DEMO   ;              ; Audio_Block:inst6|AUDIO:inst|audio_codec_controller:inst|BG_RGB[1]                                  ; 3.3-V LVTTL   ; Compiler or HDL Assignment ;
; I/O Standard             ; TOP_VGA_DEMO   ;              ; Audio_Block:inst6|AUDIO:inst|audio_codec_controller:inst|BG_RGB[2]                                  ; 3.3-V LVTTL   ; Compiler or HDL Assignment ;
; I/O Standard             ; TOP_VGA_DEMO   ;              ; Audio_Block:inst6|AUDIO:inst|audio_codec_controller:inst|BG_RGB[3]                                  ; 3.3-V LVTTL   ; Compiler or HDL Assignment ;
; I/O Standard             ; TOP_VGA_DEMO   ;              ; Audio_Block:inst6|AUDIO:inst|audio_codec_controller:inst|BG_RGB[4]                                  ; 3.3-V LVTTL   ; Compiler or HDL Assignment ;
; I/O Standard             ; TOP_VGA_DEMO   ;              ; Audio_Block:inst6|AUDIO:inst|audio_codec_controller:inst|BG_RGB[5]                                  ; 3.3-V LVTTL   ; Compiler or HDL Assignment ;
; I/O Standard             ; TOP_VGA_DEMO   ;              ; Audio_Block:inst6|AUDIO:inst|audio_codec_controller:inst|BG_RGB[6]                                  ; 3.3-V LVTTL   ; Compiler or HDL Assignment ;
; I/O Standard             ; TOP_VGA_DEMO   ;              ; Audio_Block:inst6|AUDIO:inst|audio_codec_controller:inst|BG_RGB[7]                                  ; 3.3-V LVTTL   ; Compiler or HDL Assignment ;
; I/O Standard             ; TOP_VGA_DEMO   ;              ; Audio_Block:inst6|AUDIO:inst|audio_codec_controller:inst|CLOCK_50                                   ; 3.3-V LVTTL   ; Compiler or HDL Assignment ;
; I/O Standard             ; TOP_VGA_DEMO   ;              ; Audio_Block:inst6|AUDIO:inst|audio_codec_controller:inst|HEX0[0]                                    ; 3.3-V LVTTL   ; Compiler or HDL Assignment ;
; I/O Standard             ; TOP_VGA_DEMO   ;              ; Audio_Block:inst6|AUDIO:inst|audio_codec_controller:inst|HEX0[1]                                    ; 3.3-V LVTTL   ; Compiler or HDL Assignment ;
; I/O Standard             ; TOP_VGA_DEMO   ;              ; Audio_Block:inst6|AUDIO:inst|audio_codec_controller:inst|HEX0[2]                                    ; 3.3-V LVTTL   ; Compiler or HDL Assignment ;
; I/O Standard             ; TOP_VGA_DEMO   ;              ; Audio_Block:inst6|AUDIO:inst|audio_codec_controller:inst|HEX0[3]                                    ; 3.3-V LVTTL   ; Compiler or HDL Assignment ;
; I/O Standard             ; TOP_VGA_DEMO   ;              ; Audio_Block:inst6|AUDIO:inst|audio_codec_controller:inst|HEX0[4]                                    ; 3.3-V LVTTL   ; Compiler or HDL Assignment ;
; I/O Standard             ; TOP_VGA_DEMO   ;              ; Audio_Block:inst6|AUDIO:inst|audio_codec_controller:inst|HEX0[5]                                    ; 3.3-V LVTTL   ; Compiler or HDL Assignment ;
; I/O Standard             ; TOP_VGA_DEMO   ;              ; Audio_Block:inst6|AUDIO:inst|audio_codec_controller:inst|HEX0[6]                                    ; 3.3-V LVTTL   ; Compiler or HDL Assignment ;
; I/O Standard             ; TOP_VGA_DEMO   ;              ; Audio_Block:inst6|AUDIO:inst|audio_codec_controller:inst|HEX1[0]                                    ; 3.3-V LVTTL   ; Compiler or HDL Assignment ;
; I/O Standard             ; TOP_VGA_DEMO   ;              ; Audio_Block:inst6|AUDIO:inst|audio_codec_controller:inst|HEX1[1]                                    ; 3.3-V LVTTL   ; Compiler or HDL Assignment ;
; I/O Standard             ; TOP_VGA_DEMO   ;              ; Audio_Block:inst6|AUDIO:inst|audio_codec_controller:inst|HEX1[2]                                    ; 3.3-V LVTTL   ; Compiler or HDL Assignment ;
; I/O Standard             ; TOP_VGA_DEMO   ;              ; Audio_Block:inst6|AUDIO:inst|audio_codec_controller:inst|HEX1[3]                                    ; 3.3-V LVTTL   ; Compiler or HDL Assignment ;
; I/O Standard             ; TOP_VGA_DEMO   ;              ; Audio_Block:inst6|AUDIO:inst|audio_codec_controller:inst|HEX1[4]                                    ; 3.3-V LVTTL   ; Compiler or HDL Assignment ;
; I/O Standard             ; TOP_VGA_DEMO   ;              ; Audio_Block:inst6|AUDIO:inst|audio_codec_controller:inst|HEX1[5]                                    ; 3.3-V LVTTL   ; Compiler or HDL Assignment ;
; I/O Standard             ; TOP_VGA_DEMO   ;              ; Audio_Block:inst6|AUDIO:inst|audio_codec_controller:inst|HEX1[6]                                    ; 3.3-V LVTTL   ; Compiler or HDL Assignment ;
; I/O Standard             ; TOP_VGA_DEMO   ;              ; Audio_Block:inst6|AUDIO:inst|audio_codec_controller:inst|HEX2[0]                                    ; 3.3-V LVTTL   ; Compiler or HDL Assignment ;
; I/O Standard             ; TOP_VGA_DEMO   ;              ; Audio_Block:inst6|AUDIO:inst|audio_codec_controller:inst|HEX2[1]                                    ; 3.3-V LVTTL   ; Compiler or HDL Assignment ;
; I/O Standard             ; TOP_VGA_DEMO   ;              ; Audio_Block:inst6|AUDIO:inst|audio_codec_controller:inst|HEX2[2]                                    ; 3.3-V LVTTL   ; Compiler or HDL Assignment ;
; I/O Standard             ; TOP_VGA_DEMO   ;              ; Audio_Block:inst6|AUDIO:inst|audio_codec_controller:inst|HEX2[3]                                    ; 3.3-V LVTTL   ; Compiler or HDL Assignment ;
; I/O Standard             ; TOP_VGA_DEMO   ;              ; Audio_Block:inst6|AUDIO:inst|audio_codec_controller:inst|HEX2[4]                                    ; 3.3-V LVTTL   ; Compiler or HDL Assignment ;
; I/O Standard             ; TOP_VGA_DEMO   ;              ; Audio_Block:inst6|AUDIO:inst|audio_codec_controller:inst|HEX2[5]                                    ; 3.3-V LVTTL   ; Compiler or HDL Assignment ;
; I/O Standard             ; TOP_VGA_DEMO   ;              ; Audio_Block:inst6|AUDIO:inst|audio_codec_controller:inst|HEX2[6]                                    ; 3.3-V LVTTL   ; Compiler or HDL Assignment ;
; I/O Standard             ; TOP_VGA_DEMO   ;              ; Audio_Block:inst6|AUDIO:inst|audio_codec_controller:inst|HEX3[0]                                    ; 3.3-V LVTTL   ; Compiler or HDL Assignment ;
; I/O Standard             ; TOP_VGA_DEMO   ;              ; Audio_Block:inst6|AUDIO:inst|audio_codec_controller:inst|HEX3[1]                                    ; 3.3-V LVTTL   ; Compiler or HDL Assignment ;
; I/O Standard             ; TOP_VGA_DEMO   ;              ; Audio_Block:inst6|AUDIO:inst|audio_codec_controller:inst|HEX3[2]                                    ; 3.3-V LVTTL   ; Compiler or HDL Assignment ;
; I/O Standard             ; TOP_VGA_DEMO   ;              ; Audio_Block:inst6|AUDIO:inst|audio_codec_controller:inst|HEX3[3]                                    ; 3.3-V LVTTL   ; Compiler or HDL Assignment ;
; I/O Standard             ; TOP_VGA_DEMO   ;              ; Audio_Block:inst6|AUDIO:inst|audio_codec_controller:inst|HEX3[4]                                    ; 3.3-V LVTTL   ; Compiler or HDL Assignment ;
; I/O Standard             ; TOP_VGA_DEMO   ;              ; Audio_Block:inst6|AUDIO:inst|audio_codec_controller:inst|HEX3[5]                                    ; 3.3-V LVTTL   ; Compiler or HDL Assignment ;
; I/O Standard             ; TOP_VGA_DEMO   ;              ; Audio_Block:inst6|AUDIO:inst|audio_codec_controller:inst|HEX3[6]                                    ; 3.3-V LVTTL   ; Compiler or HDL Assignment ;
; I/O Standard             ; TOP_VGA_DEMO   ;              ; Audio_Block:inst6|AUDIO:inst|audio_codec_controller:inst|HEX4[0]                                    ; 3.3-V LVTTL   ; Compiler or HDL Assignment ;
; I/O Standard             ; TOP_VGA_DEMO   ;              ; Audio_Block:inst6|AUDIO:inst|audio_codec_controller:inst|HEX4[1]                                    ; 3.3-V LVTTL   ; Compiler or HDL Assignment ;
; I/O Standard             ; TOP_VGA_DEMO   ;              ; Audio_Block:inst6|AUDIO:inst|audio_codec_controller:inst|HEX4[2]                                    ; 3.3-V LVTTL   ; Compiler or HDL Assignment ;
; I/O Standard             ; TOP_VGA_DEMO   ;              ; Audio_Block:inst6|AUDIO:inst|audio_codec_controller:inst|HEX4[3]                                    ; 3.3-V LVTTL   ; Compiler or HDL Assignment ;
; I/O Standard             ; TOP_VGA_DEMO   ;              ; Audio_Block:inst6|AUDIO:inst|audio_codec_controller:inst|HEX4[4]                                    ; 3.3-V LVTTL   ; Compiler or HDL Assignment ;
; I/O Standard             ; TOP_VGA_DEMO   ;              ; Audio_Block:inst6|AUDIO:inst|audio_codec_controller:inst|HEX4[5]                                    ; 3.3-V LVTTL   ; Compiler or HDL Assignment ;
; I/O Standard             ; TOP_VGA_DEMO   ;              ; Audio_Block:inst6|AUDIO:inst|audio_codec_controller:inst|HEX4[6]                                    ; 3.3-V LVTTL   ; Compiler or HDL Assignment ;
; I/O Standard             ; TOP_VGA_DEMO   ;              ; Audio_Block:inst6|AUDIO:inst|audio_codec_controller:inst|HEX5[0]                                    ; 3.3-V LVTTL   ; Compiler or HDL Assignment ;
; I/O Standard             ; TOP_VGA_DEMO   ;              ; Audio_Block:inst6|AUDIO:inst|audio_codec_controller:inst|HEX5[1]                                    ; 3.3-V LVTTL   ; Compiler or HDL Assignment ;
; I/O Standard             ; TOP_VGA_DEMO   ;              ; Audio_Block:inst6|AUDIO:inst|audio_codec_controller:inst|HEX5[2]                                    ; 3.3-V LVTTL   ; Compiler or HDL Assignment ;
; I/O Standard             ; TOP_VGA_DEMO   ;              ; Audio_Block:inst6|AUDIO:inst|audio_codec_controller:inst|HEX5[3]                                    ; 3.3-V LVTTL   ; Compiler or HDL Assignment ;
; I/O Standard             ; TOP_VGA_DEMO   ;              ; Audio_Block:inst6|AUDIO:inst|audio_codec_controller:inst|HEX5[4]                                    ; 3.3-V LVTTL   ; Compiler or HDL Assignment ;
; I/O Standard             ; TOP_VGA_DEMO   ;              ; Audio_Block:inst6|AUDIO:inst|audio_codec_controller:inst|HEX5[5]                                    ; 3.3-V LVTTL   ; Compiler or HDL Assignment ;
; I/O Standard             ; TOP_VGA_DEMO   ;              ; Audio_Block:inst6|AUDIO:inst|audio_codec_controller:inst|HEX5[6]                                    ; 3.3-V LVTTL   ; Compiler or HDL Assignment ;
; I/O Standard             ; TOP_VGA_DEMO   ;              ; Audio_Block:inst6|AUDIO:inst|audio_codec_controller:inst|KEY[3]                                     ; 3.3-V LVTTL   ; Compiler or HDL Assignment ;
; I/O Standard             ; TOP_VGA_DEMO   ;              ; Audio_Block:inst6|AUDIO:inst|audio_codec_controller:inst|OVGA[0]                                    ; 3.3-V LVTTL   ; Compiler or HDL Assignment ;
; I/O Standard             ; TOP_VGA_DEMO   ;              ; Audio_Block:inst6|AUDIO:inst|audio_codec_controller:inst|OVGA[10]                                   ; 3.3-V LVTTL   ; Compiler or HDL Assignment ;
; I/O Standard             ; TOP_VGA_DEMO   ;              ; Audio_Block:inst6|AUDIO:inst|audio_codec_controller:inst|OVGA[11]                                   ; 3.3-V LVTTL   ; Compiler or HDL Assignment ;
; I/O Standard             ; TOP_VGA_DEMO   ;              ; Audio_Block:inst6|AUDIO:inst|audio_codec_controller:inst|OVGA[12]                                   ; 3.3-V LVTTL   ; Compiler or HDL Assignment ;
; I/O Standard             ; TOP_VGA_DEMO   ;              ; Audio_Block:inst6|AUDIO:inst|audio_codec_controller:inst|OVGA[13]                                   ; 3.3-V LVTTL   ; Compiler or HDL Assignment ;
; I/O Standard             ; TOP_VGA_DEMO   ;              ; Audio_Block:inst6|AUDIO:inst|audio_codec_controller:inst|OVGA[14]                                   ; 3.3-V LVTTL   ; Compiler or HDL Assignment ;
; I/O Standard             ; TOP_VGA_DEMO   ;              ; Audio_Block:inst6|AUDIO:inst|audio_codec_controller:inst|OVGA[15]                                   ; 3.3-V LVTTL   ; Compiler or HDL Assignment ;
; I/O Standard             ; TOP_VGA_DEMO   ;              ; Audio_Block:inst6|AUDIO:inst|audio_codec_controller:inst|OVGA[16]                                   ; 3.3-V LVTTL   ; Compiler or HDL Assignment ;
; I/O Standard             ; TOP_VGA_DEMO   ;              ; Audio_Block:inst6|AUDIO:inst|audio_codec_controller:inst|OVGA[17]                                   ; 3.3-V LVTTL   ; Compiler or HDL Assignment ;
; I/O Standard             ; TOP_VGA_DEMO   ;              ; Audio_Block:inst6|AUDIO:inst|audio_codec_controller:inst|OVGA[18]                                   ; 3.3-V LVTTL   ; Compiler or HDL Assignment ;
; I/O Standard             ; TOP_VGA_DEMO   ;              ; Audio_Block:inst6|AUDIO:inst|audio_codec_controller:inst|OVGA[19]                                   ; 3.3-V LVTTL   ; Compiler or HDL Assignment ;
; I/O Standard             ; TOP_VGA_DEMO   ;              ; Audio_Block:inst6|AUDIO:inst|audio_codec_controller:inst|OVGA[1]                                    ; 3.3-V LVTTL   ; Compiler or HDL Assignment ;
; I/O Standard             ; TOP_VGA_DEMO   ;              ; Audio_Block:inst6|AUDIO:inst|audio_codec_controller:inst|OVGA[20]                                   ; 3.3-V LVTTL   ; Compiler or HDL Assignment ;
; I/O Standard             ; TOP_VGA_DEMO   ;              ; Audio_Block:inst6|AUDIO:inst|audio_codec_controller:inst|OVGA[21]                                   ; 3.3-V LVTTL   ; Compiler or HDL Assignment ;
; I/O Standard             ; TOP_VGA_DEMO   ;              ; Audio_Block:inst6|AUDIO:inst|audio_codec_controller:inst|OVGA[22]                                   ; 3.3-V LVTTL   ; Compiler or HDL Assignment ;
; I/O Standard             ; TOP_VGA_DEMO   ;              ; Audio_Block:inst6|AUDIO:inst|audio_codec_controller:inst|OVGA[23]                                   ; 3.3-V LVTTL   ; Compiler or HDL Assignment ;
; I/O Standard             ; TOP_VGA_DEMO   ;              ; Audio_Block:inst6|AUDIO:inst|audio_codec_controller:inst|OVGA[24]                                   ; 3.3-V LVTTL   ; Compiler or HDL Assignment ;
; I/O Standard             ; TOP_VGA_DEMO   ;              ; Audio_Block:inst6|AUDIO:inst|audio_codec_controller:inst|OVGA[25]                                   ; 3.3-V LVTTL   ; Compiler or HDL Assignment ;
; I/O Standard             ; TOP_VGA_DEMO   ;              ; Audio_Block:inst6|AUDIO:inst|audio_codec_controller:inst|OVGA[26]                                   ; 3.3-V LVTTL   ; Compiler or HDL Assignment ;
; I/O Standard             ; TOP_VGA_DEMO   ;              ; Audio_Block:inst6|AUDIO:inst|audio_codec_controller:inst|OVGA[27]                                   ; 3.3-V LVTTL   ; Compiler or HDL Assignment ;
; I/O Standard             ; TOP_VGA_DEMO   ;              ; Audio_Block:inst6|AUDIO:inst|audio_codec_controller:inst|OVGA[28]                                   ; 3.3-V LVTTL   ; Compiler or HDL Assignment ;
; I/O Standard             ; TOP_VGA_DEMO   ;              ; Audio_Block:inst6|AUDIO:inst|audio_codec_controller:inst|OVGA[2]                                    ; 3.3-V LVTTL   ; Compiler or HDL Assignment ;
; I/O Standard             ; TOP_VGA_DEMO   ;              ; Audio_Block:inst6|AUDIO:inst|audio_codec_controller:inst|OVGA[3]                                    ; 3.3-V LVTTL   ; Compiler or HDL Assignment ;
; I/O Standard             ; TOP_VGA_DEMO   ;              ; Audio_Block:inst6|AUDIO:inst|audio_codec_controller:inst|OVGA[4]                                    ; 3.3-V LVTTL   ; Compiler or HDL Assignment ;
; I/O Standard             ; TOP_VGA_DEMO   ;              ; Audio_Block:inst6|AUDIO:inst|audio_codec_controller:inst|OVGA[5]                                    ; 3.3-V LVTTL   ; Compiler or HDL Assignment ;
; I/O Standard             ; TOP_VGA_DEMO   ;              ; Audio_Block:inst6|AUDIO:inst|audio_codec_controller:inst|OVGA[6]                                    ; 3.3-V LVTTL   ; Compiler or HDL Assignment ;
; I/O Standard             ; TOP_VGA_DEMO   ;              ; Audio_Block:inst6|AUDIO:inst|audio_codec_controller:inst|OVGA[7]                                    ; 3.3-V LVTTL   ; Compiler or HDL Assignment ;
; I/O Standard             ; TOP_VGA_DEMO   ;              ; Audio_Block:inst6|AUDIO:inst|audio_codec_controller:inst|OVGA[8]                                    ; 3.3-V LVTTL   ; Compiler or HDL Assignment ;
; I/O Standard             ; TOP_VGA_DEMO   ;              ; Audio_Block:inst6|AUDIO:inst|audio_codec_controller:inst|OVGA[9]                                    ; 3.3-V LVTTL   ; Compiler or HDL Assignment ;
; I/O Standard             ; TOP_VGA_DEMO   ;              ; Audio_Block:inst6|AUDIO:inst|audio_codec_controller:inst|PS2_CLK                                    ; 3.3-V LVTTL   ; Compiler or HDL Assignment ;
; I/O Standard             ; TOP_VGA_DEMO   ;              ; Audio_Block:inst6|AUDIO:inst|audio_codec_controller:inst|PS2_DAT                                    ; 3.3-V LVTTL   ; Compiler or HDL Assignment ;
; I/O Standard             ; TOP_VGA_DEMO   ;              ; Audio_Block:inst6|AUDIO:inst|audio_codec_controller:inst|altera_reserved_tck                        ; 3.3-V LVTTL   ; Compiler or HDL Assignment ;
; I/O Standard             ; TOP_VGA_DEMO   ;              ; Audio_Block:inst6|AUDIO:inst|audio_codec_controller:inst|altera_reserved_tdi                        ; 3.3-V LVTTL   ; Compiler or HDL Assignment ;
; I/O Standard             ; TOP_VGA_DEMO   ;              ; Audio_Block:inst6|AUDIO:inst|audio_codec_controller:inst|altera_reserved_tdo                        ; 3.3-V LVTTL   ; Compiler or HDL Assignment ;
; I/O Standard             ; TOP_VGA_DEMO   ;              ; Audio_Block:inst6|AUDIO:inst|audio_codec_controller:inst|altera_reserved_tms                        ; 3.3-V LVTTL   ; Compiler or HDL Assignment ;
; I/O Standard             ; TOP_VGA_DEMO   ;              ; Audio_Block:inst6|AUDIO:inst|audio_codec_controller:inst|boardersDrawReq                            ; 3.3-V LVTTL   ; Compiler or HDL Assignment ;
; I/O Standard             ; TOP_VGA_DEMO   ;              ; Audio_Block:inst6|AUDIO:inst|audio_codec_controller:inst|greenLight                                 ; 3.3-V LVTTL   ; Compiler or HDL Assignment ;
; I/O Standard             ; TOP_VGA_DEMO   ;              ; Audio_Block:inst6|AUDIO:inst|audio_codec_controller:inst|redLight                                   ; 3.3-V LVTTL   ; Compiler or HDL Assignment ;
; I/O Standard             ; TOP_VGA_DEMO   ;              ; Audio_Block:inst6|AUDIO:inst|audio_codec_controller:inst|resetN_pin                                 ; 3.3-V LVTTL   ; Compiler or HDL Assignment ;
; I/O Standard             ; TOP_VGA_DEMO   ;              ; Audio_Block:inst6|AUDIO:inst|audio_codec_controller:inst|yellowLight                                ; 3.3-V LVTTL   ; Compiler or HDL Assignment ;
; I/O Standard             ; TOP_VGA_DEMO   ;              ; TOP_KBD:inst16|KBDINTF:inst|AUDOUT[0]                                                               ; 3.3-V LVTTL   ; Compiler or HDL Assignment ;
; I/O Standard             ; TOP_VGA_DEMO   ;              ; TOP_KBD:inst16|KBDINTF:inst|AUDOUT[1]                                                               ; 3.3-V LVTTL   ; Compiler or HDL Assignment ;
; I/O Standard             ; TOP_VGA_DEMO   ;              ; TOP_KBD:inst16|KBDINTF:inst|AUDOUT[2]                                                               ; 3.3-V LVTTL   ; Compiler or HDL Assignment ;
; I/O Standard             ; TOP_VGA_DEMO   ;              ; TOP_KBD:inst16|KBDINTF:inst|AUDOUT[3]                                                               ; 3.3-V LVTTL   ; Compiler or HDL Assignment ;
; I/O Standard             ; TOP_VGA_DEMO   ;              ; TOP_KBD:inst16|KBDINTF:inst|AUDOUT[4]                                                               ; 3.3-V LVTTL   ; Compiler or HDL Assignment ;
; I/O Standard             ; TOP_VGA_DEMO   ;              ; TOP_KBD:inst16|KBDINTF:inst|AUDOUT[5]                                                               ; 3.3-V LVTTL   ; Compiler or HDL Assignment ;
; I/O Standard             ; TOP_VGA_DEMO   ;              ; TOP_KBD:inst16|KBDINTF:inst|AUDOUT[6]                                                               ; 3.3-V LVTTL   ; Compiler or HDL Assignment ;
; I/O Standard             ; TOP_VGA_DEMO   ;              ; TOP_KBD:inst16|KBDINTF:inst|AUDOUT[7]                                                               ; 3.3-V LVTTL   ; Compiler or HDL Assignment ;
; I/O Standard             ; TOP_VGA_DEMO   ;              ; TOP_KBD:inst16|KBDINTF:inst|AUD_ADCDAT                                                              ; 3.3-V LVTTL   ; Compiler or HDL Assignment ;
; I/O Standard             ; TOP_VGA_DEMO   ;              ; TOP_KBD:inst16|KBDINTF:inst|BG_RGB[0]                                                               ; 3.3-V LVTTL   ; Compiler or HDL Assignment ;
; I/O Standard             ; TOP_VGA_DEMO   ;              ; TOP_KBD:inst16|KBDINTF:inst|BG_RGB[1]                                                               ; 3.3-V LVTTL   ; Compiler or HDL Assignment ;
; I/O Standard             ; TOP_VGA_DEMO   ;              ; TOP_KBD:inst16|KBDINTF:inst|BG_RGB[2]                                                               ; 3.3-V LVTTL   ; Compiler or HDL Assignment ;
; I/O Standard             ; TOP_VGA_DEMO   ;              ; TOP_KBD:inst16|KBDINTF:inst|BG_RGB[3]                                                               ; 3.3-V LVTTL   ; Compiler or HDL Assignment ;
; I/O Standard             ; TOP_VGA_DEMO   ;              ; TOP_KBD:inst16|KBDINTF:inst|BG_RGB[4]                                                               ; 3.3-V LVTTL   ; Compiler or HDL Assignment ;
; I/O Standard             ; TOP_VGA_DEMO   ;              ; TOP_KBD:inst16|KBDINTF:inst|BG_RGB[5]                                                               ; 3.3-V LVTTL   ; Compiler or HDL Assignment ;
; I/O Standard             ; TOP_VGA_DEMO   ;              ; TOP_KBD:inst16|KBDINTF:inst|BG_RGB[6]                                                               ; 3.3-V LVTTL   ; Compiler or HDL Assignment ;
; I/O Standard             ; TOP_VGA_DEMO   ;              ; TOP_KBD:inst16|KBDINTF:inst|BG_RGB[7]                                                               ; 3.3-V LVTTL   ; Compiler or HDL Assignment ;
; I/O Standard             ; TOP_VGA_DEMO   ;              ; TOP_KBD:inst16|KBDINTF:inst|CLOCK_50                                                                ; 3.3-V LVTTL   ; Compiler or HDL Assignment ;
; I/O Standard             ; TOP_VGA_DEMO   ;              ; TOP_KBD:inst16|KBDINTF:inst|ENABLE_SOF                                                              ; 3.3-V LVTTL   ; Compiler or HDL Assignment ;
; I/O Standard             ; TOP_VGA_DEMO   ;              ; TOP_KBD:inst16|KBDINTF:inst|HEX0[0]                                                                 ; 3.3-V LVTTL   ; Compiler or HDL Assignment ;
; I/O Standard             ; TOP_VGA_DEMO   ;              ; TOP_KBD:inst16|KBDINTF:inst|HEX0[1]                                                                 ; 3.3-V LVTTL   ; Compiler or HDL Assignment ;
; I/O Standard             ; TOP_VGA_DEMO   ;              ; TOP_KBD:inst16|KBDINTF:inst|HEX0[2]                                                                 ; 3.3-V LVTTL   ; Compiler or HDL Assignment ;
; I/O Standard             ; TOP_VGA_DEMO   ;              ; TOP_KBD:inst16|KBDINTF:inst|HEX0[3]                                                                 ; 3.3-V LVTTL   ; Compiler or HDL Assignment ;
; I/O Standard             ; TOP_VGA_DEMO   ;              ; TOP_KBD:inst16|KBDINTF:inst|HEX0[4]                                                                 ; 3.3-V LVTTL   ; Compiler or HDL Assignment ;
; I/O Standard             ; TOP_VGA_DEMO   ;              ; TOP_KBD:inst16|KBDINTF:inst|HEX0[5]                                                                 ; 3.3-V LVTTL   ; Compiler or HDL Assignment ;
; I/O Standard             ; TOP_VGA_DEMO   ;              ; TOP_KBD:inst16|KBDINTF:inst|HEX0[6]                                                                 ; 3.3-V LVTTL   ; Compiler or HDL Assignment ;
; I/O Standard             ; TOP_VGA_DEMO   ;              ; TOP_KBD:inst16|KBDINTF:inst|OVGA[0]                                                                 ; 3.3-V LVTTL   ; Compiler or HDL Assignment ;
; I/O Standard             ; TOP_VGA_DEMO   ;              ; TOP_KBD:inst16|KBDINTF:inst|OVGA[10]                                                                ; 3.3-V LVTTL   ; Compiler or HDL Assignment ;
; I/O Standard             ; TOP_VGA_DEMO   ;              ; TOP_KBD:inst16|KBDINTF:inst|OVGA[11]                                                                ; 3.3-V LVTTL   ; Compiler or HDL Assignment ;
; I/O Standard             ; TOP_VGA_DEMO   ;              ; TOP_KBD:inst16|KBDINTF:inst|OVGA[12]                                                                ; 3.3-V LVTTL   ; Compiler or HDL Assignment ;
; I/O Standard             ; TOP_VGA_DEMO   ;              ; TOP_KBD:inst16|KBDINTF:inst|OVGA[13]                                                                ; 3.3-V LVTTL   ; Compiler or HDL Assignment ;
; I/O Standard             ; TOP_VGA_DEMO   ;              ; TOP_KBD:inst16|KBDINTF:inst|OVGA[14]                                                                ; 3.3-V LVTTL   ; Compiler or HDL Assignment ;
; I/O Standard             ; TOP_VGA_DEMO   ;              ; TOP_KBD:inst16|KBDINTF:inst|OVGA[15]                                                                ; 3.3-V LVTTL   ; Compiler or HDL Assignment ;
; I/O Standard             ; TOP_VGA_DEMO   ;              ; TOP_KBD:inst16|KBDINTF:inst|OVGA[16]                                                                ; 3.3-V LVTTL   ; Compiler or HDL Assignment ;
; I/O Standard             ; TOP_VGA_DEMO   ;              ; TOP_KBD:inst16|KBDINTF:inst|OVGA[17]                                                                ; 3.3-V LVTTL   ; Compiler or HDL Assignment ;
; I/O Standard             ; TOP_VGA_DEMO   ;              ; TOP_KBD:inst16|KBDINTF:inst|OVGA[18]                                                                ; 3.3-V LVTTL   ; Compiler or HDL Assignment ;
; I/O Standard             ; TOP_VGA_DEMO   ;              ; TOP_KBD:inst16|KBDINTF:inst|OVGA[19]                                                                ; 3.3-V LVTTL   ; Compiler or HDL Assignment ;
; I/O Standard             ; TOP_VGA_DEMO   ;              ; TOP_KBD:inst16|KBDINTF:inst|OVGA[1]                                                                 ; 3.3-V LVTTL   ; Compiler or HDL Assignment ;
; I/O Standard             ; TOP_VGA_DEMO   ;              ; TOP_KBD:inst16|KBDINTF:inst|OVGA[20]                                                                ; 3.3-V LVTTL   ; Compiler or HDL Assignment ;
; I/O Standard             ; TOP_VGA_DEMO   ;              ; TOP_KBD:inst16|KBDINTF:inst|OVGA[21]                                                                ; 3.3-V LVTTL   ; Compiler or HDL Assignment ;
; I/O Standard             ; TOP_VGA_DEMO   ;              ; TOP_KBD:inst16|KBDINTF:inst|OVGA[22]                                                                ; 3.3-V LVTTL   ; Compiler or HDL Assignment ;
; I/O Standard             ; TOP_VGA_DEMO   ;              ; TOP_KBD:inst16|KBDINTF:inst|OVGA[23]                                                                ; 3.3-V LVTTL   ; Compiler or HDL Assignment ;
; I/O Standard             ; TOP_VGA_DEMO   ;              ; TOP_KBD:inst16|KBDINTF:inst|OVGA[24]                                                                ; 3.3-V LVTTL   ; Compiler or HDL Assignment ;
; I/O Standard             ; TOP_VGA_DEMO   ;              ; TOP_KBD:inst16|KBDINTF:inst|OVGA[25]                                                                ; 3.3-V LVTTL   ; Compiler or HDL Assignment ;
; I/O Standard             ; TOP_VGA_DEMO   ;              ; TOP_KBD:inst16|KBDINTF:inst|OVGA[26]                                                                ; 3.3-V LVTTL   ; Compiler or HDL Assignment ;
; I/O Standard             ; TOP_VGA_DEMO   ;              ; TOP_KBD:inst16|KBDINTF:inst|OVGA[27]                                                                ; 3.3-V LVTTL   ; Compiler or HDL Assignment ;
; I/O Standard             ; TOP_VGA_DEMO   ;              ; TOP_KBD:inst16|KBDINTF:inst|OVGA[28]                                                                ; 3.3-V LVTTL   ; Compiler or HDL Assignment ;
; I/O Standard             ; TOP_VGA_DEMO   ;              ; TOP_KBD:inst16|KBDINTF:inst|OVGA[2]                                                                 ; 3.3-V LVTTL   ; Compiler or HDL Assignment ;
; I/O Standard             ; TOP_VGA_DEMO   ;              ; TOP_KBD:inst16|KBDINTF:inst|OVGA[3]                                                                 ; 3.3-V LVTTL   ; Compiler or HDL Assignment ;
; I/O Standard             ; TOP_VGA_DEMO   ;              ; TOP_KBD:inst16|KBDINTF:inst|OVGA[4]                                                                 ; 3.3-V LVTTL   ; Compiler or HDL Assignment ;
; I/O Standard             ; TOP_VGA_DEMO   ;              ; TOP_KBD:inst16|KBDINTF:inst|OVGA[5]                                                                 ; 3.3-V LVTTL   ; Compiler or HDL Assignment ;
; I/O Standard             ; TOP_VGA_DEMO   ;              ; TOP_KBD:inst16|KBDINTF:inst|OVGA[6]                                                                 ; 3.3-V LVTTL   ; Compiler or HDL Assignment ;
; I/O Standard             ; TOP_VGA_DEMO   ;              ; TOP_KBD:inst16|KBDINTF:inst|OVGA[7]                                                                 ; 3.3-V LVTTL   ; Compiler or HDL Assignment ;
; I/O Standard             ; TOP_VGA_DEMO   ;              ; TOP_KBD:inst16|KBDINTF:inst|OVGA[8]                                                                 ; 3.3-V LVTTL   ; Compiler or HDL Assignment ;
; I/O Standard             ; TOP_VGA_DEMO   ;              ; TOP_KBD:inst16|KBDINTF:inst|OVGA[9]                                                                 ; 3.3-V LVTTL   ; Compiler or HDL Assignment ;
; I/O Standard             ; TOP_VGA_DEMO   ;              ; TOP_KBD:inst16|KBDINTF:inst|PS2_CLK                                                                 ; 3.3-V LVTTL   ; Compiler or HDL Assignment ;
; I/O Standard             ; TOP_VGA_DEMO   ;              ; TOP_KBD:inst16|KBDINTF:inst|PS2_DAT                                                                 ; 3.3-V LVTTL   ; Compiler or HDL Assignment ;
; I/O Standard             ; TOP_VGA_DEMO   ;              ; TOP_KBD:inst16|KBDINTF:inst|boardersDrawReq                                                         ; 3.3-V LVTTL   ; Compiler or HDL Assignment ;
; I/O Standard             ; TOP_VGA_DEMO   ;              ; TOP_KBD:inst16|KBDINTF:inst|greenLight                                                              ; 3.3-V LVTTL   ; Compiler or HDL Assignment ;
; I/O Standard             ; TOP_VGA_DEMO   ;              ; TOP_KBD:inst16|KBDINTF:inst|redLight                                                                ; 3.3-V LVTTL   ; Compiler or HDL Assignment ;
; I/O Standard             ; TOP_VGA_DEMO   ;              ; TOP_KBD:inst16|KBDINTF:inst|resetN_pin                                                              ; 3.3-V LVTTL   ; Compiler or HDL Assignment ;
; I/O Standard             ; TOP_VGA_DEMO   ;              ; TOP_KBD:inst16|KBDINTF:inst|yellowLight                                                             ; 3.3-V LVTTL   ; Compiler or HDL Assignment ;
; I/O Standard             ; TOP_VGA_DEMO   ;              ; boardersDrawReq                                                                                     ; 3.3-V LVTTL   ; QSF Assignment             ;
; I/O Standard             ; TOP_VGA_DEMO   ;              ; greenLight                                                                                          ; 3.3-V LVTTL   ; QSF Assignment             ;
; I/O Standard             ; TOP_VGA_DEMO   ;              ; redLight                                                                                            ; 3.3-V LVTTL   ; QSF Assignment             ;
; I/O Standard             ; TOP_VGA_DEMO   ;              ; yellowLight                                                                                         ; 3.3-V LVTTL   ; QSF Assignment             ;
+--------------------------+----------------+--------------+-----------------------------------------------------------------------------------------------------+---------------+----------------------------+


+----------------------------------------------------------------------------------------------------+
; Incremental Compilation Preservation Summary                                                       ;
+---------------------+----------------------+----------------------------+--------------------------+
; Type                ; Total [A + B]        ; From Design Partitions [A] ; From Rapid Recompile [B] ;
+---------------------+----------------------+----------------------------+--------------------------+
; Placement (by node) ;                      ;                            ;                          ;
;     -- Requested    ; 0.00 % ( 0 / 14420 ) ; 0.00 % ( 0 / 14420 )       ; 0.00 % ( 0 / 14420 )     ;
;     -- Achieved     ; 0.00 % ( 0 / 14420 ) ; 0.00 % ( 0 / 14420 )       ; 0.00 % ( 0 / 14420 )     ;
;                     ;                      ;                            ;                          ;
; Routing (by net)    ;                      ;                            ;                          ;
;     -- Requested    ; 0.00 % ( 0 / 0 )     ; 0.00 % ( 0 / 0 )           ; 0.00 % ( 0 / 0 )         ;
;     -- Achieved     ; 0.00 % ( 0 / 0 )     ; 0.00 % ( 0 / 0 )           ; 0.00 % ( 0 / 0 )         ;
+---------------------+----------------------+----------------------------+--------------------------+


+------------------------------------------------------------------------------------------------------------------------------------------------------------------------------------------------------------------+
; Incremental Compilation Partition Settings                                                                                                                                                                       ;
+--------------------------------+----------------+-------------------+-------------------------+------------------------+------------------------------+----------------------------------------------------------+
; Partition Name                 ; Partition Type ; Netlist Type Used ; Preservation Level Used ; Netlist Type Requested ; Preservation Level Requested ; Contents                                                 ;
+--------------------------------+----------------+-------------------+-------------------------+------------------------+------------------------------+----------------------------------------------------------+
; Top                            ; User-created   ; Source File       ; N/A                     ; Source File            ; N/A                          ;                                                          ;
; KBDINTF:inst                   ; User-created   ; Source File       ; N/A                     ; Source File            ; N/A                          ; TOP_KBD:inst16|KBDINTF:inst                              ;
; audio_codec_controller:inst    ; User-created   ; Source File       ; N/A                     ; Source File            ; N/A                          ; Audio_Block:inst6|AUDIO:inst|audio_codec_controller:inst ;
; sld_hub:auto_hub               ; Auto-generated ; Post-Synthesis    ; N/A                     ; Post-Synthesis         ; N/A                          ; sld_hub:auto_hub                                         ;
; sld_signaltap:auto_signaltap_0 ; Auto-generated ; Post-Synthesis    ; N/A                     ; Post-Synthesis         ; N/A                          ; sld_signaltap:auto_signaltap_0                           ;
; hard_block:auto_generated_inst ; Auto-generated ; Source File       ; N/A                     ; Source File            ; N/A                          ; hard_block:auto_generated_inst                           ;
+--------------------------------+----------------+-------------------+-------------------------+------------------------+------------------------------+----------------------------------------------------------+


+------------------------------------------------------------------------------------------------------------------------------------+
; Incremental Compilation Placement Preservation                                                                                     ;
+--------------------------------+-----------------------+-------------------------+-------------------+---------------------+-------+
; Partition Name                 ; Preservation Achieved ; Preservation Level Used ; Netlist Type Used ; Preservation Method ; Notes ;
+--------------------------------+-----------------------+-------------------------+-------------------+---------------------+-------+
; Top                            ; 0.00 % ( 0 / 13535 )  ; N/A                     ; Source File       ; N/A                 ;       ;
; KBDINTF:inst                   ; 0.00 % ( 0 / 0 )      ; N/A                     ; Source File       ; N/A                 ;       ;
; audio_codec_controller:inst    ; 0.00 % ( 0 / 0 )      ; N/A                     ; Source File       ; N/A                 ;       ;
; sld_hub:auto_hub               ; 0.00 % ( 0 / 182 )    ; N/A                     ; Post-Synthesis    ; N/A                 ;       ;
; sld_signaltap:auto_signaltap_0 ; 0.00 % ( 0 / 681 )    ; N/A                     ; Post-Synthesis    ; N/A                 ;       ;
; hard_block:auto_generated_inst ; 0.00 % ( 0 / 22 )     ; N/A                     ; Source File       ; N/A                 ;       ;
+--------------------------------+-----------------------+-------------------------+-------------------+---------------------+-------+


+--------------+
; Pin-Out File ;
+--------------+
The pin-out file can be found in C:/Users/USER/Documents/Work/FPGA-Snake-Arcade/output_files/Lab1Demo.pin.


+---------------------------------------------------------------------------------------------+
; Fitter Resource Usage Summary                                                               ;
+-------------------------------------------------------------+-----------------------+-------+
; Resource                                                    ; Usage                 ; %     ;
+-------------------------------------------------------------+-----------------------+-------+
; Logic utilization (ALMs needed / total ALMs on device)      ; 6,563 / 41,910        ; 16 %  ;
; ALMs needed [=A-B+C]                                        ; 6,563                 ;       ;
;     [A] ALMs used in final placement [=a+b+c+d]             ; 6,798 / 41,910        ; 16 %  ;
;         [a] ALMs used for LUT logic and registers           ; 983                   ;       ;
;         [b] ALMs used for LUT logic                         ; 4,105                 ;       ;
;         [c] ALMs used for registers                         ; 1,710                 ;       ;
;         [d] ALMs used for memory (up to half of total ALMs) ; 0                     ;       ;
;     [B] Estimate of ALMs recoverable by dense packing       ; 288 / 41,910          ; < 1 % ;
;     [C] Estimate of ALMs unavailable [=a+b+c+d]             ; 53 / 41,910           ; < 1 % ;
;         [a] Due to location constrained logic               ; 0                     ;       ;
;         [b] Due to LAB-wide signal conflicts                ; 3                     ;       ;
;         [c] Due to LAB input limits                         ; 50                    ;       ;
;         [d] Due to virtual I/Os                             ; 0                     ;       ;
;                                                             ;                       ;       ;
; Difficulty packing design                                   ; Low                   ;       ;
;                                                             ;                       ;       ;
; Total LABs:  partially or completely used                   ; 850 / 4,191           ; 20 %  ;
;     -- Logic LABs                                           ; 850                   ;       ;
;     -- Memory LABs (up to half of total LABs)               ; 0                     ;       ;
;                                                             ;                       ;       ;
; Combinational ALUT usage for logic                          ; 8,556                 ;       ;
;     -- 7 input functions                                    ; 76                    ;       ;
;     -- 6 input functions                                    ; 1,249                 ;       ;
;     -- 5 input functions                                    ; 1,893                 ;       ;
;     -- 4 input functions                                    ; 640                   ;       ;
;     -- <=3 input functions                                  ; 4,698                 ;       ;
; Combinational ALUT usage for route-throughs                 ; 3,298                 ;       ;
;                                                             ;                       ;       ;
; Dedicated logic registers                                   ; 5,665                 ;       ;
;     -- By type:                                             ;                       ;       ;
;         -- Primary logic registers                          ; 5,385 / 83,820        ; 6 %   ;
;         -- Secondary logic registers                        ; 280 / 83,820          ; < 1 % ;
;     -- By function:                                         ;                       ;       ;
;         -- Design implementation registers                  ; 5,406                 ;       ;
;         -- Routing optimization registers                   ; 259                   ;       ;
;                                                             ;                       ;       ;
; Virtual pins                                                ; 0                     ;       ;
; I/O pins                                                    ; 91 / 499              ; 18 %  ;
;     -- Clock pins                                           ; 5 / 11                ; 45 %  ;
;     -- Dedicated input pins                                 ; 3 / 39                ; 8 %   ;
;                                                             ;                       ;       ;
; Hard processor system peripheral utilization                ;                       ;       ;
;     -- Boot from FPGA                                       ; 0 / 1 ( 0 % )         ;       ;
;     -- Clock resets                                         ; 0 / 1 ( 0 % )         ;       ;
;     -- Cross trigger                                        ; 0 / 1 ( 0 % )         ;       ;
;     -- S2F AXI                                              ; 0 / 1 ( 0 % )         ;       ;
;     -- F2S AXI                                              ; 0 / 1 ( 0 % )         ;       ;
;     -- AXI Lightweight                                      ; 0 / 1 ( 0 % )         ;       ;
;     -- SDRAM                                                ; 0 / 1 ( 0 % )         ;       ;
;     -- Interrupts                                           ; 0 / 1 ( 0 % )         ;       ;
;     -- JTAG                                                 ; 0 / 1 ( 0 % )         ;       ;
;     -- Loan I/O                                             ; 0 / 1 ( 0 % )         ;       ;
;     -- MPU event standby                                    ; 0 / 1 ( 0 % )         ;       ;
;     -- MPU general purpose                                  ; 0 / 1 ( 0 % )         ;       ;
;     -- STM event                                            ; 0 / 1 ( 0 % )         ;       ;
;     -- TPIU trace                                           ; 0 / 1 ( 0 % )         ;       ;
;     -- DMA                                                  ; 0 / 1 ( 0 % )         ;       ;
;     -- CAN                                                  ; 0 / 2 ( 0 % )         ;       ;
;     -- EMAC                                                 ; 0 / 2 ( 0 % )         ;       ;
;     -- I2C                                                  ; 0 / 4 ( 0 % )         ;       ;
;     -- NAND Flash                                           ; 0 / 1 ( 0 % )         ;       ;
;     -- QSPI                                                 ; 0 / 1 ( 0 % )         ;       ;
;     -- SDMMC                                                ; 0 / 1 ( 0 % )         ;       ;
;     -- SPI Master                                           ; 0 / 2 ( 0 % )         ;       ;
;     -- SPI Slave                                            ; 0 / 2 ( 0 % )         ;       ;
;     -- UART                                                 ; 0 / 2 ( 0 % )         ;       ;
;     -- USB                                                  ; 0 / 2 ( 0 % )         ;       ;
;                                                             ;                       ;       ;
; M10K blocks                                                 ; 176 / 553             ; 32 %  ;
; Total MLAB memory bits                                      ; 0                     ;       ;
; Total block memory bits                                     ; 1,392,128 / 5,662,720 ; 25 %  ;
; Total block memory implementation bits                      ; 1,802,240 / 5,662,720 ; 32 %  ;
;                                                             ;                       ;       ;
; Total DSP Blocks                                            ; 1 / 112               ; < 1 % ;
;                                                             ;                       ;       ;
; Fractional PLLs                                             ; 1 / 6                 ; 17 %  ;
; Global signals                                              ; 1                     ;       ;
;     -- Global clocks                                        ; 1 / 16                ; 6 %   ;
;     -- Quadrant clocks                                      ; 0 / 66                ; 0 %   ;
;     -- Horizontal periphery clocks                          ; 0 / 18                ; 0 %   ;
; SERDES Transmitters                                         ; 0 / 100               ; 0 %   ;
; SERDES Receivers                                            ; 0 / 100               ; 0 %   ;
; JTAGs                                                       ; 1 / 1                 ; 100 % ;
; ASMI blocks                                                 ; 0 / 1                 ; 0 %   ;
; CRC blocks                                                  ; 0 / 1                 ; 0 %   ;
; Remote update blocks                                        ; 0 / 1                 ; 0 %   ;
; Oscillator blocks                                           ; 0 / 1                 ; 0 %   ;
; Hard IPs                                                    ; 0 / 2                 ; 0 %   ;
; Standard RX PCSs                                            ; 0 / 9                 ; 0 %   ;
; HSSI PMA RX Deserializers                                   ; 0 / 9                 ; 0 %   ;
; Standard TX PCSs                                            ; 0 / 9                 ; 0 %   ;
; HSSI PMA TX Serializers                                     ; 0 / 9                 ; 0 %   ;
; Channel PLLs                                                ; 0 / 9                 ; 0 %   ;
; Impedance control blocks                                    ; 0 / 4                 ; 0 %   ;
; Hard Memory Controllers                                     ; 0 / 2                 ; 0 %   ;
; Average interconnect usage (total/H/V)                      ; 5.0% / 5.3% / 3.9%    ;       ;
; Peak interconnect usage (total/H/V)                         ; 19.5% / 20.6% / 16.5% ;       ;
; Maximum fan-out                                             ; 5504                  ;       ;
; Highest non-global fan-out                                  ; 5104                  ;       ;
; Total fan-out                                               ; 66095                 ;       ;
; Average fan-out                                             ; 3.69                  ;       ;
+-------------------------------------------------------------+-----------------------+-------+


+--------------------------------------------------------------------------------------------------------------------------------------------------------------------------------------------------------------------------------+
; Fitter Partition Statistics                                                                                                                                                                                                    ;
+-------------------------------------------------------------+-----------------------+-------------------+-----------------------------+----------------------+--------------------------------+--------------------------------+
; Statistic                                                   ; Top                   ; KBDINTF:inst      ; audio_codec_controller:inst ; sld_hub:auto_hub     ; sld_signaltap:auto_signaltap_0 ; hard_block:auto_generated_inst ;
+-------------------------------------------------------------+-----------------------+-------------------+-----------------------------+----------------------+--------------------------------+--------------------------------+
; Logic utilization (ALMs needed / total ALMs on device)      ; 6318 / 41910 ( 15 % ) ; 0 / 41910 ( 0 % ) ; 0 / 41910 ( 0 % )           ; 57 / 41910 ( < 1 % ) ; 188 / 41910 ( < 1 % )          ; 0 / 41910 ( 0 % )              ;
; ALMs needed [=A-B+C]                                        ; 6318                  ; 0                 ; 0                           ; 57                   ; 188                            ; 0                              ;
;     [A] ALMs used in final placement [=a+b+c+d]             ; 6465 / 41910 ( 15 % ) ; 0 / 41910 ( 0 % ) ; 0 / 41910 ( 0 % )           ; 70 / 41910 ( < 1 % ) ; 265 / 41910 ( < 1 % )          ; 0 / 41910 ( 0 % )              ;
;         [a] ALMs used for LUT logic and registers           ; 874                   ; 0                 ; 0                           ; 28                   ; 81                             ; 0                              ;
;         [b] ALMs used for LUT logic                         ; 4021                  ; 0                 ; 0                           ; 24                   ; 61                             ; 0                              ;
;         [c] ALMs used for registers                         ; 1570                  ; 0                 ; 0                           ; 18                   ; 123                            ; 0                              ;
;         [d] ALMs used for memory (up to half of total ALMs) ; 0                     ; 0                 ; 0                           ; 0                    ; 0                              ; 0                              ;
;     [B] Estimate of ALMs recoverable by dense packing       ; 200 / 41910 ( < 1 % ) ; 0 / 41910 ( 0 % ) ; 0 / 41910 ( 0 % )           ; 13 / 41910 ( < 1 % ) ; 77 / 41910 ( < 1 % )           ; 0 / 41910 ( 0 % )              ;
;     [C] Estimate of ALMs unavailable [=a+b+c+d]             ; 53 / 41910 ( < 1 % )  ; 0 / 41910 ( 0 % ) ; 0 / 41910 ( 0 % )           ; 0 / 41910 ( 0 % )    ; 0 / 41910 ( 0 % )              ; 0 / 41910 ( 0 % )              ;
;         [a] Due to location constrained logic               ; 0                     ; 0                 ; 0                           ; 0                    ; 0                              ; 0                              ;
;         [b] Due to LAB-wide signal conflicts                ; 3                     ; 0                 ; 0                           ; 0                    ; 0                              ; 0                              ;
;         [c] Due to LAB input limits                         ; 50                    ; 0                 ; 0                           ; 0                    ; 0                              ; 0                              ;
;         [d] Due to virtual I/Os                             ; 0                     ; 0                 ; 0                           ; 0                    ; 0                              ; 0                              ;
;                                                             ;                       ;                   ;                             ;                      ;                                ;                                ;
; Difficulty packing design                                   ; Low                   ; Low               ; Low                         ; Low                  ; Low                            ; Low                            ;
;                                                             ;                       ;                   ;                             ;                      ;                                ;                                ;
; Total LABs:  partially or completely used                   ; 804 / 4191 ( 19 % )   ; 0 / 4191 ( 0 % )  ; 0 / 4191 ( 0 % )            ; 11 / 4191 ( < 1 % )  ; 42 / 4191 ( 1 % )              ; 0 / 4191 ( 0 % )               ;
;     -- Logic LABs                                           ; 804                   ; 0                 ; 0                           ; 11                   ; 42                             ; 0                              ;
;     -- Memory LABs (up to half of total LABs)               ; 0                     ; 0                 ; 0                           ; 0                    ; 0                              ; 0                              ;
;                                                             ;                       ;                   ;                             ;                      ;                                ;                                ;
; Combinational ALUT usage for logic                          ; 8215                  ; 0                 ; 0                           ; 91                   ; 250                            ; 0                              ;
;     -- 7 input functions                                    ; 76                    ; 0                 ; 0                           ; 0                    ; 0                              ; 0                              ;
;     -- 6 input functions                                    ; 1184                  ; 0                 ; 0                           ; 12                   ; 53                             ; 0                              ;
;     -- 5 input functions                                    ; 1826                  ; 0                 ; 0                           ; 25                   ; 42                             ; 0                              ;
;     -- 4 input functions                                    ; 600                   ; 0                 ; 0                           ; 17                   ; 23                             ; 0                              ;
;     -- <=3 input functions                                  ; 4529                  ; 0                 ; 0                           ; 37                   ; 132                            ; 0                              ;
; Combinational ALUT usage for route-throughs                 ; 3086                  ; 0                 ; 0                           ; 26                   ; 186                            ; 0                              ;
; Memory ALUT usage                                           ; 0                     ; 0                 ; 0                           ; 0                    ; 0                              ; 0                              ;
;     -- 64-address deep                                      ; 0                     ; 0                 ; 0                           ; 0                    ; 0                              ; 0                              ;
;     -- 32-address deep                                      ; 0                     ; 0                 ; 0                           ; 0                    ; 0                              ; 0                              ;
;                                                             ;                       ;                   ;                             ;                      ;                                ;                                ;
; Dedicated logic registers                                   ; 0                     ; 0                 ; 0                           ; 0                    ; 0                              ; 0                              ;
;     -- By type:                                             ;                       ;                   ;                             ;                      ;                                ;                                ;
;         -- Primary logic registers                          ; 4888 / 83820 ( 6 % )  ; 0 / 83820 ( 0 % ) ; 0 / 83820 ( 0 % )           ; 91 / 83820 ( < 1 % ) ; 406 / 83820 ( < 1 % )          ; 0 / 83820 ( 0 % )              ;
;         -- Secondary logic registers                        ; 236 / 83820 ( < 1 % ) ; 0 / 83820 ( 0 % ) ; 0 / 83820 ( 0 % )           ; 4 / 83820 ( < 1 % )  ; 40 / 83820 ( < 1 % )           ; 0 / 83820 ( 0 % )              ;
;     -- By function:                                         ;                       ;                   ;                             ;                      ;                                ;                                ;
;         -- Design implementation registers                  ; 4888                  ; 0                 ; 0                           ; 91                   ; 427                            ; 0                              ;
;         -- Routing optimization registers                   ; 236                   ; 0                 ; 0                           ; 4                    ; 19                             ; 0                              ;
;                                                             ;                       ;                   ;                             ;                      ;                                ;                                ;
;                                                             ;                       ;                   ;                             ;                      ;                                ;                                ;
; Virtual pins                                                ; 0                     ; 0                 ; 0                           ; 0                    ; 0                              ; 0                              ;
; I/O pins                                                    ; 87                    ; 0                 ; 0                           ; 0                    ; 0                              ; 4                              ;
; I/O registers                                               ; 0                     ; 0                 ; 0                           ; 0                    ; 0                              ; 0                              ;
; Total block memory bits                                     ; 1342976               ; 0                 ; 0                           ; 0                    ; 49152                          ; 0                              ;
; Total block memory implementation bits                      ; 1740800               ; 0                 ; 0                           ; 0                    ; 61440                          ; 0                              ;
; JTAG                                                        ; 0 / 1 ( 0 % )         ; 0 / 1 ( 0 % )     ; 0 / 1 ( 0 % )               ; 0 / 1 ( 0 % )        ; 0 / 1 ( 0 % )                  ; 1 / 1 ( 100 % )                ;
; M10K block                                                  ; 170 / 553 ( 30 % )    ; 0 / 553 ( 0 % )   ; 0 / 553 ( 0 % )             ; 0 / 553 ( 0 % )      ; 6 / 553 ( 1 % )                ; 0 / 553 ( 0 % )                ;
; DSP block                                                   ; 1 / 112 ( < 1 % )     ; 0 / 112 ( 0 % )   ; 0 / 112 ( 0 % )             ; 0 / 112 ( 0 % )      ; 0 / 112 ( 0 % )                ; 0 / 112 ( 0 % )                ;
; Clock enable block                                          ; 0 / 116 ( 0 % )       ; 0 / 116 ( 0 % )   ; 0 / 116 ( 0 % )             ; 0 / 116 ( 0 % )      ; 0 / 116 ( 0 % )                ; 1 / 116 ( < 1 % )              ;
; Fractional PLL                                              ; 0 / 6 ( 0 % )         ; 0 / 6 ( 0 % )     ; 0 / 6 ( 0 % )               ; 0 / 6 ( 0 % )        ; 0 / 6 ( 0 % )                  ; 1 / 6 ( 16 % )                 ;
; PLL Output Counter                                          ; 0 / 54 ( 0 % )        ; 0 / 54 ( 0 % )    ; 0 / 54 ( 0 % )              ; 0 / 54 ( 0 % )       ; 0 / 54 ( 0 % )                 ; 1 / 54 ( 1 % )                 ;
; PLL Reconfiguration Block                                   ; 0 / 6 ( 0 % )         ; 0 / 6 ( 0 % )     ; 0 / 6 ( 0 % )               ; 0 / 6 ( 0 % )        ; 0 / 6 ( 0 % )                  ; 1 / 6 ( 16 % )                 ;
; PLL Reference Clock Select Block                            ; 0 / 6 ( 0 % )         ; 0 / 6 ( 0 % )     ; 0 / 6 ( 0 % )               ; 0 / 6 ( 0 % )        ; 0 / 6 ( 0 % )                  ; 1 / 6 ( 16 % )                 ;
;                                                             ;                       ;                   ;                             ;                      ;                                ;                                ;
; Connections                                                 ;                       ;                   ;                             ;                      ;                                ;                                ;
;     -- Input Connections                                    ; 10398                 ; 0                 ; 0                           ; 138                  ; 731                            ; 1                              ;
;     -- Registered Input Connections                         ; 10215                 ; 0                 ; 0                           ; 103                  ; 477                            ; 0                              ;
;     -- Output Connections                                   ; 7                     ; 0                 ; 0                           ; 239                  ; 34                             ; 10988                          ;
;     -- Registered Output Connections                        ; 4                     ; 0                 ; 0                           ; 239                  ; 0                              ; 0                              ;
;                                                             ;                       ;                   ;                             ;                      ;                                ;                                ;
; Internal Connections                                        ;                       ;                   ;                             ;                      ;                                ;                                ;
;     -- Total Connections                                    ; 62520                 ; 0                 ; 0                           ; 926                  ; 3088                           ; 11035                          ;
;     -- Registered Connections                               ; 27839                 ; 0                 ; 0                           ; 715                  ; 1690                           ; 0                              ;
;                                                             ;                       ;                   ;                             ;                      ;                                ;                                ;
; External Connections                                        ;                       ;                   ;                             ;                      ;                                ;                                ;
;     -- Top                                                  ; 0                     ; 0                 ; 0                           ; 0                    ; 7                              ; 10398                          ;
;     -- KBDINTF:inst                                         ; 0                     ; 0                 ; 0                           ; 0                    ; 0                              ; 0                              ;
;     -- audio_codec_controller:inst                          ; 0                     ; 0                 ; 0                           ; 0                    ; 0                              ; 0                              ;
;     -- sld_hub:auto_hub                                     ; 0                     ; 0                 ; 0                           ; 20                   ; 230                            ; 127                            ;
;     -- sld_signaltap:auto_signaltap_0                       ; 7                     ; 0                 ; 0                           ; 230                  ; 64                             ; 464                            ;
;     -- hard_block:auto_generated_inst                       ; 10398                 ; 0                 ; 0                           ; 127                  ; 464                            ; 0                              ;
;                                                             ;                       ;                   ;                             ;                      ;                                ;                                ;
; Partition Interface                                         ;                       ;                   ;                             ;                      ;                                ;                                ;
;     -- Input Ports                                          ; 10                    ; 0                 ; 0                           ; 45                   ; 82                             ; 6                              ;
;     -- Output Ports                                         ; 90                    ; 0                 ; 0                           ; 62                   ; 22                             ; 13                             ;
;     -- Bidir Ports                                          ; 0                     ; 0                 ; 0                           ; 0                    ; 0                              ; 0                              ;
;                                                             ;                       ;                   ;                             ;                      ;                                ;                                ;
; Registered Ports                                            ;                       ;                   ;                             ;                      ;                                ;                                ;
;     -- Registered Input Ports                               ; 0                     ; 0                 ; 0                           ; 3                    ; 5                              ; 0                              ;
;     -- Registered Output Ports                              ; 0                     ; 0                 ; 0                           ; 29                   ; 8                              ; 0                              ;
;                                                             ;                       ;                   ;                             ;                      ;                                ;                                ;
; Port Connectivity                                           ;                       ;                   ;                             ;                      ;                                ;                                ;
;     -- Input Ports driven by GND                            ; 0                     ; 0                 ; 0                           ; 0                    ; 11                             ; 0                              ;
;     -- Output Ports driven by GND                           ; 0                     ; 0                 ; 0                           ; 28                   ; 2                              ; 0                              ;
;     -- Input Ports driven by VCC                            ; 0                     ; 0                 ; 0                           ; 0                    ; 22                             ; 0                              ;
;     -- Output Ports driven by VCC                           ; 0                     ; 0                 ; 0                           ; 0                    ; 1                              ; 0                              ;
;     -- Input Ports with no Source                           ; 0                     ; 0                 ; 0                           ; 25                   ; 10                             ; 0                              ;
;     -- Output Ports with no Source                          ; 0                     ; 0                 ; 0                           ; 0                    ; 0                              ; 0                              ;
;     -- Input Ports with no Fanout                           ; 0                     ; 0                 ; 0                           ; 30                   ; 24                             ; 0                              ;
;     -- Output Ports with no Fanout                          ; 0                     ; 0                 ; 0                           ; 29                   ; 10                             ; 0                              ;
+-------------------------------------------------------------+-----------------------+-------------------+-----------------------------+----------------------+--------------------------------+--------------------------------+


+-------------------------------------------------------------------------------------------------------------------------------------------------------------------------------------------------------------------------------------------------------------------------------------------+
; Input Pins                                                                                                                                                                                                                                                                                ;
+------------+-------+----------+--------------+--------------+--------------+-----------------------+--------------------+--------+----------------+-----------------+----------+--------------+--------------+-------------+---------------------------+----------------------+-----------+
; Name       ; Pin # ; I/O Bank ; X coordinate ; Y coordinate ; Z coordinate ; Combinational Fan-Out ; Registered Fan-Out ; Global ; Input Register ; PCI I/O Enabled ; Bus Hold ; Weak Pull Up ; I/O Standard ; Termination ; Termination Control Block ; Location assigned by ; Slew Rate ;
+------------+-------+----------+--------------+--------------+--------------+-----------------------+--------------------+--------+----------------+-----------------+----------+--------------+--------------+-------------+---------------------------+----------------------+-----------+
; AUDIN[1]   ; AH29  ; 5A       ; 89           ; 6            ; 54           ; 21                    ; 0                  ; no     ; no             ; no              ; no       ; Off          ; 3.3-V LVTTL  ; Off         ; --                        ; User                 ; no        ;
; AUDIN[2]   ; AF30  ; 5A       ; 89           ; 15           ; 54           ; 5                     ; 0                  ; no     ; no             ; no              ; no       ; Off          ; 3.3-V LVTTL  ; Off         ; --                        ; User                 ; no        ;
; CLOCK_50   ; AF14  ; 3B       ; 32           ; 0            ; 0            ; 1                     ; 0                  ; no     ; no             ; no              ; no       ; Off          ; 3.3-V LVTTL  ; Off         ; --                        ; User                 ; no        ;
; KEY[3]     ; AA15  ; 3B       ; 36           ; 0            ; 17           ; 2                     ; 0                  ; no     ; no             ; no              ; no       ; Off          ; 3.3-V LVTTL  ; Off         ; --                        ; User                 ; no        ;
; PS2_CLK    ; AB25  ; 5A       ; 89           ; 11           ; 60           ; 5                     ; 0                  ; no     ; no             ; no              ; no       ; Off          ; 3.3-V LVTTL  ; Off         ; --                        ; User                 ; no        ;
; PS2_DAT    ; AA25  ; 5A       ; 89           ; 9            ; 37           ; 4                     ; 0                  ; no     ; no             ; no              ; no       ; Off          ; 3.3-V LVTTL  ; Off         ; --                        ; User                 ; no        ;
; resetN_pin ; AJ4   ; 3B       ; 22           ; 0            ; 34           ; 1                     ; 0                  ; no     ; no             ; no              ; no       ; Off          ; 3.3-V LVTTL  ; Off         ; --                        ; User                 ; no        ;
+------------+-------+----------+--------------+--------------+--------------+-----------------------+--------------------+--------+----------------+-----------------+----------+--------------+--------------+-------------+---------------------------+----------------------+-----------+


+------------------------------------------------------------------------------------------------------------------------------------------------------------------------------------------------------------------------------------------------------------------------------------------------------------------------------------------------------------------------------------------------------------------------------------------------------------------------------------------------+
; Output Pins                                                                                                                                                                                                                                                                                                                                                                                                                                                                                    ;
+-----------+-------+----------+--------------+--------------+--------------+-----------------+------------------------+-----------+-----------------+------------+---------------+----------+--------------+--------------+------------------+-----------------------------------+---------------------------+----------------------------+-----------------------------+---------------------+-----------------------------+----------------------+----------------------+---------------------+
; Name      ; Pin # ; I/O Bank ; X coordinate ; Y coordinate ; Z coordinate ; Output Register ; Output Enable Register ; Slew Rate ; PCI I/O Enabled ; Open Drain ; TRI Primitive ; Bus Hold ; Weak Pull Up ; I/O Standard ; Current Strength ; Termination                       ; Termination Control Block ; Output Buffer Pre-emphasis ; Voltage Output Differential ; Output Buffer Delay ; Output Buffer Delay Control ; Location assigned by ; Output Enable Source ; Output Enable Group ;
+-----------+-------+----------+--------------+--------------+--------------+-----------------+------------------------+-----------+-----------------+------------+---------------+----------+--------------+--------------+------------------+-----------------------------------+---------------------------+----------------------------+-----------------------------+---------------------+-----------------------------+----------------------+----------------------+---------------------+
; AUDOUT[4] ; AF29  ; 5A       ; 89           ; 15           ; 37           ; no              ; no                     ; 1         ; no              ; no         ; no            ; no       ; Off          ; 3.3-V LVTTL  ; 16mA             ; Off                               ; --                        ; no                         ; no                          ; 0                   ; Off                         ; User                 ; -                    ; -                   ;
; AUDOUT[5] ; AH30  ; 5A       ; 89           ; 16           ; 37           ; no              ; no                     ; 1         ; no              ; no         ; no            ; no       ; Off          ; 3.3-V LVTTL  ; 16mA             ; Off                               ; --                        ; no                         ; no                          ; 0                   ; Off                         ; User                 ; -                    ; -                   ;
; AUDOUT[6] ; Y24   ; 5A       ; 89           ; 13           ; 20           ; no              ; no                     ; 1         ; no              ; no         ; no            ; no       ; Off          ; 3.3-V LVTTL  ; 16mA             ; Off                               ; --                        ; no                         ; no                          ; 0                   ; Off                         ; User                 ; -                    ; -                   ;
; AUDOUT[7] ; Y23   ; 5A       ; 89           ; 13           ; 3            ; no              ; no                     ; 1         ; no              ; no         ; no            ; no       ; Off          ; 3.3-V LVTTL  ; 16mA             ; Off                               ; --                        ; no                         ; no                          ; 0                   ; Off                         ; User                 ; -                    ; -                   ;
; BG_RGB[0] ; AC18  ; 4A       ; 64           ; 0            ; 0            ; no              ; no                     ; 1         ; no              ; no         ; no            ; no       ; Off          ; 3.3-V LVTTL  ; 16mA             ; Off                               ; --                        ; no                         ; no                          ; 0                   ; Off                         ; Fitter               ; -                    ; -                   ;
; BG_RGB[1] ; AK14  ; 3B       ; 40           ; 0            ; 51           ; no              ; no                     ; 1         ; no              ; no         ; no            ; no       ; Off          ; 3.3-V LVTTL  ; 16mA             ; Off                               ; --                        ; no                         ; no                          ; 0                   ; Off                         ; Fitter               ; -                    ; -                   ;
; BG_RGB[2] ; AG30  ; 5A       ; 89           ; 16           ; 54           ; no              ; no                     ; 1         ; no              ; no         ; no            ; no       ; Off          ; 3.3-V LVTTL  ; 16mA             ; Off                               ; --                        ; no                         ; no                          ; 0                   ; Off                         ; Fitter               ; -                    ; -                   ;
; BG_RGB[3] ; AF24  ; 4A       ; 74           ; 0            ; 57           ; no              ; no                     ; 1         ; no              ; no         ; no            ; no       ; Off          ; 3.3-V LVTTL  ; 16mA             ; Off                               ; --                        ; no                         ; no                          ; 0                   ; Off                         ; Fitter               ; -                    ; -                   ;
; BG_RGB[4] ; Y16   ; 3B       ; 40           ; 0            ; 17           ; no              ; no                     ; 1         ; no              ; no         ; no            ; no       ; Off          ; 3.3-V LVTTL  ; 16mA             ; Off                               ; --                        ; no                         ; no                          ; 0                   ; Off                         ; Fitter               ; -                    ; -                   ;
; BG_RGB[5] ; AA16  ; 4A       ; 56           ; 0            ; 0            ; no              ; no                     ; 1         ; no              ; no         ; no            ; no       ; Off          ; 3.3-V LVTTL  ; 16mA             ; Off                               ; --                        ; no                         ; no                          ; 0                   ; Off                         ; Fitter               ; -                    ; -                   ;
; BG_RGB[6] ; AF28  ; 5A       ; 89           ; 13           ; 54           ; no              ; no                     ; 1         ; no              ; no         ; no            ; no       ; Off          ; 3.3-V LVTTL  ; 16mA             ; Off                               ; --                        ; no                         ; no                          ; 0                   ; Off                         ; Fitter               ; -                    ; -                   ;
; BG_RGB[7] ; AJ14  ; 3B       ; 40           ; 0            ; 34           ; no              ; no                     ; 1         ; no              ; no         ; no            ; no       ; Off          ; 3.3-V LVTTL  ; 16mA             ; Off                               ; --                        ; no                         ; no                          ; 0                   ; Off                         ; Fitter               ; -                    ; -                   ;
; HEX0[0]   ; W17   ; 4A       ; 60           ; 0            ; 17           ; no              ; no                     ; 1         ; no              ; no         ; no            ; no       ; Off          ; 3.3-V LVTTL  ; 16mA             ; Off                               ; --                        ; no                         ; no                          ; 0                   ; Off                         ; User                 ; -                    ; -                   ;
; HEX0[1]   ; V18   ; 4A       ; 80           ; 0            ; 0            ; no              ; no                     ; 1         ; no              ; no         ; no            ; no       ; Off          ; 3.3-V LVTTL  ; 16mA             ; Off                               ; --                        ; no                         ; no                          ; 0                   ; Off                         ; User                 ; -                    ; -                   ;
; HEX0[2]   ; AG17  ; 4A       ; 50           ; 0            ; 91           ; no              ; no                     ; 1         ; no              ; no         ; no            ; no       ; Off          ; 3.3-V LVTTL  ; 16mA             ; Off                               ; --                        ; no                         ; no                          ; 0                   ; Off                         ; User                 ; -                    ; -                   ;
; HEX0[3]   ; AG16  ; 4A       ; 50           ; 0            ; 74           ; no              ; no                     ; 1         ; no              ; no         ; no            ; no       ; Off          ; 3.3-V LVTTL  ; 16mA             ; Off                               ; --                        ; no                         ; no                          ; 0                   ; Off                         ; User                 ; -                    ; -                   ;
; HEX0[4]   ; AH17  ; 4A       ; 56           ; 0            ; 34           ; no              ; no                     ; 1         ; no              ; no         ; no            ; no       ; Off          ; 3.3-V LVTTL  ; 16mA             ; Off                               ; --                        ; no                         ; no                          ; 0                   ; Off                         ; User                 ; -                    ; -                   ;
; HEX0[5]   ; AG18  ; 4A       ; 58           ; 0            ; 74           ; no              ; no                     ; 1         ; no              ; no         ; no            ; no       ; Off          ; 3.3-V LVTTL  ; 16mA             ; Off                               ; --                        ; no                         ; no                          ; 0                   ; Off                         ; User                 ; -                    ; -                   ;
; HEX0[6]   ; AH18  ; 4A       ; 56           ; 0            ; 51           ; no              ; no                     ; 1         ; no              ; no         ; no            ; no       ; Off          ; 3.3-V LVTTL  ; 16mA             ; Off                               ; --                        ; no                         ; no                          ; 0                   ; Off                         ; User                 ; -                    ; -                   ;
; HEX1[0]   ; AF16  ; 4A       ; 52           ; 0            ; 51           ; no              ; no                     ; 1         ; no              ; no         ; no            ; no       ; Off          ; 3.3-V LVTTL  ; 16mA             ; Off                               ; --                        ; no                         ; no                          ; 0                   ; Off                         ; User                 ; -                    ; -                   ;
; HEX1[1]   ; V16   ; 4A       ; 52           ; 0            ; 0            ; no              ; no                     ; 1         ; no              ; no         ; no            ; no       ; Off          ; 3.3-V LVTTL  ; 16mA             ; Off                               ; --                        ; no                         ; no                          ; 0                   ; Off                         ; User                 ; -                    ; -                   ;
; HEX1[2]   ; AE16  ; 4A       ; 52           ; 0            ; 34           ; no              ; no                     ; 1         ; no              ; no         ; no            ; no       ; Off          ; 3.3-V LVTTL  ; 16mA             ; Off                               ; --                        ; no                         ; no                          ; 0                   ; Off                         ; User                 ; -                    ; -                   ;
; HEX1[3]   ; AD17  ; 4A       ; 64           ; 0            ; 17           ; no              ; no                     ; 1         ; no              ; no         ; no            ; no       ; Off          ; 3.3-V LVTTL  ; 16mA             ; Off                               ; --                        ; no                         ; no                          ; 0                   ; Off                         ; User                 ; -                    ; -                   ;
; HEX1[4]   ; AE18  ; 4A       ; 66           ; 0            ; 40           ; no              ; no                     ; 1         ; no              ; no         ; no            ; no       ; Off          ; 3.3-V LVTTL  ; 16mA             ; Off                               ; --                        ; no                         ; no                          ; 0                   ; Off                         ; User                 ; -                    ; -                   ;
; HEX1[5]   ; AE17  ; 4A       ; 50           ; 0            ; 40           ; no              ; no                     ; 1         ; no              ; no         ; no            ; no       ; Off          ; 3.3-V LVTTL  ; 16mA             ; Off                               ; --                        ; no                         ; no                          ; 0                   ; Off                         ; User                 ; -                    ; -                   ;
; HEX1[6]   ; V17   ; 4A       ; 60           ; 0            ; 0            ; no              ; no                     ; 1         ; no              ; no         ; no            ; no       ; Off          ; 3.3-V LVTTL  ; 16mA             ; Off                               ; --                        ; no                         ; no                          ; 0                   ; Off                         ; User                 ; -                    ; -                   ;
; HEX2[0]   ; AA21  ; 4A       ; 88           ; 0            ; 1            ; no              ; no                     ; 1         ; no              ; no         ; no            ; no       ; Off          ; 3.3-V LVTTL  ; 16mA             ; Off                               ; --                        ; no                         ; no                          ; 0                   ; Off                         ; User                 ; -                    ; -                   ;
; HEX2[1]   ; AB17  ; 4A       ; 56           ; 0            ; 17           ; no              ; no                     ; 1         ; no              ; no         ; no            ; no       ; Off          ; 3.3-V LVTTL  ; 16mA             ; Off                               ; --                        ; no                         ; no                          ; 0                   ; Off                         ; User                 ; -                    ; -                   ;
; HEX2[2]   ; AA18  ; 4A       ; 68           ; 0            ; 17           ; no              ; no                     ; 1         ; no              ; no         ; no            ; no       ; Off          ; 3.3-V LVTTL  ; 16mA             ; Off                               ; --                        ; no                         ; no                          ; 0                   ; Off                         ; User                 ; -                    ; -                   ;
; HEX2[3]   ; Y17   ; 4A       ; 68           ; 0            ; 0            ; no              ; no                     ; 1         ; no              ; no         ; no            ; no       ; Off          ; 3.3-V LVTTL  ; 16mA             ; Off                               ; --                        ; no                         ; no                          ; 0                   ; Off                         ; User                 ; -                    ; -                   ;
; HEX2[4]   ; Y18   ; 4A       ; 72           ; 0            ; 0            ; no              ; no                     ; 1         ; no              ; no         ; no            ; no       ; Off          ; 3.3-V LVTTL  ; 16mA             ; Off                               ; --                        ; no                         ; no                          ; 0                   ; Off                         ; User                 ; -                    ; -                   ;
; HEX2[5]   ; AF18  ; 4A       ; 50           ; 0            ; 57           ; no              ; no                     ; 1         ; no              ; no         ; no            ; no       ; Off          ; 3.3-V LVTTL  ; 16mA             ; Off                               ; --                        ; no                         ; no                          ; 0                   ; Off                         ; User                 ; -                    ; -                   ;
; HEX2[6]   ; W16   ; 4A       ; 52           ; 0            ; 17           ; no              ; no                     ; 1         ; no              ; no         ; no            ; no       ; Off          ; 3.3-V LVTTL  ; 16mA             ; Off                               ; --                        ; no                         ; no                          ; 0                   ; Off                         ; User                 ; -                    ; -                   ;
; HEX3[0]   ; Y19   ; 4A       ; 84           ; 0            ; 0            ; no              ; no                     ; 1         ; no              ; no         ; no            ; no       ; Off          ; 3.3-V LVTTL  ; 16mA             ; Off                               ; --                        ; no                         ; no                          ; 0                   ; Off                         ; User                 ; -                    ; -                   ;
; HEX3[1]   ; W19   ; 4A       ; 80           ; 0            ; 17           ; no              ; no                     ; 1         ; no              ; no         ; no            ; no       ; Off          ; 3.3-V LVTTL  ; 16mA             ; Off                               ; --                        ; no                         ; no                          ; 0                   ; Off                         ; User                 ; -                    ; -                   ;
; HEX3[2]   ; AD19  ; 4A       ; 76           ; 0            ; 17           ; no              ; no                     ; 1         ; no              ; no         ; no            ; no       ; Off          ; 3.3-V LVTTL  ; 16mA             ; Off                               ; --                        ; no                         ; no                          ; 0                   ; Off                         ; User                 ; -                    ; -                   ;
; HEX3[3]   ; AA20  ; 4A       ; 84           ; 0            ; 17           ; no              ; no                     ; 1         ; no              ; no         ; no            ; no       ; Off          ; 3.3-V LVTTL  ; 16mA             ; Off                               ; --                        ; no                         ; no                          ; 0                   ; Off                         ; User                 ; -                    ; -                   ;
; HEX3[4]   ; AC20  ; 4A       ; 76           ; 0            ; 0            ; no              ; no                     ; 1         ; no              ; no         ; no            ; no       ; Off          ; 3.3-V LVTTL  ; 16mA             ; Off                               ; --                        ; no                         ; no                          ; 0                   ; Off                         ; User                 ; -                    ; -                   ;
; HEX3[5]   ; AA19  ; 4A       ; 72           ; 0            ; 17           ; no              ; no                     ; 1         ; no              ; no         ; no            ; no       ; Off          ; 3.3-V LVTTL  ; 16mA             ; Off                               ; --                        ; no                         ; no                          ; 0                   ; Off                         ; User                 ; -                    ; -                   ;
; HEX3[6]   ; AD20  ; 4A       ; 82           ; 0            ; 40           ; no              ; no                     ; 1         ; no              ; no         ; no            ; no       ; Off          ; 3.3-V LVTTL  ; 16mA             ; Off                               ; --                        ; no                         ; no                          ; 0                   ; Off                         ; User                 ; -                    ; -                   ;
; HEX4[0]   ; AD21  ; 4A       ; 82           ; 0            ; 57           ; no              ; no                     ; 1         ; no              ; no         ; no            ; no       ; Off          ; 3.3-V LVTTL  ; 16mA             ; Off                               ; --                        ; no                         ; no                          ; 0                   ; Off                         ; User                 ; -                    ; -                   ;
; HEX4[1]   ; AG22  ; 4A       ; 66           ; 0            ; 74           ; no              ; no                     ; 1         ; no              ; no         ; no            ; no       ; Off          ; 3.3-V LVTTL  ; 16mA             ; Off                               ; --                        ; no                         ; no                          ; 0                   ; Off                         ; User                 ; -                    ; -                   ;
; HEX4[2]   ; AE22  ; 4A       ; 78           ; 0            ; 0            ; no              ; no                     ; 1         ; no              ; no         ; no            ; no       ; Off          ; 3.3-V LVTTL  ; 16mA             ; Off                               ; --                        ; no                         ; no                          ; 0                   ; Off                         ; User                 ; -                    ; -                   ;
; HEX4[3]   ; AE23  ; 4A       ; 78           ; 0            ; 17           ; no              ; no                     ; 1         ; no              ; no         ; no            ; no       ; Off          ; 3.3-V LVTTL  ; 16mA             ; Off                               ; --                        ; no                         ; no                          ; 0                   ; Off                         ; User                 ; -                    ; -                   ;
; HEX4[4]   ; AG23  ; 4A       ; 64           ; 0            ; 34           ; no              ; no                     ; 1         ; no              ; no         ; no            ; no       ; Off          ; 3.3-V LVTTL  ; 16mA             ; Off                               ; --                        ; no                         ; no                          ; 0                   ; Off                         ; User                 ; -                    ; -                   ;
; HEX4[5]   ; AF23  ; 4A       ; 74           ; 0            ; 40           ; no              ; no                     ; 1         ; no              ; no         ; no            ; no       ; Off          ; 3.3-V LVTTL  ; 16mA             ; Off                               ; --                        ; no                         ; no                          ; 0                   ; Off                         ; User                 ; -                    ; -                   ;
; HEX4[6]   ; AH22  ; 4A       ; 66           ; 0            ; 91           ; no              ; no                     ; 1         ; no              ; no         ; no            ; no       ; Off          ; 3.3-V LVTTL  ; 16mA             ; Off                               ; --                        ; no                         ; no                          ; 0                   ; Off                         ; User                 ; -                    ; -                   ;
; HEX5[0]   ; AF21  ; 4A       ; 70           ; 0            ; 17           ; no              ; no                     ; 1         ; no              ; no         ; no            ; no       ; Off          ; 3.3-V LVTTL  ; 16mA             ; Off                               ; --                        ; no                         ; no                          ; 0                   ; Off                         ; User                 ; -                    ; -                   ;
; HEX5[1]   ; AG21  ; 4A       ; 54           ; 0            ; 0            ; no              ; no                     ; 1         ; no              ; no         ; no            ; no       ; Off          ; 3.3-V LVTTL  ; 16mA             ; Off                               ; --                        ; no                         ; no                          ; 0                   ; Off                         ; User                 ; -                    ; -                   ;
; HEX5[2]   ; AF20  ; 4A       ; 70           ; 0            ; 0            ; no              ; no                     ; 1         ; no              ; no         ; no            ; no       ; Off          ; 3.3-V LVTTL  ; 16mA             ; Off                               ; --                        ; no                         ; no                          ; 0                   ; Off                         ; User                 ; -                    ; -                   ;
; HEX5[3]   ; AG20  ; 4A       ; 62           ; 0            ; 17           ; no              ; no                     ; 1         ; no              ; no         ; no            ; no       ; Off          ; 3.3-V LVTTL  ; 16mA             ; Off                               ; --                        ; no                         ; no                          ; 0                   ; Off                         ; User                 ; -                    ; -                   ;
; HEX5[4]   ; AE19  ; 4A       ; 66           ; 0            ; 57           ; no              ; no                     ; 1         ; no              ; no         ; no            ; no       ; Off          ; 3.3-V LVTTL  ; 16mA             ; Off                               ; --                        ; no                         ; no                          ; 0                   ; Off                         ; User                 ; -                    ; -                   ;
; HEX5[5]   ; AF19  ; 4A       ; 62           ; 0            ; 0            ; no              ; no                     ; 1         ; no              ; no         ; no            ; no       ; Off          ; 3.3-V LVTTL  ; 16mA             ; Off                               ; --                        ; no                         ; no                          ; 0                   ; Off                         ; User                 ; -                    ; -                   ;
; HEX5[6]   ; AB21  ; 4A       ; 88           ; 0            ; 18           ; no              ; no                     ; 1         ; no              ; no         ; no            ; no       ; Off          ; 3.3-V LVTTL  ; 16mA             ; Off                               ; --                        ; no                         ; no                          ; 0                   ; Off                         ; User                 ; -                    ; -                   ;
; OVGA[0]   ; AK29  ; 4A       ; 82           ; 0            ; 91           ; no              ; no                     ; 1         ; no              ; no         ; no            ; no       ; Off          ; 3.3-V LVTTL  ; 16mA             ; Off                               ; --                        ; no                         ; no                          ; 0                   ; Off                         ; User                 ; -                    ; -                   ;
; OVGA[10]  ; AH25  ; 4A       ; 78           ; 0            ; 51           ; no              ; no                     ; 1         ; no              ; no         ; no            ; no       ; Off          ; 3.3-V LVTTL  ; 16mA             ; Off                               ; --                        ; no                         ; no                          ; 0                   ; Off                         ; User                 ; -                    ; -                   ;
; OVGA[11]  ; AK24  ; 4A       ; 72           ; 0            ; 51           ; no              ; no                     ; 1         ; no              ; no         ; no            ; no       ; Off          ; 3.3-V LVTTL  ; 16mA             ; Off                               ; --                        ; no                         ; no                          ; 0                   ; Off                         ; User                 ; -                    ; -                   ;
; OVGA[12]  ; AJ24  ; 4A       ; 74           ; 0            ; 74           ; no              ; no                     ; 1         ; no              ; no         ; no            ; no       ; Off          ; 3.3-V LVTTL  ; 16mA             ; Off                               ; --                        ; no                         ; no                          ; 0                   ; Off                         ; User                 ; -                    ; -                   ;
; OVGA[13]  ; AH24  ; 4A       ; 64           ; 0            ; 51           ; no              ; no                     ; 1         ; no              ; no         ; no            ; no       ; Off          ; 3.3-V LVTTL  ; 16mA             ; Off                               ; --                        ; no                         ; no                          ; 0                   ; Off                         ; User                 ; -                    ; -                   ;
; OVGA[14]  ; AK23  ; 4A       ; 72           ; 0            ; 34           ; no              ; no                     ; 1         ; no              ; no         ; no            ; no       ; Off          ; 3.3-V LVTTL  ; 16mA             ; Off                               ; --                        ; no                         ; no                          ; 0                   ; Off                         ; User                 ; -                    ; -                   ;
; OVGA[15]  ; AH23  ; 4A       ; 70           ; 0            ; 34           ; no              ; no                     ; 1         ; no              ; no         ; no            ; no       ; Off          ; 3.3-V LVTTL  ; 16mA             ; Off                               ; --                        ; no                         ; no                          ; 0                   ; Off                         ; User                 ; -                    ; -                   ;
; OVGA[16]  ; AJ21  ; 4A       ; 62           ; 0            ; 51           ; no              ; no                     ; 1         ; no              ; no         ; no            ; no       ; Off          ; 3.3-V LVTTL  ; 16mA             ; Off                               ; --                        ; no                         ; no                          ; 0                   ; Off                         ; User                 ; -                    ; -                   ;
; OVGA[17]  ; AJ20  ; 4A       ; 62           ; 0            ; 34           ; no              ; no                     ; 1         ; no              ; no         ; no            ; no       ; Off          ; 3.3-V LVTTL  ; 16mA             ; Off                               ; --                        ; no                         ; no                          ; 0                   ; Off                         ; User                 ; -                    ; -                   ;
; OVGA[18]  ; AH20  ; 4A       ; 54           ; 0            ; 17           ; no              ; no                     ; 1         ; no              ; no         ; no            ; no       ; Off          ; 3.3-V LVTTL  ; 16mA             ; Off                               ; --                        ; no                         ; no                          ; 0                   ; Off                         ; User                 ; -                    ; -                   ;
; OVGA[19]  ; AJ19  ; 4A       ; 60           ; 0            ; 34           ; no              ; no                     ; 1         ; no              ; no         ; no            ; no       ; Off          ; 3.3-V LVTTL  ; 16mA             ; Off                               ; --                        ; no                         ; no                          ; 0                   ; Off                         ; User                 ; -                    ; -                   ;
; OVGA[1]   ; AK28  ; 4A       ; 82           ; 0            ; 74           ; no              ; no                     ; 1         ; no              ; no         ; no            ; no       ; Off          ; 3.3-V LVTTL  ; 16mA             ; Off                               ; --                        ; no                         ; no                          ; 0                   ; Off                         ; User                 ; -                    ; -                   ;
; OVGA[20]  ; AH19  ; 4A       ; 58           ; 0            ; 91           ; no              ; no                     ; 1         ; no              ; no         ; no            ; no       ; Off          ; 3.3-V LVTTL  ; 16mA             ; Off                               ; --                        ; no                         ; no                          ; 0                   ; Off                         ; User                 ; -                    ; -                   ;
; OVGA[21]  ; AJ17  ; 4A       ; 58           ; 0            ; 40           ; no              ; no                     ; 1         ; no              ; no         ; no            ; no       ; Off          ; 3.3-V LVTTL  ; 16mA             ; Off                               ; --                        ; no                         ; no                          ; 0                   ; Off                         ; User                 ; -                    ; -                   ;
; OVGA[22]  ; AJ16  ; 4A       ; 54           ; 0            ; 34           ; no              ; no                     ; 1         ; no              ; no         ; no            ; no       ; Off          ; 3.3-V LVTTL  ; 16mA             ; Off                               ; --                        ; no                         ; no                          ; 0                   ; Off                         ; User                 ; -                    ; -                   ;
; OVGA[23]  ; AK16  ; 4A       ; 54           ; 0            ; 51           ; no              ; no                     ; 1         ; no              ; no         ; no            ; no       ; Off          ; 3.3-V LVTTL  ; 16mA             ; Off                               ; --                        ; no                         ; no                          ; 0                   ; Off                         ; User                 ; -                    ; -                   ;
; OVGA[24]  ; AK19  ; 4A       ; 60           ; 0            ; 51           ; no              ; no                     ; 1         ; no              ; no         ; no            ; no       ; Off          ; 3.3-V LVTTL  ; 16mA             ; Off                               ; --                        ; no                         ; no                          ; 0                   ; Off                         ; User                 ; -                    ; -                   ;
; OVGA[25]  ; AK18  ; 4A       ; 58           ; 0            ; 57           ; no              ; no                     ; 1         ; no              ; no         ; no            ; no       ; Off          ; 3.3-V LVTTL  ; 16mA             ; Off                               ; --                        ; no                         ; no                          ; 0                   ; Off                         ; User                 ; -                    ; -                   ;
; OVGA[26]  ; AJ22  ; 4A       ; 70           ; 0            ; 51           ; no              ; no                     ; 1         ; no              ; no         ; no            ; no       ; Off          ; 3.3-V LVTTL  ; 16mA             ; Off                               ; --                        ; no                         ; no                          ; 0                   ; Off                         ; User                 ; -                    ; -                   ;
; OVGA[27]  ; AK22  ; 4A       ; 68           ; 0            ; 51           ; no              ; no                     ; 1         ; no              ; no         ; no            ; no       ; Off          ; 3.3-V LVTTL  ; 16mA             ; Off                               ; --                        ; no                         ; no                          ; 0                   ; Off                         ; User                 ; -                    ; -                   ;
; OVGA[28]  ; AK21  ; 4A       ; 68           ; 0            ; 34           ; no              ; no                     ; 1         ; no              ; no         ; no            ; no       ; Off          ; 3.3-V LVTTL  ; 16mA             ; Off                               ; --                        ; no                         ; no                          ; 0                   ; Off                         ; User                 ; -                    ; -                   ;
; OVGA[2]   ; AK27  ; 4A       ; 80           ; 0            ; 51           ; no              ; no                     ; 1         ; no              ; no         ; no            ; no       ; Off          ; 3.3-V LVTTL  ; 16mA             ; Off                               ; --                        ; no                         ; no                          ; 0                   ; Off                         ; User                 ; -                    ; -                   ;
; OVGA[3]   ; AJ27  ; 4A       ; 80           ; 0            ; 34           ; no              ; no                     ; 1         ; no              ; no         ; no            ; no       ; Off          ; 3.3-V LVTTL  ; 16mA             ; Off                               ; --                        ; no                         ; no                          ; 0                   ; Off                         ; User                 ; -                    ; -                   ;
; OVGA[4]   ; AH27  ; 4A       ; 84           ; 0            ; 51           ; no              ; no                     ; 1         ; no              ; no         ; no            ; no       ; Off          ; 3.3-V LVTTL  ; 16mA             ; Off                               ; --                        ; no                         ; no                          ; 0                   ; Off                         ; User                 ; -                    ; -                   ;
; OVGA[5]   ; AF26  ; 4A       ; 86           ; 0            ; 51           ; no              ; no                     ; 1         ; no              ; no         ; no            ; no       ; Off          ; 3.3-V LVTTL  ; 16mA             ; Off                               ; --                        ; no                         ; no                          ; 0                   ; Off                         ; User                 ; -                    ; -                   ;
; OVGA[6]   ; AG26  ; 4A       ; 84           ; 0            ; 34           ; no              ; no                     ; 1         ; no              ; no         ; no            ; no       ; Off          ; 3.3-V LVTTL  ; 16mA             ; Off                               ; --                        ; no                         ; no                          ; 0                   ; Off                         ; User                 ; -                    ; -                   ;
; OVGA[7]   ; AJ26  ; 4A       ; 76           ; 0            ; 34           ; no              ; no                     ; 1         ; no              ; no         ; no            ; no       ; Off          ; 3.3-V LVTTL  ; 16mA             ; Off                               ; --                        ; no                         ; no                          ; 0                   ; Off                         ; User                 ; -                    ; -                   ;
; OVGA[8]   ; AK26  ; 4A       ; 76           ; 0            ; 51           ; no              ; no                     ; 1         ; no              ; no         ; no            ; no       ; Off          ; 3.3-V LVTTL  ; 16mA             ; Off                               ; --                        ; no                         ; no                          ; 0                   ; Off                         ; User                 ; -                    ; -                   ;
; OVGA[9]   ; AJ25  ; 4A       ; 74           ; 0            ; 91           ; no              ; no                     ; 1         ; no              ; no         ; no            ; no       ; Off          ; 3.3-V LVTTL  ; 16mA             ; Off                               ; --                        ; no                         ; no                          ; 0                   ; Off                         ; User                 ; -                    ; -                   ;
; borderDR  ; G15   ; 8A       ; 40           ; 81           ; 17           ; no              ; no                     ; 1         ; no              ; no         ; no            ; no       ; Off          ; 2.5 V        ; Default          ; Series 50 Ohm without Calibration ; --                        ; no                         ; no                          ; 0                   ; Off                         ; Fitter               ; -                    ; -                   ;
+-----------+-------+----------+--------------+--------------+--------------+-----------------+------------------------+-----------+-----------------+------------+---------------+----------+--------------+--------------+------------------+-----------------------------------+---------------------------+----------------------------+-----------------------------+---------------------+-----------------------------+----------------------+----------------------+---------------------+


+----------------------------------------------------------------------------+
; I/O Bank Usage                                                             ;
+----------+------------------+---------------+--------------+---------------+
; I/O Bank ; Usage            ; VCCIO Voltage ; VREF Voltage ; VCCPD Voltage ;
+----------+------------------+---------------+--------------+---------------+
; B2L      ; 0 / 14 ( 0 % )   ; --            ; --           ; --            ;
; B1L      ; 0 / 14 ( 0 % )   ; --            ; --           ; --            ;
; B0L      ; 0 / 14 ( 0 % )   ; --            ; --           ; --            ;
; 3A       ; 0 / 32 ( 0 % )   ; 2.5V          ; --           ; 2.5V          ;
; 3B       ; 6 / 48 ( 13 % )  ; 3.3V          ; --           ; 3.3V          ;
; 4A       ; 74 / 80 ( 93 % ) ; 3.3V          ; --           ; 3.3V          ;
; 5A       ; 10 / 32 ( 31 % ) ; 3.3V          ; --           ; 3.3V          ;
; 5B       ; 0 / 16 ( 0 % )   ; 2.5V          ; --           ; 2.5V          ;
; 6B       ; 0 / 44 ( 0 % )   ; 2.5V          ; --           ; 2.5V          ;
; 6A       ; 0 / 56 ( 0 % )   ; 2.5V          ; --           ; 2.5V          ;
; 7A       ; 0 / 19 ( 0 % )   ; 2.5V          ; --           ; 2.5V          ;
; 7B       ; 0 / 22 ( 0 % )   ; 2.5V          ; --           ; 2.5V          ;
; 7C       ; 0 / 12 ( 0 % )   ; 2.5V          ; --           ; 2.5V          ;
; 7D       ; 0 / 14 ( 0 % )   ; 2.5V          ; --           ; 2.5V          ;
; 8A       ; 1 / 80 ( 1 % )   ; 2.5V          ; --           ; 2.5V          ;
+----------+------------------+---------------+--------------+---------------+


+-----------------------------------------------------------------------------------------------------------------------------------------------------------------------------------+
; All Package Pins                                                                                                                                                                  ;
+----------+------------+----------------+---------------------------------+--------+--------------+---------------------+--------------+-----------------+----------+--------------+
; Location ; Pad Number ; I/O Bank       ; Pin Name/Usage                  ; Dir.   ; I/O Standard ; Voltage             ; I/O Type     ; User Assignment ; Bus Hold ; Weak Pull Up ;
+----------+------------+----------------+---------------------------------+--------+--------------+---------------------+--------------+-----------------+----------+--------------+
; A2       ;            ;                ; GND                             ; gnd    ;              ;                     ; --           ;                 ; --       ; --           ;
; A3       ; 493        ; 8A             ; RESERVED_INPUT_WITH_WEAK_PULLUP ;        ;              ;                     ; Column I/O   ;                 ; no       ; On           ;
; A4       ; 491        ; 8A             ; RESERVED_INPUT_WITH_WEAK_PULLUP ;        ;              ;                     ; Column I/O   ;                 ; no       ; On           ;
; A5       ; 489        ; 8A             ; RESERVED_INPUT_WITH_WEAK_PULLUP ;        ;              ;                     ; Column I/O   ;                 ; no       ; On           ;
; A6       ; 487        ; 8A             ; RESERVED_INPUT_WITH_WEAK_PULLUP ;        ;              ;                     ; Column I/O   ;                 ; no       ; On           ;
; A7       ;            ; 8A             ; VCCIO8A                         ; power  ;              ; 2.5V                ; --           ;                 ; --       ; --           ;
; A8       ; 473        ; 8A             ; RESERVED_INPUT_WITH_WEAK_PULLUP ;        ;              ;                     ; Column I/O   ;                 ; no       ; On           ;
; A9       ; 471        ; 8A             ; RESERVED_INPUT_WITH_WEAK_PULLUP ;        ;              ;                     ; Column I/O   ;                 ; no       ; On           ;
; A10      ; 465        ; 8A             ; RESERVED_INPUT_WITH_WEAK_PULLUP ;        ;              ;                     ; Column I/O   ;                 ; no       ; On           ;
; A11      ; 463        ; 8A             ; RESERVED_INPUT_WITH_WEAK_PULLUP ;        ;              ;                     ; Column I/O   ;                 ; no       ; On           ;
; A12      ;            ;                ; GND                             ; gnd    ;              ;                     ; --           ;                 ; --       ; --           ;
; A13      ; 461        ; 8A             ; RESERVED_INPUT_WITH_WEAK_PULLUP ;        ;              ;                     ; Column I/O   ;                 ; no       ; On           ;
; A14      ; 455        ; 7D             ; RESERVED_INPUT_WITH_WEAK_PULLUP ;        ;              ;                     ; Column I/O   ;                 ; no       ; On           ;
; A15      ; 447        ; 7D             ; RESERVED_INPUT_WITH_WEAK_PULLUP ;        ;              ;                     ; Column I/O   ;                 ; no       ; On           ;
; A16      ; 439        ; 7C             ; RESERVED_INPUT_WITH_WEAK_PULLUP ;        ;              ;                     ; Column I/O   ;                 ; no       ; On           ;
; A17      ;            ;                ; GND                             ; gnd    ;              ;                     ; --           ;                 ; --       ; --           ;
; A18      ; 425        ; 7B             ; RESERVED_INPUT_WITH_WEAK_PULLUP ;        ;              ;                     ; Column I/O   ;                 ; no       ; On           ;
; A19      ; 423        ; 7B             ; RESERVED_INPUT_WITH_WEAK_PULLUP ;        ;              ;                     ; Column I/O   ;                 ; no       ; On           ;
; A20      ; 415        ; 7B             ; RESERVED_INPUT_WITH_WEAK_PULLUP ;        ;              ;                     ; Column I/O   ;                 ; no       ; On           ;
; A21      ; 411        ; 7B             ; RESERVED_INPUT_WITH_WEAK_PULLUP ;        ;              ;                     ; Column I/O   ;                 ; no       ; On           ;
; A22      ;            ;                ; GND                             ; gnd    ;              ;                     ; --           ;                 ; --       ; --           ;
; A23      ; 395        ; 7A             ; RESERVED_INPUT_WITH_WEAK_PULLUP ;        ;              ;                     ; Column I/O   ;                 ; no       ; On           ;
; A24      ; 391        ; 7A             ; RESERVED_INPUT_WITH_WEAK_PULLUP ;        ;              ;                     ; Column I/O   ;                 ; no       ; On           ;
; A25      ; 389        ; 7A             ; RESERVED_INPUT_WITH_WEAK_PULLUP ;        ;              ;                     ; Column I/O   ;                 ; no       ; On           ;
; A26      ; 382        ; 7A             ; ^GND                            ;        ;              ;                     ; --           ;                 ; --       ; --           ;
; A27      ;            ;                ; GND                             ; gnd    ;              ;                     ; --           ;                 ; --       ; --           ;
; A28      ; 380        ; 7A             ; ^HPS_TRST                       ;        ;              ;                     ; --           ;                 ; --       ; --           ;
; A29      ; 378        ; 7A             ; ^HPS_TMS                        ;        ;              ;                     ; --           ;                 ; --       ; --           ;
; AA1      ; 31         ; B0L            ; GND                             ;        ;              ;                     ; --           ;                 ; --       ; --           ;
; AA2      ; 30         ; B0L            ; GND                             ;        ;              ;                     ; --           ;                 ; --       ; --           ;
; AA3      ;            ;                ; GND                             ; gnd    ;              ;                     ; --           ;                 ; --       ; --           ;
; AA4      ;            ;                ; GND                             ; gnd    ;              ;                     ; --           ;                 ; --       ; --           ;
; AA5      ;            ; --             ; VCCE_GXBL                       ; power  ;              ; 1.1V                ; --           ;                 ; --       ; --           ;
; AA6      ;            ;                ; GND                             ; gnd    ;              ;                     ; --           ;                 ; --       ; --           ;
; AA7      ;            ;                ; DNU                             ;        ;              ;                     ; --           ;                 ; --       ; --           ;
; AA8      ;            ; --             ; VCCA_FPLL                       ; power  ;              ; 2.5V                ; --           ;                 ; --       ; --           ;
; AA9      ;            ;                ; GND                             ; gnd    ;              ;                     ; --           ;                 ; --       ; --           ;
; AA10     ;            ; 3A             ; VCCPD3A                         ; power  ;              ; 2.5V                ; --           ;                 ; --       ; --           ;
; AA11     ;            ;                ; GND                             ; gnd    ;              ;                     ; --           ;                 ; --       ; --           ;
; AA12     ; 74         ; 3A             ; RESERVED_INPUT_WITH_WEAK_PULLUP ;        ;              ;                     ; Column I/O   ;                 ; no       ; On           ;
; AA13     ; 90         ; 3B             ; RESERVED_INPUT_WITH_WEAK_PULLUP ;        ;              ;                     ; Column I/O   ;                 ; no       ; On           ;
; AA14     ; 122        ; 3B             ; RESERVED_INPUT_WITH_WEAK_PULLUP ;        ;              ;                     ; Column I/O   ;                 ; no       ; On           ;
; AA15     ; 120        ; 3B             ; KEY[3]                          ; input  ; 3.3-V LVTTL  ;                     ; Column I/O   ; Y               ; no       ; Off          ;
; AA16     ; 146        ; 4A             ; BG_RGB[5]                       ; output ; 3.3-V LVTTL  ;                     ; Column I/O   ; N               ; no       ; Off          ;
; AA17     ;            ; 4A             ; VCCIO4A                         ; power  ;              ; 3.3V                ; --           ;                 ; --       ; --           ;
; AA18     ; 168        ; 4A             ; HEX2[2]                         ; output ; 3.3-V LVTTL  ;                     ; Column I/O   ; Y               ; no       ; Off          ;
; AA19     ; 176        ; 4A             ; HEX3[5]                         ; output ; 3.3-V LVTTL  ;                     ; Column I/O   ; Y               ; no       ; Off          ;
; AA20     ; 200        ; 4A             ; HEX3[3]                         ; output ; 3.3-V LVTTL  ;                     ; Column I/O   ; Y               ; no       ; Off          ;
; AA21     ; 210        ; 4A             ; HEX2[0]                         ; output ; 3.3-V LVTTL  ;                     ; Column I/O   ; Y               ; no       ; Off          ;
; AA22     ;            ;                ; GND                             ; gnd    ;              ;                     ; --           ;                 ; --       ; --           ;
; AA23     ;            ; --             ; VCCPGM                          ; power  ;              ; 1.8V/2.5V/3.0V/3.3V ; --           ;                 ; --       ; --           ;
; AA24     ; 228        ; 5A             ; RESERVED_INPUT_WITH_WEAK_PULLUP ;        ;              ;                     ; Row I/O      ;                 ; no       ; On           ;
; AA25     ; 224        ; 5A             ; PS2_DAT                         ; input  ; 3.3-V LVTTL  ;                     ; Row I/O      ; Y               ; no       ; Off          ;
; AA26     ; 252        ; 5B             ; RESERVED_INPUT_WITH_WEAK_PULLUP ;        ;              ;                     ; Row I/O      ;                 ; no       ; On           ;
; AA27     ;            ; 5B             ; VCCIO5B                         ; power  ;              ; 2.5V                ; --           ;                 ; --       ; --           ;
; AA28     ; 251        ; 5B             ; RESERVED_INPUT_WITH_WEAK_PULLUP ;        ;              ;                     ; Row I/O      ;                 ; no       ; On           ;
; AA29     ;            ; 5B             ; VREFB5BN0                       ; power  ;              ;                     ; --           ;                 ; --       ; --           ;
; AA30     ; 250        ; 5B             ; RESERVED_INPUT_WITH_WEAK_PULLUP ;        ;              ;                     ; Row I/O      ;                 ; no       ; On           ;
; AB1      ;            ;                ; GND                             ; gnd    ;              ;                     ; --           ;                 ; --       ; --           ;
; AB2      ;            ;                ; GND                             ; gnd    ;              ;                     ; --           ;                 ; --       ; --           ;
; AB3      ; 32         ; B0L            ; GXB_NC                          ;        ;              ;                     ; --           ;                 ; --       ; --           ;
; AB4      ; 33         ; B0L            ; GXB_NC                          ;        ;              ;                     ; --           ;                 ; --       ; --           ;
; AB5      ;            ;                ; GND                             ; gnd    ;              ;                     ; --           ;                 ; --       ; --           ;
; AB6      ;            ; --             ; VCCH_GXBL                       ; power  ;              ; 2.5V                ; --           ;                 ; --       ; --           ;
; AB7      ;            ;                ; GND                             ; gnd    ;              ;                     ; --           ;                 ; --       ; --           ;
; AB8      ; 43         ; 3A             ; ^nCSO, DATA4                    ;        ;              ;                     ; Weak Pull Up ;                 ; --       ; On           ;
; AB9      ; 42         ; 3A             ; altera_reserved_tdo             ; output ; 2.5 V        ;                     ; --           ; N               ; no       ; Off          ;
; AB10     ;            ; --             ; VCCPGM                          ; power  ;              ; 1.8V/2.5V/3.0V/3.3V ; --           ;                 ; --       ; --           ;
; AB11     ;            ; --             ; VCC_AUX                         ; power  ;              ; 2.5V                ; --           ;                 ; --       ; --           ;
; AB12     ; 72         ; 3A             ; RESERVED_INPUT_WITH_WEAK_PULLUP ;        ;              ;                     ; Column I/O   ;                 ; no       ; On           ;
; AB13     ; 88         ; 3B             ; RESERVED_INPUT_WITH_WEAK_PULLUP ;        ;              ;                     ; Column I/O   ;                 ; no       ; On           ;
; AB14     ;            ; 3B             ; VCCIO3B                         ; power  ;              ; 3.3V                ; --           ;                 ; --       ; --           ;
; AB15     ; 106        ; 3B             ; RESERVED_INPUT_WITH_WEAK_PULLUP ;        ;              ;                     ; Column I/O   ;                 ; no       ; On           ;
; AB16     ;            ; --             ; VCC_AUX                         ; power  ;              ; 2.5V                ; --           ;                 ; --       ; --           ;
; AB17     ; 144        ; 4A             ; HEX2[1]                         ; output ; 3.3-V LVTTL  ;                     ; Column I/O   ; Y               ; no       ; Off          ;
; AB18     ;            ; 3B, 4A         ; VCCPD3B4A                       ; power  ;              ; 3.3V                ; --           ;                 ; --       ; --           ;
; AB19     ;            ;                ; GND                             ; gnd    ;              ;                     ; --           ;                 ; --       ; --           ;
; AB20     ;            ; 3B, 4A         ; VCCPD3B4A                       ; power  ;              ; 3.3V                ; --           ;                 ; --       ; --           ;
; AB21     ; 208        ; 4A             ; HEX5[6]                         ; output ; 3.3-V LVTTL  ;                     ; Column I/O   ; Y               ; no       ; Off          ;
; AB22     ; 225        ; 5A             ; RESERVED_INPUT_WITH_WEAK_PULLUP ;        ;              ;                     ; Row I/O      ;                 ; no       ; On           ;
; AB23     ; 227        ; 5A             ; RESERVED_INPUT_WITH_WEAK_PULLUP ;        ;              ;                     ; Row I/O      ;                 ; no       ; On           ;
; AB24     ;            ; 5A             ; VCCIO5A                         ; power  ;              ; 3.3V                ; --           ;                 ; --       ; --           ;
; AB25     ; 230        ; 5A             ; PS2_CLK                         ; input  ; 3.3-V LVTTL  ;                     ; Row I/O      ; Y               ; no       ; Off          ;
; AB26     ; 226        ; 5A             ; RESERVED_INPUT_WITH_WEAK_PULLUP ;        ;              ;                     ; Row I/O      ;                 ; no       ; On           ;
; AB27     ; 254        ; 5B             ; RESERVED_INPUT_WITH_WEAK_PULLUP ;        ;              ;                     ; Row I/O      ;                 ; no       ; On           ;
; AB28     ; 249        ; 5B             ; RESERVED_INPUT_WITH_WEAK_PULLUP ;        ;              ;                     ; Row I/O      ;                 ; no       ; On           ;
; AB29     ;            ;                ; GND                             ; gnd    ;              ;                     ; --           ;                 ; --       ; --           ;
; AB30     ; 248        ; 5B             ; RESERVED_INPUT_WITH_WEAK_PULLUP ;        ;              ;                     ; Row I/O      ;                 ; no       ; On           ;
; AC1      ; 35         ; B0L            ; GND                             ;        ;              ;                     ; --           ;                 ; --       ; --           ;
; AC2      ; 34         ; B0L            ; GND                             ;        ;              ;                     ; --           ;                 ; --       ; --           ;
; AC3      ;            ;                ; GND                             ; gnd    ;              ;                     ; --           ;                 ; --       ; --           ;
; AC4      ;            ;                ; GND                             ; gnd    ;              ;                     ; --           ;                 ; --       ; --           ;
; AC5      ; 46         ; 3A             ; altera_reserved_tck             ; input  ; 2.5 V        ;                     ; --           ; N               ; no       ; Off          ;
; AC6      ;            ;                ; GND                             ; gnd    ;              ;                     ; --           ;                 ; --       ; --           ;
; AC7      ; 45         ; 3A             ; ^AS_DATA3, DATA3                ;        ;              ;                     ; Weak Pull Up ;                 ; --       ; On           ;
; AC8      ;            ;                ; GND                             ; gnd    ;              ;                     ; --           ;                 ; --       ; --           ;
; AC9      ; 58         ; 3A             ; RESERVED_INPUT_WITH_WEAK_PULLUP ;        ;              ;                     ; Column I/O   ;                 ; no       ; On           ;
; AC10     ;            ; 3A             ; VCCPD3A                         ; power  ;              ; 2.5V                ; --           ;                 ; --       ; --           ;
; AC11     ;            ; 3A             ; VCCIO3A                         ; power  ;              ; 2.5V                ; --           ;                 ; --       ; --           ;
; AC12     ; 82         ; 3A             ; RESERVED_INPUT_WITH_WEAK_PULLUP ;        ;              ;                     ; Column I/O   ;                 ; no       ; On           ;
; AC13     ;            ; 3B, 4A         ; VCCPD3B4A                       ; power  ;              ; 3.3V                ; --           ;                 ; --       ; --           ;
; AC14     ; 104        ; 3B             ; RESERVED_INPUT_WITH_WEAK_PULLUP ;        ;              ;                     ; Column I/O   ;                 ; no       ; On           ;
; AC15     ;            ; 3B, 4A         ; VCCPD3B4A                       ; power  ;              ; 3.3V                ; --           ;                 ; --       ; --           ;
; AC16     ;            ;                ; GND                             ; gnd    ;              ;                     ; --           ;                 ; --       ; --           ;
; AC17     ;            ; 3B, 4A         ; VCCPD3B4A                       ; power  ;              ; 3.3V                ; --           ;                 ; --       ; --           ;
; AC18     ; 162        ; 4A             ; BG_RGB[0]                       ; output ; 3.3-V LVTTL  ;                     ; Column I/O   ; N               ; no       ; Off          ;
; AC19     ;            ; 3B, 4A         ; VCCPD3B4A                       ; power  ;              ; 3.3V                ; --           ;                 ; --       ; --           ;
; AC20     ; 186        ; 4A             ; HEX3[4]                         ; output ; 3.3-V LVTTL  ;                     ; Column I/O   ; Y               ; no       ; Off          ;
; AC21     ;            ; 4A             ; VCCIO4A                         ; power  ;              ; 3.3V                ; --           ;                 ; --       ; --           ;
; AC22     ; 207        ; 4A             ; RESERVED_INPUT_WITH_WEAK_PULLUP ;        ;              ;                     ; Column I/O   ;                 ; no       ; On           ;
; AC23     ; 205        ; 4A             ; RESERVED_INPUT_WITH_WEAK_PULLUP ;        ;              ;                     ; Column I/O   ;                 ; no       ; On           ;
; AC24     ;            ; 5A             ; VREFB5AN0                       ; power  ;              ;                     ; --           ;                 ; --       ; --           ;
; AC25     ; 215        ; 5A             ; RESERVED_INPUT_WITH_WEAK_PULLUP ;        ;              ;                     ; Row I/O      ;                 ; no       ; On           ;
; AC26     ;            ;                ; GND                             ; gnd    ;              ;                     ; --           ;                 ; --       ; --           ;
; AC27     ; 242        ; 5A             ; RESERVED_INPUT_WITH_WEAK_PULLUP ;        ;              ;                     ; Row I/O      ;                 ; no       ; On           ;
; AC28     ; 245        ; 5B             ; RESERVED_INPUT_WITH_WEAK_PULLUP ;        ;              ;                     ; Row I/O      ;                 ; no       ; On           ;
; AC29     ; 247        ; 5B             ; RESERVED_INPUT_WITH_WEAK_PULLUP ;        ;              ;                     ; Row I/O      ;                 ; no       ; On           ;
; AC30     ; 259        ; 5B             ; RESERVED_INPUT_WITH_WEAK_PULLUP ;        ;              ;                     ; Row I/O      ;                 ; no       ; On           ;
; AD1      ;            ;                ; GND                             ; gnd    ;              ;                     ; --           ;                 ; --       ; --           ;
; AD2      ;            ;                ; GND                             ; gnd    ;              ;                     ; --           ;                 ; --       ; --           ;
; AD3      ; 36         ; B0L            ; GXB_NC                          ;        ;              ;                     ; --           ;                 ; --       ; --           ;
; AD4      ; 37         ; B0L            ; GXB_NC                          ;        ;              ;                     ; --           ;                 ; --       ; --           ;
; AD5      ;            ;                ; GND                             ; gnd    ;              ;                     ; --           ;                 ; --       ; --           ;
; AD6      ;            ; 3A             ; VREFB3AN0                       ; power  ;              ;                     ; --           ;                 ; --       ; --           ;
; AD7      ; 62         ; 3A             ; RESERVED_INPUT_WITH_WEAK_PULLUP ;        ;              ;                     ; Column I/O   ;                 ; no       ; On           ;
; AD8      ;            ; 3A             ; VCCIO3A                         ; power  ;              ; 2.5V                ; --           ;                 ; --       ; --           ;
; AD9      ; 55         ; 3A             ; RESERVED_INPUT_WITH_WEAK_PULLUP ;        ;              ;                     ; Column I/O   ;                 ; no       ; On           ;
; AD10     ; 56         ; 3A             ; RESERVED_INPUT_WITH_WEAK_PULLUP ;        ;              ;                     ; Column I/O   ;                 ; no       ; On           ;
; AD11     ; 54         ; 3A             ; RESERVED_INPUT_WITH_WEAK_PULLUP ;        ;              ;                     ; Column I/O   ;                 ; no       ; On           ;
; AD12     ; 80         ; 3A             ; RESERVED_INPUT_WITH_WEAK_PULLUP ;        ;              ;                     ; Column I/O   ;                 ; no       ; On           ;
; AD13     ;            ; 3B             ; VCCIO3B                         ; power  ;              ; 3.3V                ; --           ;                 ; --       ; --           ;
; AD14     ; 98         ; 3B             ; RESERVED_INPUT_WITH_WEAK_PULLUP ;        ;              ;                     ; Column I/O   ;                 ; no       ; On           ;
; AD15     ;            ;                ; DNU                             ;        ;              ;                     ; --           ;                 ; --       ; --           ;
; AD16     ;            ; 3B, 4A         ; VCCPD3B4A                       ; power  ;              ; 3.3V                ; --           ;                 ; --       ; --           ;
; AD17     ; 160        ; 4A             ; HEX1[3]                         ; output ; 3.3-V LVTTL  ;                     ; Column I/O   ; Y               ; no       ; Off          ;
; AD18     ;            ; 4A             ; VCCIO4A                         ; power  ;              ; 3.3V                ; --           ;                 ; --       ; --           ;
; AD19     ; 184        ; 4A             ; HEX3[2]                         ; output ; 3.3-V LVTTL  ;                     ; Column I/O   ; Y               ; no       ; Off          ;
; AD20     ; 199        ; 4A             ; HEX3[6]                         ; output ; 3.3-V LVTTL  ;                     ; Column I/O   ; Y               ; no       ; Off          ;
; AD21     ; 197        ; 4A             ; HEX4[0]                         ; output ; 3.3-V LVTTL  ;                     ; Column I/O   ; Y               ; no       ; Off          ;
; AD22     ;            ; --             ; VCC_AUX                         ; power  ;              ; 2.5V                ; --           ;                 ; --       ; --           ;
; AD23     ;            ;                ; GND                             ; gnd    ;              ;                     ; --           ;                 ; --       ; --           ;
; AD24     ; 211        ; 4A             ; RESERVED_INPUT_WITH_WEAK_PULLUP ;        ;              ;                     ; Column I/O   ;                 ; no       ; On           ;
; AD25     ; 213        ; 5A             ; RESERVED_INPUT_WITH_WEAK_PULLUP ;        ;              ;                     ; Row I/O      ;                 ; no       ; On           ;
; AD26     ; 240        ; 5A             ; RESERVED_INPUT_WITH_WEAK_PULLUP ;        ;              ;                     ; Row I/O      ;                 ; no       ; On           ;
; AD27     ; 222        ; 5A             ; RESERVED_INPUT_WITH_WEAK_PULLUP ;        ;              ;                     ; Row I/O      ;                 ; no       ; On           ;
; AD28     ;            ; 5A             ; VCCIO5A                         ; power  ;              ; 3.3V                ; --           ;                 ; --       ; --           ;
; AD29     ; 255        ; 5B             ; RESERVED_INPUT_WITH_WEAK_PULLUP ;        ;              ;                     ; Row I/O      ;                 ; no       ; On           ;
; AD30     ; 257        ; 5B             ; RESERVED_INPUT_WITH_WEAK_PULLUP ;        ;              ;                     ; Row I/O      ;                 ; no       ; On           ;
; AE1      ; 39         ; B0L            ; GND                             ;        ;              ;                     ; --           ;                 ; --       ; --           ;
; AE2      ; 38         ; B0L            ; GND                             ;        ;              ;                     ; --           ;                 ; --       ; --           ;
; AE3      ;            ;                ; GND                             ; gnd    ;              ;                     ; --           ;                 ; --       ; --           ;
; AE4      ;            ;                ; GND                             ; gnd    ;              ;                     ; --           ;                 ; --       ; --           ;
; AE5      ; 49         ; 3A             ; ^AS_DATA1, DATA1                ;        ;              ;                     ; Weak Pull Up ;                 ; --       ; On           ;
; AE6      ; 51         ; 3A             ; ^AS_DATA0, ASDO, DATA0          ;        ;              ;                     ; Weak Pull Up ;                 ; --       ; On           ;
; AE7      ; 60         ; 3A             ; RESERVED_INPUT_WITH_WEAK_PULLUP ;        ;              ;                     ; Column I/O   ;                 ; no       ; On           ;
; AE8      ; 47         ; 3A             ; ^AS_DATA2, DATA2                ;        ;              ;                     ; Weak Pull Up ;                 ; --       ; On           ;
; AE9      ; 53         ; 3A             ; RESERVED_INPUT_WITH_WEAK_PULLUP ;        ;              ;                     ; Column I/O   ;                 ; no       ; On           ;
; AE10     ;            ;                ; GND                             ; gnd    ;              ;                     ; --           ;                 ; --       ; --           ;
; AE11     ; 59         ; 3A             ; RESERVED_INPUT_WITH_WEAK_PULLUP ;        ;              ;                     ; Column I/O   ;                 ; no       ; On           ;
; AE12     ; 52         ; 3A             ; RESERVED_INPUT_WITH_WEAK_PULLUP ;        ;              ;                     ; Column I/O   ;                 ; no       ; On           ;
; AE13     ; 95         ; 3B             ; RESERVED_INPUT_WITH_WEAK_PULLUP ;        ;              ;                     ; Column I/O   ;                 ; no       ; On           ;
; AE14     ; 96         ; 3B             ; RESERVED_INPUT_WITH_WEAK_PULLUP ;        ;              ;                     ; Column I/O   ;                 ; no       ; On           ;
; AE15     ;            ; 3B             ; VCCIO3B                         ; power  ;              ; 3.3V                ; --           ;                 ; --       ; --           ;
; AE16     ; 139        ; 4A             ; HEX1[2]                         ; output ; 3.3-V LVTTL  ;                     ; Column I/O   ; Y               ; no       ; Off          ;
; AE17     ; 135        ; 4A             ; HEX1[5]                         ; output ; 3.3-V LVTTL  ;                     ; Column I/O   ; Y               ; no       ; Off          ;
; AE18     ; 167        ; 4A             ; HEX1[4]                         ; output ; 3.3-V LVTTL  ;                     ; Column I/O   ; Y               ; no       ; Off          ;
; AE19     ; 165        ; 4A             ; HEX5[4]                         ; output ; 3.3-V LVTTL  ;                     ; Column I/O   ; Y               ; no       ; Off          ;
; AE20     ;            ;                ; GND                             ; gnd    ;              ;                     ; --           ;                 ; --       ; --           ;
; AE21     ;            ; 3B, 4A         ; VCCPD3B4A                       ; power  ;              ; 3.3V                ; --           ;                 ; --       ; --           ;
; AE22     ; 191        ; 4A             ; HEX4[2]                         ; output ; 3.3-V LVTTL  ;                     ; Column I/O   ; Y               ; no       ; Off          ;
; AE23     ; 189        ; 4A             ; HEX4[3]                         ; output ; 3.3-V LVTTL  ;                     ; Column I/O   ; Y               ; no       ; Off          ;
; AE24     ; 209        ; 4A             ; RESERVED_INPUT_WITH_WEAK_PULLUP ;        ;              ;                     ; Column I/O   ;                 ; no       ; On           ;
; AE25     ;            ; 4A             ; VCCIO4A                         ; power  ;              ; 3.3V                ; --           ;                 ; --       ; --           ;
; AE26     ; 220        ; 5A             ; RESERVED_INPUT_WITH_WEAK_PULLUP ;        ;              ;                     ; Row I/O      ;                 ; no       ; On           ;
; AE27     ; 229        ; 5A             ; RESERVED_INPUT_WITH_WEAK_PULLUP ;        ;              ;                     ; Row I/O      ;                 ; no       ; On           ;
; AE28     ; 231        ; 5A             ; RESERVED_INPUT_WITH_WEAK_PULLUP ;        ;              ;                     ; Row I/O      ;                 ; no       ; On           ;
; AE29     ; 253        ; 5B             ; RESERVED_INPUT_WITH_WEAK_PULLUP ;        ;              ;                     ; Row I/O      ;                 ; no       ; On           ;
; AE30     ;            ; 5B             ; VCCIO5B                         ; power  ;              ; 2.5V                ; --           ;                 ; --       ; --           ;
; AF1      ;            ;                ; GND                             ; gnd    ;              ;                     ; --           ;                 ; --       ; --           ;
; AF2      ;            ;                ; GND                             ; gnd    ;              ;                     ; --           ;                 ; --       ; --           ;
; AF3      ;            ;                ; GND                             ; gnd    ;              ;                     ; --           ;                 ; --       ; --           ;
; AF4      ; 66         ; 3A             ; RESERVED_INPUT_WITH_WEAK_PULLUP ;        ;              ;                     ; Column I/O   ;                 ; no       ; On           ;
; AF5      ; 64         ; 3A             ; RESERVED_INPUT_WITH_WEAK_PULLUP ;        ;              ;                     ; Column I/O   ;                 ; no       ; On           ;
; AF6      ; 75         ; 3A             ; RESERVED_INPUT_WITH_WEAK_PULLUP ;        ;              ;                     ; Column I/O   ;                 ; no       ; On           ;
; AF7      ;            ; 3A             ; VCCIO3A                         ; power  ;              ; 2.5V                ; --           ;                 ; --       ; --           ;
; AF8      ; 70         ; 3A             ; RESERVED_INPUT_WITH_WEAK_PULLUP ;        ;              ;                     ; Column I/O   ;                 ; no       ; On           ;
; AF9      ; 67         ; 3A             ; RESERVED_INPUT_WITH_WEAK_PULLUP ;        ;              ;                     ; Column I/O   ;                 ; no       ; On           ;
; AF10     ; 57         ; 3A             ; RESERVED_INPUT_WITH_WEAK_PULLUP ;        ;              ;                     ; Column I/O   ;                 ; no       ; On           ;
; AF11     ; 87         ; 3B             ; RESERVED_INPUT_WITH_WEAK_PULLUP ;        ;              ;                     ; Column I/O   ;                 ; no       ; On           ;
; AF12     ;            ;                ; GND                             ; gnd    ;              ;                     ; --           ;                 ; --       ; --           ;
; AF13     ; 93         ; 3B             ; RESERVED_INPUT_WITH_WEAK_PULLUP ;        ;              ;                     ; Column I/O   ;                 ; no       ; On           ;
; AF14     ; 114        ; 3B             ; CLOCK_50                        ; input  ; 3.3-V LVTTL  ;                     ; Column I/O   ; Y               ; no       ; Off          ;
; AF15     ; 112        ; 3B             ; RESERVED_INPUT_WITH_WEAK_PULLUP ;        ;              ;                     ; Column I/O   ;                 ; no       ; On           ;
; AF16     ; 137        ; 4A             ; HEX1[0]                         ; output ; 3.3-V LVTTL  ;                     ; Column I/O   ; Y               ; no       ; Off          ;
; AF17     ;            ;                ; GND                             ; gnd    ;              ;                     ; --           ;                 ; --       ; --           ;
; AF18     ; 133        ; 4A             ; HEX2[5]                         ; output ; 3.3-V LVTTL  ;                     ; Column I/O   ; Y               ; no       ; Off          ;
; AF19     ; 159        ; 4A             ; HEX5[5]                         ; output ; 3.3-V LVTTL  ;                     ; Column I/O   ; Y               ; no       ; Off          ;
; AF20     ; 175        ; 4A             ; HEX5[2]                         ; output ; 3.3-V LVTTL  ;                     ; Column I/O   ; Y               ; no       ; Off          ;
; AF21     ; 173        ; 4A             ; HEX5[0]                         ; output ; 3.3-V LVTTL  ;                     ; Column I/O   ; Y               ; no       ; Off          ;
; AF22     ;            ; 4A             ; VCCIO4A                         ; power  ;              ; 3.3V                ; --           ;                 ; --       ; --           ;
; AF23     ; 183        ; 4A             ; HEX4[5]                         ; output ; 3.3-V LVTTL  ;                     ; Column I/O   ; Y               ; no       ; Off          ;
; AF24     ; 181        ; 4A             ; BG_RGB[3]                       ; output ; 3.3-V LVTTL  ;                     ; Column I/O   ; N               ; no       ; Off          ;
; AF25     ; 206        ; 4A             ; RESERVED_INPUT_WITH_WEAK_PULLUP ;        ;              ;                     ; Column I/O   ;                 ; no       ; On           ;
; AF26     ; 204        ; 4A             ; OVGA[5]                         ; output ; 3.3-V LVTTL  ;                     ; Column I/O   ; Y               ; no       ; Off          ;
; AF27     ;            ;                ; GND                             ; gnd    ;              ;                     ; --           ;                 ; --       ; --           ;
; AF28     ; 235        ; 5A             ; BG_RGB[6]                       ; output ; 3.3-V LVTTL  ;                     ; Row I/O      ; N               ; no       ; Off          ;
; AF29     ; 237        ; 5A             ; AUDOUT[4]                       ; output ; 3.3-V LVTTL  ;                     ; Row I/O      ; Y               ; no       ; Off          ;
; AF30     ; 239        ; 5A             ; AUDIN[2]                        ; input  ; 3.3-V LVTTL  ;                     ; Row I/O      ; Y               ; no       ; Off          ;
; AG1      ; 71         ; 3A             ; RESERVED_INPUT_WITH_WEAK_PULLUP ;        ;              ;                     ; Column I/O   ;                 ; no       ; On           ;
; AG2      ; 83         ; 3A             ; RESERVED_INPUT_WITH_WEAK_PULLUP ;        ;              ;                     ; Column I/O   ;                 ; no       ; On           ;
; AG3      ; 63         ; 3A             ; RESERVED_INPUT_WITH_WEAK_PULLUP ;        ;              ;                     ; Column I/O   ;                 ; no       ; On           ;
; AG4      ;            ; 3A             ; VCCIO3A                         ; power  ;              ; 2.5V                ; --           ;                 ; --       ; --           ;
; AG5      ; 78         ; 3A             ; RESERVED_INPUT_WITH_WEAK_PULLUP ;        ;              ;                     ; Column I/O   ;                 ; no       ; On           ;
; AG6      ; 73         ; 3A             ; RESERVED_INPUT_WITH_WEAK_PULLUP ;        ;              ;                     ; Column I/O   ;                 ; no       ; On           ;
; AG7      ; 68         ; 3A             ; RESERVED_INPUT_WITH_WEAK_PULLUP ;        ;              ;                     ; Column I/O   ;                 ; no       ; On           ;
; AG8      ; 65         ; 3A             ; RESERVED_INPUT_WITH_WEAK_PULLUP ;        ;              ;                     ; Column I/O   ;                 ; no       ; On           ;
; AG9      ;            ;                ; GND                             ; gnd    ;              ;                     ; --           ;                 ; --       ; --           ;
; AG10     ; 86         ; 3B             ; RESERVED_INPUT_WITH_WEAK_PULLUP ;        ;              ;                     ; Column I/O   ;                 ; no       ; On           ;
; AG11     ; 85         ; 3B             ; RESERVED_INPUT_WITH_WEAK_PULLUP ;        ;              ;                     ; Column I/O   ;                 ; no       ; On           ;
; AG12     ; 103        ; 3B             ; RESERVED_INPUT_WITH_WEAK_PULLUP ;        ;              ;                     ; Column I/O   ;                 ; no       ; On           ;
; AG13     ; 101        ; 3B             ; RESERVED_INPUT_WITH_WEAK_PULLUP ;        ;              ;                     ; Column I/O   ;                 ; no       ; On           ;
; AG14     ;            ;                ; GND                             ; gnd    ;              ;                     ; --           ;                 ; --       ; --           ;
; AG15     ; 127        ; 3B             ; RESERVED_INPUT_WITH_WEAK_PULLUP ;        ;              ;                     ; Column I/O   ;                 ; no       ; On           ;
; AG16     ; 134        ; 4A             ; HEX0[3]                         ; output ; 3.3-V LVTTL  ;                     ; Column I/O   ; Y               ; no       ; Off          ;
; AG17     ; 132        ; 4A             ; HEX0[2]                         ; output ; 3.3-V LVTTL  ;                     ; Column I/O   ; Y               ; no       ; Off          ;
; AG18     ; 150        ; 4A             ; HEX0[5]                         ; output ; 3.3-V LVTTL  ;                     ; Column I/O   ; Y               ; no       ; Off          ;
; AG19     ;            ; 4A             ; VCCIO4A                         ; power  ;              ; 3.3V                ; --           ;                 ; --       ; --           ;
; AG20     ; 157        ; 4A             ; HEX5[3]                         ; output ; 3.3-V LVTTL  ;                     ; Column I/O   ; Y               ; no       ; Off          ;
; AG21     ; 143        ; 4A             ; HEX5[1]                         ; output ; 3.3-V LVTTL  ;                     ; Column I/O   ; Y               ; no       ; Off          ;
; AG22     ; 166        ; 4A             ; HEX4[1]                         ; output ; 3.3-V LVTTL  ;                     ; Column I/O   ; Y               ; no       ; Off          ;
; AG23     ; 163        ; 4A             ; HEX4[4]                         ; output ; 3.3-V LVTTL  ;                     ; Column I/O   ; Y               ; no       ; Off          ;
; AG24     ;            ;                ; GND                             ; gnd    ;              ;                     ; --           ;                 ; --       ; --           ;
; AG25     ; 190        ; 4A             ; RESERVED_INPUT_WITH_WEAK_PULLUP ;        ;              ;                     ; Column I/O   ;                 ; no       ; On           ;
; AG26     ; 203        ; 4A             ; OVGA[6]                         ; output ; 3.3-V LVTTL  ;                     ; Column I/O   ; Y               ; no       ; Off          ;
; AG27     ; 212        ; 5A             ; RESERVED_INPUT_WITH_WEAK_PULLUP ;        ;              ;                     ; Row I/O      ;                 ; no       ; On           ;
; AG28     ; 233        ; 5A             ; RESERVED_INPUT_WITH_WEAK_PULLUP ;        ;              ;                     ; Row I/O      ;                 ; no       ; On           ;
; AG29     ;            ; 5A             ; VCCIO5A                         ; power  ;              ; 3.3V                ; --           ;                 ; --       ; --           ;
; AG30     ; 243        ; 5A             ; BG_RGB[2]                       ; output ; 3.3-V LVTTL  ;                     ; Row I/O      ; N               ; no       ; Off          ;
; AH1      ;            ;                ; GND                             ; gnd    ;              ;                     ; --           ;                 ; --       ; --           ;
; AH2      ; 69         ; 3A             ; RESERVED_INPUT_WITH_WEAK_PULLUP ;        ;              ;                     ; Column I/O   ;                 ; no       ; On           ;
; AH3      ; 81         ; 3A             ; RESERVED_INPUT_WITH_WEAK_PULLUP ;        ;              ;                     ; Column I/O   ;                 ; no       ; On           ;
; AH4      ; 61         ; 3A             ; RESERVED_INPUT_WITH_WEAK_PULLUP ;        ;              ;                     ; Column I/O   ;                 ; no       ; On           ;
; AH5      ; 76         ; 3A             ; RESERVED_INPUT_WITH_WEAK_PULLUP ;        ;              ;                     ; Column I/O   ;                 ; no       ; On           ;
; AH6      ;            ;                ; GND                             ; gnd    ;              ;                     ; --           ;                 ; --       ; --           ;
; AH7      ; 115        ; 3B             ; RESERVED_INPUT_WITH_WEAK_PULLUP ;        ;              ;                     ; Column I/O   ;                 ; no       ; On           ;
; AH8      ; 113        ; 3B             ; RESERVED_INPUT_WITH_WEAK_PULLUP ;        ;              ;                     ; Column I/O   ;                 ; no       ; On           ;
; AH9      ; 84         ; 3B             ; RESERVED_INPUT_WITH_WEAK_PULLUP ;        ;              ;                     ; Column I/O   ;                 ; no       ; On           ;
; AH10     ; 118        ; 3B             ; RESERVED_INPUT_WITH_WEAK_PULLUP ;        ;              ;                     ; Column I/O   ;                 ; no       ; On           ;
; AH11     ;            ;                ; GND                             ; gnd    ;              ;                     ; --           ;                 ; --       ; --           ;
; AH12     ; 126        ; 3B             ; RESERVED_INPUT_WITH_WEAK_PULLUP ;        ;              ;                     ; Column I/O   ;                 ; no       ; On           ;
; AH13     ; 111        ; 3B             ; RESERVED_INPUT_WITH_WEAK_PULLUP ;        ;              ;                     ; Column I/O   ;                 ; no       ; On           ;
; AH14     ; 109        ; 3B             ; RESERVED_INPUT_WITH_WEAK_PULLUP ;        ;              ;                     ; Column I/O   ;                 ; no       ; On           ;
; AH15     ; 125        ; 3B             ; RESERVED_INPUT_WITH_WEAK_PULLUP ;        ;              ;                     ; Column I/O   ;                 ; no       ; On           ;
; AH16     ;            ; 4A             ; VCCIO4A                         ; power  ;              ; 3.3V                ; --           ;                 ; --       ; --           ;
; AH17     ; 147        ; 4A             ; HEX0[4]                         ; output ; 3.3-V LVTTL  ;                     ; Column I/O   ; Y               ; no       ; Off          ;
; AH18     ; 145        ; 4A             ; HEX0[6]                         ; output ; 3.3-V LVTTL  ;                     ; Column I/O   ; Y               ; no       ; Off          ;
; AH19     ; 148        ; 4A             ; OVGA[20]                        ; output ; 3.3-V LVTTL  ;                     ; Column I/O   ; Y               ; no       ; Off          ;
; AH20     ; 141        ; 4A             ; OVGA[18]                        ; output ; 3.3-V LVTTL  ;                     ; Column I/O   ; Y               ; no       ; Off          ;
; AH21     ;            ;                ; GND                             ; gnd    ;              ;                     ; --           ;                 ; --       ; --           ;
; AH22     ; 164        ; 4A             ; HEX4[6]                         ; output ; 3.3-V LVTTL  ;                     ; Column I/O   ; Y               ; no       ; Off          ;
; AH23     ; 174        ; 4A             ; OVGA[15]                        ; output ; 3.3-V LVTTL  ;                     ; Column I/O   ; Y               ; no       ; Off          ;
; AH24     ; 161        ; 4A             ; OVGA[13]                        ; output ; 3.3-V LVTTL  ;                     ; Column I/O   ; Y               ; no       ; Off          ;
; AH25     ; 188        ; 4A             ; OVGA[10]                        ; output ; 3.3-V LVTTL  ;                     ; Column I/O   ; Y               ; no       ; Off          ;
; AH26     ;            ; 4A             ; VCCIO4A                         ; power  ;              ; 3.3V                ; --           ;                 ; --       ; --           ;
; AH27     ; 201        ; 4A             ; OVGA[4]                         ; output ; 3.3-V LVTTL  ;                     ; Column I/O   ; Y               ; no       ; Off          ;
; AH28     ; 214        ; 5A             ; RESERVED_INPUT_WITH_WEAK_PULLUP ;        ;              ;                     ; Row I/O      ;                 ; no       ; On           ;
; AH29     ; 218        ; 5A             ; AUDIN[1]                        ; input  ; 3.3-V LVTTL  ;                     ; Row I/O      ; Y               ; no       ; Off          ;
; AH30     ; 241        ; 5A             ; AUDOUT[5]                       ; output ; 3.3-V LVTTL  ;                     ; Row I/O      ; Y               ; no       ; Off          ;
; AJ1      ; 79         ; 3A             ; RESERVED_INPUT_WITH_WEAK_PULLUP ;        ;              ;                     ; Column I/O   ;                 ; no       ; On           ;
; AJ2      ; 77         ; 3A             ; RESERVED_INPUT_WITH_WEAK_PULLUP ;        ;              ;                     ; Column I/O   ;                 ; no       ; On           ;
; AJ3      ;            ;                ; GND                             ; gnd    ;              ;                     ; --           ;                 ; --       ; --           ;
; AJ4      ; 94         ; 3B             ; resetN_pin                      ; input  ; 3.3-V LVTTL  ;                     ; Column I/O   ; Y               ; no       ; Off          ;
; AJ5      ; 99         ; 3B             ; RESERVED_INPUT_WITH_WEAK_PULLUP ;        ;              ;                     ; Column I/O   ;                 ; no       ; On           ;
; AJ6      ; 102        ; 3B             ; RESERVED_INPUT_WITH_WEAK_PULLUP ;        ;              ;                     ; Column I/O   ;                 ; no       ; On           ;
; AJ7      ; 100        ; 3B             ; RESERVED_INPUT_WITH_WEAK_PULLUP ;        ;              ;                     ; Column I/O   ;                 ; no       ; On           ;
; AJ8      ;            ; 3B             ; VCCIO3B                         ; power  ;              ; 3.3V                ; --           ;                 ; --       ; --           ;
; AJ9      ; 110        ; 3B             ; RESERVED_INPUT_WITH_WEAK_PULLUP ;        ;              ;                     ; Column I/O   ;                 ; no       ; On           ;
; AJ10     ; 116        ; 3B             ; RESERVED_INPUT_WITH_WEAK_PULLUP ;        ;              ;                     ; Column I/O   ;                 ; no       ; On           ;
; AJ11     ; 119        ; 3B             ; RESERVED_INPUT_WITH_WEAK_PULLUP ;        ;              ;                     ; Column I/O   ;                 ; no       ; On           ;
; AJ12     ; 124        ; 3B             ; RESERVED_INPUT_WITH_WEAK_PULLUP ;        ;              ;                     ; Column I/O   ;                 ; no       ; On           ;
; AJ13     ;            ; 3B             ; VCCIO3B                         ; power  ;              ; 3.3V                ; --           ;                 ; --       ; --           ;
; AJ14     ; 131        ; 3B             ; BG_RGB[7]                       ; output ; 3.3-V LVTTL  ;                     ; Column I/O   ; N               ; no       ; Off          ;
; AJ15     ;            ; 3B             ; VREFB3BN0                       ; power  ;              ;                     ; --           ;                 ; --       ; --           ;
; AJ16     ; 142        ; 4A             ; OVGA[22]                        ; output ; 3.3-V LVTTL  ;                     ; Column I/O   ; Y               ; no       ; Off          ;
; AJ17     ; 151        ; 4A             ; OVGA[21]                        ; output ; 3.3-V LVTTL  ;                     ; Column I/O   ; Y               ; no       ; Off          ;
; AJ18     ;            ;                ; GND                             ; gnd    ;              ;                     ; --           ;                 ; --       ; --           ;
; AJ19     ; 155        ; 4A             ; OVGA[19]                        ; output ; 3.3-V LVTTL  ;                     ; Column I/O   ; Y               ; no       ; Off          ;
; AJ20     ; 158        ; 4A             ; OVGA[17]                        ; output ; 3.3-V LVTTL  ;                     ; Column I/O   ; Y               ; no       ; Off          ;
; AJ21     ; 156        ; 4A             ; OVGA[16]                        ; output ; 3.3-V LVTTL  ;                     ; Column I/O   ; Y               ; no       ; Off          ;
; AJ22     ; 172        ; 4A             ; OVGA[26]                        ; output ; 3.3-V LVTTL  ;                     ; Column I/O   ; Y               ; no       ; Off          ;
; AJ23     ;            ; 4A             ; VCCIO4A                         ; power  ;              ; 3.3V                ; --           ;                 ; --       ; --           ;
; AJ24     ; 182        ; 4A             ; OVGA[12]                        ; output ; 3.3-V LVTTL  ;                     ; Column I/O   ; Y               ; no       ; Off          ;
; AJ25     ; 180        ; 4A             ; OVGA[9]                         ; output ; 3.3-V LVTTL  ;                     ; Column I/O   ; Y               ; no       ; Off          ;
; AJ26     ; 187        ; 4A             ; OVGA[7]                         ; output ; 3.3-V LVTTL  ;                     ; Column I/O   ; Y               ; no       ; Off          ;
; AJ27     ; 195        ; 4A             ; OVGA[3]                         ; output ; 3.3-V LVTTL  ;                     ; Column I/O   ; Y               ; no       ; Off          ;
; AJ28     ;            ;                ; GND                             ; gnd    ;              ;                     ; --           ;                 ; --       ; --           ;
; AJ29     ; 216        ; 5A             ; RESERVED_INPUT_WITH_WEAK_PULLUP ;        ;              ;                     ; Row I/O      ;                 ; no       ; On           ;
; AJ30     ;            ;                ; GND                             ; gnd    ;              ;                     ; --           ;                 ; --       ; --           ;
; AK2      ; 91         ; 3B             ; RESERVED_INPUT_WITH_WEAK_PULLUP ;        ;              ;                     ; Column I/O   ;                 ; no       ; On           ;
; AK3      ; 89         ; 3B             ; RESERVED_INPUT_WITH_WEAK_PULLUP ;        ;              ;                     ; Column I/O   ;                 ; no       ; On           ;
; AK4      ; 92         ; 3B             ; RESERVED_INPUT_WITH_WEAK_PULLUP ;        ;              ;                     ; Column I/O   ;                 ; no       ; On           ;
; AK5      ;            ;                ; GND                             ; gnd    ;              ;                     ; --           ;                 ; --       ; --           ;
; AK6      ; 97         ; 3B             ; RESERVED_INPUT_WITH_WEAK_PULLUP ;        ;              ;                     ; Column I/O   ;                 ; no       ; On           ;
; AK7      ; 107        ; 3B             ; RESERVED_INPUT_WITH_WEAK_PULLUP ;        ;              ;                     ; Column I/O   ;                 ; no       ; On           ;
; AK8      ; 105        ; 3B             ; RESERVED_INPUT_WITH_WEAK_PULLUP ;        ;              ;                     ; Column I/O   ;                 ; no       ; On           ;
; AK9      ; 108        ; 3B             ; RESERVED_INPUT_WITH_WEAK_PULLUP ;        ;              ;                     ; Column I/O   ;                 ; no       ; On           ;
; AK10     ;            ; 3B             ; VCCIO3B                         ; power  ;              ; 3.3V                ; --           ;                 ; --       ; --           ;
; AK11     ; 117        ; 3B             ; RESERVED_INPUT_WITH_WEAK_PULLUP ;        ;              ;                     ; Column I/O   ;                 ; no       ; On           ;
; AK12     ; 123        ; 3B             ; RESERVED_INPUT_WITH_WEAK_PULLUP ;        ;              ;                     ; Column I/O   ;                 ; no       ; On           ;
; AK13     ; 121        ; 3B             ; RESERVED_INPUT_WITH_WEAK_PULLUP ;        ;              ;                     ; Column I/O   ;                 ; no       ; On           ;
; AK14     ; 129        ; 3B             ; BG_RGB[1]                       ; output ; 3.3-V LVTTL  ;                     ; Column I/O   ; N               ; no       ; Off          ;
; AK15     ;            ;                ; GND                             ; gnd    ;              ;                     ; --           ;                 ; --       ; --           ;
; AK16     ; 140        ; 4A             ; OVGA[23]                        ; output ; 3.3-V LVTTL  ;                     ; Column I/O   ; Y               ; no       ; Off          ;
; AK17     ;            ; 4A             ; VREFB4AN0                       ; power  ;              ;                     ; --           ;                 ; --       ; --           ;
; AK18     ; 149        ; 4A             ; OVGA[25]                        ; output ; 3.3-V LVTTL  ;                     ; Column I/O   ; Y               ; no       ; Off          ;
; AK19     ; 153        ; 4A             ; OVGA[24]                        ; output ; 3.3-V LVTTL  ;                     ; Column I/O   ; Y               ; no       ; Off          ;
; AK20     ;            ; 4A             ; VCCIO4A                         ; power  ;              ; 3.3V                ; --           ;                 ; --       ; --           ;
; AK21     ; 171        ; 4A             ; OVGA[28]                        ; output ; 3.3-V LVTTL  ;                     ; Column I/O   ; Y               ; no       ; Off          ;
; AK22     ; 169        ; 4A             ; OVGA[27]                        ; output ; 3.3-V LVTTL  ;                     ; Column I/O   ; Y               ; no       ; Off          ;
; AK23     ; 179        ; 4A             ; OVGA[14]                        ; output ; 3.3-V LVTTL  ;                     ; Column I/O   ; Y               ; no       ; Off          ;
; AK24     ; 177        ; 4A             ; OVGA[11]                        ; output ; 3.3-V LVTTL  ;                     ; Column I/O   ; Y               ; no       ; Off          ;
; AK25     ;            ;                ; GND                             ; gnd    ;              ;                     ; --           ;                 ; --       ; --           ;
; AK26     ; 185        ; 4A             ; OVGA[8]                         ; output ; 3.3-V LVTTL  ;                     ; Column I/O   ; Y               ; no       ; Off          ;
; AK27     ; 193        ; 4A             ; OVGA[2]                         ; output ; 3.3-V LVTTL  ;                     ; Column I/O   ; Y               ; no       ; Off          ;
; AK28     ; 198        ; 4A             ; OVGA[1]                         ; output ; 3.3-V LVTTL  ;                     ; Column I/O   ; Y               ; no       ; Off          ;
; AK29     ; 196        ; 4A             ; OVGA[0]                         ; output ; 3.3-V LVTTL  ;                     ; Column I/O   ; Y               ; no       ; Off          ;
; B1       ; 509        ; 8A             ; RESERVED_INPUT_WITH_WEAK_PULLUP ;        ;              ;                     ; Column I/O   ;                 ; no       ; On           ;
; B2       ; 507        ; 8A             ; RESERVED_INPUT_WITH_WEAK_PULLUP ;        ;              ;                     ; Column I/O   ;                 ; no       ; On           ;
; B3       ; 513        ; 8A             ; RESERVED_INPUT_WITH_WEAK_PULLUP ;        ;              ;                     ; Column I/O   ;                 ; no       ; On           ;
; B4       ;            ; 8A             ; VCCIO8A                         ; power  ;              ; 2.5V                ; --           ;                 ; --       ; --           ;
; B5       ; 512        ; 8A             ; RESERVED_INPUT_WITH_WEAK_PULLUP ;        ;              ;                     ; Column I/O   ;                 ; no       ; On           ;
; B6       ; 510        ; 8A             ; RESERVED_INPUT_WITH_WEAK_PULLUP ;        ;              ;                     ; Column I/O   ;                 ; no       ; On           ;
; B7       ; 477        ; 8A             ; RESERVED_INPUT_WITH_WEAK_PULLUP ;        ;              ;                     ; Column I/O   ;                 ; no       ; On           ;
; B8       ; 481        ; 8A             ; RESERVED_INPUT_WITH_WEAK_PULLUP ;        ;              ;                     ; Column I/O   ;                 ; no       ; On           ;
; B9       ;            ;                ; GND                             ; gnd    ;              ;                     ; --           ;                 ; --       ; --           ;
; B10      ;            ; 8A             ; VREFB8AN0                       ; power  ;              ;                     ; --           ;                 ; --       ; --           ;
; B11      ; 469        ; 8A             ; RESERVED_INPUT_WITH_WEAK_PULLUP ;        ;              ;                     ; Column I/O   ;                 ; no       ; On           ;
; B12      ; 464        ; 8A             ; RESERVED_INPUT_WITH_WEAK_PULLUP ;        ;              ;                     ; Column I/O   ;                 ; no       ; On           ;
; B13      ; 459        ; 8A             ; RESERVED_INPUT_WITH_WEAK_PULLUP ;        ;              ;                     ; Column I/O   ;                 ; no       ; On           ;
; B14      ;            ;                ; GND                             ; gnd    ;              ;                     ; --           ;                 ; --       ; --           ;
; B15      ; 451        ; 7D             ; RESERVED_INPUT_WITH_WEAK_PULLUP ;        ;              ;                     ; Column I/O   ;                 ; no       ; On           ;
; B16      ; 441        ; 7C             ; RESERVED_INPUT_WITH_WEAK_PULLUP ;        ;              ;                     ; Column I/O   ;                 ; no       ; On           ;
; B17      ; 431        ; 7C             ; RESERVED_INPUT_WITH_WEAK_PULLUP ;        ;              ;                     ; Column I/O   ;                 ; no       ; On           ;
; B18      ; 418        ; 7B             ; RESERVED_INPUT_WITH_WEAK_PULLUP ;        ;              ;                     ; Column I/O   ;                 ; no       ; On           ;
; B19      ;            ;                ; GND                             ; gnd    ;              ;                     ; --           ;                 ; --       ; --           ;
; B20      ; 417        ; 7B             ; RESERVED_INPUT_WITH_WEAK_PULLUP ;        ;              ;                     ; Column I/O   ;                 ; no       ; On           ;
; B21      ; 413        ; 7B             ; RESERVED_INPUT_WITH_WEAK_PULLUP ;        ;              ;                     ; Column I/O   ;                 ; no       ; On           ;
; B22      ; 399        ; 7A             ; RESERVED_INPUT_WITH_WEAK_PULLUP ;        ;              ;                     ; Column I/O   ;                 ; no       ; On           ;
; B23      ; 397        ; 7A             ; RESERVED_INPUT_WITH_WEAK_PULLUP ;        ;              ;                     ; Column I/O   ;                 ; no       ; On           ;
; B24      ;            ;                ; GND                             ; gnd    ;              ;                     ; --           ;                 ; --       ; --           ;
; B25      ; 387        ; 7A             ; RESERVED_INPUT_WITH_WEAK_PULLUP ;        ;              ;                     ; Column I/O   ;                 ; no       ; On           ;
; B26      ; 386        ; 7A             ; RESERVED_INPUT_WITH_WEAK_PULLUP ;        ;              ;                     ; Column I/O   ;                 ; no       ; On           ;
; B27      ; 381        ; 7A             ; ^HPS_TDI                        ;        ;              ;                     ; --           ;                 ; --       ; --           ;
; B28      ; 376        ; 7A             ; ^HPS_TDO                        ;        ;              ;                     ; --           ;                 ; --       ; --           ;
; B29      ;            ;                ; GND                             ; gnd    ;              ;                     ; --           ;                 ; --       ; --           ;
; B30      ; 365        ; 6A             ; RESERVED_INPUT_WITH_WEAK_PULLUP ;        ;              ;                     ; Row I/O      ;                 ; no       ; On           ;
; C1       ;            ;                ; GND                             ; gnd    ;              ;                     ; --           ;                 ; --       ; --           ;
; C2       ; 517        ; 8A             ; RESERVED_INPUT_WITH_WEAK_PULLUP ;        ;              ;                     ; Column I/O   ;                 ; no       ; On           ;
; C3       ; 511        ; 8A             ; RESERVED_INPUT_WITH_WEAK_PULLUP ;        ;              ;                     ; Column I/O   ;                 ; no       ; On           ;
; C4       ; 501        ; 8A             ; RESERVED_INPUT_WITH_WEAK_PULLUP ;        ;              ;                     ; Column I/O   ;                 ; no       ; On           ;
; C5       ; 497        ; 8A             ; RESERVED_INPUT_WITH_WEAK_PULLUP ;        ;              ;                     ; Column I/O   ;                 ; no       ; On           ;
; C6       ;            ;                ; GND                             ; gnd    ;              ;                     ; --           ;                 ; --       ; --           ;
; C7       ; 475        ; 8A             ; RESERVED_INPUT_WITH_WEAK_PULLUP ;        ;              ;                     ; Column I/O   ;                 ; no       ; On           ;
; C8       ; 479        ; 8A             ; RESERVED_INPUT_WITH_WEAK_PULLUP ;        ;              ;                     ; Column I/O   ;                 ; no       ; On           ;
; C9       ; 485        ; 8A             ; RESERVED_INPUT_WITH_WEAK_PULLUP ;        ;              ;                     ; Column I/O   ;                 ; no       ; On           ;
; C10      ; 483        ; 8A             ; RESERVED_INPUT_WITH_WEAK_PULLUP ;        ;              ;                     ; Column I/O   ;                 ; no       ; On           ;
; C11      ;            ; 8A             ; VCCIO8A                         ; power  ;              ; 2.5V                ; --           ;                 ; --       ; --           ;
; C12      ; 467        ; 8A             ; RESERVED_INPUT_WITH_WEAK_PULLUP ;        ;              ;                     ; Column I/O   ;                 ; no       ; On           ;
; C13      ; 462        ; 8A             ; RESERVED_INPUT_WITH_WEAK_PULLUP ;        ;              ;                     ; Column I/O   ;                 ; no       ; On           ;
; C14      ; 448        ; 7D             ; RESERVED_INPUT_WITH_WEAK_PULLUP ;        ;              ;                     ; Column I/O   ;                 ; no       ; On           ;
; C15      ; 453        ; 7D             ; RESERVED_INPUT_WITH_WEAK_PULLUP ;        ;              ;                     ; Column I/O   ;                 ; no       ; On           ;
; C16      ;            ;                ; GND                             ; gnd    ;              ;                     ; --           ;                 ; --       ; --           ;
; C17      ; 433        ; 7C             ; RESERVED_INPUT_WITH_WEAK_PULLUP ;        ;              ;                     ; Column I/O   ;                 ; no       ; On           ;
; C18      ; 435        ; 7C             ; RESERVED_INPUT_WITH_WEAK_PULLUP ;        ;              ;                     ; Column I/O   ;                 ; no       ; On           ;
; C19      ; 427        ; 7B             ; RESERVED_INPUT_WITH_WEAK_PULLUP ;        ;              ;                     ; Column I/O   ;                 ; no       ; On           ;
; C20      ; 421        ; 7B             ; RESERVED_INPUT_WITH_WEAK_PULLUP ;        ;              ;                     ; Column I/O   ;                 ; no       ; On           ;
; C21      ;            ;                ; GND                             ; gnd    ;              ;                     ; --           ;                 ; --       ; --           ;
; C22      ; 396        ; 7A             ; RESERVED_INPUT_WITH_WEAK_PULLUP ;        ;              ;                     ; Column I/O   ;                 ; no       ; On           ;
; C23      ; 401        ; 7A             ; RESERVED_INPUT_WITH_WEAK_PULLUP ;        ;              ;                     ; Column I/O   ;                 ; no       ; On           ;
; C24      ; 393        ; 7A             ; RESERVED_INPUT_WITH_WEAK_PULLUP ;        ;              ;                     ; Column I/O   ;                 ; no       ; On           ;
; C25      ; 388        ; 7A             ; RESERVED_INPUT_WITH_WEAK_PULLUP ;        ;              ;                     ; Column I/O   ;                 ; no       ; On           ;
; C26      ;            ;                ; GND                             ; gnd    ;              ;                     ; --           ;                 ; --       ; --           ;
; C27      ; 374        ; 7A             ; ^HPS_nRST                       ;        ;              ;                     ; --           ;                 ; --       ; --           ;
; C28      ; 369        ; 6A             ; RESERVED_INPUT_WITH_WEAK_PULLUP ;        ;              ;                     ; Row I/O      ;                 ; no       ; On           ;
; C29      ; 367        ; 6A             ; RESERVED_INPUT_WITH_WEAK_PULLUP ;        ;              ;                     ; Row I/O      ;                 ; no       ; On           ;
; C30      ; 363        ; 6A             ; RESERVED_INPUT_WITH_WEAK_PULLUP ;        ;              ;                     ; Row I/O      ;                 ; no       ; On           ;
; D1       ; 529        ; 8A             ; RESERVED_INPUT_WITH_WEAK_PULLUP ;        ;              ;                     ; Column I/O   ;                 ; no       ; On           ;
; D2       ; 515        ; 8A             ; RESERVED_INPUT_WITH_WEAK_PULLUP ;        ;              ;                     ; Column I/O   ;                 ; no       ; On           ;
; D3       ;            ;                ; GND                             ; gnd    ;              ;                     ; --           ;                 ; --       ; --           ;
; D4       ; 521        ; 8A             ; RESERVED_INPUT_WITH_WEAK_PULLUP ;        ;              ;                     ; Column I/O   ;                 ; no       ; On           ;
; D5       ; 499        ; 8A             ; RESERVED_INPUT_WITH_WEAK_PULLUP ;        ;              ;                     ; Column I/O   ;                 ; no       ; On           ;
; D6       ; 495        ; 8A             ; RESERVED_INPUT_WITH_WEAK_PULLUP ;        ;              ;                     ; Column I/O   ;                 ; no       ; On           ;
; D7       ; 505        ; 8A             ; RESERVED_INPUT_WITH_WEAK_PULLUP ;        ;              ;                     ; Column I/O   ;                 ; no       ; On           ;
; D8       ;            ; 8A             ; VCCIO8A                         ; power  ;              ; 2.5V                ; --           ;                 ; --       ; --           ;
; D9       ; 480        ; 8A             ; RESERVED_INPUT_WITH_WEAK_PULLUP ;        ;              ;                     ; Column I/O   ;                 ; no       ; On           ;
; D10      ; 472        ; 8A             ; RESERVED_INPUT_WITH_WEAK_PULLUP ;        ;              ;                     ; Column I/O   ;                 ; no       ; On           ;
; D11      ; 470        ; 8A             ; RESERVED_INPUT_WITH_WEAK_PULLUP ;        ;              ;                     ; Column I/O   ;                 ; no       ; On           ;
; D12      ; 496        ; 8A             ; RESERVED_INPUT_WITH_WEAK_PULLUP ;        ;              ;                     ; Column I/O   ;                 ; no       ; On           ;
; D13      ;            ;                ; GND                             ; gnd    ;              ;                     ; --           ;                 ; --       ; --           ;
; D14      ; 446        ; 7D             ; RESERVED_INPUT_WITH_WEAK_PULLUP ;        ;              ;                     ; Column I/O   ;                 ; no       ; On           ;
; D15      ; 449        ; 7D             ; RESERVED_INPUT_WITH_WEAK_PULLUP ;        ;              ;                     ; Column I/O   ;                 ; no       ; On           ;
; D16      ; 445        ; 7D             ; RESERVED_INPUT_WITH_WEAK_PULLUP ;        ;              ;                     ; Column I/O   ;                 ; no       ; On           ;
; D17      ; 440        ; 7C             ; RESERVED_INPUT_WITH_WEAK_PULLUP ;        ;              ;                     ; Column I/O   ;                 ; no       ; On           ;
; D18      ;            ; 7C             ; VCCIO7C_HPS                     ; power  ;              ; 2.5V                ; --           ;                 ; --       ; --           ;
; D19      ; 426        ; 7B             ; RESERVED_INPUT_WITH_WEAK_PULLUP ;        ;              ;                     ; Column I/O   ;                 ; no       ; On           ;
; D20      ; 420        ; 7B             ; RESERVED_INPUT_WITH_WEAK_PULLUP ;        ;              ;                     ; Column I/O   ;                 ; no       ; On           ;
; D21      ; 419        ; 7B             ; RESERVED_INPUT_WITH_WEAK_PULLUP ;        ;              ;                     ; Column I/O   ;                 ; no       ; On           ;
; D22      ; 402        ; 7A             ; RESERVED_INPUT_WITH_WEAK_PULLUP ;        ;              ;                     ; Column I/O   ;                 ; no       ; On           ;
; D23      ;            ;                ; GND                             ; gnd    ;              ;                     ; --           ;                 ; --       ; --           ;
; D24      ; 404        ; 7A             ; RESERVED_INPUT_WITH_WEAK_PULLUP ;        ;              ;                     ; Column I/O   ;                 ; no       ; On           ;
; D25      ; 384        ; 7A             ; ^HPS_CLK1                       ;        ;              ;                     ; --           ;                 ; --       ; --           ;
; D26      ; 373        ; 7A             ; ^GND                            ;        ;              ;                     ; --           ;                 ; --       ; --           ;
; D27      ; 371        ; 6A             ; HPS_RZQ_0                       ;        ;              ;                     ; --           ;                 ; no       ; On           ;
; D28      ;            ; 6A             ; VCCIO6A_HPS                     ; power  ;              ; 2.5V                ; --           ;                 ; --       ; --           ;
; D29      ; 361        ; 6A             ; RESERVED_INPUT_WITH_WEAK_PULLUP ;        ;              ;                     ; Row I/O      ;                 ; no       ; On           ;
; D30      ; 359        ; 6A             ; RESERVED_INPUT_WITH_WEAK_PULLUP ;        ;              ;                     ; Row I/O      ;                 ; no       ; On           ;
; E1       ; 527        ; 8A             ; RESERVED_INPUT_WITH_WEAK_PULLUP ;        ;              ;                     ; Column I/O   ;                 ; no       ; On           ;
; E2       ; 525        ; 8A             ; RESERVED_INPUT_WITH_WEAK_PULLUP ;        ;              ;                     ; Column I/O   ;                 ; no       ; On           ;
; E3       ; 523        ; 8A             ; RESERVED_INPUT_WITH_WEAK_PULLUP ;        ;              ;                     ; Column I/O   ;                 ; no       ; On           ;
; E4       ; 519        ; 8A             ; RESERVED_INPUT_WITH_WEAK_PULLUP ;        ;              ;                     ; Column I/O   ;                 ; no       ; On           ;
; E5       ;            ; 8A             ; VCCIO8A                         ; power  ;              ; 2.5V                ; --           ;                 ; --       ; --           ;
; E6       ; 533        ; 8A             ; RESERVED_INPUT_WITH_WEAK_PULLUP ;        ;              ;                     ; Column I/O   ;                 ; no       ; On           ;
; E7       ; 531        ; 8A             ; RESERVED_INPUT_WITH_WEAK_PULLUP ;        ;              ;                     ; Column I/O   ;                 ; no       ; On           ;
; E8       ; 503        ; 8A             ; RESERVED_INPUT_WITH_WEAK_PULLUP ;        ;              ;                     ; Column I/O   ;                 ; no       ; On           ;
; E9       ; 478        ; 8A             ; RESERVED_INPUT_WITH_WEAK_PULLUP ;        ;              ;                     ; Column I/O   ;                 ; no       ; On           ;
; E10      ;            ;                ; GND                             ; gnd    ;              ;                     ; --           ;                 ; --       ; --           ;
; E11      ; 504        ; 8A             ; RESERVED_INPUT_WITH_WEAK_PULLUP ;        ;              ;                     ; Column I/O   ;                 ; no       ; On           ;
; E12      ; 494        ; 8A             ; RESERVED_INPUT_WITH_WEAK_PULLUP ;        ;              ;                     ; Column I/O   ;                 ; no       ; On           ;
; E13      ; 488        ; 8A             ; RESERVED_INPUT_WITH_WEAK_PULLUP ;        ;              ;                     ; Column I/O   ;                 ; no       ; On           ;
; E14      ; 454        ; 7D             ; RESERVED_INPUT_WITH_WEAK_PULLUP ;        ;              ;                     ; Column I/O   ;                 ; no       ; On           ;
; E15      ;            ; 7D             ; VCCIO7D_HPS                     ; power  ;              ; 2.5V                ; --           ;                 ; --       ; --           ;
; E16      ; 443        ; 7D             ; RESERVED_INPUT_WITH_WEAK_PULLUP ;        ;              ;                     ; Column I/O   ;                 ; no       ; On           ;
; E17      ; 438        ; 7C             ; RESERVED_INPUT_WITH_WEAK_PULLUP ;        ;              ;                     ; Column I/O   ;                 ; no       ; On           ;
; E18      ; 437        ; 7C             ; RESERVED_INPUT_WITH_WEAK_PULLUP ;        ;              ;                     ; Column I/O   ;                 ; no       ; On           ;
; E19      ; 424        ; 7B             ; RESERVED_INPUT_WITH_WEAK_PULLUP ;        ;              ;                     ; Column I/O   ;                 ; no       ; On           ;
; E20      ;            ; 7B             ; VCCIO7B_HPS                     ; power  ;              ; 2.5V                ; --           ;                 ; --       ; --           ;
; E21      ; 412        ; 7B             ; RESERVED_INPUT_WITH_WEAK_PULLUP ;        ;              ;                     ; Column I/O   ;                 ; no       ; On           ;
; E22      ;            ; 7A, 7B, 7C, 7D ; VREFB7A7B7C7DN0_HPS             ; power  ;              ;                     ; --           ;                 ; --       ; --           ;
; E23      ; 394        ; 7A             ; RESERVED_INPUT_WITH_WEAK_PULLUP ;        ;              ;                     ; Column I/O   ;                 ; no       ; On           ;
; E24      ; 403        ; 7A             ; RESERVED_INPUT_WITH_WEAK_PULLUP ;        ;              ;                     ; Column I/O   ;                 ; no       ; On           ;
; E25      ;            ;                ; GND                             ; gnd    ;              ;                     ; --           ;                 ; --       ; --           ;
; E26      ;            ;                ; DNU                             ;        ;              ;                     ; --           ;                 ; --       ; --           ;
; E27      ; 357        ; 6A             ; RESERVED_INPUT_WITH_WEAK_PULLUP ;        ;              ;                     ; Row I/O      ;                 ; no       ; On           ;
; E28      ; 351        ; 6A             ; RESERVED_INPUT_WITH_WEAK_PULLUP ;        ;              ;                     ; Row I/O      ;                 ; no       ; On           ;
; E29      ; 353        ; 6A             ; RESERVED_INPUT_WITH_WEAK_PULLUP ;        ;              ;                     ; Row I/O      ;                 ; no       ; On           ;
; E30      ;            ;                ; GND                             ; gnd    ;              ;                     ; --           ;                 ; --       ; --           ;
; F1       ;            ;                ; DNU                             ;        ;              ;                     ; --           ;                 ; --       ; --           ;
; F2       ;            ;                ; GND                             ; gnd    ;              ;                     ; --           ;                 ; --       ; --           ;
; F3       ; 539        ; 9A             ; ^CONF_DONE                      ;        ;              ;                     ; --           ;                 ; --       ; --           ;
; F4       ; 541        ; 9A             ; ^nSTATUS                        ;        ;              ;                     ; --           ;                 ; --       ; --           ;
; F5       ;            ;                ; GND                             ; gnd    ;              ;                     ; --           ;                 ; --       ; --           ;
; F6       ; 537        ; 8A             ; RESERVED_INPUT_WITH_WEAK_PULLUP ;        ;              ;                     ; Column I/O   ;                 ; no       ; On           ;
; F7       ;            ;                ; GND                             ; gnd    ;              ;                     ; --           ;                 ; --       ; --           ;
; F8       ; 536        ; 8A             ; RESERVED_INPUT_WITH_WEAK_PULLUP ;        ;              ;                     ; Column I/O   ;                 ; no       ; On           ;
; F9       ; 534        ; 8A             ; RESERVED_INPUT_WITH_WEAK_PULLUP ;        ;              ;                     ; Column I/O   ;                 ; no       ; On           ;
; F10      ; 528        ; 8A             ; RESERVED_INPUT_WITH_WEAK_PULLUP ;        ;              ;                     ; Column I/O   ;                 ; no       ; On           ;
; F11      ; 502        ; 8A             ; RESERVED_INPUT_WITH_WEAK_PULLUP ;        ;              ;                     ; Column I/O   ;                 ; no       ; On           ;
; F12      ;            ; 8A             ; VCCIO8A                         ; power  ;              ; 2.5V                ; --           ;                 ; --       ; --           ;
; F13      ; 486        ; 8A             ; RESERVED_INPUT_WITH_WEAK_PULLUP ;        ;              ;                     ; Column I/O   ;                 ; no       ; On           ;
; F14      ; 468        ; 8A             ; RESERVED_INPUT_WITH_WEAK_PULLUP ;        ;              ;                     ; Column I/O   ;                 ; no       ; On           ;
; F15      ; 466        ; 8A             ; RESERVED_INPUT_WITH_WEAK_PULLUP ;        ;              ;                     ; Column I/O   ;                 ; no       ; On           ;
; F16      ; 442        ; 7D             ; RESERVED_INPUT_WITH_WEAK_PULLUP ;        ;              ;                     ; Column I/O   ;                 ; no       ; On           ;
; F17      ;            ;                ; GND                             ; gnd    ;              ;                     ; --           ;                 ; --       ; --           ;
; F18      ; 430        ; 7C             ; RESERVED_INPUT_WITH_WEAK_PULLUP ;        ;              ;                     ; Column I/O   ;                 ; no       ; On           ;
; F19      ; 410        ; 7B             ; RESERVED_INPUT_WITH_WEAK_PULLUP ;        ;              ;                     ; Column I/O   ;                 ; no       ; On           ;
; F20      ; 407        ; 7B             ; RESERVED_INPUT_WITH_WEAK_PULLUP ;        ;              ;                     ; Column I/O   ;                 ; no       ; On           ;
; F21      ; 409        ; 7B             ; RESERVED_INPUT_WITH_WEAK_PULLUP ;        ;              ;                     ; Column I/O   ;                 ; no       ; On           ;
; F22      ;            ; 7A             ; VCCIO7A_HPS                     ; power  ;              ; 2.5V                ; --           ;                 ; --       ; --           ;
; F23      ; 375        ; 7A             ; ^HPS_nPOR                       ;        ;              ;                     ; --           ;                 ; --       ; --           ;
; F24      ; 383        ; 7A             ; ^HPS_PORSEL                     ;        ;              ;                     ; --           ;                 ; --       ; --           ;
; F25      ; 385        ; 7A             ; ^HPS_CLK2                       ;        ;              ;                     ; --           ;                 ; --       ; --           ;
; F26      ; 341        ; 6A             ; RESERVED_INPUT_WITH_WEAK_PULLUP ;        ;              ;                     ; Row I/O      ;                 ; no       ; On           ;
; F27      ;            ;                ; GND                             ; gnd    ;              ;                     ; --           ;                 ; --       ; --           ;
; F28      ; 345        ; 6A             ; RESERVED_INPUT_WITH_WEAK_PULLUP ;        ;              ;                     ; Row I/O      ;                 ; no       ; On           ;
; F29      ; 349        ; 6A             ; RESERVED_INPUT_WITH_WEAK_PULLUP ;        ;              ;                     ; Row I/O      ;                 ; no       ; On           ;
; F30      ; 347        ; 6A             ; RESERVED_INPUT_WITH_WEAK_PULLUP ;        ;              ;                     ; Row I/O      ;                 ; no       ; On           ;
; G1       ;            ;                ; RREF                            ;        ;              ;                     ; --           ;                 ; --       ; --           ;
; G2       ;            ;                ; DNU                             ;        ;              ;                     ; --           ;                 ; --       ; --           ;
; G3       ;            ;                ; GND                             ; gnd    ;              ;                     ; --           ;                 ; --       ; --           ;
; G4       ;            ;                ; GND                             ; gnd    ;              ;                     ; --           ;                 ; --       ; --           ;
; G5       ; 542        ; 9A             ; ^nCE                            ;        ;              ;                     ; --           ;                 ; --       ; --           ;
; G6       ; 543        ; 9A             ; ^MSEL2                          ;        ;              ;                     ; --           ;                 ; --       ; --           ;
; G7       ; 535        ; 8A             ; RESERVED_INPUT_WITH_WEAK_PULLUP ;        ;              ;                     ; Column I/O   ;                 ; no       ; On           ;
; G8       ; 492        ; 8A             ; RESERVED_INPUT_WITH_WEAK_PULLUP ;        ;              ;                     ; Column I/O   ;                 ; no       ; On           ;
; G9       ;            ; 8A             ; VCCIO8A                         ; power  ;              ; 2.5V                ; --           ;                 ; --       ; --           ;
; G10      ; 526        ; 8A             ; RESERVED_INPUT_WITH_WEAK_PULLUP ;        ;              ;                     ; Column I/O   ;                 ; no       ; On           ;
; G11      ; 520        ; 8A             ; RESERVED_INPUT_WITH_WEAK_PULLUP ;        ;              ;                     ; Column I/O   ;                 ; no       ; On           ;
; G12      ; 518        ; 8A             ; RESERVED_INPUT_WITH_WEAK_PULLUP ;        ;              ;                     ; Column I/O   ;                 ; no       ; On           ;
; G13      ; 484        ; 8A             ; RESERVED_INPUT_WITH_WEAK_PULLUP ;        ;              ;                     ; Column I/O   ;                 ; no       ; On           ;
; G14      ;            ; 8A             ; VCCIO8A                         ; power  ;              ; 2.5V                ; --           ;                 ; --       ; --           ;
; G15      ; 460        ; 8A             ; borderDR                        ; output ; 2.5 V        ;                     ; Column I/O   ; N               ; no       ; Off          ;
; G16      ; 444        ; 7D             ; RESERVED_INPUT_WITH_WEAK_PULLUP ;        ;              ;                     ; Column I/O   ;                 ; no       ; On           ;
; G17      ; 436        ; 7C             ; RESERVED_INPUT_WITH_WEAK_PULLUP ;        ;              ;                     ; Column I/O   ;                 ; no       ; On           ;
; G18      ; 432        ; 7C             ; RESERVED_INPUT_WITH_WEAK_PULLUP ;        ;              ;                     ; Column I/O   ;                 ; no       ; On           ;
; G19      ;            ; 7B             ; VCCIO7B_HPS                     ; power  ;              ; 2.5V                ; --           ;                 ; --       ; --           ;
; G20      ; 416        ; 7B             ; RESERVED_INPUT_WITH_WEAK_PULLUP ;        ;              ;                     ; Column I/O   ;                 ; no       ; On           ;
; G21      ; 392        ; 7A             ; RESERVED_INPUT_WITH_WEAK_PULLUP ;        ;              ;                     ; Column I/O   ;                 ; no       ; On           ;
; G22      ; 400        ; 7A             ; RESERVED_INPUT_WITH_WEAK_PULLUP ;        ;              ;                     ; Column I/O   ;                 ; no       ; On           ;
; G23      ; 377        ; 7A             ; ^VCCRSTCLK_HPS                  ;        ;              ;                     ; --           ;                 ; --       ; --           ;
; G24      ;            ;                ; GND                             ; gnd    ;              ;                     ; --           ;                 ; --       ; --           ;
; G25      ; 370        ; 6A             ; RESERVED_INPUT_WITH_WEAK_PULLUP ;        ;              ;                     ; Row I/O      ;                 ; no       ; On           ;
; G26      ; 362        ; 6A             ; RESERVED_INPUT_WITH_WEAK_PULLUP ;        ;              ;                     ; Row I/O      ;                 ; no       ; On           ;
; G27      ; 339        ; 6A             ; RESERVED_INPUT_WITH_WEAK_PULLUP ;        ;              ;                     ; Row I/O      ;                 ; --       ; --           ;
; G28      ; 335        ; 6A             ; RESERVED_INPUT_WITH_WEAK_PULLUP ;        ;              ;                     ; Row I/O      ;                 ; no       ; On           ;
; G29      ;            ; 6A             ; VCCIO6A_HPS                     ; power  ;              ; 2.5V                ; --           ;                 ; --       ; --           ;
; G30      ; 343        ; 6A             ; RESERVED_INPUT_WITH_WEAK_PULLUP ;        ;              ;                     ; Row I/O      ;                 ; no       ; On           ;
; H1       ;            ;                ; GND                             ; gnd    ;              ;                     ; --           ;                 ; --       ; --           ;
; H2       ;            ;                ; GND                             ; gnd    ;              ;                     ; --           ;                 ; --       ; --           ;
; H3       ; 0          ; B2L            ; GXB_NC                          ;        ;              ;                     ; --           ;                 ; --       ; --           ;
; H4       ; 1          ; B2L            ; GXB_NC                          ;        ;              ;                     ; --           ;                 ; --       ; --           ;
; H5       ;            ;                ; GND                             ; gnd    ;              ;                     ; --           ;                 ; --       ; --           ;
; H6       ;            ; 8A             ; VCCIO8A                         ; power  ;              ; 2.5V                ; --           ;                 ; --       ; --           ;
; H7       ; 508        ; 8A             ; RESERVED_INPUT_WITH_WEAK_PULLUP ;        ;              ;                     ; Column I/O   ;                 ; no       ; On           ;
; H8       ; 490        ; 8A             ; RESERVED_INPUT_WITH_WEAK_PULLUP ;        ;              ;                     ; Column I/O   ;                 ; no       ; On           ;
; H9       ;            ; --             ; VCCBAT                          ; power  ;              ; 1.2V                ; --           ;                 ; --       ; --           ;
; H10      ;            ; --             ; VCC_AUX                         ; power  ;              ; 2.5V                ; --           ;                 ; --       ; --           ;
; H11      ;            ;                ; GND                             ; gnd    ;              ;                     ; --           ;                 ; --       ; --           ;
; H12      ; 500        ; 8A             ; RESERVED_INPUT_WITH_WEAK_PULLUP ;        ;              ;                     ; Column I/O   ;                 ; no       ; On           ;
; H13      ; 498        ; 8A             ; RESERVED_INPUT_WITH_WEAK_PULLUP ;        ;              ;                     ; Column I/O   ;                 ; no       ; On           ;
; H14      ; 482        ; 8A             ; RESERVED_INPUT_WITH_WEAK_PULLUP ;        ;              ;                     ; Column I/O   ;                 ; no       ; On           ;
; H15      ; 458        ; 8A             ; RESERVED_INPUT_WITH_WEAK_PULLUP ;        ;              ;                     ; Column I/O   ;                 ; no       ; On           ;
; H16      ;            ; 7D             ; VCCIO7D_HPS                     ; power  ;              ; 2.5V                ; --           ;                 ; --       ; --           ;
; H17      ; 434        ; 7C             ; RESERVED_INPUT_WITH_WEAK_PULLUP ;        ;              ;                     ; Column I/O   ;                 ; no       ; On           ;
; H18      ; 422        ; 7B             ; RESERVED_INPUT_WITH_WEAK_PULLUP ;        ;              ;                     ; Column I/O   ;                 ; no       ; On           ;
; H19      ; 406        ; 7B             ; RESERVED_INPUT_WITH_WEAK_PULLUP ;        ;              ;                     ; Column I/O   ;                 ; no       ; On           ;
; H20      ; 398        ; 7A             ; RESERVED_INPUT_WITH_WEAK_PULLUP ;        ;              ;                     ; Column I/O   ;                 ; no       ; On           ;
; H21      ;            ; 7A             ; VCCIO7A_HPS                     ; power  ;              ; 2.5V                ; --           ;                 ; --       ; --           ;
; H22      ; 379        ; 7A             ; ^HPS_TCK                        ;        ;              ;                     ; --           ;                 ; --       ; --           ;
; H23      ; 390        ; 7A             ; RESERVED_INPUT_WITH_WEAK_PULLUP ;        ;              ;                     ; Column I/O   ;                 ; no       ; On           ;
; H24      ; 364        ; 6A             ; RESERVED_INPUT_WITH_WEAK_PULLUP ;        ;              ;                     ; Row I/O      ;                 ; no       ; On           ;
; H25      ; 368        ; 6A             ; RESERVED_INPUT_WITH_WEAK_PULLUP ;        ;              ;                     ; Row I/O      ;                 ; no       ; On           ;
; H26      ;            ; 6A             ; VCCIO6A_HPS                     ; power  ;              ; 2.5V                ; --           ;                 ; --       ; --           ;
; H27      ; 360        ; 6A             ; RESERVED_INPUT_WITH_WEAK_PULLUP ;        ;              ;                     ; Row I/O      ;                 ; no       ; On           ;
; H28      ; 333        ; 6A             ; RESERVED_INPUT_WITH_WEAK_PULLUP ;        ;              ;                     ; Row I/O      ;                 ; no       ; On           ;
; H29      ; 331        ; 6A             ; RESERVED_INPUT_WITH_WEAK_PULLUP ;        ;              ;                     ; Row I/O      ;                 ; no       ; On           ;
; H30      ; 337        ; 6A             ; RESERVED_INPUT_WITH_WEAK_PULLUP ;        ;              ;                     ; Row I/O      ;                 ; no       ; On           ;
; J1       ; 3          ; B2L            ; GND                             ;        ;              ;                     ; --           ;                 ; --       ; --           ;
; J2       ; 2          ; B2L            ; GND                             ;        ;              ;                     ; --           ;                 ; --       ; --           ;
; J3       ;            ;                ; GND                             ; gnd    ;              ;                     ; --           ;                 ; --       ; --           ;
; J4       ;            ;                ; GND                             ; gnd    ;              ;                     ; --           ;                 ; --       ; --           ;
; J5       ; 545        ; 9A             ; ^nCONFIG                        ;        ;              ;                     ; --           ;                 ; --       ; --           ;
; J6       ; 547        ; 9A             ; ^GND                            ;        ;              ;                     ; --           ;                 ; --       ; --           ;
; J7       ; 506        ; 8A             ; RESERVED_INPUT_WITH_WEAK_PULLUP ;        ;              ;                     ; Column I/O   ;                 ; no       ; On           ;
; J8       ;            ;                ; GND                             ; gnd    ;              ;                     ; --           ;                 ; --       ; --           ;
; J9       ; 532        ; 8A             ; RESERVED_INPUT_WITH_WEAK_PULLUP ;        ;              ;                     ; Column I/O   ;                 ; no       ; On           ;
; J10      ; 530        ; 8A             ; RESERVED_INPUT_WITH_WEAK_PULLUP ;        ;              ;                     ; Column I/O   ;                 ; no       ; On           ;
; J11      ;            ; --             ; VCCPGM                          ; power  ;              ; 1.8V/2.5V/3.0V/3.3V ; --           ;                 ; --       ; --           ;
; J12      ; 516        ; 8A             ; RESERVED_INPUT_WITH_WEAK_PULLUP ;        ;              ;                     ; Column I/O   ;                 ; no       ; On           ;
; J13      ;            ; 8A             ; VCCIO8A                         ; power  ;              ; 2.5V                ; --           ;                 ; --       ; --           ;
; J14      ; 476        ; 8A             ; RESERVED_INPUT_WITH_WEAK_PULLUP ;        ;              ;                     ; Column I/O   ;                 ; no       ; On           ;
; J15      ;            ;                ; DNU                             ;        ;              ;                     ; --           ;                 ; --       ; --           ;
; J16      ;            ; --             ; VCC_AUX                         ; power  ;              ; 2.5V                ; --           ;                 ; --       ; --           ;
; J17      ;            ; 7C             ; VCCPD7C_HPS                     ; power  ;              ; 2.5V                ; --           ;                 ; --       ; --           ;
; J18      ;            ;                ; GND                             ; gnd    ;              ;                     ; --           ;                 ; --       ; --           ;
; J19      ; 408        ; 7B             ; RESERVED_INPUT_WITH_WEAK_PULLUP ;        ;              ;                     ; Column I/O   ;                 ; no       ; On           ;
; J20      ;            ; --             ; VCCRSTCLK_HPS                   ; power  ;              ; 1.8V/2.5V/3.0V/3.3V ; --           ;                 ; --       ; --           ;
; J21      ;            ; --             ; VCC_AUX_SHARED                  ; power  ;              ; 2.5V                ; --           ;                 ; --       ; --           ;
; J22      ; 372        ; 7A             ; ^GND                            ;        ;              ;                     ; --           ;                 ; --       ; --           ;
; J23      ; 354        ; 6A             ; RESERVED_INPUT_WITH_WEAK_PULLUP ;        ;              ;                     ; Row I/O      ;                 ; no       ; On           ;
; J24      ; 352        ; 6A             ; RESERVED_INPUT_WITH_WEAK_PULLUP ;        ;              ;                     ; Row I/O      ;                 ; no       ; On           ;
; J25      ; 344        ; 6A             ; RESERVED_INPUT_WITH_WEAK_PULLUP ;        ;              ;                     ; Row I/O      ;                 ; no       ; On           ;
; J26      ; 323        ; 6A             ; RESERVED_INPUT_WITH_WEAK_PULLUP ;        ;              ;                     ; Row I/O      ;                 ; no       ; On           ;
; J27      ; 346        ; 6A             ; RESERVED_INPUT_WITH_WEAK_PULLUP ;        ;              ;                     ; Row I/O      ;                 ; no       ; On           ;
; J28      ;            ;                ; GND                             ; gnd    ;              ;                     ; --           ;                 ; --       ; --           ;
; J29      ; 327        ; 6A             ; RESERVED_INPUT_WITH_WEAK_PULLUP ;        ;              ;                     ; Row I/O      ;                 ; no       ; On           ;
; J30      ; 329        ; 6A             ; RESERVED_INPUT_WITH_WEAK_PULLUP ;        ;              ;                     ; Row I/O      ;                 ; no       ; On           ;
; K1       ;            ;                ; GND                             ; gnd    ;              ;                     ; --           ;                 ; --       ; --           ;
; K2       ;            ;                ; GND                             ; gnd    ;              ;                     ; --           ;                 ; --       ; --           ;
; K3       ; 4          ; B2L            ; GXB_NC                          ;        ;              ;                     ; --           ;                 ; --       ; --           ;
; K4       ; 5          ; B2L            ; GXB_NC                          ;        ;              ;                     ; --           ;                 ; --       ; --           ;
; K5       ;            ;                ; GND                             ; gnd    ;              ;                     ; --           ;                 ; --       ; --           ;
; K6       ; 540        ; 9A             ; ^MSEL1                          ;        ;              ;                     ; --           ;                 ; --       ; --           ;
; K7       ; 522        ; 8A             ; RESERVED_INPUT_WITH_WEAK_PULLUP ;        ;              ;                     ; Column I/O   ;                 ; no       ; On           ;
; K8       ; 524        ; 8A             ; RESERVED_INPUT_WITH_WEAK_PULLUP ;        ;              ;                     ; Column I/O   ;                 ; no       ; On           ;
; K9       ;            ; --             ; VCCA_FPLL                       ; power  ;              ; 2.5V                ; --           ;                 ; --       ; --           ;
; K10      ;            ;                ; GND                             ; gnd    ;              ;                     ; --           ;                 ; --       ; --           ;
; K11      ;            ; 8A             ; VCCPD8A                         ; power  ;              ; 2.5V                ; --           ;                 ; --       ; --           ;
; K12      ; 514        ; 8A             ; RESERVED_INPUT_WITH_WEAK_PULLUP ;        ;              ;                     ; Column I/O   ;                 ; no       ; On           ;
; K13      ;            ; 8A             ; VCCPD8A                         ; power  ;              ; 2.5V                ; --           ;                 ; --       ; --           ;
; K14      ; 474        ; 8A             ; RESERVED_INPUT_WITH_WEAK_PULLUP ;        ;              ;                     ; Column I/O   ;                 ; no       ; On           ;
; K15      ;            ;                ; GND                             ; gnd    ;              ;                     ; --           ;                 ; --       ; --           ;
; K16      ;            ; 7D             ; VCCPD7D_HPS                     ; power  ;              ; 2.5V                ; --           ;                 ; --       ; --           ;
; K17      ; 414        ; 7B             ; RESERVED_INPUT_WITH_WEAK_PULLUP ;        ;              ;                     ; Column I/O   ;                 ; no       ; On           ;
; K18      ;            ; 7B             ; VCCPD7B_HPS                     ; power  ;              ; 2.5V                ; --           ;                 ; --       ; --           ;
; K19      ;            ; 7A             ; VCCPD7A_HPS                     ; power  ;              ; 2.5V                ; --           ;                 ; --       ; --           ;
; K20      ;            ;                ; GND                             ; gnd    ;              ;                     ; --           ;                 ; --       ; --           ;
; K21      ; 366        ; 6A             ; RESERVED_INPUT_WITH_WEAK_PULLUP ;        ;              ;                     ; Row I/O      ;                 ; no       ; On           ;
; K22      ; 336        ; 6A             ; RESERVED_INPUT_WITH_WEAK_PULLUP ;        ;              ;                     ; Row I/O      ;                 ; no       ; On           ;
; K23      ; 338        ; 6A             ; RESERVED_INPUT_WITH_WEAK_PULLUP ;        ;              ;                     ; Row I/O      ;                 ; no       ; On           ;
; K24      ;            ; 6A             ; VCCIO6A_HPS                     ; power  ;              ; 2.5V                ; --           ;                 ; --       ; --           ;
; K25      ;            ;                ; GND                             ; gnd    ;              ;                     ; --           ;                 ; --       ; --           ;
; K26      ; 322        ; 6A             ; RESERVED_INPUT_WITH_WEAK_PULLUP ;        ;              ;                     ; Row I/O      ;                 ; no       ; On           ;
; K27      ; 319        ; 6A             ; RESERVED_INPUT_WITH_WEAK_PULLUP ;        ;              ;                     ; Row I/O      ;                 ; no       ; On           ;
; K28      ; 325        ; 6A             ; RESERVED_INPUT_WITH_WEAK_PULLUP ;        ;              ;                     ; Row I/O      ;                 ; no       ; On           ;
; K29      ; 321        ; 6A             ; RESERVED_INPUT_WITH_WEAK_PULLUP ;        ;              ;                     ; Row I/O      ;                 ; no       ; On           ;
; K30      ;            ; 6A             ; VCCIO6A_HPS                     ; power  ;              ; 2.5V                ; --           ;                 ; --       ; --           ;
; L1       ; 7          ; B2L            ; GND                             ;        ;              ;                     ; --           ;                 ; --       ; --           ;
; L2       ; 6          ; B2L            ; GND                             ;        ;              ;                     ; --           ;                 ; --       ; --           ;
; L3       ;            ;                ; GND                             ; gnd    ;              ;                     ; --           ;                 ; --       ; --           ;
; L4       ;            ;                ; GND                             ; gnd    ;              ;                     ; --           ;                 ; --       ; --           ;
; L5       ;            ; --             ; VCCL_GXBL                       ; power  ;              ; 1.1V                ; --           ;                 ; --       ; --           ;
; L6       ;            ;                ; GND                             ; gnd    ;              ;                     ; --           ;                 ; --       ; --           ;
; L7       ; 544        ; 9A             ; ^MSEL3                          ;        ;              ;                     ; --           ;                 ; --       ; --           ;
; L8       ; 538        ; 9A             ; ^MSEL0                          ;        ;              ;                     ; --           ;                 ; --       ; --           ;
; L9       ; 546        ; 9A             ; ^MSEL4                          ;        ;              ;                     ; --           ;                 ; --       ; --           ;
; L10      ;            ; 8A             ; VCCPD8A                         ; power  ;              ; 2.5V                ; --           ;                 ; --       ; --           ;
; L11      ;            ;                ; GND                             ; gnd    ;              ;                     ; --           ;                 ; --       ; --           ;
; L12      ;            ; 8A             ; VCCPD8A                         ; power  ;              ; 2.5V                ; --           ;                 ; --       ; --           ;
; L13      ;            ;                ; GND                             ; gnd    ;              ;                     ; --           ;                 ; --       ; --           ;
; L14      ;            ; 8A             ; VCCPD8A                         ; power  ;              ; 2.5V                ; --           ;                 ; --       ; --           ;
; L15      ;            ;                ; GND                             ; gnd    ;              ;                     ; --           ;                 ; --       ; --           ;
; L16      ;            ; --             ; VCC_HPS                         ; power  ;              ; 1.1V                ; --           ;                 ; --       ; --           ;
; L17      ;            ;                ; GND                             ; gnd    ;              ;                     ; --           ;                 ; --       ; --           ;
; L18      ;            ; --             ; VCC_HPS                         ; power  ;              ; 1.1V                ; --           ;                 ; --       ; --           ;
; L19      ;            ;                ; GND                             ; gnd    ;              ;                     ; --           ;                 ; --       ; --           ;
; L20      ;            ; --             ; VCC_HPS                         ; power  ;              ; 1.1V                ; --           ;                 ; --       ; --           ;
; L21      ;            ; --             ; VCCPLL_HPS                      ; power  ;              ; 2.5V                ; --           ;                 ; --       ; --           ;
; L22      ;            ;                ; GND                             ; gnd    ;              ;                     ; --           ;                 ; --       ; --           ;
; L23      ; 350        ; 6A             ; RESERVED_INPUT_WITH_WEAK_PULLUP ;        ;              ;                     ; Row I/O      ;                 ; no       ; On           ;
; L24      ; 328        ; 6A             ; RESERVED_INPUT_WITH_WEAK_PULLUP ;        ;              ;                     ; Row I/O      ;                 ; no       ; On           ;
; L25      ; 330        ; 6A             ; RESERVED_INPUT_WITH_WEAK_PULLUP ;        ;              ;                     ; Row I/O      ;                 ; no       ; On           ;
; L26      ; 320        ; 6A             ; RESERVED_INPUT_WITH_WEAK_PULLUP ;        ;              ;                     ; Row I/O      ;                 ; no       ; On           ;
; L27      ;            ; 6A             ; VCCIO6A_HPS                     ; power  ;              ; 2.5V                ; --           ;                 ; --       ; --           ;
; L28      ; 313        ; 6A             ; RESERVED_INPUT_WITH_WEAK_PULLUP ;        ;              ;                     ; Row I/O      ;                 ; no       ; On           ;
; L29      ; 315        ; 6A             ; RESERVED_INPUT_WITH_WEAK_PULLUP ;        ;              ;                     ; Row I/O      ;                 ; no       ; On           ;
; L30      ; 317        ; 6A             ; RESERVED_INPUT_WITH_WEAK_PULLUP ;        ;              ;                     ; Row I/O      ;                 ; no       ; On           ;
; M1       ;            ;                ; GND                             ; gnd    ;              ;                     ; --           ;                 ; --       ; --           ;
; M2       ;            ;                ; GND                             ; gnd    ;              ;                     ; --           ;                 ; --       ; --           ;
; M3       ; 8          ; B2L            ; GXB_NC                          ;        ;              ;                     ; --           ;                 ; --       ; --           ;
; M4       ; 9          ; B2L            ; GXB_NC                          ;        ;              ;                     ; --           ;                 ; --       ; --           ;
; M5       ;            ;                ; GND                             ; gnd    ;              ;                     ; --           ;                 ; --       ; --           ;
; M6       ;            ; --             ; VCCE_GXBL                       ; power  ;              ; 1.1V                ; --           ;                 ; --       ; --           ;
; M7       ;            ;                ; GND                             ; gnd    ;              ;                     ; --           ;                 ; --       ; --           ;
; M8       ;            ;                ; GND                             ; gnd    ;              ;                     ; --           ;                 ; --       ; --           ;
; M9       ;            ; --             ; VCC                             ; power  ;              ; 1.1V                ; --           ;                 ; --       ; --           ;
; M10      ;            ;                ; GND                             ; gnd    ;              ;                     ; --           ;                 ; --       ; --           ;
; M11      ;            ; --             ; VCC                             ; power  ;              ; 1.1V                ; --           ;                 ; --       ; --           ;
; M12      ;            ;                ; GND                             ; gnd    ;              ;                     ; --           ;                 ; --       ; --           ;
; M13      ;            ; --             ; VCC                             ; power  ;              ; 1.1V                ; --           ;                 ; --       ; --           ;
; M14      ;            ;                ; GND                             ; gnd    ;              ;                     ; --           ;                 ; --       ; --           ;
; M15      ;            ; --             ; VCC_HPS                         ; power  ;              ; 1.1V                ; --           ;                 ; --       ; --           ;
; M16      ;            ;                ; GND                             ; gnd    ;              ;                     ; --           ;                 ; --       ; --           ;
; M17      ; 450        ; 7D             ; RESERVED_INPUT_WITH_WEAK_PULLUP ;        ;              ;                     ; Column I/O   ;                 ; no       ; On           ;
; M18      ;            ;                ; GND                             ; gnd    ;              ;                     ; --           ;                 ; --       ; --           ;
; M19      ; 334        ; 6A             ; RESERVED_INPUT_WITH_WEAK_PULLUP ;        ;              ;                     ; Row I/O      ;                 ; no       ; On           ;
; M20      ;            ;                ; GND                             ; gnd    ;              ;                     ; --           ;                 ; --       ; --           ;
; M21      ;            ; 6A, 6B         ; VCCPD6A6B_HPS                   ; power  ;              ; 2.5V                ; --           ;                 ; --       ; --           ;
; M22      ; 308        ; 6A             ; RESERVED_INPUT_WITH_WEAK_PULLUP ;        ;              ;                     ; Row I/O      ;                 ; no       ; On           ;
; M23      ; 348        ; 6A             ; RESERVED_INPUT_WITH_WEAK_PULLUP ;        ;              ;                     ; Row I/O      ;                 ; no       ; On           ;
; M24      ;            ; 6A             ; VCCIO6A_HPS                     ; power  ;              ; 2.5V                ; --           ;                 ; --       ; --           ;
; M25      ; 324        ; 6A             ; RESERVED_INPUT_WITH_WEAK_PULLUP ;        ;              ;                     ; Row I/O      ;                 ; no       ; On           ;
; M26      ; 314        ; 6A             ; RESERVED_INPUT_WITH_WEAK_PULLUP ;        ;              ;                     ; Row I/O      ;                 ; no       ; On           ;
; M27      ; 312        ; 6A             ; RESERVED_INPUT_WITH_WEAK_PULLUP ;        ;              ;                     ; Row I/O      ;                 ; no       ; On           ;
; M28      ; 309        ; 6A             ; RESERVED_INPUT_WITH_WEAK_PULLUP ;        ;              ;                     ; Row I/O      ;                 ; no       ; On           ;
; M29      ;            ;                ; GND                             ; gnd    ;              ;                     ; --           ;                 ; --       ; --           ;
; M30      ; 311        ; 6A             ; RESERVED_INPUT_WITH_WEAK_PULLUP ;        ;              ;                     ; Row I/O      ;                 ; no       ; On           ;
; N1       ; 11         ; B2L            ; GND                             ;        ;              ;                     ; --           ;                 ; --       ; --           ;
; N2       ; 10         ; B2L            ; GND                             ;        ;              ;                     ; --           ;                 ; --       ; --           ;
; N3       ;            ;                ; GND                             ; gnd    ;              ;                     ; --           ;                 ; --       ; --           ;
; N4       ;            ;                ; GND                             ; gnd    ;              ;                     ; --           ;                 ; --       ; --           ;
; N5       ;            ; --             ; VCCE_GXBL                       ; power  ;              ; 1.1V                ; --           ;                 ; --       ; --           ;
; N6       ;            ;                ; GND                             ; gnd    ;              ;                     ; --           ;                 ; --       ; --           ;
; N7       ;            ; --             ; VCCA_FPLL                       ; power  ;              ; 2.5V                ; --           ;                 ; --       ; --           ;
; N8       ;            ;                ; GND                             ; gnd    ;              ;                     ; --           ;                 ; --       ; --           ;
; N9       ;            ;                ; GND                             ; gnd    ;              ;                     ; --           ;                 ; --       ; --           ;
; N10      ;            ; --             ; VCC                             ; power  ;              ; 1.1V                ; --           ;                 ; --       ; --           ;
; N11      ;            ;                ; GND                             ; gnd    ;              ;                     ; --           ;                 ; --       ; --           ;
; N12      ;            ; --             ; VCC                             ; power  ;              ; 1.1V                ; --           ;                 ; --       ; --           ;
; N13      ;            ;                ; GND                             ; gnd    ;              ;                     ; --           ;                 ; --       ; --           ;
; N14      ;            ; --             ; VCC                             ; power  ;              ; 1.1V                ; --           ;                 ; --       ; --           ;
; N15      ;            ;                ; GND                             ; gnd    ;              ;                     ; --           ;                 ; --       ; --           ;
; N16      ; 452        ; 7D             ; RESERVED_INPUT_WITH_WEAK_PULLUP ;        ;              ;                     ; Column I/O   ;                 ; no       ; On           ;
; N17      ;            ;                ; GND                             ; gnd    ;              ;                     ; --           ;                 ; --       ; --           ;
; N18      ; 332        ; 6A             ; RESERVED_INPUT_WITH_WEAK_PULLUP ;        ;              ;                     ; Row I/O      ;                 ; no       ; On           ;
; N19      ;            ;                ; GND                             ; gnd    ;              ;                     ; --           ;                 ; --       ; --           ;
; N20      ;            ; --             ; VCC_HPS                         ; power  ;              ; 1.1V                ; --           ;                 ; --       ; --           ;
; N21      ;            ; 6A             ; VCCIO6A_HPS                     ; power  ;              ; 2.5V                ; --           ;                 ; --       ; --           ;
; N22      ;            ; 6A, 6B         ; VCCPD6A6B_HPS                   ; power  ;              ; 2.5V                ; --           ;                 ; --       ; --           ;
; N23      ; 310        ; 6A             ; RESERVED_INPUT_WITH_WEAK_PULLUP ;        ;              ;                     ; Row I/O      ;                 ; no       ; On           ;
; N24      ; 318        ; 6A             ; RESERVED_INPUT_WITH_WEAK_PULLUP ;        ;              ;                     ; Row I/O      ;                 ; no       ; On           ;
; N25      ; 316        ; 6A             ; RESERVED_INPUT_WITH_WEAK_PULLUP ;        ;              ;                     ; Row I/O      ;                 ; no       ; On           ;
; N26      ;            ;                ; GND                             ; gnd    ;              ;                     ; --           ;                 ; --       ; --           ;
; N27      ; 297        ; 6B             ; RESERVED_INPUT_WITH_WEAK_PULLUP ;        ;              ;                     ; Row I/O      ;                 ; no       ; On           ;
; N28      ; 303        ; 6B             ; RESERVED_INPUT_WITH_WEAK_PULLUP ;        ;              ;                     ; Row I/O      ;                 ; no       ; On           ;
; N29      ; 305        ; 6B             ; RESERVED_INPUT_WITH_WEAK_PULLUP ;        ;              ;                     ; Row I/O      ;                 ; no       ; On           ;
; N30      ; 307        ; 6B             ; RESERVED_INPUT_WITH_WEAK_PULLUP ;        ;              ;                     ; Row I/O      ;                 ; no       ; On           ;
; P1       ;            ;                ; GND                             ; gnd    ;              ;                     ; --           ;                 ; --       ; --           ;
; P2       ;            ;                ; GND                             ; gnd    ;              ;                     ; --           ;                 ; --       ; --           ;
; P3       ; 16         ; B1L            ; GXB_NC                          ;        ;              ;                     ; --           ;                 ; --       ; --           ;
; P4       ; 17         ; B1L            ; GXB_NC                          ;        ;              ;                     ; --           ;                 ; --       ; --           ;
; P5       ;            ;                ; GND                             ; gnd    ;              ;                     ; --           ;                 ; --       ; --           ;
; P6       ;            ; --             ; VCCH_GXBL                       ; power  ;              ; 2.5V                ; --           ;                 ; --       ; --           ;
; P7       ;            ;                ; GND                             ; gnd    ;              ;                     ; --           ;                 ; --       ; --           ;
; P8       ; 13         ; B2L            ; GND                             ;        ;              ;                     ; Row I/O      ;                 ; --       ; --           ;
; P9       ; 12         ; B2L            ; GND                             ;        ;              ;                     ; Row I/O      ;                 ; --       ; --           ;
; P10      ;            ;                ; GND                             ; gnd    ;              ;                     ; --           ;                 ; --       ; --           ;
; P11      ;            ; --             ; VCC                             ; power  ;              ; 1.1V                ; --           ;                 ; --       ; --           ;
; P12      ;            ;                ; GND                             ; gnd    ;              ;                     ; --           ;                 ; --       ; --           ;
; P13      ;            ; --             ; VCC                             ; power  ;              ; 1.1V                ; --           ;                 ; --       ; --           ;
; P14      ;            ;                ; GND                             ; gnd    ;              ;                     ; --           ;                 ; --       ; --           ;
; P15      ;            ; --             ; VCC_HPS                         ; power  ;              ; 1.1V                ; --           ;                 ; --       ; --           ;
; P16      ;            ;                ; GND                             ; gnd    ;              ;                     ; --           ;                 ; --       ; --           ;
; P17      ;            ; --             ; VCC_HPS                         ; power  ;              ; 1.1V                ; --           ;                 ; --       ; --           ;
; P18      ;            ;                ; GND                             ; gnd    ;              ;                     ; --           ;                 ; --       ; --           ;
; P19      ;            ; --             ; VCC_HPS                         ; power  ;              ; 1.1V                ; --           ;                 ; --       ; --           ;
; P20      ;            ;                ; GND                             ; gnd    ;              ;                     ; --           ;                 ; --       ; --           ;
; P21      ;            ; 6A, 6B         ; VCCPD6A6B_HPS                   ; power  ;              ; 2.5V                ; --           ;                 ; --       ; --           ;
; P22      ; 294        ; 6B             ; RESERVED_INPUT_WITH_WEAK_PULLUP ;        ;              ;                     ; Row I/O      ;                 ; no       ; On           ;
; P23      ;            ; 6B             ; VCCIO6B_HPS                     ; power  ;              ; 2.5V                ; --           ;                 ; --       ; --           ;
; P24      ; 290        ; 6B             ; RESERVED_INPUT_WITH_WEAK_PULLUP ;        ;              ;                     ; Row I/O      ;                 ; no       ; On           ;
; P25      ; 288        ; 6B             ; RESERVED_INPUT_WITH_WEAK_PULLUP ;        ;              ;                     ; Row I/O      ;                 ; no       ; On           ;
; P26      ; 298        ; 6B             ; RESERVED_INPUT_WITH_WEAK_PULLUP ;        ;              ;                     ; Row I/O      ;                 ; no       ; On           ;
; P27      ; 296        ; 6B             ; RESERVED_INPUT_WITH_WEAK_PULLUP ;        ;              ;                     ; Row I/O      ;                 ; no       ; On           ;
; P28      ;            ; 6B             ; VCCIO6B_HPS                     ; power  ;              ; 2.5V                ; --           ;                 ; --       ; --           ;
; P29      ; 299        ; 6B             ; RESERVED_INPUT_WITH_WEAK_PULLUP ;        ;              ;                     ; Row I/O      ;                 ; no       ; On           ;
; P30      ; 301        ; 6B             ; RESERVED_INPUT_WITH_WEAK_PULLUP ;        ;              ;                     ; Row I/O      ;                 ; no       ; On           ;
; R1       ; 19         ; B1L            ; GND                             ;        ;              ;                     ; --           ;                 ; --       ; --           ;
; R2       ; 18         ; B1L            ; GND                             ;        ;              ;                     ; --           ;                 ; --       ; --           ;
; R3       ;            ;                ; GND                             ; gnd    ;              ;                     ; --           ;                 ; --       ; --           ;
; R4       ;            ;                ; GND                             ; gnd    ;              ;                     ; --           ;                 ; --       ; --           ;
; R5       ;            ; --             ; VCCL_GXBL                       ; power  ;              ; 1.1V                ; --           ;                 ; --       ; --           ;
; R6       ;            ;                ; GND                             ; gnd    ;              ;                     ; --           ;                 ; --       ; --           ;
; R7       ;            ; --             ; VCCA_FPLL                       ; power  ;              ; 2.5V                ; --           ;                 ; --       ; --           ;
; R8       ;            ;                ; GND                             ; gnd    ;              ;                     ; --           ;                 ; --       ; --           ;
; R9       ;            ;                ; GND                             ; gnd    ;              ;                     ; --           ;                 ; --       ; --           ;
; R10      ;            ; --             ; VCC                             ; power  ;              ; 1.1V                ; --           ;                 ; --       ; --           ;
; R11      ;            ;                ; GND                             ; gnd    ;              ;                     ; --           ;                 ; --       ; --           ;
; R12      ;            ; --             ; VCC                             ; power  ;              ; 1.1V                ; --           ;                 ; --       ; --           ;
; R13      ;            ;                ; GND                             ; gnd    ;              ;                     ; --           ;                 ; --       ; --           ;
; R14      ;            ; --             ; VCC                             ; power  ;              ; 1.1V                ; --           ;                 ; --       ; --           ;
; R15      ;            ;                ; GND                             ; gnd    ;              ;                     ; --           ;                 ; --       ; --           ;
; R16      ;            ; --             ; VCC_HPS                         ; power  ;              ; 1.1V                ; --           ;                 ; --       ; --           ;
; R17      ;            ;                ; GND                             ; gnd    ;              ;                     ; --           ;                 ; --       ; --           ;
; R18      ; 302        ; 6B             ; RESERVED_INPUT_WITH_WEAK_PULLUP ;        ;              ;                     ; Row I/O      ;                 ; no       ; On           ;
; R19      ; 300        ; 6B             ; RESERVED_INPUT_WITH_WEAK_PULLUP ;        ;              ;                     ; Row I/O      ;                 ; no       ; On           ;
; R20      ;            ; 6A, 6B         ; VCCPD6A6B_HPS                   ; power  ;              ; 2.5V                ; --           ;                 ; --       ; --           ;
; R21      ; 286        ; 6B             ; RESERVED_INPUT_WITH_WEAK_PULLUP ;        ;              ;                     ; Row I/O      ;                 ; no       ; On           ;
; R22      ; 284        ; 6B             ; RESERVED_INPUT_WITH_WEAK_PULLUP ;        ;              ;                     ; Row I/O      ;                 ; no       ; On           ;
; R23      ;            ; 6A, 6B         ; VCCPD6A6B_HPS                   ; power  ;              ; 2.5V                ; --           ;                 ; --       ; --           ;
; R24      ; 272        ; 6B             ; RESERVED_INPUT_WITH_WEAK_PULLUP ;        ;              ;                     ; Row I/O      ;                 ; no       ; On           ;
; R25      ;            ; 6B             ; VCCIO6B_HPS                     ; power  ;              ; 2.5V                ; --           ;                 ; --       ; --           ;
; R26      ; 280        ; 6B             ; RESERVED_INPUT_WITH_WEAK_PULLUP ;        ;              ;                     ; Row I/O      ;                 ; no       ; On           ;
; R27      ; 282        ; 6B             ; RESERVED_INPUT_WITH_WEAK_PULLUP ;        ;              ;                     ; Row I/O      ;                 ; no       ; On           ;
; R28      ; 293        ; 6B             ; RESERVED_INPUT_WITH_WEAK_PULLUP ;        ;              ;                     ; Row I/O      ;                 ; no       ; On           ;
; R29      ; 295        ; 6B             ; RESERVED_INPUT_WITH_WEAK_PULLUP ;        ;              ;                     ; Row I/O      ;                 ; no       ; On           ;
; R30      ;            ;                ; GND                             ; gnd    ;              ;                     ; --           ;                 ; --       ; --           ;
; T1       ;            ;                ; GND                             ; gnd    ;              ;                     ; --           ;                 ; --       ; --           ;
; T2       ;            ;                ; GND                             ; gnd    ;              ;                     ; --           ;                 ; --       ; --           ;
; T3       ; 20         ; B1L            ; GXB_NC                          ;        ;              ;                     ; --           ;                 ; --       ; --           ;
; T4       ; 21         ; B1L            ; GXB_NC                          ;        ;              ;                     ; --           ;                 ; --       ; --           ;
; T5       ;            ;                ; GND                             ; gnd    ;              ;                     ; --           ;                 ; --       ; --           ;
; T6       ;            ; --             ; VCCE_GXBL                       ; power  ;              ; 1.1V                ; --           ;                 ; --       ; --           ;
; T7       ;            ;                ; GND                             ; gnd    ;              ;                     ; --           ;                 ; --       ; --           ;
; T8       ; 14         ; B1L            ; GND                             ;        ;              ;                     ; Row I/O      ;                 ; --       ; --           ;
; T9       ; 15         ; B1L            ; GND                             ;        ;              ;                     ; Row I/O      ;                 ; --       ; --           ;
; T10      ;            ;                ; GND                             ; gnd    ;              ;                     ; --           ;                 ; --       ; --           ;
; T11      ;            ; --             ; VCC                             ; power  ;              ; 1.1V                ; --           ;                 ; --       ; --           ;
; T12      ;            ;                ; GND                             ; gnd    ;              ;                     ; --           ;                 ; --       ; --           ;
; T13      ;            ; --             ; VCC                             ; power  ;              ; 1.1V                ; --           ;                 ; --       ; --           ;
; T14      ;            ;                ; GND                             ; gnd    ;              ;                     ; --           ;                 ; --       ; --           ;
; T15      ;            ;                ; GND                             ; gnd    ;              ;                     ; --           ;                 ; --       ; --           ;
; T16      ;            ;                ; GND                             ; gnd    ;              ;                     ; --           ;                 ; --       ; --           ;
; T17      ;            ; --             ; VCC_HPS                         ; power  ;              ; 1.1V                ; --           ;                 ; --       ; --           ;
; T18      ;            ;                ; GND                             ; gnd    ;              ;                     ; --           ;                 ; --       ; --           ;
; T19      ;            ; --             ; VCC_HPS                         ; power  ;              ; 1.1V                ; --           ;                 ; --       ; --           ;
; T20      ;            ;                ; GND                             ; gnd    ;              ;                     ; --           ;                 ; --       ; --           ;
; T21      ; 278        ; 6B             ; RESERVED_INPUT_WITH_WEAK_PULLUP ;        ;              ;                     ; Row I/O      ;                 ; no       ; On           ;
; T22      ;            ; 6B             ; VCCIO6B_HPS                     ; power  ;              ; 2.5V                ; --           ;                 ; --       ; --           ;
; T23      ; 270        ; 6B             ; RESERVED_INPUT_WITH_WEAK_PULLUP ;        ;              ;                     ; Row I/O      ;                 ; no       ; On           ;
; T24      ; 268        ; 6B             ; RESERVED_INPUT_WITH_WEAK_PULLUP ;        ;              ;                     ; Row I/O      ;                 ; no       ; On           ;
; T25      ; 266        ; 6B             ; RESERVED_INPUT_WITH_WEAK_PULLUP ;        ;              ;                     ; Row I/O      ;                 ; no       ; On           ;
; T26      ; 304        ; 6B             ; RESERVED_INPUT_WITH_WEAK_PULLUP ;        ;              ;                     ; Row I/O      ;                 ; no       ; On           ;
; T27      ;            ;                ; GND                             ; gnd    ;              ;                     ; --           ;                 ; --       ; --           ;
; T28      ; 287        ; 6B             ; RESERVED_INPUT_WITH_WEAK_PULLUP ;        ;              ;                     ; Row I/O      ;                 ; no       ; On           ;
; T29      ; 289        ; 6B             ; RESERVED_INPUT_WITH_WEAK_PULLUP ;        ;              ;                     ; Row I/O      ;                 ; no       ; On           ;
; T30      ; 291        ; 6B             ; RESERVED_INPUT_WITH_WEAK_PULLUP ;        ;              ;                     ; Row I/O      ;                 ; no       ; On           ;
; U1       ; 23         ; B1L            ; GND                             ;        ;              ;                     ; --           ;                 ; --       ; --           ;
; U2       ; 22         ; B1L            ; GND                             ;        ;              ;                     ; --           ;                 ; --       ; --           ;
; U3       ;            ;                ; GND                             ; gnd    ;              ;                     ; --           ;                 ; --       ; --           ;
; U4       ;            ;                ; GND                             ; gnd    ;              ;                     ; --           ;                 ; --       ; --           ;
; U5       ;            ; --             ; VCCE_GXBL                       ; power  ;              ; 1.1V                ; --           ;                 ; --       ; --           ;
; U6       ;            ;                ; GND                             ; gnd    ;              ;                     ; --           ;                 ; --       ; --           ;
; U7       ; 50         ; 3A             ; ^DCLK                           ;        ;              ;                     ; Weak Pull Up ;                 ; --       ; On           ;
; U8       ; 48         ; 3A             ; altera_reserved_tdi             ; input  ; 2.5 V        ;                     ; --           ; N               ; no       ; Off          ;
; U9       ;            ;                ; GND                             ; gnd    ;              ;                     ; --           ;                 ; --       ; --           ;
; U10      ;            ; --             ; VCC                             ; power  ;              ; 1.1V                ; --           ;                 ; --       ; --           ;
; U11      ;            ;                ; GND                             ; gnd    ;              ;                     ; --           ;                 ; --       ; --           ;
; U12      ;            ; --             ; VCC                             ; power  ;              ; 1.1V                ; --           ;                 ; --       ; --           ;
; U13      ;            ;                ; GND                             ; gnd    ;              ;                     ; --           ;                 ; --       ; --           ;
; U14      ;            ; --             ; VCC                             ; power  ;              ; 1.1V                ; --           ;                 ; --       ; --           ;
; U15      ;            ;                ; GND                             ; gnd    ;              ;                     ; --           ;                 ; --       ; --           ;
; U16      ;            ; --             ; VCC_HPS                         ; power  ;              ; 1.1V                ; --           ;                 ; --       ; --           ;
; U17      ;            ;                ; GND                             ; gnd    ;              ;                     ; --           ;                 ; --       ; --           ;
; U18      ;            ; --             ; VCC_HPS                         ; power  ;              ; 1.1V                ; --           ;                 ; --       ; --           ;
; U19      ;            ; 6B             ; VCCIO6B_HPS                     ; power  ;              ; 2.5V                ; --           ;                 ; --       ; --           ;
; U20      ; 276        ; 6B             ; RESERVED_INPUT_WITH_WEAK_PULLUP ;        ;              ;                     ; Row I/O      ;                 ; no       ; On           ;
; U21      ;            ; --             ; VCC                             ; power  ;              ; 1.1V                ; --           ;                 ; --       ; --           ;
; U22      ;            ;                ; GND                             ; gnd    ;              ;                     ; --           ;                 ; --       ; --           ;
; U23      ;            ; 5B             ; VCCPD5B                         ; power  ;              ; 2.5V                ; --           ;                 ; --       ; --           ;
; U24      ;            ;                ; GND                             ; gnd    ;              ;                     ; --           ;                 ; --       ; --           ;
; U25      ; 264        ; 6B             ; RESERVED_INPUT_WITH_WEAK_PULLUP ;        ;              ;                     ; Row I/O      ;                 ; no       ; On           ;
; U26      ; 306        ; 6B             ; RESERVED_INPUT_WITH_WEAK_PULLUP ;        ;              ;                     ; Row I/O      ;                 ; no       ; On           ;
; U27      ; 273        ; 6B             ; RESERVED_INPUT_WITH_WEAK_PULLUP ;        ;              ;                     ; Row I/O      ;                 ; no       ; On           ;
; U28      ; 285        ; 6B             ; RESERVED_INPUT_WITH_WEAK_PULLUP ;        ;              ;                     ; Row I/O      ;                 ; no       ; On           ;
; U29      ;            ;                ; GND                             ; gnd    ;              ;                     ; --           ;                 ; --       ; --           ;
; U30      ; 283        ; 6B             ; RESERVED_INPUT_WITH_WEAK_PULLUP ;        ;              ;                     ; Row I/O      ;                 ; --       ; --           ;
; V1       ;            ;                ; GND                             ; gnd    ;              ;                     ; --           ;                 ; --       ; --           ;
; V2       ;            ;                ; GND                             ; gnd    ;              ;                     ; --           ;                 ; --       ; --           ;
; V3       ; 24         ; B1L            ; GXB_NC                          ;        ;              ;                     ; --           ;                 ; --       ; --           ;
; V4       ; 25         ; B1L            ; GXB_NC                          ;        ;              ;                     ; --           ;                 ; --       ; --           ;
; V5       ;            ;                ; GND                             ; gnd    ;              ;                     ; --           ;                 ; --       ; --           ;
; V6       ;            ; --             ; VCCH_GXBL                       ; power  ;              ; 2.5V                ; --           ;                 ; --       ; --           ;
; V7       ;            ;                ; GND                             ; gnd    ;              ;                     ; --           ;                 ; --       ; --           ;
; V8       ;            ; --             ; VCCA_FPLL                       ; power  ;              ; 2.5V                ; --           ;                 ; --       ; --           ;
; V9       ; 44         ; 3A             ; altera_reserved_tms             ; input  ; 2.5 V        ;                     ; --           ; N               ; no       ; Off          ;
; V10      ;            ;                ; GND                             ; gnd    ;              ;                     ; --           ;                 ; --       ; --           ;
; V11      ;            ; --             ; VCC                             ; power  ;              ; 1.1V                ; --           ;                 ; --       ; --           ;
; V12      ;            ;                ; GND                             ; gnd    ;              ;                     ; --           ;                 ; --       ; --           ;
; V13      ;            ; --             ; VCC                             ; power  ;              ; 1.1V                ; --           ;                 ; --       ; --           ;
; V14      ;            ;                ; GND                             ; gnd    ;              ;                     ; --           ;                 ; --       ; --           ;
; V15      ;            ; --             ; VCC                             ; power  ;              ; 1.1V                ; --           ;                 ; --       ; --           ;
; V16      ; 138        ; 4A             ; HEX1[1]                         ; output ; 3.3-V LVTTL  ;                     ; Column I/O   ; Y               ; no       ; Off          ;
; V17      ; 154        ; 4A             ; HEX1[6]                         ; output ; 3.3-V LVTTL  ;                     ; Column I/O   ; Y               ; no       ; Off          ;
; V18      ; 194        ; 4A             ; HEX0[1]                         ; output ; 3.3-V LVTTL  ;                     ; Column I/O   ; Y               ; no       ; Off          ;
; V19      ;            ;                ; GND                             ; gnd    ;              ;                     ; --           ;                 ; --       ; --           ;
; V20      ; 292        ; 6B             ; RESERVED_INPUT_WITH_WEAK_PULLUP ;        ;              ;                     ; Row I/O      ;                 ; no       ; On           ;
; V21      ;            ;                ; GND                             ; gnd    ;              ;                     ; --           ;                 ; --       ; --           ;
; V22      ;            ; 5A             ; VCCPD5A                         ; power  ;              ; 3.3V                ; --           ;                 ; --       ; --           ;
; V23      ; 236        ; 5A             ; RESERVED_INPUT_WITH_WEAK_PULLUP ;        ;              ;                     ; Row I/O      ;                 ; no       ; On           ;
; V24      ;            ; 5A             ; VCCPD5A                         ; power  ;              ; 3.3V                ; --           ;                 ; --       ; --           ;
; V25      ; 246        ; 5B             ; RESERVED_INPUT_WITH_WEAK_PULLUP ;        ;              ;                     ; Row I/O      ;                 ; no       ; On           ;
; V26      ;            ; 6B             ; VCCIO6B_HPS                     ; power  ;              ; 2.5V                ; --           ;                 ; --       ; --           ;
; V27      ; 265        ; 6B             ; RESERVED_INPUT_WITH_WEAK_PULLUP ;        ;              ;                     ; Row I/O      ;                 ; no       ; On           ;
; V28      ; 271        ; 6B             ; RESERVED_INPUT_WITH_WEAK_PULLUP ;        ;              ;                     ; Row I/O      ;                 ; no       ; On           ;
; V29      ; 275        ; 6B             ; RESERVED_INPUT_WITH_WEAK_PULLUP ;        ;              ;                     ; Row I/O      ;                 ; no       ; On           ;
; V30      ; 281        ; 6B             ; RESERVED_INPUT_WITH_WEAK_PULLUP ;        ;              ;                     ; Row I/O      ;                 ; no       ; On           ;
; W1       ; 27         ; B1L            ; GND                             ;        ;              ;                     ; --           ;                 ; --       ; --           ;
; W2       ; 26         ; B1L            ; GND                             ;        ;              ;                     ; --           ;                 ; --       ; --           ;
; W3       ;            ;                ; GND                             ; gnd    ;              ;                     ; --           ;                 ; --       ; --           ;
; W4       ;            ;                ; GND                             ; gnd    ;              ;                     ; --           ;                 ; --       ; --           ;
; W5       ;            ; --             ; VCCL_GXBL                       ; power  ;              ; 1.1V                ; --           ;                 ; --       ; --           ;
; W6       ;            ;                ; GND                             ; gnd    ;              ;                     ; --           ;                 ; --       ; --           ;
; W7       ; 41         ; B0L            ; GND                             ;        ;              ;                     ; Row I/O      ;                 ; --       ; --           ;
; W8       ; 40         ; B0L            ; GND                             ;        ;              ;                     ; Row I/O      ;                 ; --       ; --           ;
; W9       ;            ;                ; GND                             ; gnd    ;              ;                     ; --           ;                 ; --       ; --           ;
; W10      ;            ; --             ; VCC                             ; power  ;              ; 1.1V                ; --           ;                 ; --       ; --           ;
; W11      ;            ;                ; GND                             ; gnd    ;              ;                     ; --           ;                 ; --       ; --           ;
; W12      ;            ; --             ; VCC                             ; power  ;              ; 1.1V                ; --           ;                 ; --       ; --           ;
; W13      ;            ;                ; GND                             ; gnd    ;              ;                     ; --           ;                 ; --       ; --           ;
; W14      ;            ; --             ; VCC                             ; power  ;              ; 1.1V                ; --           ;                 ; --       ; --           ;
; W15      ; 130        ; 3B             ; RESERVED_INPUT_WITH_WEAK_PULLUP ;        ;              ;                     ; Column I/O   ;                 ; no       ; On           ;
; W16      ; 136        ; 4A             ; HEX2[6]                         ; output ; 3.3-V LVTTL  ;                     ; Column I/O   ; Y               ; no       ; Off          ;
; W17      ; 152        ; 4A             ; HEX0[0]                         ; output ; 3.3-V LVTTL  ;                     ; Column I/O   ; Y               ; no       ; Off          ;
; W18      ;            ;                ; GND                             ; gnd    ;              ;                     ; --           ;                 ; --       ; --           ;
; W19      ; 192        ; 4A             ; HEX3[1]                         ; output ; 3.3-V LVTTL  ;                     ; Column I/O   ; Y               ; no       ; Off          ;
; W20      ; 217        ; 5A             ; RESERVED_INPUT_WITH_WEAK_PULLUP ;        ;              ;                     ; Row I/O      ;                 ; no       ; On           ;
; W21      ; 221        ; 5A             ; RESERVED_INPUT_WITH_WEAK_PULLUP ;        ;              ;                     ; Row I/O      ;                 ; no       ; On           ;
; W22      ; 223        ; 5A             ; RESERVED_INPUT_WITH_WEAK_PULLUP ;        ;              ;                     ; Row I/O      ;                 ; no       ; On           ;
; W23      ;            ; 5A             ; VCCIO5A                         ; power  ;              ; 3.3V                ; --           ;                 ; --       ; --           ;
; W24      ; 238        ; 5A             ; RESERVED_INPUT_WITH_WEAK_PULLUP ;        ;              ;                     ; Row I/O      ;                 ; no       ; On           ;
; W25      ; 244        ; 5B             ; RESERVED_INPUT_WITH_WEAK_PULLUP ;        ;              ;                     ; Row I/O      ;                 ; no       ; On           ;
; W26      ; 274        ; 6B             ; RESERVED_INPUT_WITH_WEAK_PULLUP ;        ;              ;                     ; Row I/O      ;                 ; no       ; On           ;
; W27      ; 261        ; 6B             ; RESERVED_INPUT_WITH_WEAK_PULLUP ;        ;              ;                     ; Row I/O      ;                 ; no       ; On           ;
; W28      ;            ;                ; GND                             ; gnd    ;              ;                     ; --           ;                 ; --       ; --           ;
; W29      ; 279        ; 6B             ; RESERVED_INPUT_WITH_WEAK_PULLUP ;        ;              ;                     ; Row I/O      ;                 ; no       ; On           ;
; W30      ; 277        ; 6B             ; RESERVED_INPUT_WITH_WEAK_PULLUP ;        ;              ;                     ; Row I/O      ;                 ; no       ; On           ;
; Y1       ;            ;                ; GND                             ; gnd    ;              ;                     ; --           ;                 ; --       ; --           ;
; Y2       ;            ;                ; GND                             ; gnd    ;              ;                     ; --           ;                 ; --       ; --           ;
; Y3       ; 28         ; B0L            ; GXB_NC                          ;        ;              ;                     ; --           ;                 ; --       ; --           ;
; Y4       ; 29         ; B0L            ; GXB_NC                          ;        ;              ;                     ; --           ;                 ; --       ; --           ;
; Y5       ;            ;                ; GND                             ; gnd    ;              ;                     ; --           ;                 ; --       ; --           ;
; Y6       ;            ; --             ; VCCE_GXBL                       ; power  ;              ; 1.1V                ; --           ;                 ; --       ; --           ;
; Y7       ;            ;                ; GND                             ; gnd    ;              ;                     ; --           ;                 ; --       ; --           ;
; Y8       ;            ;                ; GND                             ; gnd    ;              ;                     ; --           ;                 ; --       ; --           ;
; Y9       ;            ; --             ; VCC                             ; power  ;              ; 1.1V                ; --           ;                 ; --       ; --           ;
; Y10      ;            ;                ; GND                             ; gnd    ;              ;                     ; --           ;                 ; --       ; --           ;
; Y11      ;            ; --             ; VCC                             ; power  ;              ; 1.1V                ; --           ;                 ; --       ; --           ;
; Y12      ;            ;                ; GND                             ; gnd    ;              ;                     ; --           ;                 ; --       ; --           ;
; Y13      ;            ; --             ; VCC                             ; power  ;              ; 1.1V                ; --           ;                 ; --       ; --           ;
; Y14      ;            ;                ; GND                             ; gnd    ;              ;                     ; --           ;                 ; --       ; --           ;
; Y15      ;            ;                ; GND                             ; gnd    ;              ;                     ; --           ;                 ; --       ; --           ;
; Y16      ; 128        ; 3B             ; BG_RGB[4]                       ; output ; 3.3-V LVTTL  ;                     ; Column I/O   ; N               ; no       ; Off          ;
; Y17      ; 170        ; 4A             ; HEX2[3]                         ; output ; 3.3-V LVTTL  ;                     ; Column I/O   ; Y               ; no       ; Off          ;
; Y18      ; 178        ; 4A             ; HEX2[4]                         ; output ; 3.3-V LVTTL  ;                     ; Column I/O   ; Y               ; no       ; Off          ;
; Y19      ; 202        ; 4A             ; HEX3[0]                         ; output ; 3.3-V LVTTL  ;                     ; Column I/O   ; Y               ; no       ; Off          ;
; Y20      ;            ;                ; GND                             ; gnd    ;              ;                     ; --           ;                 ; --       ; --           ;
; Y21      ; 219        ; 5A             ; RESERVED_INPUT_WITH_WEAK_PULLUP ;        ;              ;                     ; Row I/O      ;                 ; no       ; On           ;
; Y22      ;            ; --             ; VCCA_FPLL                       ; power  ;              ; 2.5V                ; --           ;                 ; --       ; --           ;
; Y23      ; 232        ; 5A             ; AUDOUT[7]                       ; output ; 3.3-V LVTTL  ;                     ; Row I/O      ; Y               ; no       ; Off          ;
; Y24      ; 234        ; 5A             ; AUDOUT[6]                       ; output ; 3.3-V LVTTL  ;                     ; Row I/O      ; Y               ; no       ; Off          ;
; Y25      ;            ;                ; GND                             ; gnd    ;              ;                     ; --           ;                 ; --       ; --           ;
; Y26      ; 256        ; 5B             ; RESERVED_INPUT_WITH_WEAK_PULLUP ;        ;              ;                     ; Row I/O      ;                 ; no       ; On           ;
; Y27      ; 258        ; 5B             ; RESERVED_INPUT_WITH_WEAK_PULLUP ;        ;              ;                     ; Row I/O      ;                 ; no       ; On           ;
; Y28      ; 269        ; 6B             ; RESERVED_INPUT_WITH_WEAK_PULLUP ;        ;              ;                     ; Row I/O      ;                 ; no       ; On           ;
; Y29      ; 263        ; 6B             ; RESERVED_INPUT_WITH_WEAK_PULLUP ;        ;              ;                     ; Row I/O      ;                 ; no       ; On           ;
; Y30      ;            ;                ; GND                             ; gnd    ;              ;                     ; --           ;                 ; --       ; --           ;
+----------+------------+----------------+---------------------------------+--------+--------------+---------------------+--------------+-----------------+----------+--------------+
Note: Pin directions (input, output or bidir) are based on device operating in user mode.


+--------------------------------------------------+
; I/O Assignment Warnings                          ;
+-----------+--------------------------------------+
; Pin Name  ; Reason                               ;
+-----------+--------------------------------------+
; AUDOUT[4] ; Missing drive strength and slew rate ;
; AUDOUT[5] ; Missing drive strength and slew rate ;
; AUDOUT[6] ; Missing drive strength and slew rate ;
; borderDR  ; Incomplete set of assignments        ;
; BG_RGB[7] ; Missing drive strength and slew rate ;
; BG_RGB[6] ; Missing drive strength and slew rate ;
; BG_RGB[5] ; Missing drive strength and slew rate ;
; BG_RGB[4] ; Missing drive strength and slew rate ;
; BG_RGB[3] ; Missing drive strength and slew rate ;
; BG_RGB[2] ; Missing drive strength and slew rate ;
; BG_RGB[1] ; Missing drive strength and slew rate ;
; BG_RGB[0] ; Missing drive strength and slew rate ;
; AUDOUT[7] ; Missing drive strength and slew rate ;
; HEX0[6]   ; Missing drive strength and slew rate ;
; HEX0[5]   ; Missing drive strength and slew rate ;
; HEX0[4]   ; Missing drive strength and slew rate ;
; HEX0[3]   ; Missing drive strength and slew rate ;
; HEX0[2]   ; Missing drive strength and slew rate ;
; HEX0[1]   ; Missing drive strength and slew rate ;
; HEX0[0]   ; Missing drive strength and slew rate ;
; HEX1[6]   ; Missing drive strength and slew rate ;
; HEX1[5]   ; Missing drive strength and slew rate ;
; HEX1[4]   ; Missing drive strength and slew rate ;
; HEX1[3]   ; Missing drive strength and slew rate ;
; HEX1[2]   ; Missing drive strength and slew rate ;
; HEX1[1]   ; Missing drive strength and slew rate ;
; HEX1[0]   ; Missing drive strength and slew rate ;
; HEX2[6]   ; Missing drive strength and slew rate ;
; HEX2[5]   ; Missing drive strength and slew rate ;
; HEX2[4]   ; Missing drive strength and slew rate ;
; HEX2[3]   ; Missing drive strength and slew rate ;
; HEX2[2]   ; Missing drive strength and slew rate ;
; HEX2[1]   ; Missing drive strength and slew rate ;
; HEX2[0]   ; Missing drive strength and slew rate ;
; HEX3[6]   ; Missing drive strength and slew rate ;
; HEX3[5]   ; Missing drive strength and slew rate ;
; HEX3[4]   ; Missing drive strength and slew rate ;
; HEX3[3]   ; Missing drive strength and slew rate ;
; HEX3[2]   ; Missing drive strength and slew rate ;
; HEX3[1]   ; Missing drive strength and slew rate ;
; HEX3[0]   ; Missing drive strength and slew rate ;
; HEX4[6]   ; Missing drive strength and slew rate ;
; HEX4[5]   ; Missing drive strength and slew rate ;
; HEX4[4]   ; Missing drive strength and slew rate ;
; HEX4[3]   ; Missing drive strength and slew rate ;
; HEX4[2]   ; Missing drive strength and slew rate ;
; HEX4[1]   ; Missing drive strength and slew rate ;
; HEX4[0]   ; Missing drive strength and slew rate ;
; HEX5[6]   ; Missing drive strength and slew rate ;
; HEX5[5]   ; Missing drive strength and slew rate ;
; HEX5[4]   ; Missing drive strength and slew rate ;
; HEX5[3]   ; Missing drive strength and slew rate ;
; HEX5[2]   ; Missing drive strength and slew rate ;
; HEX5[1]   ; Missing drive strength and slew rate ;
; HEX5[0]   ; Missing drive strength and slew rate ;
; OVGA[28]  ; Missing drive strength and slew rate ;
; OVGA[27]  ; Missing drive strength and slew rate ;
; OVGA[26]  ; Missing drive strength and slew rate ;
; OVGA[25]  ; Missing drive strength and slew rate ;
; OVGA[24]  ; Missing drive strength and slew rate ;
; OVGA[23]  ; Missing drive strength and slew rate ;
; OVGA[22]  ; Missing drive strength and slew rate ;
; OVGA[21]  ; Missing drive strength and slew rate ;
; OVGA[20]  ; Missing drive strength and slew rate ;
; OVGA[19]  ; Missing drive strength and slew rate ;
; OVGA[18]  ; Missing drive strength and slew rate ;
; OVGA[17]  ; Missing drive strength and slew rate ;
; OVGA[16]  ; Missing drive strength and slew rate ;
; OVGA[15]  ; Missing drive strength and slew rate ;
; OVGA[14]  ; Missing drive strength and slew rate ;
; OVGA[13]  ; Missing drive strength and slew rate ;
; OVGA[12]  ; Missing drive strength and slew rate ;
; OVGA[11]  ; Missing drive strength and slew rate ;
; OVGA[10]  ; Missing drive strength and slew rate ;
; OVGA[9]   ; Missing drive strength and slew rate ;
; OVGA[8]   ; Missing drive strength and slew rate ;
; OVGA[7]   ; Missing drive strength and slew rate ;
; OVGA[6]   ; Missing drive strength and slew rate ;
; OVGA[5]   ; Missing drive strength and slew rate ;
; OVGA[4]   ; Missing drive strength and slew rate ;
; OVGA[3]   ; Missing drive strength and slew rate ;
; OVGA[2]   ; Missing drive strength and slew rate ;
; OVGA[1]   ; Missing drive strength and slew rate ;
; OVGA[0]   ; Missing drive strength and slew rate ;
; borderDR  ; Missing location assignment          ;
; BG_RGB[7] ; Missing location assignment          ;
; BG_RGB[6] ; Missing location assignment          ;
; BG_RGB[5] ; Missing location assignment          ;
; BG_RGB[4] ; Missing location assignment          ;
; BG_RGB[3] ; Missing location assignment          ;
; BG_RGB[2] ; Missing location assignment          ;
; BG_RGB[1] ; Missing location assignment          ;
; BG_RGB[0] ; Missing location assignment          ;
+-----------+--------------------------------------+


+-----------------------------------------------------------------------------------------------------------------------------------------------+
; PLL Usage Summary                                                                                                                             ;
+------------------------------------------------------------------------------------------------------------------+----------------------------+
;                                                                                                                  ;                            ;
+------------------------------------------------------------------------------------------------------------------+----------------------------+
; CLK_31P5:inst7|CLK_31P5_0002:clk_31p5_inst|altera_pll:altera_pll_i|general[0].gpll~FRACTIONAL_PLL                ;                            ;
;     -- PLL Type                                                                                                  ; Integer PLL                ;
;     -- PLL Location                                                                                              ; FRACTIONALPLL_X0_Y15_N0    ;
;     -- PLL Feedback clock type                                                                                   ; none                       ;
;     -- PLL Bandwidth                                                                                             ; Auto                       ;
;         -- PLL Bandwidth Range                                                                                   ; 800000 to 400000 Hz        ;
;     -- Reference Clock Frequency                                                                                 ; 50.0 MHz                   ;
;     -- Reference Clock Sourced by                                                                                ; Dedicated Pin              ;
;     -- PLL VCO Frequency                                                                                         ; 630.0 MHz                  ;
;     -- PLL Operation Mode                                                                                        ; Direct                     ;
;     -- PLL Freq Min Lock                                                                                         ; 47.619048 MHz              ;
;     -- PLL Freq Max Lock                                                                                         ; 126.984126 MHz             ;
;     -- PLL Enable                                                                                                ; On                         ;
;     -- PLL Fractional Division                                                                                   ; N/A                        ;
;     -- M Counter                                                                                                 ; 63                         ;
;     -- N Counter                                                                                                 ; 5                          ;
;     -- PLL Refclk Select                                                                                         ;                            ;
;             -- PLL Refclk Select Location                                                                        ; PLLREFCLKSELECT_X0_Y21_N0  ;
;             -- PLL Reference Clock Input 0 source                                                                ; clk_0                      ;
;             -- PLL Reference Clock Input 1 source                                                                ; ref_clk1                   ;
;             -- ADJPLLIN source                                                                                   ; N/A                        ;
;             -- CORECLKIN source                                                                                  ; N/A                        ;
;             -- IQTXRXCLKIN source                                                                                ; N/A                        ;
;             -- PLLIQCLKIN source                                                                                 ; N/A                        ;
;             -- RXIQCLKIN source                                                                                  ; N/A                        ;
;             -- CLKIN(0) source                                                                                   ; CLOCK_50~input             ;
;             -- CLKIN(1) source                                                                                   ; N/A                        ;
;             -- CLKIN(2) source                                                                                   ; N/A                        ;
;             -- CLKIN(3) source                                                                                   ; N/A                        ;
;     -- PLL Output Counter                                                                                        ;                            ;
;         -- CLK_31P5:inst7|CLK_31P5_0002:clk_31p5_inst|altera_pll:altera_pll_i|general[0].gpll~PLL_OUTPUT_COUNTER ;                            ;
;             -- Output Clock Frequency                                                                            ; 31.5 MHz                   ;
;             -- Output Clock Location                                                                             ; PLLOUTPUTCOUNTER_X0_Y20_N1 ;
;             -- C Counter Odd Divider Even Duty Enable                                                            ; Off                        ;
;             -- Duty Cycle                                                                                        ; 50.0000                    ;
;             -- Phase Shift                                                                                       ; 0.000000 degrees           ;
;             -- C Counter                                                                                         ; 20                         ;
;             -- C Counter PH Mux PRST                                                                             ; 0                          ;
;             -- C Counter PRST                                                                                    ; 1                          ;
;                                                                                                                  ;                            ;
+------------------------------------------------------------------------------------------------------------------+----------------------------+


+----------------------------------------------------------------------------------------------------------------------------------------------------------------------------------------------------------------------------------------------------------------------------------------------------------------------------------------------------------------------------------------------------------------------------------------------------------------------------------------------------------------------------------------------------------------------------------------------------------------------------------------------------------------------------------------------------------------------------------------------------------------------------------------------------------------------------------------------------------------+
; Fitter Resource Utilization by Entity                                                                                                                                                                                                                                                                                                                                                                                                                                                                                                                                                                                                                                                                                                                                                                                                                          ;
+-----------------------------------------------------------------------------------------------------------------------------------------+----------------------+----------------------------------+---------------------------------------------------+----------------------------------+----------------------+---------------------+---------------------------+---------------+-------------------+-------+------------+------+--------------+----------------------------------------------------------------------------------------------------------------------------------------------------------------------------------------------------------------------------------------------------------------------------------------------------------------------------------------------------------+-----------------------------------+--------------+
; Compilation Hierarchy Node                                                                                                              ; ALMs needed [=A-B+C] ; [A] ALMs used in final placement ; [B] Estimate of ALMs recoverable by dense packing ; [C] Estimate of ALMs unavailable ; ALMs used for memory ; Combinational ALUTs ; Dedicated Logic Registers ; I/O Registers ; Block Memory Bits ; M10Ks ; DSP Blocks ; Pins ; Virtual Pins ; Full Hierarchy Name                                                                                                                                                                                                                                                                                                                                      ; Entity Name                       ; Library Name ;
+-----------------------------------------------------------------------------------------------------------------------------------------+----------------------+----------------------------------+---------------------------------------------------+----------------------------------+----------------------+---------------------+---------------------------+---------------+-------------------+-------+------------+------+--------------+----------------------------------------------------------------------------------------------------------------------------------------------------------------------------------------------------------------------------------------------------------------------------------------------------------------------------------------------------------+-----------------------------------+--------------+
; |TOP_VGA_DEMO                                                                                                                           ; 6562.5 (0.8)         ; 6797.5 (1.0)                     ; 287.5 (0.2)                                       ; 52.5 (0.0)                       ; 0.0 (0.0)            ; 8556 (2)            ; 5665 (0)                  ; 0 (0)         ; 1392128           ; 176   ; 1          ; 91   ; 0            ; |TOP_VGA_DEMO                                                                                                                                                                                                                                                                                                                                            ; TOP_VGA_DEMO                      ; work         ;
;    |Apple_Block:inst10|                                                                                                                 ; 165.5 (0.0)          ; 178.3 (0.0)                      ; 16.5 (0.0)                                        ; 3.6 (0.0)                        ; 0.0 (0.0)            ; 294 (0)             ; 108 (0)                   ; 0 (0)         ; 13824             ; 3     ; 0          ; 0    ; 0            ; |TOP_VGA_DEMO|Apple_Block:inst10                                                                                                                                                                                                                                                                                                                         ; Apple_Block                       ; work         ;
;       |AppleBitMap:inst3|                                                                                                               ; 17.1 (17.1)          ; 20.0 (20.0)                      ; 4.5 (4.5)                                         ; 1.6 (1.6)                        ; 0.0 (0.0)            ; 32 (32)             ; 0 (0)                     ; 0 (0)         ; 13824             ; 3     ; 0          ; 0    ; 0            ; |TOP_VGA_DEMO|Apple_Block:inst10|AppleBitMap:inst3                                                                                                                                                                                                                                                                                                       ; AppleBitMap                       ; work         ;
;          |lpm_rom:black_apple_rom|                                                                                                      ; 0.0 (0.0)            ; 0.0 (0.0)                        ; 0.0 (0.0)                                         ; 0.0 (0.0)                        ; 0.0 (0.0)            ; 0 (0)               ; 0 (0)                     ; 0 (0)         ; 4608              ; 3     ; 0          ; 0    ; 0            ; |TOP_VGA_DEMO|Apple_Block:inst10|AppleBitMap:inst3|lpm_rom:black_apple_rom                                                                                                                                                                                                                                                                               ; lpm_rom                           ; work         ;
;             |altrom:srom|                                                                                                               ; 0.0 (0.0)            ; 0.0 (0.0)                        ; 0.0 (0.0)                                         ; 0.0 (0.0)                        ; 0.0 (0.0)            ; 0 (0)               ; 0 (0)                     ; 0 (0)         ; 4608              ; 3     ; 0          ; 0    ; 0            ; |TOP_VGA_DEMO|Apple_Block:inst10|AppleBitMap:inst3|lpm_rom:black_apple_rom|altrom:srom                                                                                                                                                                                                                                                                   ; altrom                            ; work         ;
;                |altsyncram:rom_block|                                                                                                   ; 0.0 (0.0)            ; 0.0 (0.0)                        ; 0.0 (0.0)                                         ; 0.0 (0.0)                        ; 0.0 (0.0)            ; 0 (0)               ; 0 (0)                     ; 0 (0)         ; 4608              ; 3     ; 0          ; 0    ; 0            ; |TOP_VGA_DEMO|Apple_Block:inst10|AppleBitMap:inst3|lpm_rom:black_apple_rom|altrom:srom|altsyncram:rom_block                                                                                                                                                                                                                                              ; altsyncram                        ; work         ;
;                   |altsyncram_0181:auto_generated|                                                                                      ; 0.0 (0.0)            ; 0.0 (0.0)                        ; 0.0 (0.0)                                         ; 0.0 (0.0)                        ; 0.0 (0.0)            ; 0 (0)               ; 0 (0)                     ; 0 (0)         ; 4608              ; 3     ; 0          ; 0    ; 0            ; |TOP_VGA_DEMO|Apple_Block:inst10|AppleBitMap:inst3|lpm_rom:black_apple_rom|altrom:srom|altsyncram:rom_block|altsyncram_0181:auto_generated                                                                                                                                                                                                               ; altsyncram_0181                   ; work         ;
;          |lpm_rom:blue_apple_rom|                                                                                                       ; 0.0 (0.0)            ; 0.0 (0.0)                        ; 0.0 (0.0)                                         ; 0.0 (0.0)                        ; 0.0 (0.0)            ; 0 (0)               ; 0 (0)                     ; 0 (0)         ; 4608              ; 0     ; 0          ; 0    ; 0            ; |TOP_VGA_DEMO|Apple_Block:inst10|AppleBitMap:inst3|lpm_rom:blue_apple_rom                                                                                                                                                                                                                                                                                ; lpm_rom                           ; work         ;
;             |altrom:srom|                                                                                                               ; 0.0 (0.0)            ; 0.0 (0.0)                        ; 0.0 (0.0)                                         ; 0.0 (0.0)                        ; 0.0 (0.0)            ; 0 (0)               ; 0 (0)                     ; 0 (0)         ; 4608              ; 0     ; 0          ; 0    ; 0            ; |TOP_VGA_DEMO|Apple_Block:inst10|AppleBitMap:inst3|lpm_rom:blue_apple_rom|altrom:srom                                                                                                                                                                                                                                                                    ; altrom                            ; work         ;
;                |altsyncram:rom_block|                                                                                                   ; 0.0 (0.0)            ; 0.0 (0.0)                        ; 0.0 (0.0)                                         ; 0.0 (0.0)                        ; 0.0 (0.0)            ; 0 (0)               ; 0 (0)                     ; 0 (0)         ; 4608              ; 0     ; 0          ; 0    ; 0            ; |TOP_VGA_DEMO|Apple_Block:inst10|AppleBitMap:inst3|lpm_rom:blue_apple_rom|altrom:srom|altsyncram:rom_block                                                                                                                                                                                                                                               ; altsyncram                        ; work         ;
;                   |altsyncram_bu71:auto_generated|                                                                                      ; 0.0 (0.0)            ; 0.0 (0.0)                        ; 0.0 (0.0)                                         ; 0.0 (0.0)                        ; 0.0 (0.0)            ; 0 (0)               ; 0 (0)                     ; 0 (0)         ; 4608              ; 0     ; 0          ; 0    ; 0            ; |TOP_VGA_DEMO|Apple_Block:inst10|AppleBitMap:inst3|lpm_rom:blue_apple_rom|altrom:srom|altsyncram:rom_block|altsyncram_bu71:auto_generated                                                                                                                                                                                                                ; altsyncram_bu71                   ; work         ;
;          |lpm_rom:red_apple_rom|                                                                                                        ; 0.0 (0.0)            ; 0.0 (0.0)                        ; 0.0 (0.0)                                         ; 0.0 (0.0)                        ; 0.0 (0.0)            ; 0 (0)               ; 0 (0)                     ; 0 (0)         ; 4608              ; 0     ; 0          ; 0    ; 0            ; |TOP_VGA_DEMO|Apple_Block:inst10|AppleBitMap:inst3|lpm_rom:red_apple_rom                                                                                                                                                                                                                                                                                 ; lpm_rom                           ; work         ;
;             |altrom:srom|                                                                                                               ; 0.0 (0.0)            ; 0.0 (0.0)                        ; 0.0 (0.0)                                         ; 0.0 (0.0)                        ; 0.0 (0.0)            ; 0 (0)               ; 0 (0)                     ; 0 (0)         ; 4608              ; 0     ; 0          ; 0    ; 0            ; |TOP_VGA_DEMO|Apple_Block:inst10|AppleBitMap:inst3|lpm_rom:red_apple_rom|altrom:srom                                                                                                                                                                                                                                                                     ; altrom                            ; work         ;
;                |altsyncram:rom_block|                                                                                                   ; 0.0 (0.0)            ; 0.0 (0.0)                        ; 0.0 (0.0)                                         ; 0.0 (0.0)                        ; 0.0 (0.0)            ; 0 (0)               ; 0 (0)                     ; 0 (0)         ; 4608              ; 0     ; 0          ; 0    ; 0            ; |TOP_VGA_DEMO|Apple_Block:inst10|AppleBitMap:inst3|lpm_rom:red_apple_rom|altrom:srom|altsyncram:rom_block                                                                                                                                                                                                                                                ; altsyncram                        ; work         ;
;                   |altsyncram_uq71:auto_generated|                                                                                      ; 0.0 (0.0)            ; 0.0 (0.0)                        ; 0.0 (0.0)                                         ; 0.0 (0.0)                        ; 0.0 (0.0)            ; 0 (0)               ; 0 (0)                     ; 0 (0)         ; 4608              ; 0     ; 0          ; 0    ; 0            ; |TOP_VGA_DEMO|Apple_Block:inst10|AppleBitMap:inst3|lpm_rom:red_apple_rom|altrom:srom|altsyncram:rom_block|altsyncram_uq71:auto_generated                                                                                                                                                                                                                 ; altsyncram_uq71                   ; work         ;
;       |apple_position_controller:inst5|                                                                                                 ; 19.2 (19.2)          ; 19.2 (19.2)                      ; 0.0 (0.0)                                         ; 0.0 (0.0)                        ; 0.0 (0.0)            ; 33 (33)             ; 0 (0)                     ; 0 (0)         ; 0                 ; 0     ; 0          ; 0    ; 0            ; |TOP_VGA_DEMO|Apple_Block:inst10|apple_position_controller:inst5                                                                                                                                                                                                                                                                                         ; apple_position_controller         ; work         ;
;       |apple_topleft_calc:inst1|                                                                                                        ; 18.0 (18.0)          ; 19.3 (19.3)                      ; 1.3 (1.3)                                         ; 0.0 (0.0)                        ; 0.0 (0.0)            ; 40 (40)             ; 0 (0)                     ; 0 (0)         ; 0                 ; 0     ; 0          ; 0    ; 0            ; |TOP_VGA_DEMO|Apple_Block:inst10|apple_topleft_calc:inst1                                                                                                                                                                                                                                                                                                ; apple_topleft_calc                ; work         ;
;       |blue_apple_controller:inst8|                                                                                                     ; 3.8 (3.8)            ; 3.0 (3.0)                        ; 0.0 (0.0)                                         ; 0.8 (0.8)                        ; 0.0 (0.0)            ; 6 (6)               ; 5 (5)                     ; 0 (0)         ; 0                 ; 0     ; 0          ; 0    ; 0            ; |TOP_VGA_DEMO|Apple_Block:inst10|blue_apple_controller:inst8                                                                                                                                                                                                                                                                                             ; blue_apple_controller             ; work         ;
;       |randomCounter:inst|                                                                                                              ; 38.7 (38.7)          ; 41.0 (41.0)                      ; 3.1 (3.1)                                         ; 0.8 (0.8)                        ; 0.0 (0.0)            ; 71 (71)             ; 68 (68)                   ; 0 (0)         ; 0                 ; 0     ; 0          ; 0    ; 0            ; |TOP_VGA_DEMO|Apple_Block:inst10|randomCounter:inst                                                                                                                                                                                                                                                                                                      ; randomCounter                     ; work         ;
;       |square_object:inst11|                                                                                                            ; 23.7 (23.7)          ; 25.5 (25.5)                      ; 1.8 (1.8)                                         ; 0.0 (0.0)                        ; 0.0 (0.0)            ; 37 (37)             ; 11 (11)                   ; 0 (0)         ; 0                 ; 0     ; 0          ; 0    ; 0            ; |TOP_VGA_DEMO|Apple_Block:inst10|square_object:inst11                                                                                                                                                                                                                                                                                                    ; square_object                     ; work         ;
;       |square_object:inst12|                                                                                                            ; 21.8 (21.8)          ; 24.8 (24.8)                      ; 3.4 (3.4)                                         ; 0.4 (0.4)                        ; 0.0 (0.0)            ; 37 (37)             ; 12 (12)                   ; 0 (0)         ; 0                 ; 0     ; 0          ; 0    ; 0            ; |TOP_VGA_DEMO|Apple_Block:inst10|square_object:inst12                                                                                                                                                                                                                                                                                                    ; square_object                     ; work         ;
;       |square_object:inst13|                                                                                                            ; 22.7 (22.7)          ; 25.5 (25.5)                      ; 2.8 (2.8)                                         ; 0.0 (0.0)                        ; 0.0 (0.0)            ; 38 (38)             ; 12 (12)                   ; 0 (0)         ; 0                 ; 0     ; 0          ; 0    ; 0            ; |TOP_VGA_DEMO|Apple_Block:inst10|square_object:inst13                                                                                                                                                                                                                                                                                                    ; square_object                     ; work         ;
;    |Audio_Block:inst6|                                                                                                                  ; 202.5 (0.0)          ; 204.5 (0.0)                      ; 2.0 (0.0)                                         ; 0.0 (0.0)                        ; 0.0 (0.0)            ; 340 (0)             ; 212 (0)                   ; 0 (0)         ; 32768             ; 4     ; 0          ; 0    ; 0            ; |TOP_VGA_DEMO|Audio_Block:inst6                                                                                                                                                                                                                                                                                                                          ; Audio_Block                       ; work         ;
;       |AUDIO:inst|                                                                                                                      ; 199.5 (0.0)          ; 201.5 (0.0)                      ; 2.0 (0.0)                                         ; 0.0 (0.0)                        ; 0.0 (0.0)            ; 334 (0)             ; 208 (0)                   ; 0 (0)         ; 32768             ; 4     ; 0          ; 0    ; 0            ; |TOP_VGA_DEMO|Audio_Block:inst6|AUDIO:inst                                                                                                                                                                                                                                                                                                               ; AUDIO                             ; work         ;
;          |ToneDecoder:inst4|                                                                                                            ; 10.0 (10.0)          ; 10.0 (10.0)                      ; 0.0 (0.0)                                         ; 0.0 (0.0)                        ; 0.0 (0.0)            ; 12 (12)             ; 0 (0)                     ; 0 (0)         ; 0                 ; 0     ; 0          ; 0    ; 0            ; |TOP_VGA_DEMO|Audio_Block:inst6|AUDIO:inst|ToneDecoder:inst4                                                                                                                                                                                                                                                                                             ; ToneDecoder                       ; work         ;
;          |addr_counter:inst9|                                                                                                           ; 5.3 (5.3)            ; 5.8 (5.8)                        ; 0.5 (0.5)                                         ; 0.0 (0.0)                        ; 0.0 (0.0)            ; 11 (11)             ; 11 (11)                   ; 0 (0)         ; 0                 ; 0     ; 0          ; 0    ; 0            ; |TOP_VGA_DEMO|Audio_Block:inst6|AUDIO:inst|addr_counter:inst9                                                                                                                                                                                                                                                                                            ; addr_counter                      ; work         ;
;          |audio_codec_controller:inst|                                                                                                  ; 72.0 (0.0)           ; 72.2 (0.0)                       ; 0.2 (0.0)                                         ; 0.0 (0.0)                        ; 0.0 (0.0)            ; 123 (0)             ; 94 (0)                    ; 0 (0)         ; 0                 ; 0     ; 0          ; 0    ; 0            ; |TOP_VGA_DEMO|Audio_Block:inst6|AUDIO:inst|audio_codec_controller:inst                                                                                                                                                                                                                                                                                   ; audio_codec_controller            ; work         ;
;             |CLOCK_500:CLOCK_500_inst|                                                                                                  ; 15.4 (15.4)          ; 15.4 (15.4)                      ; 0.0 (0.0)                                         ; 0.0 (0.0)                        ; 0.0 (0.0)            ; 31 (31)             ; 21 (21)                   ; 0 (0)         ; 0                 ; 0     ; 0          ; 0    ; 0            ; |TOP_VGA_DEMO|Audio_Block:inst6|AUDIO:inst|audio_codec_controller:inst|CLOCK_500:CLOCK_500_inst                                                                                                                                                                                                                                                          ; CLOCK_500                         ; work         ;
;             |DualSerial2parallel:DualSerial2parallel_inst|                                                                              ; 34.0 (34.0)          ; 34.4 (34.4)                      ; 0.4 (0.4)                                         ; 0.0 (0.0)                        ; 0.0 (0.0)            ; 61 (61)             ; 51 (51)                   ; 0 (0)         ; 0                 ; 0     ; 0          ; 0    ; 0            ; |TOP_VGA_DEMO|Audio_Block:inst6|AUDIO:inst|audio_codec_controller:inst|DualSerial2parallel:DualSerial2parallel_inst                                                                                                                                                                                                                                      ; DualSerial2parallel               ; work         ;
;             |i2c:i2c_inst|                                                                                                              ; 22.2 (22.2)          ; 22.3 (22.3)                      ; 0.2 (0.2)                                         ; 0.0 (0.0)                        ; 0.0 (0.0)            ; 31 (31)             ; 22 (22)                   ; 0 (0)         ; 0                 ; 0     ; 0          ; 0    ; 0            ; |TOP_VGA_DEMO|Audio_Block:inst6|AUDIO:inst|audio_codec_controller:inst|i2c:i2c_inst                                                                                                                                                                                                                                                                      ; i2c                               ; work         ;
;          |melody_player_1:inst5|                                                                                                        ; 46.7 (26.3)          ; 47.8 (26.5)                      ; 1.2 (0.2)                                         ; 0.0 (0.0)                        ; 0.0 (0.0)            ; 92 (52)             ; 56 (21)                   ; 0 (0)         ; 32768             ; 4     ; 0          ; 0    ; 0            ; |TOP_VGA_DEMO|Audio_Block:inst6|AUDIO:inst|melody_player_1:inst5                                                                                                                                                                                                                                                                                         ; melody_player_1                   ; work         ;
;             |Mili_sec_counter:mili_sec_counter_inst|                                                                                    ; 20.3 (20.3)          ; 21.3 (21.3)                      ; 1.0 (1.0)                                         ; 0.0 (0.0)                        ; 0.0 (0.0)            ; 40 (40)             ; 35 (35)                   ; 0 (0)         ; 0                 ; 0     ; 0          ; 0    ; 0            ; |TOP_VGA_DEMO|Audio_Block:inst6|AUDIO:inst|melody_player_1:inst5|Mili_sec_counter:mili_sec_counter_inst                                                                                                                                                                                                                                                  ; Mili_sec_counter                  ; work         ;
;             |lpm_rom:rom_inst|                                                                                                          ; 0.0 (0.0)            ; 0.0 (0.0)                        ; 0.0 (0.0)                                         ; 0.0 (0.0)                        ; 0.0 (0.0)            ; 0 (0)               ; 0 (0)                     ; 0 (0)         ; 32768             ; 4     ; 0          ; 0    ; 0            ; |TOP_VGA_DEMO|Audio_Block:inst6|AUDIO:inst|melody_player_1:inst5|lpm_rom:rom_inst                                                                                                                                                                                                                                                                        ; lpm_rom                           ; work         ;
;                |altrom:srom|                                                                                                            ; 0.0 (0.0)            ; 0.0 (0.0)                        ; 0.0 (0.0)                                         ; 0.0 (0.0)                        ; 0.0 (0.0)            ; 0 (0)               ; 0 (0)                     ; 0 (0)         ; 32768             ; 4     ; 0          ; 0    ; 0            ; |TOP_VGA_DEMO|Audio_Block:inst6|AUDIO:inst|melody_player_1:inst5|lpm_rom:rom_inst|altrom:srom                                                                                                                                                                                                                                                            ; altrom                            ; work         ;
;                   |altsyncram:rom_block|                                                                                                ; 0.0 (0.0)            ; 0.0 (0.0)                        ; 0.0 (0.0)                                         ; 0.0 (0.0)                        ; 0.0 (0.0)            ; 0 (0)               ; 0 (0)                     ; 0 (0)         ; 32768             ; 4     ; 0          ; 0    ; 0            ; |TOP_VGA_DEMO|Audio_Block:inst6|AUDIO:inst|melody_player_1:inst5|lpm_rom:rom_inst|altrom:srom|altsyncram:rom_block                                                                                                                                                                                                                                       ; altsyncram                        ; work         ;
;                      |altsyncram_se71:auto_generated|                                                                                   ; 0.0 (0.0)            ; 0.0 (0.0)                        ; 0.0 (0.0)                                         ; 0.0 (0.0)                        ; 0.0 (0.0)            ; 0 (0)               ; 0 (0)                     ; 0 (0)         ; 32768             ; 4     ; 0          ; 0    ; 0            ; |TOP_VGA_DEMO|Audio_Block:inst6|AUDIO:inst|melody_player_1:inst5|lpm_rom:rom_inst|altrom:srom|altsyncram:rom_block|altsyncram_se71:auto_generated                                                                                                                                                                                                        ; altsyncram_se71                   ; work         ;
;          |prescaler:inst3|                                                                                                              ; 25.8 (25.8)          ; 25.8 (25.8)                      ; 0.0 (0.0)                                         ; 0.0 (0.0)                        ; 0.0 (0.0)            ; 44 (44)             ; 36 (36)                   ; 0 (0)         ; 0                 ; 0     ; 0          ; 0    ; 0            ; |TOP_VGA_DEMO|Audio_Block:inst6|AUDIO:inst|prescaler:inst3                                                                                                                                                                                                                                                                                               ; prescaler                         ; work         ;
;          |sintable:inst1|                                                                                                               ; 39.0 (39.0)          ; 39.8 (39.8)                      ; 0.8 (0.8)                                         ; 0.0 (0.0)                        ; 0.0 (0.0)            ; 52 (52)             ; 11 (11)                   ; 0 (0)         ; 0                 ; 0     ; 0          ; 0    ; 0            ; |TOP_VGA_DEMO|Audio_Block:inst6|AUDIO:inst|sintable:inst1                                                                                                                                                                                                                                                                                                ; sintable                          ; work         ;
;       |sound_effect_controller:inst1|                                                                                                   ; 3.0 (3.0)            ; 3.0 (3.0)                        ; 0.0 (0.0)                                         ; 0.0 (0.0)                        ; 0.0 (0.0)            ; 6 (6)               ; 4 (4)                     ; 0 (0)         ; 0                 ; 0     ; 0          ; 0    ; 0            ; |TOP_VGA_DEMO|Audio_Block:inst6|sound_effect_controller:inst1                                                                                                                                                                                                                                                                                            ; sound_effect_controller           ; work         ;
;    |CLK_31P5:inst7|                                                                                                                     ; 0.0 (0.0)            ; 0.0 (0.0)                        ; 0.0 (0.0)                                         ; 0.0 (0.0)                        ; 0.0 (0.0)            ; 0 (0)               ; 0 (0)                     ; 0 (0)         ; 0                 ; 0     ; 0          ; 0    ; 0            ; |TOP_VGA_DEMO|CLK_31P5:inst7                                                                                                                                                                                                                                                                                                                             ; CLK_31P5                          ; CLK_31P5     ;
;       |CLK_31P5_0002:clk_31p5_inst|                                                                                                     ; 0.0 (0.0)            ; 0.0 (0.0)                        ; 0.0 (0.0)                                         ; 0.0 (0.0)                        ; 0.0 (0.0)            ; 0 (0)               ; 0 (0)                     ; 0 (0)         ; 0                 ; 0     ; 0          ; 0    ; 0            ; |TOP_VGA_DEMO|CLK_31P5:inst7|CLK_31P5_0002:clk_31p5_inst                                                                                                                                                                                                                                                                                                 ; CLK_31P5_0002                     ; CLK_31P5     ;
;          |altera_pll:altera_pll_i|                                                                                                      ; 0.0 (0.0)            ; 0.0 (0.0)                        ; 0.0 (0.0)                                         ; 0.0 (0.0)                        ; 0.0 (0.0)            ; 0 (0)               ; 0 (0)                     ; 0 (0)         ; 0                 ; 0     ; 0          ; 0    ; 0            ; |TOP_VGA_DEMO|CLK_31P5:inst7|CLK_31P5_0002:clk_31p5_inst|altera_pll:altera_pll_i                                                                                                                                                                                                                                                                         ; altera_pll                        ; work         ;
;    |Hex_Block:inst5|                                                                                                                    ; 7.0 (0.0)            ; 7.5 (0.0)                        ; 0.5 (0.0)                                         ; 0.0 (0.0)                        ; 0.0 (0.0)            ; 14 (0)              ; 0 (0)                     ; 0 (0)         ; 0                 ; 0     ; 0          ; 0    ; 0            ; |TOP_VGA_DEMO|Hex_Block:inst5                                                                                                                                                                                                                                                                                                                            ; Hex_Block                         ; work         ;
;       |SEG7:inst34|                                                                                                                     ; 3.5 (3.5)            ; 3.5 (3.5)                        ; 0.0 (0.0)                                         ; 0.0 (0.0)                        ; 0.0 (0.0)            ; 7 (7)               ; 0 (0)                     ; 0 (0)         ; 0                 ; 0     ; 0          ; 0    ; 0            ; |TOP_VGA_DEMO|Hex_Block:inst5|SEG7:inst34                                                                                                                                                                                                                                                                                                                ; SEG7                              ; work         ;
;       |SEG7:inst35|                                                                                                                     ; 1.5 (1.5)            ; 1.5 (1.5)                        ; 0.0 (0.0)                                         ; 0.0 (0.0)                        ; 0.0 (0.0)            ; 3 (3)               ; 0 (0)                     ; 0 (0)         ; 0                 ; 0     ; 0          ; 0    ; 0            ; |TOP_VGA_DEMO|Hex_Block:inst5|SEG7:inst35                                                                                                                                                                                                                                                                                                                ; SEG7                              ; work         ;
;       |snakeLengthDigits:inst1|                                                                                                         ; 2.0 (2.0)            ; 2.5 (2.5)                        ; 0.5 (0.5)                                         ; 0.0 (0.0)                        ; 0.0 (0.0)            ; 4 (4)               ; 0 (0)                     ; 0 (0)         ; 0                 ; 0     ; 0          ; 0    ; 0            ; |TOP_VGA_DEMO|Hex_Block:inst5|snakeLengthDigits:inst1                                                                                                                                                                                                                                                                                                    ; snakeLengthDigits                 ; work         ;
;    |Score_Block:inst11|                                                                                                                 ; 33.7 (0.0)           ; 36.1 (0.0)                       ; 3.1 (0.0)                                         ; 0.8 (0.0)                        ; 0.0 (0.0)            ; 60 (0)              ; 43 (0)                    ; 0 (0)         ; 8192              ; 1     ; 0          ; 0    ; 0            ; |TOP_VGA_DEMO|Score_Block:inst11                                                                                                                                                                                                                                                                                                                         ; Score_Block                       ; work         ;
;       |NumbersBitMap:inst500|                                                                                                           ; 6.3 (6.3)            ; 6.8 (6.8)                        ; 0.5 (0.5)                                         ; 0.0 (0.0)                        ; 0.0 (0.0)            ; 19 (19)             ; 0 (0)                     ; 0 (0)         ; 8192              ; 1     ; 0          ; 0    ; 0            ; |TOP_VGA_DEMO|Score_Block:inst11|NumbersBitMap:inst500                                                                                                                                                                                                                                                                                                   ; NumbersBitMap                     ; work         ;
;          |lpm_rom:rom_inst|                                                                                                             ; 0.0 (0.0)            ; 0.0 (0.0)                        ; 0.0 (0.0)                                         ; 0.0 (0.0)                        ; 0.0 (0.0)            ; 0 (0)               ; 0 (0)                     ; 0 (0)         ; 8192              ; 1     ; 0          ; 0    ; 0            ; |TOP_VGA_DEMO|Score_Block:inst11|NumbersBitMap:inst500|lpm_rom:rom_inst                                                                                                                                                                                                                                                                                  ; lpm_rom                           ; work         ;
;             |altrom:srom|                                                                                                               ; 0.0 (0.0)            ; 0.0 (0.0)                        ; 0.0 (0.0)                                         ; 0.0 (0.0)                        ; 0.0 (0.0)            ; 0 (0)               ; 0 (0)                     ; 0 (0)         ; 8192              ; 1     ; 0          ; 0    ; 0            ; |TOP_VGA_DEMO|Score_Block:inst11|NumbersBitMap:inst500|lpm_rom:rom_inst|altrom:srom                                                                                                                                                                                                                                                                      ; altrom                            ; work         ;
;                |altsyncram:rom_block|                                                                                                   ; 0.0 (0.0)            ; 0.0 (0.0)                        ; 0.0 (0.0)                                         ; 0.0 (0.0)                        ; 0.0 (0.0)            ; 0 (0)               ; 0 (0)                     ; 0 (0)         ; 8192              ; 1     ; 0          ; 0    ; 0            ; |TOP_VGA_DEMO|Score_Block:inst11|NumbersBitMap:inst500|lpm_rom:rom_inst|altrom:srom|altsyncram:rom_block                                                                                                                                                                                                                                                 ; altsyncram                        ; work         ;
;                   |altsyncram_me81:auto_generated|                                                                                      ; 0.0 (0.0)            ; 0.0 (0.0)                        ; 0.0 (0.0)                                         ; 0.0 (0.0)                        ; 0.0 (0.0)            ; 0 (0)               ; 0 (0)                     ; 0 (0)         ; 8192              ; 1     ; 0          ; 0    ; 0            ; |TOP_VGA_DEMO|Score_Block:inst11|NumbersBitMap:inst500|lpm_rom:rom_inst|altrom:srom|altsyncram:rom_block|altsyncram_me81:auto_generated                                                                                                                                                                                                                  ; altsyncram_me81                   ; work         ;
;       |appleCounter:inst133|                                                                                                            ; 13.0 (13.0)          ; 13.2 (13.2)                      ; 0.3 (0.3)                                         ; 0.0 (0.0)                        ; 0.0 (0.0)            ; 25 (25)             ; 12 (12)                   ; 0 (0)         ; 0                 ; 0     ; 0          ; 0    ; 0            ; |TOP_VGA_DEMO|Score_Block:inst11|appleCounter:inst133                                                                                                                                                                                                                                                                                                    ; appleCounter                      ; work         ;
;       |highscoreComp:inst1|                                                                                                             ; 3.9 (3.9)            ; 4.0 (4.0)                        ; 0.5 (0.5)                                         ; 0.4 (0.4)                        ; 0.0 (0.0)            ; 4 (4)               ; 8 (8)                     ; 0 (0)         ; 0                 ; 0     ; 0          ; 0    ; 0            ; |TOP_VGA_DEMO|Score_Block:inst11|highscoreComp:inst1                                                                                                                                                                                                                                                                                                     ; highscoreComp                     ; work         ;
;       |square_object:inst4|                                                                                                             ; 7.5 (7.5)            ; 8.8 (8.8)                        ; 1.6 (1.6)                                         ; 0.4 (0.4)                        ; 0.0 (0.0)            ; 11 (11)             ; 12 (12)                   ; 0 (0)         ; 0                 ; 0     ; 0          ; 0    ; 0            ; |TOP_VGA_DEMO|Score_Block:inst11|square_object:inst4                                                                                                                                                                                                                                                                                                     ; square_object                     ; work         ;
;       |square_object:inst42|                                                                                                            ; 3.1 (3.1)            ; 3.3 (3.3)                        ; 0.3 (0.3)                                         ; 0.0 (0.0)                        ; 0.0 (0.0)            ; 1 (1)               ; 11 (11)                   ; 0 (0)         ; 0                 ; 0     ; 0          ; 0    ; 0            ; |TOP_VGA_DEMO|Score_Block:inst11|square_object:inst42                                                                                                                                                                                                                                                                                                    ; square_object                     ; work         ;
;    |Snake_Block:inst13|                                                                                                                 ; 5541.9 (0.0)         ; 5650.9 (0.0)                     ; 156.9 (0.0)                                       ; 47.9 (0.0)                       ; 0.0 (0.0)            ; 6878 (0)            ; 4642 (0)                  ; 0 (0)         ; 9216              ; 2     ; 0          ; 0    ; 0            ; |TOP_VGA_DEMO|Snake_Block:inst13                                                                                                                                                                                                                                                                                                                         ; Snake_Block                       ; work         ;
;       |headBitMap:inst5|                                                                                                                ; 16.2 (16.2)          ; 16.2 (16.2)                      ; 0.0 (0.0)                                         ; 0.0 (0.0)                        ; 0.0 (0.0)            ; 31 (31)             ; 9 (9)                     ; 0 (0)         ; 4608              ; 1     ; 0          ; 0    ; 0            ; |TOP_VGA_DEMO|Snake_Block:inst13|headBitMap:inst5                                                                                                                                                                                                                                                                                                        ; headBitMap                        ; work         ;
;          |lpm_rom:rom_inst|                                                                                                             ; 0.0 (0.0)            ; 0.0 (0.0)                        ; 0.0 (0.0)                                         ; 0.0 (0.0)                        ; 0.0 (0.0)            ; 0 (0)               ; 0 (0)                     ; 0 (0)         ; 4608              ; 1     ; 0          ; 0    ; 0            ; |TOP_VGA_DEMO|Snake_Block:inst13|headBitMap:inst5|lpm_rom:rom_inst                                                                                                                                                                                                                                                                                       ; lpm_rom                           ; work         ;
;             |altrom:srom|                                                                                                               ; 0.0 (0.0)            ; 0.0 (0.0)                        ; 0.0 (0.0)                                         ; 0.0 (0.0)                        ; 0.0 (0.0)            ; 0 (0)               ; 0 (0)                     ; 0 (0)         ; 4608              ; 1     ; 0          ; 0    ; 0            ; |TOP_VGA_DEMO|Snake_Block:inst13|headBitMap:inst5|lpm_rom:rom_inst|altrom:srom                                                                                                                                                                                                                                                                           ; altrom                            ; work         ;
;                |altsyncram:rom_block|                                                                                                   ; 0.0 (0.0)            ; 0.0 (0.0)                        ; 0.0 (0.0)                                         ; 0.0 (0.0)                        ; 0.0 (0.0)            ; 0 (0)               ; 0 (0)                     ; 0 (0)         ; 4608              ; 1     ; 0          ; 0    ; 0            ; |TOP_VGA_DEMO|Snake_Block:inst13|headBitMap:inst5|lpm_rom:rom_inst|altrom:srom|altsyncram:rom_block                                                                                                                                                                                                                                                      ; altsyncram                        ; work         ;
;                   |altsyncram_lt71:auto_generated|                                                                                      ; 0.0 (0.0)            ; 0.0 (0.0)                        ; 0.0 (0.0)                                         ; 0.0 (0.0)                        ; 0.0 (0.0)            ; 0 (0)               ; 0 (0)                     ; 0 (0)         ; 4608              ; 1     ; 0          ; 0    ; 0            ; |TOP_VGA_DEMO|Snake_Block:inst13|headBitMap:inst5|lpm_rom:rom_inst|altrom:srom|altsyncram:rom_block|altsyncram_lt71:auto_generated                                                                                                                                                                                                                       ; altsyncram_lt71                   ; work         ;
;       |snake_body:inst6|                                                                                                                ; 5024.2 (5024.2)      ; 5118.2 (5118.2)                  ; 141.4 (141.4)                                     ; 47.4 (47.4)                      ; 0.0 (0.0)            ; 6010 (6010)         ; 4386 (4386)               ; 0 (0)         ; 4608              ; 1     ; 0          ; 0    ; 0            ; |TOP_VGA_DEMO|Snake_Block:inst13|snake_body:inst6                                                                                                                                                                                                                                                                                                        ; snake_body                        ; work         ;
;          |lpm_rom:rom_inst|                                                                                                             ; 0.0 (0.0)            ; 0.0 (0.0)                        ; 0.0 (0.0)                                         ; 0.0 (0.0)                        ; 0.0 (0.0)            ; 0 (0)               ; 0 (0)                     ; 0 (0)         ; 4608              ; 1     ; 0          ; 0    ; 0            ; |TOP_VGA_DEMO|Snake_Block:inst13|snake_body:inst6|lpm_rom:rom_inst                                                                                                                                                                                                                                                                                       ; lpm_rom                           ; work         ;
;             |altrom:srom|                                                                                                               ; 0.0 (0.0)            ; 0.0 (0.0)                        ; 0.0 (0.0)                                         ; 0.0 (0.0)                        ; 0.0 (0.0)            ; 0 (0)               ; 0 (0)                     ; 0 (0)         ; 4608              ; 1     ; 0          ; 0    ; 0            ; |TOP_VGA_DEMO|Snake_Block:inst13|snake_body:inst6|lpm_rom:rom_inst|altrom:srom                                                                                                                                                                                                                                                                           ; altrom                            ; work         ;
;                |altsyncram:rom_block|                                                                                                   ; 0.0 (0.0)            ; 0.0 (0.0)                        ; 0.0 (0.0)                                         ; 0.0 (0.0)                        ; 0.0 (0.0)            ; 0 (0)               ; 0 (0)                     ; 0 (0)         ; 4608              ; 1     ; 0          ; 0    ; 0            ; |TOP_VGA_DEMO|Snake_Block:inst13|snake_body:inst6|lpm_rom:rom_inst|altrom:srom|altsyncram:rom_block                                                                                                                                                                                                                                                      ; altsyncram                        ; work         ;
;                   |altsyncram_hu71:auto_generated|                                                                                      ; 0.0 (0.0)            ; 0.0 (0.0)                        ; 0.0 (0.0)                                         ; 0.0 (0.0)                        ; 0.0 (0.0)            ; 0 (0)               ; 0 (0)                     ; 0 (0)         ; 4608              ; 1     ; 0          ; 0    ; 0            ; |TOP_VGA_DEMO|Snake_Block:inst13|snake_body:inst6|lpm_rom:rom_inst|altrom:srom|altsyncram:rom_block|altsyncram_hu71:auto_generated                                                                                                                                                                                                                       ; altsyncram_hu71                   ; work         ;
;       |snake_head:inst3|                                                                                                                ; 447.2 (447.2)        ; 458.5 (458.5)                    ; 11.8 (11.8)                                       ; 0.5 (0.5)                        ; 0.0 (0.0)            ; 733 (733)           ; 217 (217)                 ; 0 (0)         ; 0                 ; 0     ; 0          ; 0    ; 0            ; |TOP_VGA_DEMO|Snake_Block:inst13|snake_head:inst3                                                                                                                                                                                                                                                                                                        ; snake_head                        ; work         ;
;       |speed_controller:inst|                                                                                                           ; 30.5 (30.5)          ; 30.5 (30.5)                      ; 0.0 (0.0)                                         ; 0.0 (0.0)                        ; 0.0 (0.0)            ; 58 (58)             ; 17 (17)                   ; 0 (0)         ; 0                 ; 0     ; 0          ; 0    ; 0            ; |TOP_VGA_DEMO|Snake_Block:inst13|speed_controller:inst                                                                                                                                                                                                                                                                                                   ; speed_controller                  ; work         ;
;       |square_object:inst4|                                                                                                             ; 23.7 (23.7)          ; 27.5 (27.5)                      ; 3.8 (3.8)                                         ; 0.0 (0.0)                        ; 0.0 (0.0)            ; 46 (46)             ; 13 (13)                   ; 0 (0)         ; 0                 ; 0     ; 0          ; 0    ; 0            ; |TOP_VGA_DEMO|Snake_Block:inst13|square_object:inst4                                                                                                                                                                                                                                                                                                     ; square_object                     ; work         ;
;    |TOP_KBD:inst16|                                                                                                                     ; 31.7 (0.0)           ; 39.2 (0.0)                       ; 7.5 (0.0)                                         ; 0.0 (0.0)                        ; 0.0 (0.0)            ; 53 (0)              ; 60 (0)                    ; 0 (0)         ; 0                 ; 0     ; 0          ; 0    ; 0            ; |TOP_VGA_DEMO|TOP_KBD:inst16                                                                                                                                                                                                                                                                                                                             ; TOP_KBD                           ; work         ;
;       |KBDINTF:inst|                                                                                                                    ; 26.5 (0.0)           ; 33.7 (0.0)                       ; 7.2 (0.0)                                         ; 0.0 (0.0)                        ; 0.0 (0.0)            ; 40 (0)              ; 54 (0)                    ; 0 (0)         ; 0                 ; 0     ; 0          ; 0    ; 0            ; |TOP_VGA_DEMO|TOP_KBD:inst16|KBDINTF:inst                                                                                                                                                                                                                                                                                                                ; KBDINTF                           ; work         ;
;          |bitrec:inst4|                                                                                                                 ; 10.2 (10.2)          ; 15.3 (15.3)                      ; 5.1 (5.1)                                         ; 0.0 (0.0)                        ; 0.0 (0.0)            ; 16 (16)             ; 30 (30)                   ; 0 (0)         ; 0                 ; 0     ; 0          ; 0    ; 0            ; |TOP_VGA_DEMO|TOP_KBD:inst16|KBDINTF:inst|bitrec:inst4                                                                                                                                                                                                                                                                                                   ; bitrec                            ; work         ;
;          |byterec:inst3|                                                                                                                ; 13.3 (13.3)          ; 13.4 (13.4)                      ; 0.1 (0.1)                                         ; 0.0 (0.0)                        ; 0.0 (0.0)            ; 19 (19)             ; 19 (19)                   ; 0 (0)         ; 0                 ; 0     ; 0          ; 0    ; 0            ; |TOP_VGA_DEMO|TOP_KBD:inst16|KBDINTF:inst|byterec:inst3                                                                                                                                                                                                                                                                                                  ; byterec                           ; work         ;
;          |lpf:inst5|                                                                                                                    ; 3.0 (3.0)            ; 5.0 (5.0)                        ; 2.0 (2.0)                                         ; 0.0 (0.0)                        ; 0.0 (0.0)            ; 5 (5)               ; 5 (5)                     ; 0 (0)         ; 0                 ; 0     ; 0          ; 0    ; 0            ; |TOP_VGA_DEMO|TOP_KBD:inst16|KBDINTF:inst|lpf:inst5                                                                                                                                                                                                                                                                                                      ; lpf                               ; work         ;
;       |keyPad_decoder:inst2|                                                                                                            ; 5.2 (5.2)            ; 5.5 (5.5)                        ; 0.3 (0.3)                                         ; 0.0 (0.0)                        ; 0.0 (0.0)            ; 13 (13)             ; 6 (6)                     ; 0 (0)         ; 0                 ; 0     ; 0          ; 0    ; 0            ; |TOP_VGA_DEMO|TOP_KBD:inst16|keyPad_decoder:inst2                                                                                                                                                                                                                                                                                                        ; keyPad_decoder                    ; work         ;
;    |VGA_Controller:inst|                                                                                                                ; 36.7 (36.7)          ; 41.9 (41.9)                      ; 5.3 (5.3)                                         ; 0.0 (0.0)                        ; 0.0 (0.0)            ; 73 (73)             ; 32 (32)                   ; 0 (0)         ; 0                 ; 0     ; 0          ; 0    ; 0            ; |TOP_VGA_DEMO|VGA_Controller:inst                                                                                                                                                                                                                                                                                                                        ; VGA_Controller                    ; work         ;
;    |back_ground_draw:inst4|                                                                                                             ; 194.0 (103.8)        ; 198.1 (108.3)                    ; 4.1 (4.5)                                         ; 0.0 (0.0)                        ; 0.0 (0.0)            ; 349 (170)           ; 5 (0)                     ; 0 (0)         ; 472576            ; 60    ; 0          ; 0    ; 0            ; |TOP_VGA_DEMO|back_ground_draw:inst4                                                                                                                                                                                                                                                                                                                     ; back_ground_draw                  ; work         ;
;       |lpm_divide:Div0|                                                                                                                 ; 43.0 (0.0)           ; 43.0 (0.0)                       ; 0.0 (0.0)                                         ; 0.0 (0.0)                        ; 0.0 (0.0)            ; 86 (0)              ; 0 (0)                     ; 0 (0)         ; 0                 ; 0     ; 0          ; 0    ; 0            ; |TOP_VGA_DEMO|back_ground_draw:inst4|lpm_divide:Div0                                                                                                                                                                                                                                                                                                     ; lpm_divide                        ; work         ;
;          |lpm_divide_gbm:auto_generated|                                                                                                ; 43.0 (0.0)           ; 43.0 (0.0)                       ; 0.0 (0.0)                                         ; 0.0 (0.0)                        ; 0.0 (0.0)            ; 86 (0)              ; 0 (0)                     ; 0 (0)         ; 0                 ; 0     ; 0          ; 0    ; 0            ; |TOP_VGA_DEMO|back_ground_draw:inst4|lpm_divide:Div0|lpm_divide_gbm:auto_generated                                                                                                                                                                                                                                                                       ; lpm_divide_gbm                    ; work         ;
;             |sign_div_unsign_mlh:divider|                                                                                               ; 43.0 (0.0)           ; 43.0 (0.0)                       ; 0.0 (0.0)                                         ; 0.0 (0.0)                        ; 0.0 (0.0)            ; 86 (0)              ; 0 (0)                     ; 0 (0)         ; 0                 ; 0     ; 0          ; 0    ; 0            ; |TOP_VGA_DEMO|back_ground_draw:inst4|lpm_divide:Div0|lpm_divide_gbm:auto_generated|sign_div_unsign_mlh:divider                                                                                                                                                                                                                                           ; sign_div_unsign_mlh               ; work         ;
;                |alt_u_div_ive:divider|                                                                                                  ; 43.0 (43.0)          ; 43.0 (43.0)                      ; 0.0 (0.0)                                         ; 0.0 (0.0)                        ; 0.0 (0.0)            ; 86 (86)             ; 0 (0)                     ; 0 (0)         ; 0                 ; 0     ; 0          ; 0    ; 0            ; |TOP_VGA_DEMO|back_ground_draw:inst4|lpm_divide:Div0|lpm_divide_gbm:auto_generated|sign_div_unsign_mlh:divider|alt_u_div_ive:divider                                                                                                                                                                                                                     ; alt_u_div_ive                     ; work         ;
;       |lpm_divide:Div1|                                                                                                                 ; 41.8 (0.0)           ; 41.8 (0.0)                       ; 0.0 (0.0)                                         ; 0.0 (0.0)                        ; 0.0 (0.0)            ; 86 (0)              ; 0 (0)                     ; 0 (0)         ; 0                 ; 0     ; 0          ; 0    ; 0            ; |TOP_VGA_DEMO|back_ground_draw:inst4|lpm_divide:Div1                                                                                                                                                                                                                                                                                                     ; lpm_divide                        ; work         ;
;          |lpm_divide_gbm:auto_generated|                                                                                                ; 41.8 (0.0)           ; 41.8 (0.0)                       ; 0.0 (0.0)                                         ; 0.0 (0.0)                        ; 0.0 (0.0)            ; 86 (0)              ; 0 (0)                     ; 0 (0)         ; 0                 ; 0     ; 0          ; 0    ; 0            ; |TOP_VGA_DEMO|back_ground_draw:inst4|lpm_divide:Div1|lpm_divide_gbm:auto_generated                                                                                                                                                                                                                                                                       ; lpm_divide_gbm                    ; work         ;
;             |sign_div_unsign_mlh:divider|                                                                                               ; 41.8 (0.0)           ; 41.8 (0.0)                       ; 0.0 (0.0)                                         ; 0.0 (0.0)                        ; 0.0 (0.0)            ; 86 (0)              ; 0 (0)                     ; 0 (0)         ; 0                 ; 0     ; 0          ; 0    ; 0            ; |TOP_VGA_DEMO|back_ground_draw:inst4|lpm_divide:Div1|lpm_divide_gbm:auto_generated|sign_div_unsign_mlh:divider                                                                                                                                                                                                                                           ; sign_div_unsign_mlh               ; work         ;
;                |alt_u_div_ive:divider|                                                                                                  ; 41.8 (41.8)          ; 41.8 (41.8)                      ; 0.0 (0.0)                                         ; 0.0 (0.0)                        ; 0.0 (0.0)            ; 86 (86)             ; 0 (0)                     ; 0 (0)         ; 0                 ; 0     ; 0          ; 0    ; 0            ; |TOP_VGA_DEMO|back_ground_draw:inst4|lpm_divide:Div1|lpm_divide_gbm:auto_generated|sign_div_unsign_mlh:divider|alt_u_div_ive:divider                                                                                                                                                                                                                     ; alt_u_div_ive                     ; work         ;
;       |lpm_rom:grass_tile_rom|                                                                                                          ; 0.0 (0.0)            ; 0.0 (0.0)                        ; 0.0 (0.0)                                         ; 0.0 (0.0)                        ; 0.0 (0.0)            ; 0 (0)               ; 0 (0)                     ; 0 (0)         ; 4608              ; 3     ; 0          ; 0    ; 0            ; |TOP_VGA_DEMO|back_ground_draw:inst4|lpm_rom:grass_tile_rom                                                                                                                                                                                                                                                                                              ; lpm_rom                           ; work         ;
;          |altrom:srom|                                                                                                                  ; 0.0 (0.0)            ; 0.0 (0.0)                        ; 0.0 (0.0)                                         ; 0.0 (0.0)                        ; 0.0 (0.0)            ; 0 (0)               ; 0 (0)                     ; 0 (0)         ; 4608              ; 3     ; 0          ; 0    ; 0            ; |TOP_VGA_DEMO|back_ground_draw:inst4|lpm_rom:grass_tile_rom|altrom:srom                                                                                                                                                                                                                                                                                  ; altrom                            ; work         ;
;             |altsyncram:rom_block|                                                                                                      ; 0.0 (0.0)            ; 0.0 (0.0)                        ; 0.0 (0.0)                                         ; 0.0 (0.0)                        ; 0.0 (0.0)            ; 0 (0)               ; 0 (0)                     ; 0 (0)         ; 4608              ; 3     ; 0          ; 0    ; 0            ; |TOP_VGA_DEMO|back_ground_draw:inst4|lpm_rom:grass_tile_rom|altrom:srom|altsyncram:rom_block                                                                                                                                                                                                                                                             ; altsyncram                        ; work         ;
;                |altsyncram_vu71:auto_generated|                                                                                         ; 0.0 (0.0)            ; 0.0 (0.0)                        ; 0.0 (0.0)                                         ; 0.0 (0.0)                        ; 0.0 (0.0)            ; 0 (0)               ; 0 (0)                     ; 0 (0)         ; 4608              ; 3     ; 0          ; 0    ; 0            ; |TOP_VGA_DEMO|back_ground_draw:inst4|lpm_rom:grass_tile_rom|altrom:srom|altsyncram:rom_block|altsyncram_vu71:auto_generated                                                                                                                                                                                                                              ; altsyncram_vu71                   ; work         ;
;       |lpm_rom:rock_tile_rom|                                                                                                           ; 0.0 (0.0)            ; 0.0 (0.0)                        ; 0.0 (0.0)                                         ; 0.0 (0.0)                        ; 0.0 (0.0)            ; 0 (0)               ; 0 (0)                     ; 0 (0)         ; 4608              ; 0     ; 0          ; 0    ; 0            ; |TOP_VGA_DEMO|back_ground_draw:inst4|lpm_rom:rock_tile_rom                                                                                                                                                                                                                                                                                               ; lpm_rom                           ; work         ;
;          |altrom:srom|                                                                                                                  ; 0.0 (0.0)            ; 0.0 (0.0)                        ; 0.0 (0.0)                                         ; 0.0 (0.0)                        ; 0.0 (0.0)            ; 0 (0)               ; 0 (0)                     ; 0 (0)         ; 4608              ; 0     ; 0          ; 0    ; 0            ; |TOP_VGA_DEMO|back_ground_draw:inst4|lpm_rom:rock_tile_rom|altrom:srom                                                                                                                                                                                                                                                                                   ; altrom                            ; work         ;
;             |altsyncram:rom_block|                                                                                                      ; 0.0 (0.0)            ; 0.0 (0.0)                        ; 0.0 (0.0)                                         ; 0.0 (0.0)                        ; 0.0 (0.0)            ; 0 (0)               ; 0 (0)                     ; 0 (0)         ; 4608              ; 0     ; 0          ; 0    ; 0            ; |TOP_VGA_DEMO|back_ground_draw:inst4|lpm_rom:rock_tile_rom|altrom:srom|altsyncram:rom_block                                                                                                                                                                                                                                                              ; altsyncram                        ; work         ;
;                |altsyncram_er71:auto_generated|                                                                                         ; 0.0 (0.0)            ; 0.0 (0.0)                        ; 0.0 (0.0)                                         ; 0.0 (0.0)                        ; 0.0 (0.0)            ; 0 (0)               ; 0 (0)                     ; 0 (0)         ; 4608              ; 0     ; 0          ; 0    ; 0            ; |TOP_VGA_DEMO|back_ground_draw:inst4|lpm_rom:rock_tile_rom|altrom:srom|altsyncram:rom_block|altsyncram_er71:auto_generated                                                                                                                                                                                                                               ; altsyncram_er71                   ; work         ;
;       |lpm_rom:stone_tile_rom|                                                                                                          ; 0.0 (0.0)            ; 0.0 (0.0)                        ; 0.0 (0.0)                                         ; 0.0 (0.0)                        ; 0.0 (0.0)            ; 0 (0)               ; 0 (0)                     ; 0 (0)         ; 4608              ; 0     ; 0          ; 0    ; 0            ; |TOP_VGA_DEMO|back_ground_draw:inst4|lpm_rom:stone_tile_rom                                                                                                                                                                                                                                                                                              ; lpm_rom                           ; work         ;
;          |altrom:srom|                                                                                                                  ; 0.0 (0.0)            ; 0.0 (0.0)                        ; 0.0 (0.0)                                         ; 0.0 (0.0)                        ; 0.0 (0.0)            ; 0 (0)               ; 0 (0)                     ; 0 (0)         ; 4608              ; 0     ; 0          ; 0    ; 0            ; |TOP_VGA_DEMO|back_ground_draw:inst4|lpm_rom:stone_tile_rom|altrom:srom                                                                                                                                                                                                                                                                                  ; altrom                            ; work         ;
;             |altsyncram:rom_block|                                                                                                      ; 0.0 (0.0)            ; 0.0 (0.0)                        ; 0.0 (0.0)                                         ; 0.0 (0.0)                        ; 0.0 (0.0)            ; 0 (0)               ; 0 (0)                     ; 0 (0)         ; 4608              ; 0     ; 0          ; 0    ; 0            ; |TOP_VGA_DEMO|back_ground_draw:inst4|lpm_rom:stone_tile_rom|altrom:srom|altsyncram:rom_block                                                                                                                                                                                                                                                             ; altsyncram                        ; work         ;
;                |altsyncram_8v71:auto_generated|                                                                                         ; 0.0 (0.0)            ; 0.0 (0.0)                        ; 0.0 (0.0)                                         ; 0.0 (0.0)                        ; 0.0 (0.0)            ; 0 (0)               ; 0 (0)                     ; 0 (0)         ; 4608              ; 0     ; 0          ; 0    ; 0            ; |TOP_VGA_DEMO|back_ground_draw:inst4|lpm_rom:stone_tile_rom|altrom:srom|altsyncram:rom_block|altsyncram_8v71:auto_generated                                                                                                                                                                                                                              ; altsyncram_8v71                   ; work         ;
;       |lpm_rom:top_background_rom|                                                                                                      ; 4.3 (0.0)            ; 5.0 (0.0)                        ; 0.7 (0.0)                                         ; 0.0 (0.0)                        ; 0.0 (0.0)            ; 7 (0)               ; 5 (0)                     ; 0 (0)         ; 450560            ; 56    ; 0          ; 0    ; 0            ; |TOP_VGA_DEMO|back_ground_draw:inst4|lpm_rom:top_background_rom                                                                                                                                                                                                                                                                                          ; lpm_rom                           ; work         ;
;          |altrom:srom|                                                                                                                  ; 4.3 (0.0)            ; 5.0 (0.0)                        ; 0.7 (0.0)                                         ; 0.0 (0.0)                        ; 0.0 (0.0)            ; 7 (0)               ; 5 (0)                     ; 0 (0)         ; 450560            ; 56    ; 0          ; 0    ; 0            ; |TOP_VGA_DEMO|back_ground_draw:inst4|lpm_rom:top_background_rom|altrom:srom                                                                                                                                                                                                                                                                              ; altrom                            ; work         ;
;             |altsyncram:rom_block|                                                                                                      ; 4.3 (0.0)            ; 5.0 (0.0)                        ; 0.7 (0.0)                                         ; 0.0 (0.0)                        ; 0.0 (0.0)            ; 7 (0)               ; 5 (0)                     ; 0 (0)         ; 450560            ; 56    ; 0          ; 0    ; 0            ; |TOP_VGA_DEMO|back_ground_draw:inst4|lpm_rom:top_background_rom|altrom:srom|altsyncram:rom_block                                                                                                                                                                                                                                                         ; altsyncram                        ; work         ;
;                |altsyncram_pn81:auto_generated|                                                                                         ; 4.3 (0.8)            ; 5.0 (1.5)                        ; 0.7 (0.7)                                         ; 0.0 (0.0)                        ; 0.0 (0.0)            ; 7 (0)               ; 5 (5)                     ; 0 (0)         ; 450560            ; 56    ; 0          ; 0    ; 0            ; |TOP_VGA_DEMO|back_ground_draw:inst4|lpm_rom:top_background_rom|altrom:srom|altsyncram:rom_block|altsyncram_pn81:auto_generated                                                                                                                                                                                                                          ; altsyncram_pn81                   ; work         ;
;                   |decode_51a:rden_decode|                                                                                              ; 3.5 (3.5)            ; 3.5 (3.5)                        ; 0.0 (0.0)                                         ; 0.0 (0.0)                        ; 0.0 (0.0)            ; 7 (7)               ; 0 (0)                     ; 0 (0)         ; 0                 ; 0     ; 0          ; 0    ; 0            ; |TOP_VGA_DEMO|back_ground_draw:inst4|lpm_rom:top_background_rom|altrom:srom|altsyncram:rom_block|altsyncram_pn81:auto_generated|decode_51a:rden_decode                                                                                                                                                                                                   ; decode_51a                        ; work         ;
;       |lpm_rom:wood_tile_rom|                                                                                                           ; 0.0 (0.0)            ; 0.0 (0.0)                        ; 0.0 (0.0)                                         ; 0.0 (0.0)                        ; 0.0 (0.0)            ; 0 (0)               ; 0 (0)                     ; 0 (0)         ; 8192              ; 1     ; 0          ; 0    ; 0            ; |TOP_VGA_DEMO|back_ground_draw:inst4|lpm_rom:wood_tile_rom                                                                                                                                                                                                                                                                                               ; lpm_rom                           ; work         ;
;          |altrom:srom|                                                                                                                  ; 0.0 (0.0)            ; 0.0 (0.0)                        ; 0.0 (0.0)                                         ; 0.0 (0.0)                        ; 0.0 (0.0)            ; 0 (0)               ; 0 (0)                     ; 0 (0)         ; 8192              ; 1     ; 0          ; 0    ; 0            ; |TOP_VGA_DEMO|back_ground_draw:inst4|lpm_rom:wood_tile_rom|altrom:srom                                                                                                                                                                                                                                                                                   ; altrom                            ; work         ;
;             |altsyncram:rom_block|                                                                                                      ; 0.0 (0.0)            ; 0.0 (0.0)                        ; 0.0 (0.0)                                         ; 0.0 (0.0)                        ; 0.0 (0.0)            ; 0 (0)               ; 0 (0)                     ; 0 (0)         ; 8192              ; 1     ; 0          ; 0    ; 0            ; |TOP_VGA_DEMO|back_ground_draw:inst4|lpm_rom:wood_tile_rom|altrom:srom|altsyncram:rom_block                                                                                                                                                                                                                                                              ; altsyncram                        ; work         ;
;                |altsyncram_ss71:auto_generated|                                                                                         ; 0.0 (0.0)            ; 0.0 (0.0)                        ; 0.0 (0.0)                                         ; 0.0 (0.0)                        ; 0.0 (0.0)            ; 0 (0)               ; 0 (0)                     ; 0 (0)         ; 8192              ; 1     ; 0          ; 0    ; 0            ; |TOP_VGA_DEMO|back_ground_draw:inst4|lpm_rom:wood_tile_rom|altrom:srom|altsyncram:rom_block|altsyncram_ss71:auto_generated                                                                                                                                                                                                                               ; altsyncram_ss71                   ; work         ;
;    |end_message_display:inst17|                                                                                                         ; 24.8 (21.2)          ; 24.8 (21.2)                      ; 0.0 (0.0)                                         ; 0.0 (0.0)                        ; 0.0 (0.0)            ; 49 (42)             ; 5 (2)                     ; 0 (0)         ; 806400            ; 100   ; 1          ; 0    ; 0            ; |TOP_VGA_DEMO|end_message_display:inst17                                                                                                                                                                                                                                                                                                                 ; end_message_display               ; work         ;
;       |lpm_rom:lost_rom_inst|                                                                                                           ; 3.7 (0.0)            ; 3.7 (0.0)                        ; 0.0 (0.0)                                         ; 0.0 (0.0)                        ; 0.0 (0.0)            ; 7 (0)               ; 3 (0)                     ; 0 (0)         ; 403200            ; 52    ; 0          ; 0    ; 0            ; |TOP_VGA_DEMO|end_message_display:inst17|lpm_rom:lost_rom_inst                                                                                                                                                                                                                                                                                           ; lpm_rom                           ; work         ;
;          |altrom:srom|                                                                                                                  ; 3.7 (0.0)            ; 3.7 (0.0)                        ; 0.0 (0.0)                                         ; 0.0 (0.0)                        ; 0.0 (0.0)            ; 7 (0)               ; 3 (0)                     ; 0 (0)         ; 403200            ; 52    ; 0          ; 0    ; 0            ; |TOP_VGA_DEMO|end_message_display:inst17|lpm_rom:lost_rom_inst|altrom:srom                                                                                                                                                                                                                                                                               ; altrom                            ; work         ;
;             |altsyncram:rom_block|                                                                                                      ; 3.7 (0.0)            ; 3.7 (0.0)                        ; 0.0 (0.0)                                         ; 0.0 (0.0)                        ; 0.0 (0.0)            ; 7 (0)               ; 3 (0)                     ; 0 (0)         ; 403200            ; 52    ; 0          ; 0    ; 0            ; |TOP_VGA_DEMO|end_message_display:inst17|lpm_rom:lost_rom_inst|altrom:srom|altsyncram:rom_block                                                                                                                                                                                                                                                          ; altsyncram                        ; work         ;
;                |altsyncram_6f81:auto_generated|                                                                                         ; 3.7 (1.0)            ; 3.7 (1.0)                        ; 0.0 (0.0)                                         ; 0.0 (0.0)                        ; 0.0 (0.0)            ; 7 (0)               ; 3 (3)                     ; 0 (0)         ; 403200            ; 52    ; 0          ; 0    ; 0            ; |TOP_VGA_DEMO|end_message_display:inst17|lpm_rom:lost_rom_inst|altrom:srom|altsyncram:rom_block|altsyncram_6f81:auto_generated                                                                                                                                                                                                                           ; altsyncram_6f81                   ; work         ;
;                   |decode_51a:rden_decode|                                                                                              ; 2.7 (2.7)            ; 2.7 (2.7)                        ; 0.0 (0.0)                                         ; 0.0 (0.0)                        ; 0.0 (0.0)            ; 7 (7)               ; 0 (0)                     ; 0 (0)         ; 0                 ; 0     ; 0          ; 0    ; 0            ; |TOP_VGA_DEMO|end_message_display:inst17|lpm_rom:lost_rom_inst|altrom:srom|altsyncram:rom_block|altsyncram_6f81:auto_generated|decode_51a:rden_decode                                                                                                                                                                                                    ; decode_51a                        ; work         ;
;       |lpm_rom:win_rom_inst|                                                                                                            ; 0.0 (0.0)            ; 0.0 (0.0)                        ; 0.0 (0.0)                                         ; 0.0 (0.0)                        ; 0.0 (0.0)            ; 0 (0)               ; 0 (0)                     ; 0 (0)         ; 403200            ; 48    ; 0          ; 0    ; 0            ; |TOP_VGA_DEMO|end_message_display:inst17|lpm_rom:win_rom_inst                                                                                                                                                                                                                                                                                            ; lpm_rom                           ; work         ;
;          |altrom:srom|                                                                                                                  ; 0.0 (0.0)            ; 0.0 (0.0)                        ; 0.0 (0.0)                                         ; 0.0 (0.0)                        ; 0.0 (0.0)            ; 0 (0)               ; 0 (0)                     ; 0 (0)         ; 403200            ; 48    ; 0          ; 0    ; 0            ; |TOP_VGA_DEMO|end_message_display:inst17|lpm_rom:win_rom_inst|altrom:srom                                                                                                                                                                                                                                                                                ; altrom                            ; work         ;
;             |altsyncram:rom_block|                                                                                                      ; 0.0 (0.0)            ; 0.0 (0.0)                        ; 0.0 (0.0)                                         ; 0.0 (0.0)                        ; 0.0 (0.0)            ; 0 (0)               ; 0 (0)                     ; 0 (0)         ; 403200            ; 48    ; 0          ; 0    ; 0            ; |TOP_VGA_DEMO|end_message_display:inst17|lpm_rom:win_rom_inst|altrom:srom|altsyncram:rom_block                                                                                                                                                                                                                                                           ; altsyncram                        ; work         ;
;                |altsyncram_ib81:auto_generated|                                                                                         ; 0.0 (0.0)            ; 0.0 (0.0)                        ; 0.0 (0.0)                                         ; 0.0 (0.0)                        ; 0.0 (0.0)            ; 0 (0)               ; 0 (0)                     ; 0 (0)         ; 403200            ; 48    ; 0          ; 0    ; 0            ; |TOP_VGA_DEMO|end_message_display:inst17|lpm_rom:win_rom_inst|altrom:srom|altsyncram:rom_block|altsyncram_ib81:auto_generated                                                                                                                                                                                                                            ; altsyncram_ib81                   ; work         ;
;    |game_controller:inst22|                                                                                                             ; 17.9 (17.9)          ; 18.8 (18.8)                      ; 1.0 (1.0)                                         ; 0.1 (0.1)                        ; 0.0 (0.0)            ; 26 (26)             ; 9 (9)                     ; 0 (0)         ; 0                 ; 0     ; 0          ; 0    ; 0            ; |TOP_VGA_DEMO|game_controller:inst22                                                                                                                                                                                                                                                                                                                     ; game_controller                   ; work         ;
;    |objects_mux:inst19|                                                                                                                 ; 61.3 (61.3)          ; 63.3 (63.3)                      ; 2.2 (2.2)                                         ; 0.1 (0.1)                        ; 0.0 (0.0)            ; 77 (77)             ; 8 (8)                     ; 0 (0)         ; 0                 ; 0     ; 0          ; 0    ; 0            ; |TOP_VGA_DEMO|objects_mux:inst19                                                                                                                                                                                                                                                                                                                         ; objects_mux                       ; work         ;
;    |sld_hub:auto_hub|                                                                                                                   ; 56.5 (0.5)           ; 69.5 (0.5)                       ; 13.0 (0.0)                                        ; 0.0 (0.0)                        ; 0.0 (0.0)            ; 91 (1)              ; 95 (0)                    ; 0 (0)         ; 0                 ; 0     ; 0          ; 0    ; 0            ; |TOP_VGA_DEMO|sld_hub:auto_hub                                                                                                                                                                                                                                                                                                                           ; sld_hub                           ; altera_sld   ;
;       |alt_sld_fab_with_jtag_input:\instrumentation_fabric_with_node_gen:fabric_gen_new_way:with_jtag_input_gen:instrumentation_fabric| ; 56.0 (0.0)           ; 69.0 (0.0)                       ; 13.0 (0.0)                                        ; 0.0 (0.0)                        ; 0.0 (0.0)            ; 90 (0)              ; 95 (0)                    ; 0 (0)         ; 0                 ; 0     ; 0          ; 0    ; 0            ; |TOP_VGA_DEMO|sld_hub:auto_hub|alt_sld_fab_with_jtag_input:\instrumentation_fabric_with_node_gen:fabric_gen_new_way:with_jtag_input_gen:instrumentation_fabric                                                                                                                                                                                           ; alt_sld_fab_with_jtag_input       ; altera_sld   ;
;          |alt_sld_fab:instrumentation_fabric|                                                                                           ; 56.0 (0.0)           ; 69.0 (0.0)                       ; 13.0 (0.0)                                        ; 0.0 (0.0)                        ; 0.0 (0.0)            ; 90 (0)              ; 95 (0)                    ; 0 (0)         ; 0                 ; 0     ; 0          ; 0    ; 0            ; |TOP_VGA_DEMO|sld_hub:auto_hub|alt_sld_fab_with_jtag_input:\instrumentation_fabric_with_node_gen:fabric_gen_new_way:with_jtag_input_gen:instrumentation_fabric|alt_sld_fab:instrumentation_fabric                                                                                                                                                        ; alt_sld_fab                       ; alt_sld_fab  ;
;             |alt_sld_fab_alt_sld_fab:alt_sld_fab|                                                                                       ; 56.0 (0.5)           ; 69.0 (2.3)                       ; 13.0 (1.8)                                        ; 0.0 (0.0)                        ; 0.0 (0.0)            ; 90 (1)              ; 95 (5)                    ; 0 (0)         ; 0                 ; 0     ; 0          ; 0    ; 0            ; |TOP_VGA_DEMO|sld_hub:auto_hub|alt_sld_fab_with_jtag_input:\instrumentation_fabric_with_node_gen:fabric_gen_new_way:with_jtag_input_gen:instrumentation_fabric|alt_sld_fab:instrumentation_fabric|alt_sld_fab_alt_sld_fab:alt_sld_fab                                                                                                                    ; alt_sld_fab_alt_sld_fab           ; alt_sld_fab  ;
;                |alt_sld_fab_alt_sld_fab_sldfabric:sldfabric|                                                                            ; 55.5 (0.0)           ; 66.7 (0.0)                       ; 11.2 (0.0)                                        ; 0.0 (0.0)                        ; 0.0 (0.0)            ; 89 (0)              ; 90 (0)                    ; 0 (0)         ; 0                 ; 0     ; 0          ; 0    ; 0            ; |TOP_VGA_DEMO|sld_hub:auto_hub|alt_sld_fab_with_jtag_input:\instrumentation_fabric_with_node_gen:fabric_gen_new_way:with_jtag_input_gen:instrumentation_fabric|alt_sld_fab:instrumentation_fabric|alt_sld_fab_alt_sld_fab:alt_sld_fab|alt_sld_fab_alt_sld_fab_sldfabric:sldfabric                                                                        ; alt_sld_fab_alt_sld_fab_sldfabric ; alt_sld_fab  ;
;                   |sld_jtag_hub:\jtag_hub_gen:real_sld_jtag_hub|                                                                        ; 55.5 (37.1)          ; 66.7 (47.8)                      ; 11.2 (10.8)                                       ; 0.0 (0.0)                        ; 0.0 (0.0)            ; 89 (56)             ; 90 (60)                   ; 0 (0)         ; 0                 ; 0     ; 0          ; 0    ; 0            ; |TOP_VGA_DEMO|sld_hub:auto_hub|alt_sld_fab_with_jtag_input:\instrumentation_fabric_with_node_gen:fabric_gen_new_way:with_jtag_input_gen:instrumentation_fabric|alt_sld_fab:instrumentation_fabric|alt_sld_fab_alt_sld_fab:alt_sld_fab|alt_sld_fab_alt_sld_fab_sldfabric:sldfabric|sld_jtag_hub:\jtag_hub_gen:real_sld_jtag_hub                           ; sld_jtag_hub                      ; work         ;
;                      |sld_rom_sr:hub_info_reg|                                                                                          ; 8.8 (8.8)            ; 8.8 (8.8)                        ; 0.0 (0.0)                                         ; 0.0 (0.0)                        ; 0.0 (0.0)            ; 15 (15)             ; 11 (11)                   ; 0 (0)         ; 0                 ; 0     ; 0          ; 0    ; 0            ; |TOP_VGA_DEMO|sld_hub:auto_hub|alt_sld_fab_with_jtag_input:\instrumentation_fabric_with_node_gen:fabric_gen_new_way:with_jtag_input_gen:instrumentation_fabric|alt_sld_fab:instrumentation_fabric|alt_sld_fab_alt_sld_fab:alt_sld_fab|alt_sld_fab_alt_sld_fab_sldfabric:sldfabric|sld_jtag_hub:\jtag_hub_gen:real_sld_jtag_hub|sld_rom_sr:hub_info_reg   ; sld_rom_sr                        ; work         ;
;                      |sld_shadow_jsm:shadow_jsm|                                                                                        ; 9.6 (9.6)            ; 10.0 (10.0)                      ; 0.4 (0.4)                                         ; 0.0 (0.0)                        ; 0.0 (0.0)            ; 18 (18)             ; 19 (19)                   ; 0 (0)         ; 0                 ; 0     ; 0          ; 0    ; 0            ; |TOP_VGA_DEMO|sld_hub:auto_hub|alt_sld_fab_with_jtag_input:\instrumentation_fabric_with_node_gen:fabric_gen_new_way:with_jtag_input_gen:instrumentation_fabric|alt_sld_fab:instrumentation_fabric|alt_sld_fab_alt_sld_fab:alt_sld_fab|alt_sld_fab_alt_sld_fab_sldfabric:sldfabric|sld_jtag_hub:\jtag_hub_gen:real_sld_jtag_hub|sld_shadow_jsm:shadow_jsm ; sld_shadow_jsm                    ; altera_sld   ;
;    |sld_signaltap:auto_signaltap_0|                                                                                                     ; 188.0 (0.0)          ; 263.5 (4.5)                      ; 75.5 (4.5)                                        ; 0.0 (0.0)                        ; 0.0 (0.0)            ; 250 (2)             ; 446 (7)                   ; 0 (0)         ; 49152             ; 6     ; 0          ; 0    ; 0            ; |TOP_VGA_DEMO|sld_signaltap:auto_signaltap_0                                                                                                                                                                                                                                                                                                             ; sld_signaltap                     ; work         ;
;       |sld_signaltap_impl:sld_signaltap_body|                                                                                           ; 188.0 (0.0)          ; 259.0 (0.0)                      ; 71.0 (0.0)                                        ; 0.0 (0.0)                        ; 0.0 (0.0)            ; 248 (0)             ; 439 (0)                   ; 0 (0)         ; 49152             ; 6     ; 0          ; 0    ; 0            ; |TOP_VGA_DEMO|sld_signaltap:auto_signaltap_0|sld_signaltap_impl:sld_signaltap_body                                                                                                                                                                                                                                                                       ; sld_signaltap_impl                ; work         ;
;          |sld_signaltap_implb:sld_signaltap_body|                                                                                       ; 188.0 (48.0)         ; 259.0 (69.0)                     ; 71.0 (21.0)                                       ; 0.0 (0.0)                        ; 0.0 (0.0)            ; 248 (68)            ; 439 (114)                 ; 0 (0)         ; 49152             ; 6     ; 0          ; 0    ; 0            ; |TOP_VGA_DEMO|sld_signaltap:auto_signaltap_0|sld_signaltap_impl:sld_signaltap_body|sld_signaltap_implb:sld_signaltap_body                                                                                                                                                                                                                                ; sld_signaltap_implb               ; work         ;
;             |altdpram:\stp_non_zero_ram_gen:attribute_mem_gen:attribute_mem|                                                            ; 14.5 (13.8)          ; 36.3 (35.3)                      ; 21.8 (21.5)                                       ; 0.0 (0.0)                        ; 0.0 (0.0)            ; 2 (0)               ; 82 (82)                   ; 0 (0)         ; 0                 ; 0     ; 0          ; 0    ; 0            ; |TOP_VGA_DEMO|sld_signaltap:auto_signaltap_0|sld_signaltap_impl:sld_signaltap_body|sld_signaltap_implb:sld_signaltap_body|altdpram:\stp_non_zero_ram_gen:attribute_mem_gen:attribute_mem                                                                                                                                                                 ; altdpram                          ; work         ;
;                |lpm_decode:wdecoder|                                                                                                    ; 0.7 (0.0)            ; 1.0 (0.0)                        ; 0.3 (0.0)                                         ; 0.0 (0.0)                        ; 0.0 (0.0)            ; 2 (0)               ; 0 (0)                     ; 0 (0)         ; 0                 ; 0     ; 0          ; 0    ; 0            ; |TOP_VGA_DEMO|sld_signaltap:auto_signaltap_0|sld_signaltap_impl:sld_signaltap_body|sld_signaltap_implb:sld_signaltap_body|altdpram:\stp_non_zero_ram_gen:attribute_mem_gen:attribute_mem|lpm_decode:wdecoder                                                                                                                                             ; lpm_decode                        ; work         ;
;                   |decode_vnf:auto_generated|                                                                                           ; 0.7 (0.7)            ; 1.0 (1.0)                        ; 0.3 (0.3)                                         ; 0.0 (0.0)                        ; 0.0 (0.0)            ; 2 (2)               ; 0 (0)                     ; 0 (0)         ; 0                 ; 0     ; 0          ; 0    ; 0            ; |TOP_VGA_DEMO|sld_signaltap:auto_signaltap_0|sld_signaltap_impl:sld_signaltap_body|sld_signaltap_implb:sld_signaltap_body|altdpram:\stp_non_zero_ram_gen:attribute_mem_gen:attribute_mem|lpm_decode:wdecoder|decode_vnf:auto_generated                                                                                                                   ; decode_vnf                        ; work         ;
;             |altsyncram:\stp_non_zero_ram_gen:stp_buffer_ram|                                                                           ; 0.0 (0.0)            ; 0.0 (0.0)                        ; 0.0 (0.0)                                         ; 0.0 (0.0)                        ; 0.0 (0.0)            ; 0 (0)               ; 0 (0)                     ; 0 (0)         ; 49152             ; 6     ; 0          ; 0    ; 0            ; |TOP_VGA_DEMO|sld_signaltap:auto_signaltap_0|sld_signaltap_impl:sld_signaltap_body|sld_signaltap_implb:sld_signaltap_body|altsyncram:\stp_non_zero_ram_gen:stp_buffer_ram                                                                                                                                                                                ; altsyncram                        ; work         ;
;                |altsyncram_ue84:auto_generated|                                                                                         ; 0.0 (0.0)            ; 0.0 (0.0)                        ; 0.0 (0.0)                                         ; 0.0 (0.0)                        ; 0.0 (0.0)            ; 0 (0)               ; 0 (0)                     ; 0 (0)         ; 49152             ; 6     ; 0          ; 0    ; 0            ; |TOP_VGA_DEMO|sld_signaltap:auto_signaltap_0|sld_signaltap_impl:sld_signaltap_body|sld_signaltap_implb:sld_signaltap_body|altsyncram:\stp_non_zero_ram_gen:stp_buffer_ram|altsyncram_ue84:auto_generated                                                                                                                                                 ; altsyncram_ue84                   ; work         ;
;             |lpm_shiftreg:segment_offset_config_deserialize|                                                                            ; 3.3 (3.3)            ; 3.3 (3.3)                        ; 0.1 (0.1)                                         ; 0.0 (0.0)                        ; 0.0 (0.0)            ; 0 (0)               ; 13 (13)                   ; 0 (0)         ; 0                 ; 0     ; 0          ; 0    ; 0            ; |TOP_VGA_DEMO|sld_signaltap:auto_signaltap_0|sld_signaltap_impl:sld_signaltap_body|sld_signaltap_implb:sld_signaltap_body|lpm_shiftreg:segment_offset_config_deserialize                                                                                                                                                                                 ; lpm_shiftreg                      ; work         ;
;             |lpm_shiftreg:status_register|                                                                                              ; 9.0 (9.0)            ; 9.5 (9.5)                        ; 0.5 (0.5)                                         ; 0.0 (0.0)                        ; 0.0 (0.0)            ; 17 (17)             ; 17 (17)                   ; 0 (0)         ; 0                 ; 0     ; 0          ; 0    ; 0            ; |TOP_VGA_DEMO|sld_signaltap:auto_signaltap_0|sld_signaltap_impl:sld_signaltap_body|sld_signaltap_implb:sld_signaltap_body|lpm_shiftreg:status_register                                                                                                                                                                                                   ; lpm_shiftreg                      ; work         ;
;             |serial_crc_16:\tdo_crc_gen:tdo_crc_calc|                                                                                   ; 2.8 (2.8)            ; 8.2 (8.2)                        ; 5.3 (5.3)                                         ; 0.0 (0.0)                        ; 0.0 (0.0)            ; 4 (4)               ; 15 (15)                   ; 0 (0)         ; 0                 ; 0     ; 0          ; 0    ; 0            ; |TOP_VGA_DEMO|sld_signaltap:auto_signaltap_0|sld_signaltap_impl:sld_signaltap_body|sld_signaltap_implb:sld_signaltap_body|serial_crc_16:\tdo_crc_gen:tdo_crc_calc                                                                                                                                                                                        ; serial_crc_16                     ; work         ;
;             |sld_buffer_manager:sld_buffer_manager_inst|                                                                                ; 45.4 (45.4)          ; 57.9 (57.9)                      ; 12.5 (12.5)                                       ; 0.0 (0.0)                        ; 0.0 (0.0)            ; 90 (90)             ; 74 (74)                   ; 0 (0)         ; 0                 ; 0     ; 0          ; 0    ; 0            ; |TOP_VGA_DEMO|sld_signaltap:auto_signaltap_0|sld_signaltap_impl:sld_signaltap_body|sld_signaltap_implb:sld_signaltap_body|sld_buffer_manager:sld_buffer_manager_inst                                                                                                                                                                                     ; sld_buffer_manager                ; work         ;
;             |sld_ela_control:ela_control|                                                                                               ; 1.8 (0.3)            ; 10.4 (0.3)                       ; 8.6 (0.0)                                         ; 0.0 (0.0)                        ; 0.0 (0.0)            ; 3 (1)               ; 22 (1)                    ; 0 (0)         ; 0                 ; 0     ; 0          ; 0    ; 0            ; |TOP_VGA_DEMO|sld_signaltap:auto_signaltap_0|sld_signaltap_impl:sld_signaltap_body|sld_signaltap_implb:sld_signaltap_body|sld_ela_control:ela_control                                                                                                                                                                                                    ; sld_ela_control                   ; work         ;
;                |lpm_shiftreg:trigger_config_deserialize|                                                                                ; 0.3 (0.3)            ; 2.2 (2.2)                        ; 1.9 (1.9)                                         ; 0.0 (0.0)                        ; 0.0 (0.0)            ; 0 (0)               ; 5 (5)                     ; 0 (0)         ; 0                 ; 0     ; 0          ; 0    ; 0            ; |TOP_VGA_DEMO|sld_signaltap:auto_signaltap_0|sld_signaltap_impl:sld_signaltap_body|sld_signaltap_implb:sld_signaltap_body|sld_ela_control:ela_control|lpm_shiftreg:trigger_config_deserialize                                                                                                                                                            ; lpm_shiftreg                      ; work         ;
;                |sld_ela_basic_multi_level_trigger:\basic_multi_level_mbpm_trigger_gen:multi_level_mbpm|                                 ; 0.5 (0.0)            ; 2.3 (0.0)                        ; 1.8 (0.0)                                         ; 0.0 (0.0)                        ; 0.0 (0.0)            ; 1 (0)               ; 5 (0)                     ; 0 (0)         ; 0                 ; 0     ; 0          ; 0    ; 0            ; |TOP_VGA_DEMO|sld_signaltap:auto_signaltap_0|sld_signaltap_impl:sld_signaltap_body|sld_signaltap_implb:sld_signaltap_body|sld_ela_control:ela_control|sld_ela_basic_multi_level_trigger:\basic_multi_level_mbpm_trigger_gen:multi_level_mbpm                                                                                                             ; sld_ela_basic_multi_level_trigger ; work         ;
;                   |lpm_shiftreg:trigger_condition_deserialize|                                                                          ; -0.3 (-0.3)          ; 1.5 (1.5)                        ; 1.8 (1.8)                                         ; 0.0 (0.0)                        ; 0.0 (0.0)            ; 0 (0)               ; 3 (3)                     ; 0 (0)         ; 0                 ; 0     ; 0          ; 0    ; 0            ; |TOP_VGA_DEMO|sld_signaltap:auto_signaltap_0|sld_signaltap_impl:sld_signaltap_body|sld_signaltap_implb:sld_signaltap_body|sld_ela_control:ela_control|sld_ela_basic_multi_level_trigger:\basic_multi_level_mbpm_trigger_gen:multi_level_mbpm|lpm_shiftreg:trigger_condition_deserialize                                                                  ; lpm_shiftreg                      ; work         ;
;                   |sld_mbpmg:\trigger_modules_gen:0:trigger_match|                                                                      ; 0.8 (0.0)            ; 0.8 (0.0)                        ; 0.0 (0.0)                                         ; 0.0 (0.0)                        ; 0.0 (0.0)            ; 1 (0)               ; 2 (0)                     ; 0 (0)         ; 0                 ; 0     ; 0          ; 0    ; 0            ; |TOP_VGA_DEMO|sld_signaltap:auto_signaltap_0|sld_signaltap_impl:sld_signaltap_body|sld_signaltap_implb:sld_signaltap_body|sld_ela_control:ela_control|sld_ela_basic_multi_level_trigger:\basic_multi_level_mbpm_trigger_gen:multi_level_mbpm|sld_mbpmg:\trigger_modules_gen:0:trigger_match                                                              ; sld_mbpmg                         ; work         ;
;                      |sld_sbpmg:\gen_sbpmg_pipeline_less_than_two:sm0:0:sm1|                                                            ; 0.8 (0.8)            ; 0.8 (0.8)                        ; 0.0 (0.0)                                         ; 0.0 (0.0)                        ; 0.0 (0.0)            ; 1 (1)               ; 2 (2)                     ; 0 (0)         ; 0                 ; 0     ; 0          ; 0    ; 0            ; |TOP_VGA_DEMO|sld_signaltap:auto_signaltap_0|sld_signaltap_impl:sld_signaltap_body|sld_signaltap_implb:sld_signaltap_body|sld_ela_control:ela_control|sld_ela_basic_multi_level_trigger:\basic_multi_level_mbpm_trigger_gen:multi_level_mbpm|sld_mbpmg:\trigger_modules_gen:0:trigger_match|sld_sbpmg:\gen_sbpmg_pipeline_less_than_two:sm0:0:sm1        ; sld_sbpmg                         ; work         ;
;                |sld_ela_trigger_flow_mgr:\builtin:ela_trigger_flow_mgr_entity|                                                          ; 0.8 (0.5)            ; 5.7 (0.7)                        ; 4.9 (0.2)                                         ; 0.0 (0.0)                        ; 0.0 (0.0)            ; 1 (1)               ; 11 (1)                    ; 0 (0)         ; 0                 ; 0     ; 0          ; 0    ; 0            ; |TOP_VGA_DEMO|sld_signaltap:auto_signaltap_0|sld_signaltap_impl:sld_signaltap_body|sld_signaltap_implb:sld_signaltap_body|sld_ela_control:ela_control|sld_ela_trigger_flow_mgr:\builtin:ela_trigger_flow_mgr_entity                                                                                                                                      ; sld_ela_trigger_flow_mgr          ; work         ;
;                   |lpm_shiftreg:trigger_config_deserialize|                                                                             ; 0.3 (0.3)            ; 5.0 (5.0)                        ; 4.8 (4.8)                                         ; 0.0 (0.0)                        ; 0.0 (0.0)            ; 0 (0)               ; 10 (10)                   ; 0 (0)         ; 0                 ; 0     ; 0          ; 0    ; 0            ; |TOP_VGA_DEMO|sld_signaltap:auto_signaltap_0|sld_signaltap_impl:sld_signaltap_body|sld_signaltap_implb:sld_signaltap_body|sld_ela_control:ela_control|sld_ela_trigger_flow_mgr:\builtin:ela_trigger_flow_mgr_entity|lpm_shiftreg:trigger_config_deserialize                                                                                              ; lpm_shiftreg                      ; work         ;
;             |sld_offload_buffer_mgr:\stp_non_zero_depth_offload_gen:stp_offload_buff_mgr_inst|                                          ; 48.2 (4.0)           ; 49.0 (4.3)                       ; 0.8 (0.3)                                         ; 0.0 (0.0)                        ; 0.0 (0.0)            ; 44 (9)              ; 91 (0)                    ; 0 (0)         ; 0                 ; 0     ; 0          ; 0    ; 0            ; |TOP_VGA_DEMO|sld_signaltap:auto_signaltap_0|sld_signaltap_impl:sld_signaltap_body|sld_signaltap_implb:sld_signaltap_body|sld_offload_buffer_mgr:\stp_non_zero_depth_offload_gen:stp_offload_buff_mgr_inst                                                                                                                                               ; sld_offload_buffer_mgr            ; work         ;
;                |lpm_counter:\adv_point_3_and_more:advance_pointer_counter|                                                              ; 2.3 (0.0)            ; 2.3 (0.0)                        ; 0.0 (0.0)                                         ; 0.0 (0.0)                        ; 0.0 (0.0)            ; 5 (0)               ; 6 (0)                     ; 0 (0)         ; 0                 ; 0     ; 0          ; 0    ; 0            ; |TOP_VGA_DEMO|sld_signaltap:auto_signaltap_0|sld_signaltap_impl:sld_signaltap_body|sld_signaltap_implb:sld_signaltap_body|sld_offload_buffer_mgr:\stp_non_zero_depth_offload_gen:stp_offload_buff_mgr_inst|lpm_counter:\adv_point_3_and_more:advance_pointer_counter                                                                                     ; lpm_counter                       ; work         ;
;                   |cntr_f7i:auto_generated|                                                                                             ; 2.3 (2.3)            ; 2.3 (2.3)                        ; 0.0 (0.0)                                         ; 0.0 (0.0)                        ; 0.0 (0.0)            ; 5 (5)               ; 6 (6)                     ; 0 (0)         ; 0                 ; 0     ; 0          ; 0    ; 0            ; |TOP_VGA_DEMO|sld_signaltap:auto_signaltap_0|sld_signaltap_impl:sld_signaltap_body|sld_signaltap_implb:sld_signaltap_body|sld_offload_buffer_mgr:\stp_non_zero_depth_offload_gen:stp_offload_buff_mgr_inst|lpm_counter:\adv_point_3_and_more:advance_pointer_counter|cntr_f7i:auto_generated                                                             ; cntr_f7i                          ; work         ;
;                |lpm_counter:read_pointer_counter|                                                                                       ; 6.5 (0.0)            ; 6.5 (0.0)                        ; 0.0 (0.0)                                         ; 0.0 (0.0)                        ; 0.0 (0.0)            ; 13 (0)              ; 17 (0)                    ; 0 (0)         ; 0                 ; 0     ; 0          ; 0    ; 0            ; |TOP_VGA_DEMO|sld_signaltap:auto_signaltap_0|sld_signaltap_impl:sld_signaltap_body|sld_signaltap_implb:sld_signaltap_body|sld_offload_buffer_mgr:\stp_non_zero_depth_offload_gen:stp_offload_buff_mgr_inst|lpm_counter:read_pointer_counter                                                                                                              ; lpm_counter                       ; work         ;
;                   |cntr_a2j:auto_generated|                                                                                             ; 6.5 (6.5)            ; 6.5 (6.5)                        ; 0.0 (0.0)                                         ; 0.0 (0.0)                        ; 0.0 (0.0)            ; 13 (13)             ; 17 (17)                   ; 0 (0)         ; 0                 ; 0     ; 0          ; 0    ; 0            ; |TOP_VGA_DEMO|sld_signaltap:auto_signaltap_0|sld_signaltap_impl:sld_signaltap_body|sld_signaltap_implb:sld_signaltap_body|sld_offload_buffer_mgr:\stp_non_zero_depth_offload_gen:stp_offload_buff_mgr_inst|lpm_counter:read_pointer_counter|cntr_a2j:auto_generated                                                                                      ; cntr_a2j                          ; work         ;
;                |lpm_counter:status_advance_pointer_counter|                                                                             ; 3.5 (0.0)            ; 3.5 (0.0)                        ; 0.0 (0.0)                                         ; 0.0 (0.0)                        ; 0.0 (0.0)            ; 7 (0)               ; 6 (0)                     ; 0 (0)         ; 0                 ; 0     ; 0          ; 0    ; 0            ; |TOP_VGA_DEMO|sld_signaltap:auto_signaltap_0|sld_signaltap_impl:sld_signaltap_body|sld_signaltap_implb:sld_signaltap_body|sld_offload_buffer_mgr:\stp_non_zero_depth_offload_gen:stp_offload_buff_mgr_inst|lpm_counter:status_advance_pointer_counter                                                                                                    ; lpm_counter                       ; work         ;
;                   |cntr_49i:auto_generated|                                                                                             ; 3.5 (3.5)            ; 3.5 (3.5)                        ; 0.0 (0.0)                                         ; 0.0 (0.0)                        ; 0.0 (0.0)            ; 7 (7)               ; 6 (6)                     ; 0 (0)         ; 0                 ; 0     ; 0          ; 0    ; 0            ; |TOP_VGA_DEMO|sld_signaltap:auto_signaltap_0|sld_signaltap_impl:sld_signaltap_body|sld_signaltap_implb:sld_signaltap_body|sld_offload_buffer_mgr:\stp_non_zero_depth_offload_gen:stp_offload_buff_mgr_inst|lpm_counter:status_advance_pointer_counter|cntr_49i:auto_generated                                                                            ; cntr_49i                          ; work         ;
;                |lpm_counter:status_read_pointer_counter|                                                                                ; 1.0 (0.0)            ; 1.5 (0.0)                        ; 0.5 (0.0)                                         ; 0.0 (0.0)                        ; 0.0 (0.0)            ; 3 (0)               ; 2 (0)                     ; 0 (0)         ; 0                 ; 0     ; 0          ; 0    ; 0            ; |TOP_VGA_DEMO|sld_signaltap:auto_signaltap_0|sld_signaltap_impl:sld_signaltap_body|sld_signaltap_implb:sld_signaltap_body|sld_offload_buffer_mgr:\stp_non_zero_depth_offload_gen:stp_offload_buff_mgr_inst|lpm_counter:status_read_pointer_counter                                                                                                       ; lpm_counter                       ; work         ;
;                   |cntr_kri:auto_generated|                                                                                             ; 1.0 (1.0)            ; 1.5 (1.5)                        ; 0.5 (0.5)                                         ; 0.0 (0.0)                        ; 0.0 (0.0)            ; 3 (3)               ; 2 (2)                     ; 0 (0)         ; 0                 ; 0     ; 0          ; 0    ; 0            ; |TOP_VGA_DEMO|sld_signaltap:auto_signaltap_0|sld_signaltap_impl:sld_signaltap_body|sld_signaltap_implb:sld_signaltap_body|sld_offload_buffer_mgr:\stp_non_zero_depth_offload_gen:stp_offload_buff_mgr_inst|lpm_counter:status_read_pointer_counter|cntr_kri:auto_generated                                                                               ; cntr_kri                          ; work         ;
;                |lpm_shiftreg:info_data_shift_out|                                                                                       ; 13.2 (13.2)          ; 13.2 (13.2)                      ; 0.0 (0.0)                                         ; 0.0 (0.0)                        ; 0.0 (0.0)            ; 0 (0)               ; 27 (27)                   ; 0 (0)         ; 0                 ; 0     ; 0          ; 0    ; 0            ; |TOP_VGA_DEMO|sld_signaltap:auto_signaltap_0|sld_signaltap_impl:sld_signaltap_body|sld_signaltap_implb:sld_signaltap_body|sld_offload_buffer_mgr:\stp_non_zero_depth_offload_gen:stp_offload_buff_mgr_inst|lpm_shiftreg:info_data_shift_out                                                                                                              ; lpm_shiftreg                      ; work         ;
;                |lpm_shiftreg:ram_data_shift_out|                                                                                        ; 3.7 (3.7)            ; 3.7 (3.7)                        ; 0.0 (0.0)                                         ; 0.0 (0.0)                        ; 0.0 (0.0)            ; 6 (6)               ; 6 (6)                     ; 0 (0)         ; 0                 ; 0     ; 0          ; 0    ; 0            ; |TOP_VGA_DEMO|sld_signaltap:auto_signaltap_0|sld_signaltap_impl:sld_signaltap_body|sld_signaltap_implb:sld_signaltap_body|sld_offload_buffer_mgr:\stp_non_zero_depth_offload_gen:stp_offload_buff_mgr_inst|lpm_shiftreg:ram_data_shift_out                                                                                                               ; lpm_shiftreg                      ; work         ;
;                |lpm_shiftreg:status_data_shift_out|                                                                                     ; 14.0 (14.0)          ; 14.0 (14.0)                      ; 0.0 (0.0)                                         ; 0.0 (0.0)                        ; 0.0 (0.0)            ; 1 (1)               ; 27 (27)                   ; 0 (0)         ; 0                 ; 0     ; 0          ; 0    ; 0            ; |TOP_VGA_DEMO|sld_signaltap:auto_signaltap_0|sld_signaltap_impl:sld_signaltap_body|sld_signaltap_implb:sld_signaltap_body|sld_offload_buffer_mgr:\stp_non_zero_depth_offload_gen:stp_offload_buff_mgr_inst|lpm_shiftreg:status_data_shift_out                                                                                                            ; lpm_shiftreg                      ; work         ;
;             |sld_rom_sr:crc_rom_sr|                                                                                                     ; 15.0 (15.0)          ; 15.3 (15.3)                      ; 0.3 (0.3)                                         ; 0.0 (0.0)                        ; 0.0 (0.0)            ; 20 (20)             ; 11 (11)                   ; 0 (0)         ; 0                 ; 0     ; 0          ; 0    ; 0            ; |TOP_VGA_DEMO|sld_signaltap:auto_signaltap_0|sld_signaltap_impl:sld_signaltap_body|sld_signaltap_implb:sld_signaltap_body|sld_rom_sr:crc_rom_sr                                                                                                                                                                                                          ; sld_rom_sr                        ; work         ;
+-----------------------------------------------------------------------------------------------------------------------------------------+----------------------+----------------------------------+---------------------------------------------------+----------------------------------+----------------------+---------------------+---------------------------+---------------+-------------------+-------+------------+------+--------------+----------------------------------------------------------------------------------------------------------------------------------------------------------------------------------------------------------------------------------------------------------------------------------------------------------------------------------------------------------+-----------------------------------+--------------+
Note: For table entries with two numbers listed, the numbers in parentheses indicate the number of resources of the given type used by the specific entity alone. The numbers listed outside of parentheses indicate the total resources of the given type used by the specific entity and all of its sub-entities in the hierarchy.


+---------------------------------------------------------------------------------------------------------------------------+
; Delay Chain Summary                                                                                                       ;
+------------+----------+----+------+------+----+------+-------+--------+------------------------+--------------------------+
; Name       ; Pin Type ; D1 ; D3_0 ; D3_1 ; D4 ; D5   ; D5 OE ; D5 OCT ; T11 (Postamble Gating) ; T11 (Postamble Ungating) ;
+------------+----------+----+------+------+----+------+-------+--------+------------------------+--------------------------+
; PS2_DAT    ; Input    ; -- ; --   ; (0)  ; -- ; --   ; --    ; --     ; --                     ; --                       ;
; PS2_CLK    ; Input    ; -- ; (0)  ; --   ; -- ; --   ; --    ; --     ; --                     ; --                       ;
; AUDOUT[4]  ; Output   ; -- ; --   ; --   ; -- ; (0)  ; (31)  ; --     ; --                     ; --                       ;
; AUDOUT[5]  ; Output   ; -- ; --   ; --   ; -- ; (0)  ; (31)  ; --     ; --                     ; --                       ;
; AUDOUT[6]  ; Output   ; -- ; --   ; --   ; -- ; (0)  ; (31)  ; --     ; --                     ; --                       ;
; AUDIN[1]   ; Input    ; -- ; --   ; (0)  ; -- ; --   ; --    ; --     ; --                     ; --                       ;
; AUDIN[2]   ; Input    ; -- ; --   ; (0)  ; -- ; --   ; --    ; --     ; --                     ; --                       ;
; borderDR   ; Output   ; -- ; --   ; --   ; -- ; (0)  ; (31)  ; --     ; --                     ; --                       ;
; BG_RGB[7]  ; Output   ; -- ; --   ; --   ; -- ; (0)  ; (31)  ; --     ; --                     ; --                       ;
; BG_RGB[6]  ; Output   ; -- ; --   ; --   ; -- ; (0)  ; (31)  ; --     ; --                     ; --                       ;
; BG_RGB[5]  ; Output   ; -- ; --   ; --   ; -- ; (0)  ; (31)  ; --     ; --                     ; --                       ;
; BG_RGB[4]  ; Output   ; -- ; --   ; --   ; -- ; (0)  ; (31)  ; --     ; --                     ; --                       ;
; BG_RGB[3]  ; Output   ; -- ; --   ; --   ; -- ; (0)  ; (31)  ; --     ; --                     ; --                       ;
; BG_RGB[2]  ; Output   ; -- ; --   ; --   ; -- ; (0)  ; (31)  ; --     ; --                     ; --                       ;
; BG_RGB[1]  ; Output   ; -- ; --   ; --   ; -- ; (0)  ; (31)  ; --     ; --                     ; --                       ;
; BG_RGB[0]  ; Output   ; -- ; --   ; --   ; -- ; (0)  ; (31)  ; --     ; --                     ; --                       ;
; AUDOUT[7]  ; Output   ; -- ; --   ; --   ; -- ; (0)  ; (31)  ; --     ; --                     ; --                       ;
; HEX0[6]    ; Output   ; -- ; --   ; --   ; -- ; (0)  ; (31)  ; --     ; --                     ; --                       ;
; HEX0[5]    ; Output   ; -- ; --   ; --   ; -- ; (0)  ; (31)  ; --     ; --                     ; --                       ;
; HEX0[4]    ; Output   ; -- ; --   ; --   ; -- ; (0)  ; (31)  ; --     ; --                     ; --                       ;
; HEX0[3]    ; Output   ; -- ; --   ; --   ; -- ; (0)  ; (31)  ; --     ; --                     ; --                       ;
; HEX0[2]    ; Output   ; -- ; --   ; --   ; -- ; (0)  ; (31)  ; --     ; --                     ; --                       ;
; HEX0[1]    ; Output   ; -- ; --   ; --   ; -- ; (0)  ; (31)  ; --     ; --                     ; --                       ;
; HEX0[0]    ; Output   ; -- ; --   ; --   ; -- ; (0)  ; (31)  ; --     ; --                     ; --                       ;
; HEX1[6]    ; Output   ; -- ; --   ; --   ; -- ; (0)  ; (31)  ; --     ; --                     ; --                       ;
; HEX1[5]    ; Output   ; -- ; --   ; --   ; -- ; (0)  ; (31)  ; --     ; --                     ; --                       ;
; HEX1[4]    ; Output   ; -- ; --   ; --   ; -- ; (0)  ; (31)  ; --     ; --                     ; --                       ;
; HEX1[3]    ; Output   ; -- ; --   ; --   ; -- ; (0)  ; (31)  ; --     ; --                     ; --                       ;
; HEX1[2]    ; Output   ; -- ; --   ; --   ; -- ; (0)  ; (31)  ; --     ; --                     ; --                       ;
; HEX1[1]    ; Output   ; -- ; --   ; --   ; -- ; (0)  ; (31)  ; --     ; --                     ; --                       ;
; HEX1[0]    ; Output   ; -- ; --   ; --   ; -- ; (0)  ; (31)  ; --     ; --                     ; --                       ;
; HEX2[6]    ; Output   ; -- ; --   ; --   ; -- ; (0)  ; (31)  ; --     ; --                     ; --                       ;
; HEX2[5]    ; Output   ; -- ; --   ; --   ; -- ; (0)  ; (31)  ; --     ; --                     ; --                       ;
; HEX2[4]    ; Output   ; -- ; --   ; --   ; -- ; (0)  ; (31)  ; --     ; --                     ; --                       ;
; HEX2[3]    ; Output   ; -- ; --   ; --   ; -- ; (0)  ; (31)  ; --     ; --                     ; --                       ;
; HEX2[2]    ; Output   ; -- ; --   ; --   ; -- ; (0)  ; (31)  ; --     ; --                     ; --                       ;
; HEX2[1]    ; Output   ; -- ; --   ; --   ; -- ; (0)  ; (31)  ; --     ; --                     ; --                       ;
; HEX2[0]    ; Output   ; -- ; --   ; --   ; -- ; (0)  ; (31)  ; --     ; --                     ; --                       ;
; HEX3[6]    ; Output   ; -- ; --   ; --   ; -- ; (0)  ; (31)  ; --     ; --                     ; --                       ;
; HEX3[5]    ; Output   ; -- ; --   ; --   ; -- ; (0)  ; (31)  ; --     ; --                     ; --                       ;
; HEX3[4]    ; Output   ; -- ; --   ; --   ; -- ; (0)  ; (31)  ; --     ; --                     ; --                       ;
; HEX3[3]    ; Output   ; -- ; --   ; --   ; -- ; (0)  ; (31)  ; --     ; --                     ; --                       ;
; HEX3[2]    ; Output   ; -- ; --   ; --   ; -- ; (0)  ; (31)  ; --     ; --                     ; --                       ;
; HEX3[1]    ; Output   ; -- ; --   ; --   ; -- ; (0)  ; (31)  ; --     ; --                     ; --                       ;
; HEX3[0]    ; Output   ; -- ; --   ; --   ; -- ; (0)  ; (31)  ; --     ; --                     ; --                       ;
; HEX4[6]    ; Output   ; -- ; --   ; --   ; -- ; (0)  ; (31)  ; --     ; --                     ; --                       ;
; HEX4[5]    ; Output   ; -- ; --   ; --   ; -- ; (0)  ; (31)  ; --     ; --                     ; --                       ;
; HEX4[4]    ; Output   ; -- ; --   ; --   ; -- ; (0)  ; (31)  ; --     ; --                     ; --                       ;
; HEX4[3]    ; Output   ; -- ; --   ; --   ; -- ; (0)  ; (31)  ; --     ; --                     ; --                       ;
; HEX4[2]    ; Output   ; -- ; --   ; --   ; -- ; (0)  ; (31)  ; --     ; --                     ; --                       ;
; HEX4[1]    ; Output   ; -- ; --   ; --   ; -- ; (0)  ; (31)  ; --     ; --                     ; --                       ;
; HEX4[0]    ; Output   ; -- ; --   ; --   ; -- ; (0)  ; (31)  ; --     ; --                     ; --                       ;
; HEX5[6]    ; Output   ; -- ; --   ; --   ; -- ; (0)  ; (31)  ; --     ; --                     ; --                       ;
; HEX5[5]    ; Output   ; -- ; --   ; --   ; -- ; (0)  ; (31)  ; --     ; --                     ; --                       ;
; HEX5[4]    ; Output   ; -- ; --   ; --   ; -- ; (0)  ; (31)  ; --     ; --                     ; --                       ;
; HEX5[3]    ; Output   ; -- ; --   ; --   ; -- ; (0)  ; (31)  ; --     ; --                     ; --                       ;
; HEX5[2]    ; Output   ; -- ; --   ; --   ; -- ; (0)  ; (31)  ; --     ; --                     ; --                       ;
; HEX5[1]    ; Output   ; -- ; --   ; --   ; -- ; (0)  ; (31)  ; --     ; --                     ; --                       ;
; HEX5[0]    ; Output   ; -- ; --   ; --   ; -- ; (0)  ; (31)  ; --     ; --                     ; --                       ;
; OVGA[28]   ; Output   ; -- ; --   ; --   ; -- ; (0)  ; (31)  ; --     ; --                     ; --                       ;
; OVGA[27]   ; Output   ; -- ; --   ; --   ; -- ; (0)  ; (31)  ; --     ; --                     ; --                       ;
; OVGA[26]   ; Output   ; -- ; --   ; --   ; -- ; (0)  ; (31)  ; --     ; --                     ; --                       ;
; OVGA[25]   ; Output   ; -- ; --   ; --   ; -- ; (0)  ; (31)  ; --     ; --                     ; --                       ;
; OVGA[24]   ; Output   ; -- ; --   ; --   ; -- ; (0)  ; (31)  ; --     ; --                     ; --                       ;
; OVGA[23]   ; Output   ; -- ; --   ; --   ; -- ; (0)  ; (31)  ; --     ; --                     ; --                       ;
; OVGA[22]   ; Output   ; -- ; --   ; --   ; -- ; (0)  ; (31)  ; --     ; --                     ; --                       ;
; OVGA[21]   ; Output   ; -- ; --   ; --   ; -- ; (0)  ; (31)  ; --     ; --                     ; --                       ;
; OVGA[20]   ; Output   ; -- ; --   ; --   ; -- ; (0)  ; (31)  ; --     ; --                     ; --                       ;
; OVGA[19]   ; Output   ; -- ; --   ; --   ; -- ; (0)  ; (31)  ; --     ; --                     ; --                       ;
; OVGA[18]   ; Output   ; -- ; --   ; --   ; -- ; (0)  ; (31)  ; --     ; --                     ; --                       ;
; OVGA[17]   ; Output   ; -- ; --   ; --   ; -- ; (0)  ; (31)  ; --     ; --                     ; --                       ;
; OVGA[16]   ; Output   ; -- ; --   ; --   ; -- ; (0)  ; (31)  ; --     ; --                     ; --                       ;
; OVGA[15]   ; Output   ; -- ; --   ; --   ; -- ; (0)  ; (31)  ; --     ; --                     ; --                       ;
; OVGA[14]   ; Output   ; -- ; --   ; --   ; -- ; (0)  ; (31)  ; --     ; --                     ; --                       ;
; OVGA[13]   ; Output   ; -- ; --   ; --   ; -- ; (0)  ; (31)  ; --     ; --                     ; --                       ;
; OVGA[12]   ; Output   ; -- ; --   ; --   ; -- ; (0)  ; (31)  ; --     ; --                     ; --                       ;
; OVGA[11]   ; Output   ; -- ; --   ; --   ; -- ; (0)  ; (31)  ; --     ; --                     ; --                       ;
; OVGA[10]   ; Output   ; -- ; --   ; --   ; -- ; (0)  ; (31)  ; --     ; --                     ; --                       ;
; OVGA[9]    ; Output   ; -- ; --   ; --   ; -- ; (0)  ; (31)  ; --     ; --                     ; --                       ;
; OVGA[8]    ; Output   ; -- ; --   ; --   ; -- ; (0)  ; (31)  ; --     ; --                     ; --                       ;
; OVGA[7]    ; Output   ; -- ; --   ; --   ; -- ; (0)  ; (31)  ; --     ; --                     ; --                       ;
; OVGA[6]    ; Output   ; -- ; --   ; --   ; -- ; (0)  ; (31)  ; --     ; --                     ; --                       ;
; OVGA[5]    ; Output   ; -- ; --   ; --   ; -- ; (0)  ; (31)  ; --     ; --                     ; --                       ;
; OVGA[4]    ; Output   ; -- ; --   ; --   ; -- ; (0)  ; (31)  ; --     ; --                     ; --                       ;
; OVGA[3]    ; Output   ; -- ; --   ; --   ; -- ; (0)  ; (31)  ; --     ; --                     ; --                       ;
; OVGA[2]    ; Output   ; -- ; --   ; --   ; -- ; (0)  ; (31)  ; --     ; --                     ; --                       ;
; OVGA[1]    ; Output   ; -- ; --   ; --   ; -- ; (0)  ; (31)  ; --     ; --                     ; --                       ;
; OVGA[0]    ; Output   ; -- ; --   ; --   ; -- ; (0)  ; (31)  ; --     ; --                     ; --                       ;
; CLOCK_50   ; Input    ; -- ; (0)  ; --   ; -- ; --   ; --    ; --     ; --                     ; --                       ;
; resetN_pin ; Input    ; -- ; --   ; (0)  ; -- ; --   ; --    ; --     ; --                     ; --                       ;
; KEY[3]     ; Input    ; -- ; --   ; (0)  ; -- ; --   ; --    ; --     ; --                     ; --                       ;
+------------+----------+----+------+------+----+------+-------+--------+------------------------+--------------------------+


+---------------------------------------------------------------------------------------------------------------------------------------------------------------+
; Pad To Core Delay Chain Fanout                                                                                                                                ;
+---------------------------------------------------------------------------------------------------------------------------------+-------------------+---------+
; Source Pin / Fanout                                                                                                             ; Pad To Core Index ; Setting ;
+---------------------------------------------------------------------------------------------------------------------------------+-------------------+---------+
; PS2_DAT                                                                                                                         ;                   ;         ;
;      - TOP_KBD:inst16|KBDINTF:inst|bitrec:inst4|shift_reg[9]                                                                    ; 1                 ; 0       ;
;      - TOP_KBD:inst16|KBDINTF:inst|bitrec:inst4|shift_reg[8]~0                                                                  ; 1                 ; 0       ;
;      - TOP_KBD:inst16|KBDINTF:inst|bitrec:inst4|Selector5~0                                                                     ; 1                 ; 0       ;
;      - TOP_KBD:inst16|KBDINTF:inst|bitrec:inst4|Selector6~0                                                                     ; 1                 ; 0       ;
; PS2_CLK                                                                                                                         ;                   ;         ;
;      - TOP_KBD:inst16|KBDINTF:inst|lpf:inst5|SM_LPF~0                                                                           ; 0                 ; 0       ;
;      - TOP_KBD:inst16|KBDINTF:inst|lpf:inst5|cntr[3]~0                                                                          ; 0                 ; 0       ;
;      - TOP_KBD:inst16|KBDINTF:inst|lpf:inst5|cntr[0]~1                                                                          ; 0                 ; 0       ;
;      - TOP_KBD:inst16|KBDINTF:inst|lpf:inst5|cntr[2]~2                                                                          ; 0                 ; 0       ;
;      - TOP_KBD:inst16|KBDINTF:inst|lpf:inst5|cntr[1]~3                                                                          ; 0                 ; 0       ;
; AUDIN[1]                                                                                                                        ;                   ;         ;
;      - Audio_Block:inst6|AUDIO:inst|audio_codec_controller:inst|DualSerial2parallel:DualSerial2parallel_inst|AUD_ADCLRCK_D      ; 1                 ; 0       ;
;      - Audio_Block:inst6|AUDIO:inst|audio_codec_controller:inst|DualSerial2parallel:DualSerial2parallel_inst|AUD_DACDataOut~0   ; 1                 ; 0       ;
;      - Audio_Block:inst6|AUDIO:inst|audio_codec_controller:inst|DualSerial2parallel:DualSerial2parallel_inst|DACdata_fifo~0     ; 1                 ; 0       ;
;      - Audio_Block:inst6|AUDIO:inst|audio_codec_controller:inst|DualSerial2parallel:DualSerial2parallel_inst|DACdata_fifo[15]~1 ; 1                 ; 0       ;
;      - Audio_Block:inst6|AUDIO:inst|audio_codec_controller:inst|DualSerial2parallel:DualSerial2parallel_inst|always0~0          ; 1                 ; 0       ;
;      - Audio_Block:inst6|AUDIO:inst|audio_codec_controller:inst|DualSerial2parallel:DualSerial2parallel_inst|DACdata_fifo[15]~2 ; 1                 ; 0       ;
;      - Audio_Block:inst6|AUDIO:inst|audio_codec_controller:inst|DualSerial2parallel:DualSerial2parallel_inst|DACdata_fifo~3     ; 1                 ; 0       ;
;      - Audio_Block:inst6|AUDIO:inst|audio_codec_controller:inst|DualSerial2parallel:DualSerial2parallel_inst|DACdata_fifo~4     ; 1                 ; 0       ;
;      - Audio_Block:inst6|AUDIO:inst|audio_codec_controller:inst|DualSerial2parallel:DualSerial2parallel_inst|DACdata_fifo~5     ; 1                 ; 0       ;
;      - Audio_Block:inst6|AUDIO:inst|audio_codec_controller:inst|DualSerial2parallel:DualSerial2parallel_inst|DACdata_fifo~6     ; 1                 ; 0       ;
;      - Audio_Block:inst6|AUDIO:inst|audio_codec_controller:inst|DualSerial2parallel:DualSerial2parallel_inst|DACdata_fifo~7     ; 1                 ; 0       ;
;      - Audio_Block:inst6|AUDIO:inst|audio_codec_controller:inst|DualSerial2parallel:DualSerial2parallel_inst|DACdata_fifo~8     ; 1                 ; 0       ;
;      - Audio_Block:inst6|AUDIO:inst|audio_codec_controller:inst|DualSerial2parallel:DualSerial2parallel_inst|DACdata_fifo~9     ; 1                 ; 0       ;
;      - Audio_Block:inst6|AUDIO:inst|audio_codec_controller:inst|DualSerial2parallel:DualSerial2parallel_inst|DACdata_fifo~10    ; 1                 ; 0       ;
;      - Audio_Block:inst6|AUDIO:inst|audio_codec_controller:inst|DualSerial2parallel:DualSerial2parallel_inst|DACdata_fifo~11    ; 1                 ; 0       ;
;      - Audio_Block:inst6|AUDIO:inst|audio_codec_controller:inst|DualSerial2parallel:DualSerial2parallel_inst|DACdata_fifo~12    ; 1                 ; 0       ;
;      - Audio_Block:inst6|AUDIO:inst|audio_codec_controller:inst|DualSerial2parallel:DualSerial2parallel_inst|DACdata_fifo~13    ; 1                 ; 0       ;
;      - Audio_Block:inst6|AUDIO:inst|audio_codec_controller:inst|DualSerial2parallel:DualSerial2parallel_inst|DACdata_fifo~14    ; 1                 ; 0       ;
;      - Audio_Block:inst6|AUDIO:inst|audio_codec_controller:inst|DualSerial2parallel:DualSerial2parallel_inst|DACdata_fifo~15    ; 1                 ; 0       ;
;      - Audio_Block:inst6|AUDIO:inst|audio_codec_controller:inst|DualSerial2parallel:DualSerial2parallel_inst|DACdata_fifo~16    ; 1                 ; 0       ;
;      - Audio_Block:inst6|AUDIO:inst|audio_codec_controller:inst|DualSerial2parallel:DualSerial2parallel_inst|DACdata_fifo~17    ; 1                 ; 0       ;
; AUDIN[2]                                                                                                                        ;                   ;         ;
;      - Audio_Block:inst6|AUDIO:inst|audio_codec_controller:inst|DualSerial2parallel:DualSerial2parallel_inst|AUD_BCLK_D         ; 1                 ; 0       ;
;      - Audio_Block:inst6|AUDIO:inst|audio_codec_controller:inst|DualSerial2parallel:DualSerial2parallel_inst|AUD_DACDataOut~0   ; 1                 ; 0       ;
;      - Audio_Block:inst6|AUDIO:inst|audio_codec_controller:inst|DualSerial2parallel:DualSerial2parallel_inst|DACdata_fifo[15]~1 ; 1                 ; 0       ;
;      - Audio_Block:inst6|AUDIO:inst|audio_codec_controller:inst|DualSerial2parallel:DualSerial2parallel_inst|DACdata_fifo[15]~2 ; 1                 ; 0       ;
;      - Audio_Block:inst6|AUDIO:inst|audio_codec_controller:inst|DualSerial2parallel:DualSerial2parallel_inst|DACdata_fifo~18    ; 1                 ; 0       ;
; CLOCK_50                                                                                                                        ;                   ;         ;
; resetN_pin                                                                                                                      ;                   ;         ;
;      - CLK_31P5:inst7|CLK_31P5_0002:clk_31p5_inst|altera_pll:altera_pll_i|general[0].gpll~FRACTIONAL_PLL                        ; 1                 ; 0       ;
; KEY[3]                                                                                                                          ;                   ;         ;
;      - Audio_Block:inst6|AUDIO:inst|sintable:inst1|always0~0                                                                    ; 1                 ; 0       ;
;      - Audio_Block:inst6|AUDIO:inst|sintable:inst1|volume_d~0                                                                   ; 1                 ; 0       ;
+---------------------------------------------------------------------------------------------------------------------------------+-------------------+---------+


+-----------------------------------------------------------------------------------------------------------------------------------------------------------------------------------------------------------------------------------------------------------------------------------------------------------------------------------------------------------------------------------------------------------------------------------------------------------------------------------------------------------------------------+
; Control Signals                                                                                                                                                                                                                                                                                                                                                                                                                                                                                                             ;
+------------------------------------------------------------------------------------------------------------------------------------------------------------------------------------------------------------------------------------------------------------------------------------------------------------------------------------------------------------+----------------------------+---------+------------------------------------------+--------+----------------------+------------------+---------------------------+
; Name                                                                                                                                                                                                                                                                                                                                                       ; Location                   ; Fan-Out ; Usage                                    ; Global ; Global Resource Used ; Global Line Name ; Enable Signal Source Name ;
+------------------------------------------------------------------------------------------------------------------------------------------------------------------------------------------------------------------------------------------------------------------------------------------------------------------------------------------------------------+----------------------------+---------+------------------------------------------+--------+----------------------+------------------+---------------------------+
; Apple_Block:inst10|blue_apple_controller:inst8|redModuloCounter[2]~0                                                                                                                                                                                                                                                                                       ; LABCELL_X75_Y20_N30        ; 6       ; Clock enable                             ; no     ; --                   ; --               ; --                        ;
; Apple_Block:inst10|randomCounter:inst|sampleBlack~2                                                                                                                                                                                                                                                                                                        ; LABCELL_X53_Y19_N18        ; 12      ; Clock enable                             ; no     ; --                   ; --               ; --                        ;
; Apple_Block:inst10|randomCounter:inst|sampleBlue~2                                                                                                                                                                                                                                                                                                         ; LABCELL_X51_Y17_N54        ; 11      ; Clock enable                             ; no     ; --                   ; --               ; --                        ;
; Apple_Block:inst10|randomCounter:inst|sampleRed~3                                                                                                                                                                                                                                                                                                          ; LABCELL_X56_Y17_N57        ; 14      ; Clock enable                             ; no     ; --                   ; --               ; --                        ;
; Apple_Block:inst10|square_object:inst11|insideRectangle~8                                                                                                                                                                                                                                                                                                  ; LABCELL_X57_Y17_N0         ; 11      ; Sync. clear                              ; no     ; --                   ; --               ; --                        ;
; Apple_Block:inst10|square_object:inst12|insideRectangle~8                                                                                                                                                                                                                                                                                                  ; LABCELL_X53_Y17_N54        ; 12      ; Sync. clear                              ; no     ; --                   ; --               ; --                        ;
; Apple_Block:inst10|square_object:inst13|insideRectangle~9                                                                                                                                                                                                                                                                                                  ; LABCELL_X53_Y17_N57        ; 12      ; Sync. clear                              ; no     ; --                   ; --               ; --                        ;
; Audio_Block:inst6|AUDIO:inst|addr_counter:inst9|LessThan0~1                                                                                                                                                                                                                                                                                                ; MLABCELL_X78_Y23_N48       ; 11      ; Sync. clear                              ; no     ; --                   ; --               ; --                        ;
; Audio_Block:inst6|AUDIO:inst|addr_counter:inst9|addr[7]                                                                                                                                                                                                                                                                                                    ; FF_X78_Y23_N23             ; 10      ; Sync. clear                              ; no     ; --                   ; --               ; --                        ;
; Audio_Block:inst6|AUDIO:inst|addr_counter:inst9|always0~0                                                                                                                                                                                                                                                                                                  ; LABCELL_X79_Y23_N39        ; 11      ; Clock enable                             ; no     ; --                   ; --               ; --                        ;
; Audio_Block:inst6|AUDIO:inst|audio_codec_controller:inst|DualSerial2parallel:DualSerial2parallel_inst|DACdata_fifo[15]~1                                                                                                                                                                                                                                   ; LABCELL_X80_Y19_N15        ; 15      ; Clock enable                             ; no     ; --                   ; --               ; --                        ;
; Audio_Block:inst6|AUDIO:inst|audio_codec_controller:inst|DualSerial2parallel:DualSerial2parallel_inst|DACdata_fifo[15]~2                                                                                                                                                                                                                                   ; LABCELL_X80_Y19_N48        ; 32      ; Clock enable                             ; no     ; --                   ; --               ; --                        ;
; Audio_Block:inst6|AUDIO:inst|audio_codec_controller:inst|DualSerial2parallel:DualSerial2parallel_inst|always0~0                                                                                                                                                                                                                                            ; LABCELL_X79_Y19_N15        ; 33      ; Sync. clear                              ; no     ; --                   ; --               ; --                        ;
; Audio_Block:inst6|AUDIO:inst|audio_codec_controller:inst|i2c:i2c_inst|SD[12]~1                                                                                                                                                                                                                                                                             ; MLABCELL_X84_Y22_N27       ; 9       ; Clock enable                             ; no     ; --                   ; --               ; --                        ;
; Audio_Block:inst6|AUDIO:inst|melody_player_1:inst5|Mili_sec_counter:mili_sec_counter_inst|LessThan0~7                                                                                                                                                                                                                                                      ; LABCELL_X81_Y23_N36        ; 35      ; Sync. clear                              ; no     ; --                   ; --               ; --                        ;
; Audio_Block:inst6|AUDIO:inst|prescaler:inst3|LessThan0~9                                                                                                                                                                                                                                                                                                   ; MLABCELL_X78_Y24_N15       ; 36      ; Sync. clear                              ; no     ; --                   ; --               ; --                        ;
; Audio_Block:inst6|AUDIO:inst|sintable:inst1|always0~0                                                                                                                                                                                                                                                                                                      ; LABCELL_X75_Y16_N30        ; 2       ; Clock enable                             ; no     ; --                   ; --               ; --                        ;
; Audio_Block:inst6|sound_effect_controller:inst1|startMelody~0                                                                                                                                                                                                                                                                                              ; LABCELL_X77_Y22_N39        ; 3       ; Clock enable                             ; no     ; --                   ; --               ; --                        ;
; CLK_31P5:inst7|CLK_31P5_0002:clk_31p5_inst|altera_pll:altera_pll_i|locked_wire[0]                                                                                                                                                                                                                                                                          ; FRACTIONALPLL_X0_Y15_N0    ; 5104    ; Async. clear, Clock enable, Latch enable ; no     ; --                   ; --               ; --                        ;
; CLK_31P5:inst7|CLK_31P5_0002:clk_31p5_inst|altera_pll:altera_pll_i|outclk_wire[0]                                                                                                                                                                                                                                                                          ; PLLOUTPUTCOUNTER_X0_Y20_N1 ; 5504    ; Clock                                    ; yes    ; Global Clock         ; GCLK7            ; --                        ;
; Score_Block:inst11|appleCounter:inst133|scoreHigh[3]~5                                                                                                                                                                                                                                                                                                     ; LABCELL_X66_Y16_N42        ; 5       ; Clock enable                             ; no     ; --                   ; --               ; --                        ;
; Score_Block:inst11|appleCounter:inst133|scoreLow[1]~4                                                                                                                                                                                                                                                                                                      ; LABCELL_X67_Y16_N39        ; 5       ; Clock enable                             ; no     ; --                   ; --               ; --                        ;
; Score_Block:inst11|highscoreComp:inst1|always0~1                                                                                                                                                                                                                                                                                                           ; MLABCELL_X65_Y16_N18       ; 8       ; Clock enable                             ; no     ; --                   ; --               ; --                        ;
; Score_Block:inst11|square_object:inst42|insideRectangle~0                                                                                                                                                                                                                                                                                                  ; LABCELL_X51_Y19_N54        ; 11      ; Sync. clear                              ; no     ; --                   ; --               ; --                        ;
; Score_Block:inst11|square_object:inst4|insideRectangle~2                                                                                                                                                                                                                                                                                                   ; MLABCELL_X52_Y19_N12       ; 12      ; Sync. clear                              ; no     ; --                   ; --               ; --                        ;
; Snake_Block:inst13|snake_body:inst6|snakeLength[3]~2                                                                                                                                                                                                                                                                                                       ; LABCELL_X66_Y16_N45        ; 25      ; Clock enable                             ; no     ; --                   ; --               ; --                        ;
; Snake_Block:inst13|snake_body:inst6|trailY[50][3]~0                                                                                                                                                                                                                                                                                                        ; LABCELL_X77_Y22_N54        ; 4376    ; Clock enable                             ; no     ; --                   ; --               ; --                        ;
; Snake_Block:inst13|snake_head:inst3|Xposition[13]~5                                                                                                                                                                                                                                                                                                        ; LABCELL_X75_Y26_N18        ; 2       ; Clock enable                             ; no     ; --                   ; --               ; --                        ;
; Snake_Block:inst13|snake_head:inst3|Yposition[13]~3                                                                                                                                                                                                                                                                                                        ; LABCELL_X77_Y25_N30        ; 4       ; Clock enable                             ; no     ; --                   ; --               ; --                        ;
; Snake_Block:inst13|snake_head:inst3|targetX[14]~6                                                                                                                                                                                                                                                                                                          ; LABCELL_X77_Y25_N21        ; 4       ; Clock enable                             ; no     ; --                   ; --               ; --                        ;
; Snake_Block:inst13|snake_head:inst3|targetY[13]~6                                                                                                                                                                                                                                                                                                          ; LABCELL_X77_Y25_N18        ; 8       ; Clock enable                             ; no     ; --                   ; --               ; --                        ;
; Snake_Block:inst13|speed_controller:inst|moveSpeed[4]~4                                                                                                                                                                                                                                                                                                    ; LABCELL_X79_Y21_N48        ; 14      ; Sync. load                               ; no     ; --                   ; --               ; --                        ;
; Snake_Block:inst13|square_object:inst4|insideRectangle~2                                                                                                                                                                                                                                                                                                   ; LABCELL_X43_Y26_N27        ; 13      ; Sync. clear                              ; no     ; --                   ; --               ; --                        ;
; TOP_KBD:inst16|KBDINTF:inst|bitrec:inst4|SM_BITREC.LOW_CLK_ST                                                                                                                                                                                                                                                                                              ; FF_X81_Y20_N26             ; 18      ; Sync. clear                              ; no     ; --                   ; --               ; --                        ;
; TOP_KBD:inst16|KBDINTF:inst|bitrec:inst4|Selector9~0                                                                                                                                                                                                                                                                                                       ; LABCELL_X81_Y20_N21        ; 10      ; Clock enable                             ; no     ; --                   ; --               ; --                        ;
; TOP_KBD:inst16|KBDINTF:inst|bitrec:inst4|shift_reg[8]~0                                                                                                                                                                                                                                                                                                    ; LABCELL_X81_Y20_N15        ; 10      ; Clock enable                             ; no     ; --                   ; --               ; --                        ;
; TOP_KBD:inst16|KBDINTF:inst|byterec:inst3|Selector4~1                                                                                                                                                                                                                                                                                                      ; MLABCELL_X78_Y20_N54       ; 2       ; Clock enable                             ; no     ; --                   ; --               ; --                        ;
; TOP_KBD:inst16|KBDINTF:inst|byterec:inst3|WideOr3                                                                                                                                                                                                                                                                                                          ; LABCELL_X79_Y20_N6         ; 9       ; Clock enable                             ; no     ; --                   ; --               ; --                        ;
; VGA_Controller:inst|LessThan4~0                                                                                                                                                                                                                                                                                                                            ; LABCELL_X36_Y21_N45        ; 14      ; Sync. clear                              ; no     ; --                   ; --               ; --                        ;
; VGA_Controller:inst|LessThan5~1                                                                                                                                                                                                                                                                                                                            ; LABCELL_X62_Y21_N51        ; 13      ; Sync. clear                              ; no     ; --                   ; --               ; --                        ;
; VGA_Controller:inst|always1~0                                                                                                                                                                                                                                                                                                                              ; LABCELL_X62_Y21_N45        ; 14      ; Clock enable                             ; no     ; --                   ; --               ; --                        ;
; altera_internal_jtag~TCKUTAP                                                                                                                                                                                                                                                                                                                               ; JTAG_X0_Y2_N3              ; 345     ; Clock                                    ; no     ; --                   ; --               ; --                        ;
; altera_internal_jtag~TMSUTAP                                                                                                                                                                                                                                                                                                                               ; JTAG_X0_Y2_N3              ; 23      ; Sync. clear                              ; no     ; --                   ; --               ; --                        ;
; back_ground_draw:inst4|lpm_rom:top_background_rom|altrom:srom|altsyncram:rom_block|altsyncram_pn81:auto_generated|decode_51a:rden_decode|w_anode244w[3]~0                                                                                                                                                                                                  ; LABCELL_X64_Y10_N15        ; 8       ; Clock enable                             ; no     ; --                   ; --               ; --                        ;
; back_ground_draw:inst4|lpm_rom:top_background_rom|altrom:srom|altsyncram:rom_block|altsyncram_pn81:auto_generated|decode_51a:rden_decode|w_anode262w[3]                                                                                                                                                                                                    ; LABCELL_X64_Y10_N21        ; 8       ; Clock enable                             ; no     ; --                   ; --               ; --                        ;
; back_ground_draw:inst4|lpm_rom:top_background_rom|altrom:srom|altsyncram:rom_block|altsyncram_pn81:auto_generated|decode_51a:rden_decode|w_anode273w[3]                                                                                                                                                                                                    ; LABCELL_X64_Y10_N27        ; 8       ; Clock enable                             ; no     ; --                   ; --               ; --                        ;
; back_ground_draw:inst4|lpm_rom:top_background_rom|altrom:srom|altsyncram:rom_block|altsyncram_pn81:auto_generated|decode_51a:rden_decode|w_anode284w[3]                                                                                                                                                                                                    ; LABCELL_X64_Y10_N9         ; 8       ; Clock enable                             ; no     ; --                   ; --               ; --                        ;
; back_ground_draw:inst4|lpm_rom:top_background_rom|altrom:srom|altsyncram:rom_block|altsyncram_pn81:auto_generated|decode_51a:rden_decode|w_anode295w[3]                                                                                                                                                                                                    ; LABCELL_X64_Y10_N6         ; 8       ; Clock enable                             ; no     ; --                   ; --               ; --                        ;
; back_ground_draw:inst4|lpm_rom:top_background_rom|altrom:srom|altsyncram:rom_block|altsyncram_pn81:auto_generated|decode_51a:rden_decode|w_anode306w[3]~0                                                                                                                                                                                                  ; LABCELL_X64_Y10_N18        ; 8       ; Clock enable                             ; no     ; --                   ; --               ; --                        ;
; back_ground_draw:inst4|lpm_rom:top_background_rom|altrom:srom|altsyncram:rom_block|altsyncram_pn81:auto_generated|decode_51a:rden_decode|w_anode317w[3]~0                                                                                                                                                                                                  ; LABCELL_X64_Y10_N24        ; 8       ; Clock enable                             ; no     ; --                   ; --               ; --                        ;
; end_message_display:inst17|lpm_rom:lost_rom_inst|altrom:srom|altsyncram:rom_block|altsyncram_6f81:auto_generated|decode_51a:rden_decode|w_anode244w[3]~0                                                                                                                                                                                                   ; MLABCELL_X34_Y14_N57       ; 16      ; Clock enable                             ; no     ; --                   ; --               ; --                        ;
; end_message_display:inst17|lpm_rom:lost_rom_inst|altrom:srom|altsyncram:rom_block|altsyncram_6f81:auto_generated|decode_51a:rden_decode|w_anode262w[3]                                                                                                                                                                                                     ; MLABCELL_X34_Y14_N15       ; 16      ; Clock enable                             ; no     ; --                   ; --               ; --                        ;
; end_message_display:inst17|lpm_rom:lost_rom_inst|altrom:srom|altsyncram:rom_block|altsyncram_6f81:auto_generated|decode_51a:rden_decode|w_anode273w[3]                                                                                                                                                                                                     ; MLABCELL_X34_Y14_N24       ; 16      ; Clock enable                             ; no     ; --                   ; --               ; --                        ;
; end_message_display:inst17|lpm_rom:lost_rom_inst|altrom:srom|altsyncram:rom_block|altsyncram_6f81:auto_generated|decode_51a:rden_decode|w_anode284w[3]                                                                                                                                                                                                     ; MLABCELL_X34_Y14_N36       ; 16      ; Clock enable                             ; no     ; --                   ; --               ; --                        ;
; end_message_display:inst17|lpm_rom:lost_rom_inst|altrom:srom|altsyncram:rom_block|altsyncram_6f81:auto_generated|decode_51a:rden_decode|w_anode295w[3]                                                                                                                                                                                                     ; MLABCELL_X34_Y14_N48       ; 16      ; Clock enable                             ; no     ; --                   ; --               ; --                        ;
; end_message_display:inst17|lpm_rom:lost_rom_inst|altrom:srom|altsyncram:rom_block|altsyncram_6f81:auto_generated|decode_51a:rden_decode|w_anode306w[3]~0                                                                                                                                                                                                   ; MLABCELL_X34_Y14_N27       ; 16      ; Clock enable                             ; no     ; --                   ; --               ; --                        ;
; end_message_display:inst17|lpm_rom:lost_rom_inst|altrom:srom|altsyncram:rom_block|altsyncram_6f81:auto_generated|decode_51a:rden_decode|w_anode317w[3]~0                                                                                                                                                                                                   ; MLABCELL_X34_Y14_N0        ; 4       ; Clock enable                             ; no     ; --                   ; --               ; --                        ;
; game_controller:inst22|gameStartPulse                                                                                                                                                                                                                                                                                                                      ; FF_X77_Y22_N50             ; 4359    ; Sync. clear, Sync. load                  ; no     ; --                   ; --               ; --                        ;
; game_controller:inst22|gameStarted                                                                                                                                                                                                                                                                                                                         ; FF_X56_Y16_N2              ; 215     ; Sync. clear, Sync. load                  ; no     ; --                   ; --               ; --                        ;
; game_controller:inst22|redAppleHitPulse                                                                                                                                                                                                                                                                                                                    ; FF_X57_Y16_N59             ; 16      ; Sync. load                               ; no     ; --                   ; --               ; --                        ;
; sld_hub:auto_hub|alt_sld_fab_with_jtag_input:\instrumentation_fabric_with_node_gen:fabric_gen_new_way:with_jtag_input_gen:instrumentation_fabric|alt_sld_fab:instrumentation_fabric|alt_sld_fab_alt_sld_fab:alt_sld_fab|alt_sld_fab_alt_sld_fab_sldfabric:sldfabric|sld_jtag_hub:\jtag_hub_gen:real_sld_jtag_hub|clr_reg                                   ; FF_X1_Y1_N5                ; 28      ; Async. clear                             ; no     ; --                   ; --               ; --                        ;
; sld_hub:auto_hub|alt_sld_fab_with_jtag_input:\instrumentation_fabric_with_node_gen:fabric_gen_new_way:with_jtag_input_gen:instrumentation_fabric|alt_sld_fab:instrumentation_fabric|alt_sld_fab_alt_sld_fab:alt_sld_fab|alt_sld_fab_alt_sld_fab_sldfabric:sldfabric|sld_jtag_hub:\jtag_hub_gen:real_sld_jtag_hub|design_hash_reg[0]~3                      ; LABCELL_X1_Y4_N12          ; 4       ; Clock enable                             ; no     ; --                   ; --               ; --                        ;
; sld_hub:auto_hub|alt_sld_fab_with_jtag_input:\instrumentation_fabric_with_node_gen:fabric_gen_new_way:with_jtag_input_gen:instrumentation_fabric|alt_sld_fab:instrumentation_fabric|alt_sld_fab_alt_sld_fab:alt_sld_fab|alt_sld_fab_alt_sld_fab_sldfabric:sldfabric|sld_jtag_hub:\jtag_hub_gen:real_sld_jtag_hub|identity_contrib_shift_reg[0]~0           ; LABCELL_X1_Y2_N24          ; 4       ; Clock enable                             ; no     ; --                   ; --               ; --                        ;
; sld_hub:auto_hub|alt_sld_fab_with_jtag_input:\instrumentation_fabric_with_node_gen:fabric_gen_new_way:with_jtag_input_gen:instrumentation_fabric|alt_sld_fab:instrumentation_fabric|alt_sld_fab_alt_sld_fab:alt_sld_fab|alt_sld_fab_alt_sld_fab_sldfabric:sldfabric|sld_jtag_hub:\jtag_hub_gen:real_sld_jtag_hub|irf_reg[1][0]~0                           ; LABCELL_X1_Y4_N6           ; 10      ; Clock enable                             ; no     ; --                   ; --               ; --                        ;
; sld_hub:auto_hub|alt_sld_fab_with_jtag_input:\instrumentation_fabric_with_node_gen:fabric_gen_new_way:with_jtag_input_gen:instrumentation_fabric|alt_sld_fab:instrumentation_fabric|alt_sld_fab_alt_sld_fab:alt_sld_fab|alt_sld_fab_alt_sld_fab_sldfabric:sldfabric|sld_jtag_hub:\jtag_hub_gen:real_sld_jtag_hub|irf_reg[1][4]                             ; FF_X2_Y5_N11               ; 12      ; Clock enable                             ; no     ; --                   ; --               ; --                        ;
; sld_hub:auto_hub|alt_sld_fab_with_jtag_input:\instrumentation_fabric_with_node_gen:fabric_gen_new_way:with_jtag_input_gen:instrumentation_fabric|alt_sld_fab:instrumentation_fabric|alt_sld_fab_alt_sld_fab:alt_sld_fab|alt_sld_fab_alt_sld_fab_sldfabric:sldfabric|sld_jtag_hub:\jtag_hub_gen:real_sld_jtag_hub|irf_reg[1][7]                             ; FF_X2_Y5_N44               ; 35      ; Clock enable                             ; no     ; --                   ; --               ; --                        ;
; sld_hub:auto_hub|alt_sld_fab_with_jtag_input:\instrumentation_fabric_with_node_gen:fabric_gen_new_way:with_jtag_input_gen:instrumentation_fabric|alt_sld_fab:instrumentation_fabric|alt_sld_fab_alt_sld_fab:alt_sld_fab|alt_sld_fab_alt_sld_fab_sldfabric:sldfabric|sld_jtag_hub:\jtag_hub_gen:real_sld_jtag_hub|irsr_reg[2]~0                             ; LABCELL_X1_Y5_N18          ; 9       ; Clock enable                             ; no     ; --                   ; --               ; --                        ;
; sld_hub:auto_hub|alt_sld_fab_with_jtag_input:\instrumentation_fabric_with_node_gen:fabric_gen_new_way:with_jtag_input_gen:instrumentation_fabric|alt_sld_fab:instrumentation_fabric|alt_sld_fab_alt_sld_fab:alt_sld_fab|alt_sld_fab_alt_sld_fab_sldfabric:sldfabric|sld_jtag_hub:\jtag_hub_gen:real_sld_jtag_hub|irsr_reg[3]~2                             ; LABCELL_X2_Y2_N42          ; 4       ; Clock enable                             ; no     ; --                   ; --               ; --                        ;
; sld_hub:auto_hub|alt_sld_fab_with_jtag_input:\instrumentation_fabric_with_node_gen:fabric_gen_new_way:with_jtag_input_gen:instrumentation_fabric|alt_sld_fab:instrumentation_fabric|alt_sld_fab_alt_sld_fab:alt_sld_fab|alt_sld_fab_alt_sld_fab_sldfabric:sldfabric|sld_jtag_hub:\jtag_hub_gen:real_sld_jtag_hub|mixer_addr_reg_internal[2]~1              ; MLABCELL_X3_Y4_N39         ; 5       ; Clock enable                             ; no     ; --                   ; --               ; --                        ;
; sld_hub:auto_hub|alt_sld_fab_with_jtag_input:\instrumentation_fabric_with_node_gen:fabric_gen_new_way:with_jtag_input_gen:instrumentation_fabric|alt_sld_fab:instrumentation_fabric|alt_sld_fab_alt_sld_fab:alt_sld_fab|alt_sld_fab_alt_sld_fab_sldfabric:sldfabric|sld_jtag_hub:\jtag_hub_gen:real_sld_jtag_hub|reset_ena_reg_proc~0                      ; LABCELL_X1_Y2_N36          ; 4       ; Clock enable                             ; no     ; --                   ; --               ; --                        ;
; sld_hub:auto_hub|alt_sld_fab_with_jtag_input:\instrumentation_fabric_with_node_gen:fabric_gen_new_way:with_jtag_input_gen:instrumentation_fabric|alt_sld_fab:instrumentation_fabric|alt_sld_fab_alt_sld_fab:alt_sld_fab|alt_sld_fab_alt_sld_fab_sldfabric:sldfabric|sld_jtag_hub:\jtag_hub_gen:real_sld_jtag_hub|sld_rom_sr:hub_info_reg|WORD_SR[0]~2      ; LABCELL_X1_Y4_N36          ; 4       ; Clock enable                             ; no     ; --                   ; --               ; --                        ;
; sld_hub:auto_hub|alt_sld_fab_with_jtag_input:\instrumentation_fabric_with_node_gen:fabric_gen_new_way:with_jtag_input_gen:instrumentation_fabric|alt_sld_fab:instrumentation_fabric|alt_sld_fab_alt_sld_fab:alt_sld_fab|alt_sld_fab_alt_sld_fab_sldfabric:sldfabric|sld_jtag_hub:\jtag_hub_gen:real_sld_jtag_hub|sld_rom_sr:hub_info_reg|word_counter[0]~1 ; LABCELL_X1_Y4_N39          ; 7       ; Clock enable                             ; no     ; --                   ; --               ; --                        ;
; sld_hub:auto_hub|alt_sld_fab_with_jtag_input:\instrumentation_fabric_with_node_gen:fabric_gen_new_way:with_jtag_input_gen:instrumentation_fabric|alt_sld_fab:instrumentation_fabric|alt_sld_fab_alt_sld_fab:alt_sld_fab|alt_sld_fab_alt_sld_fab_sldfabric:sldfabric|sld_jtag_hub:\jtag_hub_gen:real_sld_jtag_hub|sld_shadow_jsm:shadow_jsm|state[0]        ; FF_X1_Y1_N11               ; 16      ; Async. clear                             ; no     ; --                   ; --               ; --                        ;
; sld_hub:auto_hub|alt_sld_fab_with_jtag_input:\instrumentation_fabric_with_node_gen:fabric_gen_new_way:with_jtag_input_gen:instrumentation_fabric|alt_sld_fab:instrumentation_fabric|alt_sld_fab_alt_sld_fab:alt_sld_fab|alt_sld_fab_alt_sld_fab_sldfabric:sldfabric|sld_jtag_hub:\jtag_hub_gen:real_sld_jtag_hub|sld_shadow_jsm:shadow_jsm|state[11]       ; FF_X1_Y1_N53               ; 13      ; Clock enable                             ; no     ; --                   ; --               ; --                        ;
; sld_hub:auto_hub|alt_sld_fab_with_jtag_input:\instrumentation_fabric_with_node_gen:fabric_gen_new_way:with_jtag_input_gen:instrumentation_fabric|alt_sld_fab:instrumentation_fabric|alt_sld_fab_alt_sld_fab:alt_sld_fab|alt_sld_fab_alt_sld_fab_sldfabric:sldfabric|sld_jtag_hub:\jtag_hub_gen:real_sld_jtag_hub|sld_shadow_jsm:shadow_jsm|state[3]        ; FF_X2_Y5_N17               ; 57      ; Sync. load                               ; no     ; --                   ; --               ; --                        ;
; sld_hub:auto_hub|alt_sld_fab_with_jtag_input:\instrumentation_fabric_with_node_gen:fabric_gen_new_way:with_jtag_input_gen:instrumentation_fabric|alt_sld_fab:instrumentation_fabric|alt_sld_fab_alt_sld_fab:alt_sld_fab|alt_sld_fab_alt_sld_fab_sldfabric:sldfabric|sld_jtag_hub:\jtag_hub_gen:real_sld_jtag_hub|virtual_ir_dr_scan_proc~0                 ; LABCELL_X1_Y1_N42          ; 3       ; Clock enable                             ; no     ; --                   ; --               ; --                        ;
; sld_hub:auto_hub|alt_sld_fab_with_jtag_input:\instrumentation_fabric_with_node_gen:fabric_gen_new_way:with_jtag_input_gen:instrumentation_fabric|alt_sld_fab:instrumentation_fabric|alt_sld_fab_alt_sld_fab:alt_sld_fab|alt_sld_fab_alt_sld_fab_sldfabric:sldfabric|sld_jtag_hub:\jtag_hub_gen:real_sld_jtag_hub|virtual_ir_scan_reg                       ; FF_X2_Y1_N2                ; 57      ; Async. clear, Clock enable               ; no     ; --                   ; --               ; --                        ;
; sld_hub:auto_hub|alt_sld_fab_with_jtag_input:\instrumentation_fabric_with_node_gen:fabric_gen_new_way:with_jtag_input_gen:instrumentation_fabric|alt_sld_fab:instrumentation_fabric|alt_sld_fab_alt_sld_fab:alt_sld_fab|sldfabric_ident_writedata[0]~0                                                                                                     ; LABCELL_X1_Y2_N45          ; 4       ; Clock enable                             ; no     ; --                   ; --               ; --                        ;
; sld_signaltap:auto_signaltap_0|sld_signaltap_impl:sld_signaltap_body|sld_signaltap_implb:sld_signaltap_body|altdpram:\stp_non_zero_ram_gen:attribute_mem_gen:attribute_mem|lpm_decode:wdecoder|decode_vnf:auto_generated|eq_node[0]~1                                                                                                                      ; LABCELL_X4_Y4_N51          ; 27      ; Clock enable                             ; no     ; --                   ; --               ; --                        ;
; sld_signaltap:auto_signaltap_0|sld_signaltap_impl:sld_signaltap_body|sld_signaltap_implb:sld_signaltap_body|altdpram:\stp_non_zero_ram_gen:attribute_mem_gen:attribute_mem|lpm_decode:wdecoder|decode_vnf:auto_generated|eq_node[1]~0                                                                                                                      ; LABCELL_X4_Y4_N30          ; 27      ; Clock enable                             ; no     ; --                   ; --               ; --                        ;
; sld_signaltap:auto_signaltap_0|sld_signaltap_impl:sld_signaltap_body|sld_signaltap_implb:sld_signaltap_body|altdpram:\stp_non_zero_ram_gen:attribute_mem_gen:attribute_mem|xraddr[0]                                                                                                                                                                       ; FF_X3_Y5_N59               ; 27      ; Sync. load                               ; no     ; --                   ; --               ; --                        ;
; sld_signaltap:auto_signaltap_0|sld_signaltap_impl:sld_signaltap_body|sld_signaltap_implb:sld_signaltap_body|buffer_write_enable_delayed                                                                                                                                                                                                                    ; FF_X4_Y4_N28               ; 10      ; Clock enable, Write enable               ; no     ; --                   ; --               ; --                        ;
; sld_signaltap:auto_signaltap_0|sld_signaltap_impl:sld_signaltap_body|sld_signaltap_implb:sld_signaltap_body|cdr~0                                                                                                                                                                                                                                          ; LABCELL_X7_Y4_N9           ; 13      ; Sync. load                               ; no     ; --                   ; --               ; --                        ;
; sld_signaltap:auto_signaltap_0|sld_signaltap_impl:sld_signaltap_body|sld_signaltap_implb:sld_signaltap_body|collect_data                                                                                                                                                                                                                                   ; LABCELL_X4_Y4_N33          ; 33      ; Clock enable                             ; no     ; --                   ; --               ; --                        ;
; sld_signaltap:auto_signaltap_0|sld_signaltap_impl:sld_signaltap_body|sld_signaltap_implb:sld_signaltap_body|process_0~0                                                                                                                                                                                                                                    ; LABCELL_X7_Y4_N36          ; 33      ; Sync. clear                              ; no     ; --                   ; --               ; --                        ;
; sld_signaltap:auto_signaltap_0|sld_signaltap_impl:sld_signaltap_body|sld_signaltap_implb:sld_signaltap_body|process_0~1                                                                                                                                                                                                                                    ; MLABCELL_X3_Y1_N39         ; 33      ; Sync. load                               ; no     ; --                   ; --               ; --                        ;
; sld_signaltap:auto_signaltap_0|sld_signaltap_impl:sld_signaltap_body|sld_signaltap_implb:sld_signaltap_body|reset_all                                                                                                                                                                                                                                      ; FF_X6_Y1_N17               ; 159     ; Async. clear                             ; no     ; --                   ; --               ; --                        ;
; sld_signaltap:auto_signaltap_0|sld_signaltap_impl:sld_signaltap_body|sld_signaltap_implb:sld_signaltap_body|sdr                                                                                                                                                                                                                                            ; LABCELL_X7_Y4_N33          ; 27      ; Sync. load                               ; no     ; --                   ; --               ; --                        ;
; sld_signaltap:auto_signaltap_0|sld_signaltap_impl:sld_signaltap_body|sld_signaltap_implb:sld_signaltap_body|serial_crc_16:\tdo_crc_gen:tdo_crc_calc|lfsr[1]~1                                                                                                                                                                                              ; LABCELL_X7_Y4_N48          ; 15      ; Clock enable                             ; no     ; --                   ; --               ; --                        ;
; sld_signaltap:auto_signaltap_0|sld_signaltap_impl:sld_signaltap_body|sld_signaltap_implb:sld_signaltap_body|sld_buffer_manager:sld_buffer_manager_inst|counter[11]~1                                                                                                                                                                                       ; LABCELL_X4_Y2_N33          ; 14      ; Sync. clear                              ; no     ; --                   ; --               ; --                        ;
; sld_signaltap:auto_signaltap_0|sld_signaltap_impl:sld_signaltap_body|sld_signaltap_implb:sld_signaltap_body|sld_buffer_manager:sld_buffer_manager_inst|final_trigger_set~0                                                                                                                                                                                 ; LABCELL_X4_Y4_N6           ; 28      ; Clock enable                             ; no     ; --                   ; --               ; --                        ;
; sld_signaltap:auto_signaltap_0|sld_signaltap_impl:sld_signaltap_body|sld_signaltap_implb:sld_signaltap_body|sld_buffer_manager:sld_buffer_manager_inst|last_buffer_write_address_sig[0]~0                                                                                                                                                                  ; LABCELL_X4_Y4_N15          ; 13      ; Clock enable                             ; no     ; --                   ; --               ; --                        ;
; sld_signaltap:auto_signaltap_0|sld_signaltap_impl:sld_signaltap_body|sld_signaltap_implb:sld_signaltap_body|sld_buffer_manager:sld_buffer_manager_inst|segment_shift_var~0                                                                                                                                                                                 ; LABCELL_X4_Y5_N45          ; 41      ; Sync. clear                              ; no     ; --                   ; --               ; --                        ;
; sld_signaltap:auto_signaltap_0|sld_signaltap_impl:sld_signaltap_body|sld_signaltap_implb:sld_signaltap_body|sld_offload_buffer_mgr:\stp_non_zero_depth_offload_gen:stp_offload_buff_mgr_inst|Equal2~0                                                                                                                                                      ; MLABCELL_X3_Y3_N21         ; 2       ; Clock enable                             ; no     ; --                   ; --               ; --                        ;
; sld_signaltap:auto_signaltap_0|sld_signaltap_impl:sld_signaltap_body|sld_signaltap_implb:sld_signaltap_body|sld_offload_buffer_mgr:\stp_non_zero_depth_offload_gen:stp_offload_buff_mgr_inst|acq_buf_read_reset                                                                                                                                            ; MLABCELL_X6_Y3_N54         ; 17      ; Sync. clear                              ; no     ; --                   ; --               ; --                        ;
; sld_signaltap:auto_signaltap_0|sld_signaltap_impl:sld_signaltap_body|sld_signaltap_implb:sld_signaltap_body|sld_offload_buffer_mgr:\stp_non_zero_depth_offload_gen:stp_offload_buff_mgr_inst|lpm_counter:\adv_point_3_and_more:advance_pointer_counter|cntr_f7i:auto_generated|cout_actual                                                                 ; MLABCELL_X6_Y1_N30         ; 6       ; Sync. load                               ; no     ; --                   ; --               ; --                        ;
; sld_signaltap:auto_signaltap_0|sld_signaltap_impl:sld_signaltap_body|sld_signaltap_implb:sld_signaltap_body|sld_offload_buffer_mgr:\stp_non_zero_depth_offload_gen:stp_offload_buff_mgr_inst|lpm_counter:status_advance_pointer_counter|cntr_49i:auto_generated|cout_actual                                                                                ; MLABCELL_X3_Y3_N48         ; 6       ; Sync. load                               ; no     ; --                   ; --               ; --                        ;
; sld_signaltap:auto_signaltap_0|sld_signaltap_impl:sld_signaltap_body|sld_signaltap_implb:sld_signaltap_body|sld_offload_buffer_mgr:\stp_non_zero_depth_offload_gen:stp_offload_buff_mgr_inst|lpm_counter:status_read_pointer_counter|cntr_kri:auto_generated|cout_actual                                                                                   ; LABCELL_X4_Y4_N12          ; 2       ; Sync. load                               ; no     ; --                   ; --               ; --                        ;
; sld_signaltap:auto_signaltap_0|sld_signaltap_impl:sld_signaltap_body|sld_signaltap_implb:sld_signaltap_body|sld_offload_buffer_mgr:\stp_non_zero_depth_offload_gen:stp_offload_buff_mgr_inst|offload_shift_ena                                                                                                                                             ; MLABCELL_X6_Y1_N24         ; 12      ; Sync. clear                              ; no     ; --                   ; --               ; --                        ;
; sld_signaltap:auto_signaltap_0|sld_signaltap_impl:sld_signaltap_body|sld_signaltap_implb:sld_signaltap_body|sld_offload_buffer_mgr:\stp_non_zero_depth_offload_gen:stp_offload_buff_mgr_inst|read_pointer_counter_clk_ena                                                                                                                                  ; MLABCELL_X6_Y3_N57         ; 17      ; Clock enable                             ; no     ; --                   ; --               ; --                        ;
; sld_signaltap:auto_signaltap_0|sld_signaltap_impl:sld_signaltap_body|sld_signaltap_implb:sld_signaltap_body|sld_offload_buffer_mgr:\stp_non_zero_depth_offload_gen:stp_offload_buff_mgr_inst|status_buf_read_reset                                                                                                                                         ; MLABCELL_X6_Y3_N42         ; 2       ; Sync. clear                              ; no     ; --                   ; --               ; --                        ;
; sld_signaltap:auto_signaltap_0|sld_signaltap_impl:sld_signaltap_body|sld_signaltap_implb:sld_signaltap_body|sld_offload_buffer_mgr:\stp_non_zero_depth_offload_gen:stp_offload_buff_mgr_inst|status_offload_shift_ena                                                                                                                                      ; MLABCELL_X3_Y3_N51         ; 6       ; Sync. clear                              ; no     ; --                   ; --               ; --                        ;
; sld_signaltap:auto_signaltap_0|sld_signaltap_impl:sld_signaltap_body|sld_signaltap_implb:sld_signaltap_body|sld_offload_buffer_mgr:\stp_non_zero_depth_offload_gen:stp_offload_buff_mgr_inst|status_ram_shift_load                                                                                                                                         ; MLABCELL_X3_Y3_N0          ; 26      ; Sync. load                               ; no     ; --                   ; --               ; --                        ;
; sld_signaltap:auto_signaltap_0|sld_signaltap_impl:sld_signaltap_body|sld_signaltap_implb:sld_signaltap_body|sld_rom_sr:crc_rom_sr|WORD_SR[3]~5                                                                                                                                                                                                             ; LABCELL_X7_Y4_N54          ; 4       ; Clock enable                             ; no     ; --                   ; --               ; --                        ;
; sld_signaltap:auto_signaltap_0|sld_signaltap_impl:sld_signaltap_body|sld_signaltap_implb:sld_signaltap_body|sld_rom_sr:crc_rom_sr|word_counter[0]~1                                                                                                                                                                                                        ; LABCELL_X7_Y4_N57          ; 7       ; Clock enable                             ; no     ; --                   ; --               ; --                        ;
; sld_signaltap:auto_signaltap_0|sld_signaltap_impl:sld_signaltap_body|sld_signaltap_implb:sld_signaltap_body|status_shift_enable~0                                                                                                                                                                                                                          ; LABCELL_X2_Y3_N12          ; 19      ; Clock enable                             ; no     ; --                   ; --               ; --                        ;
; sld_signaltap:auto_signaltap_0|sld_signaltap_impl:sld_signaltap_body|sld_signaltap_implb:sld_signaltap_body|tdo_crc_len_reg[20]~0                                                                                                                                                                                                                          ; LABCELL_X7_Y4_N42          ; 33      ; Clock enable                             ; no     ; --                   ; --               ; --                        ;
; sld_signaltap:auto_signaltap_0|sld_signaltap_impl:sld_signaltap_body|sld_signaltap_implb:sld_signaltap_body|tdo_crc_val_calc_reset                                                                                                                                                                                                                         ; LABCELL_X7_Y3_N3           ; 15      ; Sync. clear                              ; no     ; --                   ; --               ; --                        ;
; sld_signaltap:auto_signaltap_0|sld_signaltap_impl:sld_signaltap_body|sld_signaltap_implb:sld_signaltap_body|tdo_crc_val_shift_reg[0]~0                                                                                                                                                                                                                     ; LABCELL_X2_Y3_N51          ; 16      ; Clock enable                             ; no     ; --                   ; --               ; --                        ;
; sld_signaltap:auto_signaltap_0|sld_signaltap_impl:sld_signaltap_body|sld_signaltap_implb:sld_signaltap_body|trigger_setup_ena                                                                                                                                                                                                                              ; LABCELL_X7_Y4_N30          ; 31      ; Clock enable                             ; no     ; --                   ; --               ; --                        ;
+------------------------------------------------------------------------------------------------------------------------------------------------------------------------------------------------------------------------------------------------------------------------------------------------------------------------------------------------------------+----------------------------+---------+------------------------------------------+--------+----------------------+------------------+---------------------------+


+------------------------------------------------------------------------------------------------------------------------------------------------------------------------------------------------+
; Global & Other Fast Signals                                                                                                                                                                    ;
+-----------------------------------------------------------------------------------+----------------------------+---------+----------------------+------------------+---------------------------+
; Name                                                                              ; Location                   ; Fan-Out ; Global Resource Used ; Global Line Name ; Enable Signal Source Name ;
+-----------------------------------------------------------------------------------+----------------------------+---------+----------------------+------------------+---------------------------+
; CLK_31P5:inst7|CLK_31P5_0002:clk_31p5_inst|altera_pll:altera_pll_i|outclk_wire[0] ; PLLOUTPUTCOUNTER_X0_Y20_N1 ; 5504    ; Global Clock         ; GCLK7            ; --                        ;
+-----------------------------------------------------------------------------------+----------------------------+---------+----------------------+------------------+---------------------------+


+---------------------------------------------------------------------------------------------+
; Non-Global High Fan-Out Signals                                                             ;
+-----------------------------------------------------------------------------------+---------+
; Name                                                                              ; Fan-Out ;
+-----------------------------------------------------------------------------------+---------+
; CLK_31P5:inst7|CLK_31P5_0002:clk_31p5_inst|altera_pll:altera_pll_i|locked_wire[0] ; 5104    ;
; Snake_Block:inst13|snake_body:inst6|trailY[50][3]~0                               ; 4376    ;
; game_controller:inst22|gameStartPulse                                             ; 4359    ;
+-----------------------------------------------------------------------------------+---------+


+---------------------------------------------------------------------------------------------------------------------------------------------------------------------------------------------------------------------------------------------------------------------------------------------------------------------------------------------------------------------------------------------------------------------------------------------------------------------------------------------------------------------------------------------------------------------------------------------------------------------------------------------------------------------------------------------------------------------------------------------------------------------------------------------------------------------------------------------------------------------------------------------------------------------------------------------------------------------------------------------------------------------------------------------------------------------------------------------------------------------------------------------------------------------------------------------------------------------------------------------------------------------------------------------------------------------------------------------------------------------------------------------------------------------------------------------------------------------------------------------------------------------------------------------------------------------------------------------------------------------------------------------------------------------------------------------------------------------------+
; Fitter RAM Summary                                                                                                                                                                                                                                                                                                                                                                                                                                                                                                                                                                                                                                                                                                                                                                                                                                                                                                                                                                                                                                                                                                                                                                                                                                                                                                                                                                                                                                                                                                                                                                                                                                                                                                        ;
+-------------------------------------------------------------------------------------------------------------------------------------------------------------------------------------------------------+------+------------------+--------------+--------------+--------------+--------------+--------------+------------------------+-------------------------+------------------------+-------------------------+--------+-----------------------------+-----------------------------+-----------------------------+-----------------------------+---------------------+-------------+------------+----------------------------------+------------------------------------------------------------------------------------------------------------------------------------------------------------------------------------------------------------------------------------------------------------------------------------------------------------------------------------------------------------------------------------------------------------------------------------------------------------------------------------------------------------------------------------------------------------------------------------------------------------------------------------------------------------------------------------------------------------------------------------------------------------------------------------------------------------------------------------------------------------------------------------------------------------------------------------------------------------+----------------------+-----------------+-----------------+----------+------------------------+-----------------------+
; Name                                                                                                                                                                                                  ; Type ; Mode             ; Clock Mode   ; Port A Depth ; Port A Width ; Port B Depth ; Port B Width ; Port A Input Registers ; Port A Output Registers ; Port B Input Registers ; Port B Output Registers ; Size   ; Implementation Port A Depth ; Implementation Port A Width ; Implementation Port B Depth ; Implementation Port B Width ; Implementation Bits ; M10K blocks ; MLAB cells ; MIF                              ; Location                                                                                                                                                                                                                                                                                                                                                                                                                                                                                                                                                                                                                                                                                                                                                                                                                                                                                                                                                   ; Mixed Width RDW Mode ; Port A RDW Mode ; Port B RDW Mode ; ECC Mode ; ECC Pipeline Registers ; Fits in MLABs         ;
+-------------------------------------------------------------------------------------------------------------------------------------------------------------------------------------------------------+------+------------------+--------------+--------------+--------------+--------------+--------------+------------------------+-------------------------+------------------------+-------------------------+--------+-----------------------------+-----------------------------+-----------------------------+-----------------------------+---------------------+-------------+------------+----------------------------------+------------------------------------------------------------------------------------------------------------------------------------------------------------------------------------------------------------------------------------------------------------------------------------------------------------------------------------------------------------------------------------------------------------------------------------------------------------------------------------------------------------------------------------------------------------------------------------------------------------------------------------------------------------------------------------------------------------------------------------------------------------------------------------------------------------------------------------------------------------------------------------------------------------------------------------------------------------+----------------------+-----------------+-----------------+----------+------------------------+-----------------------+
; Apple_Block:inst10|AppleBitMap:inst3|lpm_rom:black_apple_rom|altrom:srom|altsyncram:rom_block|altsyncram_0181:auto_generated|ALTSYNCRAM                                                               ; AUTO ; ROM              ; Single Clock ; 576          ; 8            ; --           ; --           ; yes                    ; no                      ; --                     ; --                      ; 4608   ; 576                         ; 8                           ; --                          ; --                          ; 4608                ; 3           ; 0          ; RTL/mifs/black_apple_24.mif      ; M10K_X58_Y15_N0, M10K_X49_Y15_N0, M10K_X49_Y16_N0                                                                                                                                                                                                                                                                                                                                                                                                                                                                                                                                                                                                                                                                                                                                                                                                                                                                                                          ; Don't care           ; New data        ; New data        ; Off      ; No                     ; No - Address Too Wide ;
; Apple_Block:inst10|AppleBitMap:inst3|lpm_rom:blue_apple_rom|altrom:srom|altsyncram:rom_block|altsyncram_bu71:auto_generated|ALTSYNCRAM                                                                ; AUTO ; ROM              ; Single Clock ; 576          ; 8            ; --           ; --           ; yes                    ; no                      ; --                     ; --                      ; 4608   ; 576                         ; 8                           ; --                          ; --                          ; 4608                ; 3           ; 0          ; RTL/mifs/blue_apple_24.mif       ; M10K_X58_Y15_N0, M10K_X49_Y15_N0, M10K_X49_Y16_N0                                                                                                                                                                                                                                                                                                                                                                                                                                                                                                                                                                                                                                                                                                                                                                                                                                                                                                          ; Don't care           ; New data        ; New data        ; Off      ; No                     ; No - Address Too Wide ;
; Apple_Block:inst10|AppleBitMap:inst3|lpm_rom:red_apple_rom|altrom:srom|altsyncram:rom_block|altsyncram_uq71:auto_generated|ALTSYNCRAM                                                                 ; AUTO ; ROM              ; Single Clock ; 576          ; 8            ; --           ; --           ; yes                    ; no                      ; --                     ; --                      ; 4608   ; 576                         ; 8                           ; --                          ; --                          ; 4608                ; 3           ; 0          ; RTL/mifs/red_apple_24.mif        ; M10K_X58_Y15_N0, M10K_X49_Y15_N0, M10K_X49_Y16_N0                                                                                                                                                                                                                                                                                                                                                                                                                                                                                                                                                                                                                                                                                                                                                                                                                                                                                                          ; Don't care           ; New data        ; New data        ; Off      ; No                     ; No - Address Too Wide ;
; Audio_Block:inst6|AUDIO:inst|melody_player_1:inst5|lpm_rom:rom_inst|altrom:srom|altsyncram:rom_block|altsyncram_se71:auto_generated|ALTSYNCRAM                                                        ; AUTO ; ROM              ; Single Clock ; 4096         ; 16           ; --           ; --           ; yes                    ; no                      ; --                     ; --                      ; 65536  ; 2048                        ; 16                          ; --                          ; --                          ; 32768               ; 4           ; 0          ; RTL/AUDIO/songs.mif              ; M10K_X76_Y24_N0, M10K_X76_Y23_N0, M10K_X76_Y25_N0, M10K_X76_Y22_N0                                                                                                                                                                                                                                                                                                                                                                                                                                                                                                                                                                                                                                                                                                                                                                                                                                                                                         ; Don't care           ; New data        ; New data        ; Off      ; No                     ; No - Address Too Wide ;
; Score_Block:inst11|NumbersBitMap:inst500|lpm_rom:rom_inst|altrom:srom|altsyncram:rom_block|altsyncram_me81:auto_generated|ALTSYNCRAM                                                                  ; AUTO ; ROM              ; Single Clock ; 8192         ; 1            ; --           ; --           ; yes                    ; no                      ; --                     ; --                      ; 8192   ; 8192                        ; 1                           ; --                          ; --                          ; 8192                ; 1           ; 0          ; RTL/mifs/numbers_new_font.mif    ; M10K_X49_Y19_N0                                                                                                                                                                                                                                                                                                                                                                                                                                                                                                                                                                                                                                                                                                                                                                                                                                                                                                                                            ; Don't care           ; New data        ; New data        ; Off      ; No                     ; No - Address Too Wide ;
; Snake_Block:inst13|headBitMap:inst5|lpm_rom:rom_inst|altrom:srom|altsyncram:rom_block|altsyncram_lt71:auto_generated|ALTSYNCRAM                                                                       ; AUTO ; ROM              ; Single Clock ; 576          ; 8            ; --           ; --           ; yes                    ; no                      ; --                     ; --                      ; 4608   ; 576                         ; 8                           ; --                          ; --                          ; 4608                ; 1           ; 0          ; RTL/mifs/snake_head_24.mif       ; M10K_X41_Y20_N0                                                                                                                                                                                                                                                                                                                                                                                                                                                                                                                                                                                                                                                                                                                                                                                                                                                                                                                                            ; Don't care           ; New data        ; New data        ; Off      ; No                     ; No - Address Too Wide ;
; Snake_Block:inst13|snake_body:inst6|lpm_rom:rom_inst|altrom:srom|altsyncram:rom_block|altsyncram_hu71:auto_generated|ALTSYNCRAM                                                                       ; AUTO ; ROM              ; Single Clock ; 576          ; 8            ; --           ; --           ; yes                    ; no                      ; --                     ; --                      ; 4608   ; 576                         ; 8                           ; --                          ; --                          ; 4608                ; 1           ; 0          ; RTL/mifs/snake_body_24.mif       ; M10K_X58_Y21_N0                                                                                                                                                                                                                                                                                                                                                                                                                                                                                                                                                                                                                                                                                                                                                                                                                                                                                                                                            ; Don't care           ; New data        ; New data        ; Off      ; No                     ; No - Address Too Wide ;
; back_ground_draw:inst4|lpm_rom:grass_tile_rom|altrom:srom|altsyncram:rom_block|altsyncram_vu71:auto_generated|ALTSYNCRAM                                                                              ; AUTO ; ROM              ; Single Clock ; 576          ; 8            ; --           ; --           ; yes                    ; no                      ; --                     ; --                      ; 4608   ; 576                         ; 8                           ; --                          ; --                          ; 4608                ; 3           ; 0          ; RTL/mifs/grass_tile_24.mif       ; M10K_X58_Y17_N0, M10K_X58_Y18_N0, M10K_X58_Y19_N0                                                                                                                                                                                                                                                                                                                                                                                                                                                                                                                                                                                                                                                                                                                                                                                                                                                                                                          ; Don't care           ; New data        ; New data        ; Off      ; No                     ; No - Address Too Wide ;
; back_ground_draw:inst4|lpm_rom:rock_tile_rom|altrom:srom|altsyncram:rom_block|altsyncram_er71:auto_generated|ALTSYNCRAM                                                                               ; AUTO ; ROM              ; Single Clock ; 576          ; 8            ; --           ; --           ; yes                    ; no                      ; --                     ; --                      ; 4608   ; 576                         ; 8                           ; --                          ; --                          ; 4608                ; 3           ; 0          ; RTL/mifs/rock_tile_24.mif        ; M10K_X58_Y17_N0, M10K_X58_Y18_N0, M10K_X58_Y19_N0                                                                                                                                                                                                                                                                                                                                                                                                                                                                                                                                                                                                                                                                                                                                                                                                                                                                                                          ; Don't care           ; New data        ; New data        ; Off      ; No                     ; No - Address Too Wide ;
; back_ground_draw:inst4|lpm_rom:stone_tile_rom|altrom:srom|altsyncram:rom_block|altsyncram_8v71:auto_generated|ALTSYNCRAM                                                                              ; AUTO ; ROM              ; Single Clock ; 576          ; 8            ; --           ; --           ; yes                    ; no                      ; --                     ; --                      ; 4608   ; 576                         ; 8                           ; --                          ; --                          ; 4608                ; 3           ; 0          ; RTL/mifs/stone_tile_24.mif       ; M10K_X58_Y17_N0, M10K_X58_Y18_N0, M10K_X58_Y19_N0                                                                                                                                                                                                                                                                                                                                                                                                                                                                                                                                                                                                                                                                                                                                                                                                                                                                                                          ; Don't care           ; New data        ; New data        ; Off      ; No                     ; No - Address Too Wide ;
; back_ground_draw:inst4|lpm_rom:top_background_rom|altrom:srom|altsyncram:rom_block|altsyncram_pn81:auto_generated|ALTSYNCRAM                                                                          ; AUTO ; ROM              ; Single Clock ; 56320        ; 8            ; --           ; --           ; yes                    ; no                      ; --                     ; --                      ; 450560 ; 56320                       ; 8                           ; --                          ; --                          ; 450560              ; 56          ; 0          ; RTL/mifs/top_background_8bit.mif ; M10K_X76_Y15_N0, M10K_X58_Y9_N0, M10K_X76_Y6_N0, M10K_X58_Y8_N0, M10K_X49_Y4_N0, M10K_X69_Y17_N0, M10K_X76_Y19_N0, M10K_X69_Y12_N0, M10K_X69_Y13_N0, M10K_X69_Y3_N0, M10K_X76_Y5_N0, M10K_X49_Y3_N0, M10K_X69_Y15_N0, M10K_X58_Y11_N0, M10K_X76_Y13_N0, M10K_X58_Y13_N0, M10K_X69_Y5_N0, M10K_X76_Y7_N0, M10K_X49_Y1_N0, M10K_X76_Y16_N0, M10K_X76_Y18_N0, M10K_X69_Y11_N0, M10K_X69_Y9_N0, M10K_X76_Y11_N0, M10K_X58_Y5_N0, M10K_X49_Y2_N0, M10K_X69_Y16_N0, M10K_X69_Y19_N0, M10K_X76_Y9_N0, M10K_X76_Y8_N0, M10K_X58_Y7_N0, M10K_X69_Y4_N0, M10K_X69_Y1_N0, M10K_X69_Y7_N0, M10K_X69_Y20_N0, M10K_X69_Y8_N0, M10K_X69_Y10_N0, M10K_X58_Y4_N0, M10K_X76_Y4_N0, M10K_X69_Y2_N0, M10K_X76_Y17_N0, M10K_X58_Y20_N0, M10K_X76_Y10_N0, M10K_X58_Y12_N0, M10K_X58_Y3_N0, M10K_X69_Y6_N0, M10K_X58_Y2_N0, M10K_X69_Y14_N0, M10K_X58_Y16_N0, M10K_X76_Y14_N0, M10K_X58_Y14_N0, M10K_X58_Y6_N0, M10K_X58_Y10_N0, M10K_X49_Y8_N0, M10K_X76_Y12_N0, M10K_X69_Y18_N0 ; Don't care           ; New data        ; New data        ; Off      ; No                     ; No - Address Too Wide ;
; back_ground_draw:inst4|lpm_rom:wood_tile_rom|altrom:srom|altsyncram:rom_block|altsyncram_ss71:auto_generated|ALTSYNCRAM                                                                               ; AUTO ; ROM              ; Single Clock ; 1024         ; 8            ; --           ; --           ; yes                    ; no                      ; --                     ; --                      ; 8192   ; 1024                        ; 8                           ; --                          ; --                          ; 8192                ; 1           ; 0          ; RTL/mifs/wood_tile_32.mif        ; M10K_X49_Y14_N0                                                                                                                                                                                                                                                                                                                                                                                                                                                                                                                                                                                                                                                                                                                                                                                                                                                                                                                                            ; Don't care           ; New data        ; New data        ; Off      ; No                     ; No - Address Too Wide ;
; end_message_display:inst17|lpm_rom:lost_rom_inst|altrom:srom|altsyncram:rom_block|altsyncram_6f81:auto_generated|ALTSYNCRAM                                                                           ; AUTO ; ROM              ; Single Clock ; 50400        ; 8            ; --           ; --           ; yes                    ; no                      ; --                     ; --                      ; 403200 ; 50400                       ; 8                           ; --                          ; --                          ; 403200              ; 52          ; 0          ; RTL/mifs/end_message_lost.mif    ; M10K_X26_Y9_N0, M10K_X49_Y9_N0, M10K_X41_Y5_N0, M10K_X14_Y7_N0, M10K_X26_Y2_N0, M10K_X14_Y5_N0, M10K_X26_Y7_N0, M10K_X41_Y2_N0, M10K_X38_Y5_N0, M10K_X38_Y7_N0, M10K_X41_Y9_N0, M10K_X14_Y9_N0, M10K_X38_Y9_N0, M10K_X14_Y19_N0, M10K_X49_Y13_N0, M10K_X49_Y20_N0, M10K_X5_Y12_N0, M10K_X41_Y16_N0, M10K_X26_Y13_N0, M10K_X14_Y10_N0, M10K_X14_Y12_N0, M10K_X26_Y17_N0, M10K_X5_Y9_N0, M10K_X26_Y18_N0, M10K_X38_Y6_N0, M10K_X14_Y6_N0, M10K_X41_Y3_N0, M10K_X26_Y19_N0, M10K_X49_Y7_N0, M10K_X49_Y5_N0, M10K_X26_Y5_N0, M10K_X38_Y10_N0, M10K_X26_Y21_N0, M10K_X41_Y10_N0, M10K_X49_Y10_N0, M10K_X26_Y15_N0, M10K_X49_Y17_N0, M10K_X41_Y12_N0, M10K_X38_Y21_N0, M10K_X14_Y14_N0, M10K_X38_Y20_N0, M10K_X41_Y11_N0, M10K_X41_Y19_N0, M10K_X5_Y5_N0, M10K_X38_Y13_N0, M10K_X41_Y18_N0, M10K_X26_Y12_N0, M10K_X26_Y20_N0, M10K_X41_Y8_N0, M10K_X26_Y8_N0, M10K_X5_Y8_N0, M10K_X41_Y14_N0                                                                     ; Don't care           ; New data        ; New data        ; Off      ; No                     ; No - Address Too Wide ;
; end_message_display:inst17|lpm_rom:win_rom_inst|altrom:srom|altsyncram:rom_block|altsyncram_ib81:auto_generated|ALTSYNCRAM                                                                            ; AUTO ; ROM              ; Single Clock ; 50400        ; 8            ; --           ; --           ; yes                    ; no                      ; --                     ; --                      ; 403200 ; 50400                       ; 8                           ; --                          ; --                          ; 403200              ; 51          ; 0          ; RTL/mifs/end_message_win.mif     ; M10K_X14_Y17_N0, M10K_X38_Y1_N0, M10K_X38_Y19_N0, M10K_X41_Y6_N0, M10K_X38_Y17_N0, M10K_X38_Y4_N0, M10K_X38_Y9_N0, M10K_X5_Y14_N0, M10K_X26_Y14_N0, M10K_X38_Y18_N0, M10K_X14_Y18_N0, M10K_X38_Y16_N0, M10K_X14_Y16_N0, M10K_X5_Y11_N0, M10K_X26_Y4_N0, M10K_X14_Y20_N0, M10K_X38_Y11_N0, M10K_X26_Y3_N0, M10K_X41_Y7_N0, M10K_X14_Y21_N0, M10K_X14_Y4_N0, M10K_X49_Y11_N0, M10K_X49_Y6_N0, M10K_X38_Y2_N0, M10K_X5_Y10_N0, M10K_X5_Y7_N0, M10K_X26_Y10_N0, M10K_X14_Y8_N0, M10K_X5_Y6_N0, M10K_X38_Y3_N0, M10K_X26_Y6_N0, M10K_X38_Y10_N0, M10K_X41_Y13_N0, M10K_X14_Y13_N0, M10K_X41_Y15_N0, M10K_X49_Y12_N0, M10K_X38_Y12_N0, M10K_X5_Y13_N0, M10K_X41_Y21_N0, M10K_X41_Y1_N0, M10K_X14_Y15_N0, M10K_X38_Y8_N0, M10K_X41_Y17_N0, M10K_X38_Y15_N0, M10K_X38_Y13_N0, M10K_X38_Y14_N0, M10K_X41_Y4_N0, M10K_X14_Y11_N0, M10K_X49_Y18_N0, M10K_X26_Y11_N0, M10K_X26_Y16_N0                                                                                  ; Don't care           ; New data        ; New data        ; Off      ; No                     ; No - Address Too Wide ;
; sld_signaltap:auto_signaltap_0|sld_signaltap_impl:sld_signaltap_body|sld_signaltap_implb:sld_signaltap_body|altsyncram:\stp_non_zero_ram_gen:stp_buffer_ram|altsyncram_ue84:auto_generated|ALTSYNCRAM ; AUTO ; Simple Dual Port ; Dual Clocks  ; 8192         ; 6            ; 8192         ; 6            ; yes                    ; no                      ; yes                    ; no                      ; 49152  ; 8192                        ; 6                           ; 8192                        ; 6                           ; 49152               ; 6           ; 0          ; None                             ; M10K_X14_Y2_N0, M10K_X14_Y3_N0, M10K_X5_Y2_N0, M10K_X14_Y1_N0, M10K_X5_Y1_N0, M10K_X5_Y3_N0                                                                                                                                                                                                                                                                                                                                                                                                                                                                                                                                                                                                                                                                                                                                                                                                                                                                ; Don't care           ; New data        ; New data        ; Off      ; No                     ; No - Address Too Wide ;
+-------------------------------------------------------------------------------------------------------------------------------------------------------------------------------------------------------+------+------------------+--------------+--------------+--------------+--------------+--------------+------------------------+-------------------------+------------------------+-------------------------+--------+-----------------------------+-----------------------------+-----------------------------+-----------------------------+---------------------+-------------+------------+----------------------------------+------------------------------------------------------------------------------------------------------------------------------------------------------------------------------------------------------------------------------------------------------------------------------------------------------------------------------------------------------------------------------------------------------------------------------------------------------------------------------------------------------------------------------------------------------------------------------------------------------------------------------------------------------------------------------------------------------------------------------------------------------------------------------------------------------------------------------------------------------------------------------------------------------------------------------------------------------------+----------------------+-----------------+-----------------+----------+------------------------+-----------------------+
Note: Fitter may spread logical memories into multiple blocks to improve timing. The actual required RAM blocks can be found in the Fitter Resource Usage section.


+-----------------------------------------------+
; Fitter DSP Block Usage Summary                ;
+---------------------------------+-------------+
; Statistic                       ; Number Used ;
+---------------------------------+-------------+
; Independent 18x18 plus 36       ; 1           ;
; Total number of DSP blocks      ; 1           ;
;                                 ;             ;
; Fixed Point Unsigned Multiplier ; 1           ;
+---------------------------------+-------------+


+--------------------------------------------------------------------------------------------------------------------------------------------------------------------------------------------------------------------------------------------------------------------------------------------------------------------------------------------------------------------------------------------------------------------------------------+
; DSP Block Details                                                                                                                                                                                                                                                                                                                                                                                                                    ;
+--------------------------------------+---------------------------+----------------+---------------------+------------------------+------------------------+------------------------+------------------------+------------------------+------------------------+-----------------+--------------------------------+---------------------+-------------------------------+------------------------------+------------------------------+
; Name                                 ; Mode                      ; Location       ; Sign Representation ; Data AX Input Register ; Data AY Input Register ; Data AZ Input Register ; Data BX Input Register ; Data BY Input Register ; Data BZ Input Register ; Output Register ; Dedicated Shift Register Chain ; Dedicated Pre-Adder ; Dedicated Coefficient Storage ; Dedicated Output Adder Chain ; Dedicated Output Accumulator ;
+--------------------------------------+---------------------------+----------------+---------------------+------------------------+------------------------+------------------------+------------------------+------------------------+------------------------+-----------------+--------------------------------+---------------------+-------------------------------+------------------------------+------------------------------+
; end_message_display:inst17|Mult0~mac ; Independent 18x18 plus 36 ; DSP_X32_Y14_N0 ; Unsigned            ; no                     ; no                     ; --                     ; no                     ; no                     ; --                     ; no              ; no                             ; no                  ; no                            ; no                           ; no                           ;
+--------------------------------------+---------------------------+----------------+---------------------+------------------------+------------------------+------------------------+------------------------+------------------------+------------------------+-----------------+--------------------------------+---------------------+-------------------------------+------------------------------+------------------------------+


+-------------------------------------------------------------------------+
; Routing Usage Summary                                                   ;
+---------------------------------------------+---------------------------+
; Routing Resource Type                       ; Usage                     ;
+---------------------------------------------+---------------------------+
; Block interconnects                         ; 18,098 / 289,320 ( 6 % )  ;
; C12 interconnects                           ; 131 / 13,420 ( < 1 % )    ;
; C2 interconnects                            ; 4,905 / 119,108 ( 4 % )   ;
; C4 interconnects                            ; 2,786 / 56,300 ( 5 % )    ;
; DQS bus muxes                               ; 0 / 25 ( 0 % )            ;
; DQS-18 I/O buses                            ; 0 / 25 ( 0 % )            ;
; DQS-9 I/O buses                             ; 0 / 25 ( 0 % )            ;
; Direct links                                ; 2,089 / 289,320 ( < 1 % ) ;
; Global clocks                               ; 1 / 16 ( 6 % )            ;
; HPS SDRAM PLL inputs                        ; 0 / 1 ( 0 % )             ;
; HPS SDRAM PLL outputs                       ; 0 / 1 ( 0 % )             ;
; HPS_INTERFACE_BOOT_FROM_FPGA_INPUTs         ; 0 / 9 ( 0 % )             ;
; HPS_INTERFACE_CLOCKS_RESETS_INPUTs          ; 0 / 7 ( 0 % )             ;
; HPS_INTERFACE_CLOCKS_RESETS_OUTPUTs         ; 0 / 6 ( 0 % )             ;
; HPS_INTERFACE_CROSS_TRIGGER_INPUTs          ; 0 / 18 ( 0 % )            ;
; HPS_INTERFACE_CROSS_TRIGGER_OUTPUTs         ; 0 / 24 ( 0 % )            ;
; HPS_INTERFACE_DBG_APB_INPUTs                ; 0 / 37 ( 0 % )            ;
; HPS_INTERFACE_DBG_APB_OUTPUTs               ; 0 / 55 ( 0 % )            ;
; HPS_INTERFACE_DMA_INPUTs                    ; 0 / 16 ( 0 % )            ;
; HPS_INTERFACE_DMA_OUTPUTs                   ; 0 / 8 ( 0 % )             ;
; HPS_INTERFACE_FPGA2HPS_INPUTs               ; 0 / 287 ( 0 % )           ;
; HPS_INTERFACE_FPGA2HPS_OUTPUTs              ; 0 / 154 ( 0 % )           ;
; HPS_INTERFACE_FPGA2SDRAM_INPUTs             ; 0 / 852 ( 0 % )           ;
; HPS_INTERFACE_FPGA2SDRAM_OUTPUTs            ; 0 / 408 ( 0 % )           ;
; HPS_INTERFACE_HPS2FPGA_INPUTs               ; 0 / 165 ( 0 % )           ;
; HPS_INTERFACE_HPS2FPGA_LIGHT_WEIGHT_INPUTs  ; 0 / 67 ( 0 % )            ;
; HPS_INTERFACE_HPS2FPGA_LIGHT_WEIGHT_OUTPUTs ; 0 / 156 ( 0 % )           ;
; HPS_INTERFACE_HPS2FPGA_OUTPUTs              ; 0 / 282 ( 0 % )           ;
; HPS_INTERFACE_INTERRUPTS_INPUTs             ; 0 / 64 ( 0 % )            ;
; HPS_INTERFACE_INTERRUPTS_OUTPUTs            ; 0 / 42 ( 0 % )            ;
; HPS_INTERFACE_JTAG_OUTPUTs                  ; 0 / 5 ( 0 % )             ;
; HPS_INTERFACE_LOAN_IO_INPUTs                ; 0 / 142 ( 0 % )           ;
; HPS_INTERFACE_LOAN_IO_OUTPUTs               ; 0 / 85 ( 0 % )            ;
; HPS_INTERFACE_MPU_EVENT_STANDBY_INPUTs      ; 0 / 1 ( 0 % )             ;
; HPS_INTERFACE_MPU_EVENT_STANDBY_OUTPUTs     ; 0 / 5 ( 0 % )             ;
; HPS_INTERFACE_MPU_GENERAL_PURPOSE_INPUTs    ; 0 / 32 ( 0 % )            ;
; HPS_INTERFACE_MPU_GENERAL_PURPOSE_OUTPUTs   ; 0 / 32 ( 0 % )            ;
; HPS_INTERFACE_PERIPHERAL_CAN_INPUTs         ; 0 / 2 ( 0 % )             ;
; HPS_INTERFACE_PERIPHERAL_CAN_OUTPUTs        ; 0 / 2 ( 0 % )             ;
; HPS_INTERFACE_PERIPHERAL_EMAC_INPUTs        ; 0 / 32 ( 0 % )            ;
; HPS_INTERFACE_PERIPHERAL_EMAC_OUTPUTs       ; 0 / 34 ( 0 % )            ;
; HPS_INTERFACE_PERIPHERAL_I2C_INPUTs         ; 0 / 8 ( 0 % )             ;
; HPS_INTERFACE_PERIPHERAL_I2C_OUTPUTs        ; 0 / 8 ( 0 % )             ;
; HPS_INTERFACE_PERIPHERAL_NAND_INPUTs        ; 0 / 12 ( 0 % )            ;
; HPS_INTERFACE_PERIPHERAL_NAND_OUTPUTs       ; 0 / 18 ( 0 % )            ;
; HPS_INTERFACE_PERIPHERAL_QSPI_INPUTs        ; 0 / 4 ( 0 % )             ;
; HPS_INTERFACE_PERIPHERAL_QSPI_OUTPUTs       ; 0 / 13 ( 0 % )            ;
; HPS_INTERFACE_PERIPHERAL_SDMMC_INPUTs       ; 0 / 13 ( 0 % )            ;
; HPS_INTERFACE_PERIPHERAL_SDMMC_OUTPUTs      ; 0 / 22 ( 0 % )            ;
; HPS_INTERFACE_PERIPHERAL_SPI_MASTER_INPUTs  ; 0 / 4 ( 0 % )             ;
; HPS_INTERFACE_PERIPHERAL_SPI_MASTER_OUTPUTs ; 0 / 14 ( 0 % )            ;
; HPS_INTERFACE_PERIPHERAL_SPI_SLAVE_INPUTs   ; 0 / 6 ( 0 % )             ;
; HPS_INTERFACE_PERIPHERAL_SPI_SLAVE_OUTPUTs  ; 0 / 4 ( 0 % )             ;
; HPS_INTERFACE_PERIPHERAL_UART_INPUTs        ; 0 / 10 ( 0 % )            ;
; HPS_INTERFACE_PERIPHERAL_UART_OUTPUTs       ; 0 / 10 ( 0 % )            ;
; HPS_INTERFACE_PERIPHERAL_USB_INPUTs         ; 0 / 22 ( 0 % )            ;
; HPS_INTERFACE_PERIPHERAL_USB_OUTPUTs        ; 0 / 34 ( 0 % )            ;
; HPS_INTERFACE_STM_EVENT_INPUTs              ; 0 / 28 ( 0 % )            ;
; HPS_INTERFACE_TEST_INPUTs                   ; 0 / 610 ( 0 % )           ;
; HPS_INTERFACE_TEST_OUTPUTs                  ; 0 / 513 ( 0 % )           ;
; HPS_INTERFACE_TPIU_TRACE_INPUTs             ; 0 / 2 ( 0 % )             ;
; HPS_INTERFACE_TPIU_TRACE_OUTPUTs            ; 0 / 33 ( 0 % )            ;
; Horizontal periphery clocks                 ; 0 / 72 ( 0 % )            ;
; Local interconnects                         ; 6,955 / 84,580 ( 8 % )    ;
; Quadrant clocks                             ; 0 / 66 ( 0 % )            ;
; R14 interconnects                           ; 572 / 12,676 ( 5 % )      ;
; R14/C12 interconnect drivers                ; 610 / 20,720 ( 3 % )      ;
; R3 interconnects                            ; 6,720 / 130,992 ( 5 % )   ;
; R6 interconnects                            ; 11,934 / 266,960 ( 4 % )  ;
; Spine clocks                                ; 8 / 360 ( 2 % )           ;
; Wire stub REs                               ; 0 / 15,858 ( 0 % )        ;
+---------------------------------------------+---------------------------+


+------------------------------------------+
; I/O Rules Summary                        ;
+----------------------------------+-------+
; I/O Rules Statistic              ; Total ;
+----------------------------------+-------+
; Total I/O Rules                  ; 28    ;
; Number of I/O Rules Passed       ; 9     ;
; Number of I/O Rules Failed       ; 0     ;
; Number of I/O Rules Unchecked    ; 0     ;
; Number of I/O Rules Inapplicable ; 19    ;
+----------------------------------+-------+


+-----------------------------------------------------------------------------------------------------------------------------------------------------------------------------------------------------------------------------------------------------------------------------------+
; I/O Rules Details                                                                                                                                                                                                                                                                 ;
+--------------+-----------+-----------------------------------+------------------------------------------------------------------------------------+----------+--------------------------------------------------------------------------+---------------------+-------------------+
; Status       ; ID        ; Category                          ; Rule Description                                                                   ; Severity ; Information                                                              ; Area                ; Extra Information ;
+--------------+-----------+-----------------------------------+------------------------------------------------------------------------------------+----------+--------------------------------------------------------------------------+---------------------+-------------------+
; Pass         ; IO_000001 ; Capacity Checks                   ; Number of pins in an I/O bank should not exceed the number of locations available. ; Critical ; 0 such failures found.                                                   ; I/O                 ;                   ;
; Inapplicable ; IO_000002 ; Capacity Checks                   ; Number of clocks in an I/O bank should not exceed the number of clocks available.  ; Critical ; No Global Signal assignments found.                                      ; I/O                 ;                   ;
; Pass         ; IO_000003 ; Capacity Checks                   ; Number of pins in a Vrefgroup should not exceed the number of locations available. ; Critical ; 0 such failures found.                                                   ; I/O                 ;                   ;
; Inapplicable ; IO_000004 ; Voltage Compatibility Checks      ; The I/O bank should support the requested VCCIO.                                   ; Critical ; No IOBANK_VCCIO assignments found.                                       ; I/O                 ;                   ;
; Inapplicable ; IO_000005 ; Voltage Compatibility Checks      ; The I/O bank should not have competing VREF values.                                ; Critical ; No VREF I/O Standard assignments found.                                  ; I/O                 ;                   ;
; Pass         ; IO_000006 ; Voltage Compatibility Checks      ; The I/O bank should not have competing VCCIO values.                               ; Critical ; 0 such failures found.                                                   ; I/O                 ;                   ;
; Pass         ; IO_000007 ; Valid Location Checks             ; Checks for unavailable locations.                                                  ; Critical ; 0 such failures found.                                                   ; I/O                 ;                   ;
; Inapplicable ; IO_000008 ; Valid Location Checks             ; Checks for reserved locations.                                                     ; Critical ; No reserved LogicLock region found.                                      ; I/O                 ;                   ;
; Pass         ; IO_000009 ; I/O Properties Checks for One I/O ; The location should support the requested I/O standard.                            ; Critical ; 0 such failures found.                                                   ; I/O                 ;                   ;
; Pass         ; IO_000010 ; I/O Properties Checks for One I/O ; The location should support the requested I/O direction.                           ; Critical ; 0 such failures found.                                                   ; I/O                 ;                   ;
; Inapplicable ; IO_000011 ; I/O Properties Checks for One I/O ; The location should support the requested Current Strength.                        ; Critical ; No Current Strength assignments found.                                   ; I/O                 ;                   ;
; Pass         ; IO_000012 ; I/O Properties Checks for One I/O ; The location should support the requested On Chip Termination value.               ; Critical ; 0 such failures found.                                                   ; I/O                 ;                   ;
; Inapplicable ; IO_000013 ; I/O Properties Checks for One I/O ; The location should support the requested Bus Hold value.                          ; Critical ; No Enable Bus-Hold Circuitry assignments found.                          ; I/O                 ;                   ;
; Inapplicable ; IO_000014 ; I/O Properties Checks for One I/O ; The location should support the requested Weak Pull Up value.                      ; Critical ; No Weak Pull-Up Resistor assignments found.                              ; I/O                 ;                   ;
; Inapplicable ; IO_000015 ; I/O Properties Checks for One I/O ; The location should support the requested PCI Clamp Diode.                         ; Critical ; No Clamping Diode assignments found.                                     ; I/O                 ;                   ;
; Inapplicable ; IO_000018 ; I/O Properties Checks for One I/O ; The I/O standard should support the requested Current Strength.                    ; Critical ; No Current Strength assignments found.                                   ; I/O                 ;                   ;
; Pass         ; IO_000019 ; I/O Properties Checks for One I/O ; The I/O standard should support the requested On Chip Termination value.           ; Critical ; 0 such failures found.                                                   ; I/O                 ;                   ;
; Inapplicable ; IO_000020 ; I/O Properties Checks for One I/O ; The I/O standard should support the requested PCI Clamp Diode.                     ; Critical ; No Clamping Diode assignments found.                                     ; I/O                 ;                   ;
; Inapplicable ; IO_000021 ; I/O Properties Checks for One I/O ; The I/O standard should support the requested Weak Pull Up value.                  ; Critical ; No Weak Pull-Up Resistor assignments found.                              ; I/O                 ;                   ;
; Inapplicable ; IO_000022 ; I/O Properties Checks for One I/O ; The I/O standard should support the requested Bus Hold value.                      ; Critical ; No Enable Bus-Hold Circuitry assignments found.                          ; I/O                 ;                   ;
; Inapplicable ; IO_000023 ; I/O Properties Checks for One I/O ; The I/O standard should support the Open Drain value.                              ; Critical ; No open drain assignments found.                                         ; I/O                 ;                   ;
; Pass         ; IO_000024 ; I/O Properties Checks for One I/O ; The I/O direction should support the On Chip Termination value.                    ; Critical ; 0 such failures found.                                                   ; I/O                 ;                   ;
; Inapplicable ; IO_000026 ; I/O Properties Checks for One I/O ; On Chip Termination and Current Strength should not be used at the same time.      ; Critical ; No Current Strength assignments found.                                   ; I/O                 ;                   ;
; Inapplicable ; IO_000027 ; I/O Properties Checks for One I/O ; Weak Pull Up and Bus Hold should not be used at the same time.                     ; Critical ; No Enable Bus-Hold Circuitry or Weak Pull-Up Resistor assignments found. ; I/O                 ;                   ;
; Inapplicable ; IO_000045 ; I/O Properties Checks for One I/O ; The I/O standard should support the requested Slew Rate value.                     ; Critical ; No Slew Rate assignments found.                                          ; I/O                 ;                   ;
; Inapplicable ; IO_000046 ; I/O Properties Checks for One I/O ; The location should support the requested Slew Rate value.                         ; Critical ; No Slew Rate assignments found.                                          ; I/O                 ;                   ;
; Inapplicable ; IO_000047 ; I/O Properties Checks for One I/O ; On Chip Termination and Slew Rate should not be used at the same time.             ; Critical ; No Slew Rate assignments found.                                          ; I/O                 ;                   ;
; Inapplicable ; IO_000034 ; SI Related Distance Checks        ; Single-ended outputs should be 0 LAB row(s) away from a differential I/O.          ; High     ; No Differential I/O Standard assignments found.                          ; I/O                 ;                   ;
; ----         ; ----      ; Disclaimer                        ; OCT rules are checked but not reported.                                            ; None     ; ----                                                                     ; On Chip Termination ;                   ;
+--------------+-----------+-----------------------------------+------------------------------------------------------------------------------------+----------+--------------------------------------------------------------------------+---------------------+-------------------+


+------------------------------------------------------------------------------------------------------------------------------------------------------------------------------------------------------------------------------------------------------------------------------------------------------------------------------------------------------------------------------------------------------------------------------------------------+
; I/O Rules Matrix                                                                                                                                                                                                                                                                                                                                                                                                                               ;
+---------------------+--------------+--------------+--------------+--------------+--------------+-----------+--------------+--------------+-----------+-----------+--------------+--------------+--------------+--------------+--------------+--------------+--------------+--------------+--------------+--------------+--------------+--------------+--------------+--------------+--------------+--------------+--------------+--------------+
; Pin/Rules           ; IO_000001    ; IO_000002    ; IO_000003    ; IO_000004    ; IO_000005    ; IO_000006 ; IO_000007    ; IO_000008    ; IO_000009 ; IO_000010 ; IO_000011    ; IO_000012    ; IO_000013    ; IO_000014    ; IO_000015    ; IO_000018    ; IO_000019    ; IO_000020    ; IO_000021    ; IO_000022    ; IO_000023    ; IO_000024    ; IO_000026    ; IO_000027    ; IO_000045    ; IO_000046    ; IO_000047    ; IO_000034    ;
+---------------------+--------------+--------------+--------------+--------------+--------------+-----------+--------------+--------------+-----------+-----------+--------------+--------------+--------------+--------------+--------------+--------------+--------------+--------------+--------------+--------------+--------------+--------------+--------------+--------------+--------------+--------------+--------------+--------------+
; Total Pass          ; 82           ; 0            ; 82           ; 0            ; 0            ; 95        ; 82           ; 0            ; 95        ; 95        ; 0            ; 1            ; 0            ; 0            ; 0            ; 0            ; 1            ; 0            ; 0            ; 0            ; 0            ; 1            ; 0            ; 0            ; 0            ; 0            ; 0            ; 0            ;
; Total Unchecked     ; 0            ; 0            ; 0            ; 0            ; 0            ; 0         ; 0            ; 0            ; 0         ; 0         ; 0            ; 0            ; 0            ; 0            ; 0            ; 0            ; 0            ; 0            ; 0            ; 0            ; 0            ; 0            ; 0            ; 0            ; 0            ; 0            ; 0            ; 0            ;
; Total Inapplicable  ; 13           ; 95           ; 13           ; 95           ; 95           ; 0         ; 13           ; 95           ; 0         ; 0         ; 95           ; 94           ; 95           ; 95           ; 95           ; 95           ; 94           ; 95           ; 95           ; 95           ; 95           ; 94           ; 95           ; 95           ; 95           ; 95           ; 95           ; 95           ;
; Total Fail          ; 0            ; 0            ; 0            ; 0            ; 0            ; 0         ; 0            ; 0            ; 0         ; 0         ; 0            ; 0            ; 0            ; 0            ; 0            ; 0            ; 0            ; 0            ; 0            ; 0            ; 0            ; 0            ; 0            ; 0            ; 0            ; 0            ; 0            ; 0            ;
; PS2_DAT             ; Pass         ; Inapplicable ; Pass         ; Inapplicable ; Inapplicable ; Pass      ; Pass         ; Inapplicable ; Pass      ; Pass      ; Inapplicable ; Inapplicable ; Inapplicable ; Inapplicable ; Inapplicable ; Inapplicable ; Inapplicable ; Inapplicable ; Inapplicable ; Inapplicable ; Inapplicable ; Inapplicable ; Inapplicable ; Inapplicable ; Inapplicable ; Inapplicable ; Inapplicable ; Inapplicable ;
; PS2_CLK             ; Pass         ; Inapplicable ; Pass         ; Inapplicable ; Inapplicable ; Pass      ; Pass         ; Inapplicable ; Pass      ; Pass      ; Inapplicable ; Inapplicable ; Inapplicable ; Inapplicable ; Inapplicable ; Inapplicable ; Inapplicable ; Inapplicable ; Inapplicable ; Inapplicable ; Inapplicable ; Inapplicable ; Inapplicable ; Inapplicable ; Inapplicable ; Inapplicable ; Inapplicable ; Inapplicable ;
; AUDOUT[4]           ; Pass         ; Inapplicable ; Pass         ; Inapplicable ; Inapplicable ; Pass      ; Pass         ; Inapplicable ; Pass      ; Pass      ; Inapplicable ; Inapplicable ; Inapplicable ; Inapplicable ; Inapplicable ; Inapplicable ; Inapplicable ; Inapplicable ; Inapplicable ; Inapplicable ; Inapplicable ; Inapplicable ; Inapplicable ; Inapplicable ; Inapplicable ; Inapplicable ; Inapplicable ; Inapplicable ;
; AUDOUT[5]           ; Pass         ; Inapplicable ; Pass         ; Inapplicable ; Inapplicable ; Pass      ; Pass         ; Inapplicable ; Pass      ; Pass      ; Inapplicable ; Inapplicable ; Inapplicable ; Inapplicable ; Inapplicable ; Inapplicable ; Inapplicable ; Inapplicable ; Inapplicable ; Inapplicable ; Inapplicable ; Inapplicable ; Inapplicable ; Inapplicable ; Inapplicable ; Inapplicable ; Inapplicable ; Inapplicable ;
; AUDOUT[6]           ; Pass         ; Inapplicable ; Pass         ; Inapplicable ; Inapplicable ; Pass      ; Pass         ; Inapplicable ; Pass      ; Pass      ; Inapplicable ; Inapplicable ; Inapplicable ; Inapplicable ; Inapplicable ; Inapplicable ; Inapplicable ; Inapplicable ; Inapplicable ; Inapplicable ; Inapplicable ; Inapplicable ; Inapplicable ; Inapplicable ; Inapplicable ; Inapplicable ; Inapplicable ; Inapplicable ;
; AUDIN[1]            ; Pass         ; Inapplicable ; Pass         ; Inapplicable ; Inapplicable ; Pass      ; Pass         ; Inapplicable ; Pass      ; Pass      ; Inapplicable ; Inapplicable ; Inapplicable ; Inapplicable ; Inapplicable ; Inapplicable ; Inapplicable ; Inapplicable ; Inapplicable ; Inapplicable ; Inapplicable ; Inapplicable ; Inapplicable ; Inapplicable ; Inapplicable ; Inapplicable ; Inapplicable ; Inapplicable ;
; AUDIN[2]            ; Pass         ; Inapplicable ; Pass         ; Inapplicable ; Inapplicable ; Pass      ; Pass         ; Inapplicable ; Pass      ; Pass      ; Inapplicable ; Inapplicable ; Inapplicable ; Inapplicable ; Inapplicable ; Inapplicable ; Inapplicable ; Inapplicable ; Inapplicable ; Inapplicable ; Inapplicable ; Inapplicable ; Inapplicable ; Inapplicable ; Inapplicable ; Inapplicable ; Inapplicable ; Inapplicable ;
; borderDR            ; Inapplicable ; Inapplicable ; Inapplicable ; Inapplicable ; Inapplicable ; Pass      ; Inapplicable ; Inapplicable ; Pass      ; Pass      ; Inapplicable ; Pass         ; Inapplicable ; Inapplicable ; Inapplicable ; Inapplicable ; Pass         ; Inapplicable ; Inapplicable ; Inapplicable ; Inapplicable ; Pass         ; Inapplicable ; Inapplicable ; Inapplicable ; Inapplicable ; Inapplicable ; Inapplicable ;
; BG_RGB[7]           ; Inapplicable ; Inapplicable ; Inapplicable ; Inapplicable ; Inapplicable ; Pass      ; Inapplicable ; Inapplicable ; Pass      ; Pass      ; Inapplicable ; Inapplicable ; Inapplicable ; Inapplicable ; Inapplicable ; Inapplicable ; Inapplicable ; Inapplicable ; Inapplicable ; Inapplicable ; Inapplicable ; Inapplicable ; Inapplicable ; Inapplicable ; Inapplicable ; Inapplicable ; Inapplicable ; Inapplicable ;
; BG_RGB[6]           ; Inapplicable ; Inapplicable ; Inapplicable ; Inapplicable ; Inapplicable ; Pass      ; Inapplicable ; Inapplicable ; Pass      ; Pass      ; Inapplicable ; Inapplicable ; Inapplicable ; Inapplicable ; Inapplicable ; Inapplicable ; Inapplicable ; Inapplicable ; Inapplicable ; Inapplicable ; Inapplicable ; Inapplicable ; Inapplicable ; Inapplicable ; Inapplicable ; Inapplicable ; Inapplicable ; Inapplicable ;
; BG_RGB[5]           ; Inapplicable ; Inapplicable ; Inapplicable ; Inapplicable ; Inapplicable ; Pass      ; Inapplicable ; Inapplicable ; Pass      ; Pass      ; Inapplicable ; Inapplicable ; Inapplicable ; Inapplicable ; Inapplicable ; Inapplicable ; Inapplicable ; Inapplicable ; Inapplicable ; Inapplicable ; Inapplicable ; Inapplicable ; Inapplicable ; Inapplicable ; Inapplicable ; Inapplicable ; Inapplicable ; Inapplicable ;
; BG_RGB[4]           ; Inapplicable ; Inapplicable ; Inapplicable ; Inapplicable ; Inapplicable ; Pass      ; Inapplicable ; Inapplicable ; Pass      ; Pass      ; Inapplicable ; Inapplicable ; Inapplicable ; Inapplicable ; Inapplicable ; Inapplicable ; Inapplicable ; Inapplicable ; Inapplicable ; Inapplicable ; Inapplicable ; Inapplicable ; Inapplicable ; Inapplicable ; Inapplicable ; Inapplicable ; Inapplicable ; Inapplicable ;
; BG_RGB[3]           ; Inapplicable ; Inapplicable ; Inapplicable ; Inapplicable ; Inapplicable ; Pass      ; Inapplicable ; Inapplicable ; Pass      ; Pass      ; Inapplicable ; Inapplicable ; Inapplicable ; Inapplicable ; Inapplicable ; Inapplicable ; Inapplicable ; Inapplicable ; Inapplicable ; Inapplicable ; Inapplicable ; Inapplicable ; Inapplicable ; Inapplicable ; Inapplicable ; Inapplicable ; Inapplicable ; Inapplicable ;
; BG_RGB[2]           ; Inapplicable ; Inapplicable ; Inapplicable ; Inapplicable ; Inapplicable ; Pass      ; Inapplicable ; Inapplicable ; Pass      ; Pass      ; Inapplicable ; Inapplicable ; Inapplicable ; Inapplicable ; Inapplicable ; Inapplicable ; Inapplicable ; Inapplicable ; Inapplicable ; Inapplicable ; Inapplicable ; Inapplicable ; Inapplicable ; Inapplicable ; Inapplicable ; Inapplicable ; Inapplicable ; Inapplicable ;
; BG_RGB[1]           ; Inapplicable ; Inapplicable ; Inapplicable ; Inapplicable ; Inapplicable ; Pass      ; Inapplicable ; Inapplicable ; Pass      ; Pass      ; Inapplicable ; Inapplicable ; Inapplicable ; Inapplicable ; Inapplicable ; Inapplicable ; Inapplicable ; Inapplicable ; Inapplicable ; Inapplicable ; Inapplicable ; Inapplicable ; Inapplicable ; Inapplicable ; Inapplicable ; Inapplicable ; Inapplicable ; Inapplicable ;
; BG_RGB[0]           ; Inapplicable ; Inapplicable ; Inapplicable ; Inapplicable ; Inapplicable ; Pass      ; Inapplicable ; Inapplicable ; Pass      ; Pass      ; Inapplicable ; Inapplicable ; Inapplicable ; Inapplicable ; Inapplicable ; Inapplicable ; Inapplicable ; Inapplicable ; Inapplicable ; Inapplicable ; Inapplicable ; Inapplicable ; Inapplicable ; Inapplicable ; Inapplicable ; Inapplicable ; Inapplicable ; Inapplicable ;
; AUDOUT[7]           ; Pass         ; Inapplicable ; Pass         ; Inapplicable ; Inapplicable ; Pass      ; Pass         ; Inapplicable ; Pass      ; Pass      ; Inapplicable ; Inapplicable ; Inapplicable ; Inapplicable ; Inapplicable ; Inapplicable ; Inapplicable ; Inapplicable ; Inapplicable ; Inapplicable ; Inapplicable ; Inapplicable ; Inapplicable ; Inapplicable ; Inapplicable ; Inapplicable ; Inapplicable ; Inapplicable ;
; HEX0[6]             ; Pass         ; Inapplicable ; Pass         ; Inapplicable ; Inapplicable ; Pass      ; Pass         ; Inapplicable ; Pass      ; Pass      ; Inapplicable ; Inapplicable ; Inapplicable ; Inapplicable ; Inapplicable ; Inapplicable ; Inapplicable ; Inapplicable ; Inapplicable ; Inapplicable ; Inapplicable ; Inapplicable ; Inapplicable ; Inapplicable ; Inapplicable ; Inapplicable ; Inapplicable ; Inapplicable ;
; HEX0[5]             ; Pass         ; Inapplicable ; Pass         ; Inapplicable ; Inapplicable ; Pass      ; Pass         ; Inapplicable ; Pass      ; Pass      ; Inapplicable ; Inapplicable ; Inapplicable ; Inapplicable ; Inapplicable ; Inapplicable ; Inapplicable ; Inapplicable ; Inapplicable ; Inapplicable ; Inapplicable ; Inapplicable ; Inapplicable ; Inapplicable ; Inapplicable ; Inapplicable ; Inapplicable ; Inapplicable ;
; HEX0[4]             ; Pass         ; Inapplicable ; Pass         ; Inapplicable ; Inapplicable ; Pass      ; Pass         ; Inapplicable ; Pass      ; Pass      ; Inapplicable ; Inapplicable ; Inapplicable ; Inapplicable ; Inapplicable ; Inapplicable ; Inapplicable ; Inapplicable ; Inapplicable ; Inapplicable ; Inapplicable ; Inapplicable ; Inapplicable ; Inapplicable ; Inapplicable ; Inapplicable ; Inapplicable ; Inapplicable ;
; HEX0[3]             ; Pass         ; Inapplicable ; Pass         ; Inapplicable ; Inapplicable ; Pass      ; Pass         ; Inapplicable ; Pass      ; Pass      ; Inapplicable ; Inapplicable ; Inapplicable ; Inapplicable ; Inapplicable ; Inapplicable ; Inapplicable ; Inapplicable ; Inapplicable ; Inapplicable ; Inapplicable ; Inapplicable ; Inapplicable ; Inapplicable ; Inapplicable ; Inapplicable ; Inapplicable ; Inapplicable ;
; HEX0[2]             ; Pass         ; Inapplicable ; Pass         ; Inapplicable ; Inapplicable ; Pass      ; Pass         ; Inapplicable ; Pass      ; Pass      ; Inapplicable ; Inapplicable ; Inapplicable ; Inapplicable ; Inapplicable ; Inapplicable ; Inapplicable ; Inapplicable ; Inapplicable ; Inapplicable ; Inapplicable ; Inapplicable ; Inapplicable ; Inapplicable ; Inapplicable ; Inapplicable ; Inapplicable ; Inapplicable ;
; HEX0[1]             ; Pass         ; Inapplicable ; Pass         ; Inapplicable ; Inapplicable ; Pass      ; Pass         ; Inapplicable ; Pass      ; Pass      ; Inapplicable ; Inapplicable ; Inapplicable ; Inapplicable ; Inapplicable ; Inapplicable ; Inapplicable ; Inapplicable ; Inapplicable ; Inapplicable ; Inapplicable ; Inapplicable ; Inapplicable ; Inapplicable ; Inapplicable ; Inapplicable ; Inapplicable ; Inapplicable ;
; HEX0[0]             ; Pass         ; Inapplicable ; Pass         ; Inapplicable ; Inapplicable ; Pass      ; Pass         ; Inapplicable ; Pass      ; Pass      ; Inapplicable ; Inapplicable ; Inapplicable ; Inapplicable ; Inapplicable ; Inapplicable ; Inapplicable ; Inapplicable ; Inapplicable ; Inapplicable ; Inapplicable ; Inapplicable ; Inapplicable ; Inapplicable ; Inapplicable ; Inapplicable ; Inapplicable ; Inapplicable ;
; HEX1[6]             ; Pass         ; Inapplicable ; Pass         ; Inapplicable ; Inapplicable ; Pass      ; Pass         ; Inapplicable ; Pass      ; Pass      ; Inapplicable ; Inapplicable ; Inapplicable ; Inapplicable ; Inapplicable ; Inapplicable ; Inapplicable ; Inapplicable ; Inapplicable ; Inapplicable ; Inapplicable ; Inapplicable ; Inapplicable ; Inapplicable ; Inapplicable ; Inapplicable ; Inapplicable ; Inapplicable ;
; HEX1[5]             ; Pass         ; Inapplicable ; Pass         ; Inapplicable ; Inapplicable ; Pass      ; Pass         ; Inapplicable ; Pass      ; Pass      ; Inapplicable ; Inapplicable ; Inapplicable ; Inapplicable ; Inapplicable ; Inapplicable ; Inapplicable ; Inapplicable ; Inapplicable ; Inapplicable ; Inapplicable ; Inapplicable ; Inapplicable ; Inapplicable ; Inapplicable ; Inapplicable ; Inapplicable ; Inapplicable ;
; HEX1[4]             ; Pass         ; Inapplicable ; Pass         ; Inapplicable ; Inapplicable ; Pass      ; Pass         ; Inapplicable ; Pass      ; Pass      ; Inapplicable ; Inapplicable ; Inapplicable ; Inapplicable ; Inapplicable ; Inapplicable ; Inapplicable ; Inapplicable ; Inapplicable ; Inapplicable ; Inapplicable ; Inapplicable ; Inapplicable ; Inapplicable ; Inapplicable ; Inapplicable ; Inapplicable ; Inapplicable ;
; HEX1[3]             ; Pass         ; Inapplicable ; Pass         ; Inapplicable ; Inapplicable ; Pass      ; Pass         ; Inapplicable ; Pass      ; Pass      ; Inapplicable ; Inapplicable ; Inapplicable ; Inapplicable ; Inapplicable ; Inapplicable ; Inapplicable ; Inapplicable ; Inapplicable ; Inapplicable ; Inapplicable ; Inapplicable ; Inapplicable ; Inapplicable ; Inapplicable ; Inapplicable ; Inapplicable ; Inapplicable ;
; HEX1[2]             ; Pass         ; Inapplicable ; Pass         ; Inapplicable ; Inapplicable ; Pass      ; Pass         ; Inapplicable ; Pass      ; Pass      ; Inapplicable ; Inapplicable ; Inapplicable ; Inapplicable ; Inapplicable ; Inapplicable ; Inapplicable ; Inapplicable ; Inapplicable ; Inapplicable ; Inapplicable ; Inapplicable ; Inapplicable ; Inapplicable ; Inapplicable ; Inapplicable ; Inapplicable ; Inapplicable ;
; HEX1[1]             ; Pass         ; Inapplicable ; Pass         ; Inapplicable ; Inapplicable ; Pass      ; Pass         ; Inapplicable ; Pass      ; Pass      ; Inapplicable ; Inapplicable ; Inapplicable ; Inapplicable ; Inapplicable ; Inapplicable ; Inapplicable ; Inapplicable ; Inapplicable ; Inapplicable ; Inapplicable ; Inapplicable ; Inapplicable ; Inapplicable ; Inapplicable ; Inapplicable ; Inapplicable ; Inapplicable ;
; HEX1[0]             ; Pass         ; Inapplicable ; Pass         ; Inapplicable ; Inapplicable ; Pass      ; Pass         ; Inapplicable ; Pass      ; Pass      ; Inapplicable ; Inapplicable ; Inapplicable ; Inapplicable ; Inapplicable ; Inapplicable ; Inapplicable ; Inapplicable ; Inapplicable ; Inapplicable ; Inapplicable ; Inapplicable ; Inapplicable ; Inapplicable ; Inapplicable ; Inapplicable ; Inapplicable ; Inapplicable ;
; HEX2[6]             ; Pass         ; Inapplicable ; Pass         ; Inapplicable ; Inapplicable ; Pass      ; Pass         ; Inapplicable ; Pass      ; Pass      ; Inapplicable ; Inapplicable ; Inapplicable ; Inapplicable ; Inapplicable ; Inapplicable ; Inapplicable ; Inapplicable ; Inapplicable ; Inapplicable ; Inapplicable ; Inapplicable ; Inapplicable ; Inapplicable ; Inapplicable ; Inapplicable ; Inapplicable ; Inapplicable ;
; HEX2[5]             ; Pass         ; Inapplicable ; Pass         ; Inapplicable ; Inapplicable ; Pass      ; Pass         ; Inapplicable ; Pass      ; Pass      ; Inapplicable ; Inapplicable ; Inapplicable ; Inapplicable ; Inapplicable ; Inapplicable ; Inapplicable ; Inapplicable ; Inapplicable ; Inapplicable ; Inapplicable ; Inapplicable ; Inapplicable ; Inapplicable ; Inapplicable ; Inapplicable ; Inapplicable ; Inapplicable ;
; HEX2[4]             ; Pass         ; Inapplicable ; Pass         ; Inapplicable ; Inapplicable ; Pass      ; Pass         ; Inapplicable ; Pass      ; Pass      ; Inapplicable ; Inapplicable ; Inapplicable ; Inapplicable ; Inapplicable ; Inapplicable ; Inapplicable ; Inapplicable ; Inapplicable ; Inapplicable ; Inapplicable ; Inapplicable ; Inapplicable ; Inapplicable ; Inapplicable ; Inapplicable ; Inapplicable ; Inapplicable ;
; HEX2[3]             ; Pass         ; Inapplicable ; Pass         ; Inapplicable ; Inapplicable ; Pass      ; Pass         ; Inapplicable ; Pass      ; Pass      ; Inapplicable ; Inapplicable ; Inapplicable ; Inapplicable ; Inapplicable ; Inapplicable ; Inapplicable ; Inapplicable ; Inapplicable ; Inapplicable ; Inapplicable ; Inapplicable ; Inapplicable ; Inapplicable ; Inapplicable ; Inapplicable ; Inapplicable ; Inapplicable ;
; HEX2[2]             ; Pass         ; Inapplicable ; Pass         ; Inapplicable ; Inapplicable ; Pass      ; Pass         ; Inapplicable ; Pass      ; Pass      ; Inapplicable ; Inapplicable ; Inapplicable ; Inapplicable ; Inapplicable ; Inapplicable ; Inapplicable ; Inapplicable ; Inapplicable ; Inapplicable ; Inapplicable ; Inapplicable ; Inapplicable ; Inapplicable ; Inapplicable ; Inapplicable ; Inapplicable ; Inapplicable ;
; HEX2[1]             ; Pass         ; Inapplicable ; Pass         ; Inapplicable ; Inapplicable ; Pass      ; Pass         ; Inapplicable ; Pass      ; Pass      ; Inapplicable ; Inapplicable ; Inapplicable ; Inapplicable ; Inapplicable ; Inapplicable ; Inapplicable ; Inapplicable ; Inapplicable ; Inapplicable ; Inapplicable ; Inapplicable ; Inapplicable ; Inapplicable ; Inapplicable ; Inapplicable ; Inapplicable ; Inapplicable ;
; HEX2[0]             ; Pass         ; Inapplicable ; Pass         ; Inapplicable ; Inapplicable ; Pass      ; Pass         ; Inapplicable ; Pass      ; Pass      ; Inapplicable ; Inapplicable ; Inapplicable ; Inapplicable ; Inapplicable ; Inapplicable ; Inapplicable ; Inapplicable ; Inapplicable ; Inapplicable ; Inapplicable ; Inapplicable ; Inapplicable ; Inapplicable ; Inapplicable ; Inapplicable ; Inapplicable ; Inapplicable ;
; HEX3[6]             ; Pass         ; Inapplicable ; Pass         ; Inapplicable ; Inapplicable ; Pass      ; Pass         ; Inapplicable ; Pass      ; Pass      ; Inapplicable ; Inapplicable ; Inapplicable ; Inapplicable ; Inapplicable ; Inapplicable ; Inapplicable ; Inapplicable ; Inapplicable ; Inapplicable ; Inapplicable ; Inapplicable ; Inapplicable ; Inapplicable ; Inapplicable ; Inapplicable ; Inapplicable ; Inapplicable ;
; HEX3[5]             ; Pass         ; Inapplicable ; Pass         ; Inapplicable ; Inapplicable ; Pass      ; Pass         ; Inapplicable ; Pass      ; Pass      ; Inapplicable ; Inapplicable ; Inapplicable ; Inapplicable ; Inapplicable ; Inapplicable ; Inapplicable ; Inapplicable ; Inapplicable ; Inapplicable ; Inapplicable ; Inapplicable ; Inapplicable ; Inapplicable ; Inapplicable ; Inapplicable ; Inapplicable ; Inapplicable ;
; HEX3[4]             ; Pass         ; Inapplicable ; Pass         ; Inapplicable ; Inapplicable ; Pass      ; Pass         ; Inapplicable ; Pass      ; Pass      ; Inapplicable ; Inapplicable ; Inapplicable ; Inapplicable ; Inapplicable ; Inapplicable ; Inapplicable ; Inapplicable ; Inapplicable ; Inapplicable ; Inapplicable ; Inapplicable ; Inapplicable ; Inapplicable ; Inapplicable ; Inapplicable ; Inapplicable ; Inapplicable ;
; HEX3[3]             ; Pass         ; Inapplicable ; Pass         ; Inapplicable ; Inapplicable ; Pass      ; Pass         ; Inapplicable ; Pass      ; Pass      ; Inapplicable ; Inapplicable ; Inapplicable ; Inapplicable ; Inapplicable ; Inapplicable ; Inapplicable ; Inapplicable ; Inapplicable ; Inapplicable ; Inapplicable ; Inapplicable ; Inapplicable ; Inapplicable ; Inapplicable ; Inapplicable ; Inapplicable ; Inapplicable ;
; HEX3[2]             ; Pass         ; Inapplicable ; Pass         ; Inapplicable ; Inapplicable ; Pass      ; Pass         ; Inapplicable ; Pass      ; Pass      ; Inapplicable ; Inapplicable ; Inapplicable ; Inapplicable ; Inapplicable ; Inapplicable ; Inapplicable ; Inapplicable ; Inapplicable ; Inapplicable ; Inapplicable ; Inapplicable ; Inapplicable ; Inapplicable ; Inapplicable ; Inapplicable ; Inapplicable ; Inapplicable ;
; HEX3[1]             ; Pass         ; Inapplicable ; Pass         ; Inapplicable ; Inapplicable ; Pass      ; Pass         ; Inapplicable ; Pass      ; Pass      ; Inapplicable ; Inapplicable ; Inapplicable ; Inapplicable ; Inapplicable ; Inapplicable ; Inapplicable ; Inapplicable ; Inapplicable ; Inapplicable ; Inapplicable ; Inapplicable ; Inapplicable ; Inapplicable ; Inapplicable ; Inapplicable ; Inapplicable ; Inapplicable ;
; HEX3[0]             ; Pass         ; Inapplicable ; Pass         ; Inapplicable ; Inapplicable ; Pass      ; Pass         ; Inapplicable ; Pass      ; Pass      ; Inapplicable ; Inapplicable ; Inapplicable ; Inapplicable ; Inapplicable ; Inapplicable ; Inapplicable ; Inapplicable ; Inapplicable ; Inapplicable ; Inapplicable ; Inapplicable ; Inapplicable ; Inapplicable ; Inapplicable ; Inapplicable ; Inapplicable ; Inapplicable ;
; HEX4[6]             ; Pass         ; Inapplicable ; Pass         ; Inapplicable ; Inapplicable ; Pass      ; Pass         ; Inapplicable ; Pass      ; Pass      ; Inapplicable ; Inapplicable ; Inapplicable ; Inapplicable ; Inapplicable ; Inapplicable ; Inapplicable ; Inapplicable ; Inapplicable ; Inapplicable ; Inapplicable ; Inapplicable ; Inapplicable ; Inapplicable ; Inapplicable ; Inapplicable ; Inapplicable ; Inapplicable ;
; HEX4[5]             ; Pass         ; Inapplicable ; Pass         ; Inapplicable ; Inapplicable ; Pass      ; Pass         ; Inapplicable ; Pass      ; Pass      ; Inapplicable ; Inapplicable ; Inapplicable ; Inapplicable ; Inapplicable ; Inapplicable ; Inapplicable ; Inapplicable ; Inapplicable ; Inapplicable ; Inapplicable ; Inapplicable ; Inapplicable ; Inapplicable ; Inapplicable ; Inapplicable ; Inapplicable ; Inapplicable ;
; HEX4[4]             ; Pass         ; Inapplicable ; Pass         ; Inapplicable ; Inapplicable ; Pass      ; Pass         ; Inapplicable ; Pass      ; Pass      ; Inapplicable ; Inapplicable ; Inapplicable ; Inapplicable ; Inapplicable ; Inapplicable ; Inapplicable ; Inapplicable ; Inapplicable ; Inapplicable ; Inapplicable ; Inapplicable ; Inapplicable ; Inapplicable ; Inapplicable ; Inapplicable ; Inapplicable ; Inapplicable ;
; HEX4[3]             ; Pass         ; Inapplicable ; Pass         ; Inapplicable ; Inapplicable ; Pass      ; Pass         ; Inapplicable ; Pass      ; Pass      ; Inapplicable ; Inapplicable ; Inapplicable ; Inapplicable ; Inapplicable ; Inapplicable ; Inapplicable ; Inapplicable ; Inapplicable ; Inapplicable ; Inapplicable ; Inapplicable ; Inapplicable ; Inapplicable ; Inapplicable ; Inapplicable ; Inapplicable ; Inapplicable ;
; HEX4[2]             ; Pass         ; Inapplicable ; Pass         ; Inapplicable ; Inapplicable ; Pass      ; Pass         ; Inapplicable ; Pass      ; Pass      ; Inapplicable ; Inapplicable ; Inapplicable ; Inapplicable ; Inapplicable ; Inapplicable ; Inapplicable ; Inapplicable ; Inapplicable ; Inapplicable ; Inapplicable ; Inapplicable ; Inapplicable ; Inapplicable ; Inapplicable ; Inapplicable ; Inapplicable ; Inapplicable ;
; HEX4[1]             ; Pass         ; Inapplicable ; Pass         ; Inapplicable ; Inapplicable ; Pass      ; Pass         ; Inapplicable ; Pass      ; Pass      ; Inapplicable ; Inapplicable ; Inapplicable ; Inapplicable ; Inapplicable ; Inapplicable ; Inapplicable ; Inapplicable ; Inapplicable ; Inapplicable ; Inapplicable ; Inapplicable ; Inapplicable ; Inapplicable ; Inapplicable ; Inapplicable ; Inapplicable ; Inapplicable ;
; HEX4[0]             ; Pass         ; Inapplicable ; Pass         ; Inapplicable ; Inapplicable ; Pass      ; Pass         ; Inapplicable ; Pass      ; Pass      ; Inapplicable ; Inapplicable ; Inapplicable ; Inapplicable ; Inapplicable ; Inapplicable ; Inapplicable ; Inapplicable ; Inapplicable ; Inapplicable ; Inapplicable ; Inapplicable ; Inapplicable ; Inapplicable ; Inapplicable ; Inapplicable ; Inapplicable ; Inapplicable ;
; HEX5[6]             ; Pass         ; Inapplicable ; Pass         ; Inapplicable ; Inapplicable ; Pass      ; Pass         ; Inapplicable ; Pass      ; Pass      ; Inapplicable ; Inapplicable ; Inapplicable ; Inapplicable ; Inapplicable ; Inapplicable ; Inapplicable ; Inapplicable ; Inapplicable ; Inapplicable ; Inapplicable ; Inapplicable ; Inapplicable ; Inapplicable ; Inapplicable ; Inapplicable ; Inapplicable ; Inapplicable ;
; HEX5[5]             ; Pass         ; Inapplicable ; Pass         ; Inapplicable ; Inapplicable ; Pass      ; Pass         ; Inapplicable ; Pass      ; Pass      ; Inapplicable ; Inapplicable ; Inapplicable ; Inapplicable ; Inapplicable ; Inapplicable ; Inapplicable ; Inapplicable ; Inapplicable ; Inapplicable ; Inapplicable ; Inapplicable ; Inapplicable ; Inapplicable ; Inapplicable ; Inapplicable ; Inapplicable ; Inapplicable ;
; HEX5[4]             ; Pass         ; Inapplicable ; Pass         ; Inapplicable ; Inapplicable ; Pass      ; Pass         ; Inapplicable ; Pass      ; Pass      ; Inapplicable ; Inapplicable ; Inapplicable ; Inapplicable ; Inapplicable ; Inapplicable ; Inapplicable ; Inapplicable ; Inapplicable ; Inapplicable ; Inapplicable ; Inapplicable ; Inapplicable ; Inapplicable ; Inapplicable ; Inapplicable ; Inapplicable ; Inapplicable ;
; HEX5[3]             ; Pass         ; Inapplicable ; Pass         ; Inapplicable ; Inapplicable ; Pass      ; Pass         ; Inapplicable ; Pass      ; Pass      ; Inapplicable ; Inapplicable ; Inapplicable ; Inapplicable ; Inapplicable ; Inapplicable ; Inapplicable ; Inapplicable ; Inapplicable ; Inapplicable ; Inapplicable ; Inapplicable ; Inapplicable ; Inapplicable ; Inapplicable ; Inapplicable ; Inapplicable ; Inapplicable ;
; HEX5[2]             ; Pass         ; Inapplicable ; Pass         ; Inapplicable ; Inapplicable ; Pass      ; Pass         ; Inapplicable ; Pass      ; Pass      ; Inapplicable ; Inapplicable ; Inapplicable ; Inapplicable ; Inapplicable ; Inapplicable ; Inapplicable ; Inapplicable ; Inapplicable ; Inapplicable ; Inapplicable ; Inapplicable ; Inapplicable ; Inapplicable ; Inapplicable ; Inapplicable ; Inapplicable ; Inapplicable ;
; HEX5[1]             ; Pass         ; Inapplicable ; Pass         ; Inapplicable ; Inapplicable ; Pass      ; Pass         ; Inapplicable ; Pass      ; Pass      ; Inapplicable ; Inapplicable ; Inapplicable ; Inapplicable ; Inapplicable ; Inapplicable ; Inapplicable ; Inapplicable ; Inapplicable ; Inapplicable ; Inapplicable ; Inapplicable ; Inapplicable ; Inapplicable ; Inapplicable ; Inapplicable ; Inapplicable ; Inapplicable ;
; HEX5[0]             ; Pass         ; Inapplicable ; Pass         ; Inapplicable ; Inapplicable ; Pass      ; Pass         ; Inapplicable ; Pass      ; Pass      ; Inapplicable ; Inapplicable ; Inapplicable ; Inapplicable ; Inapplicable ; Inapplicable ; Inapplicable ; Inapplicable ; Inapplicable ; Inapplicable ; Inapplicable ; Inapplicable ; Inapplicable ; Inapplicable ; Inapplicable ; Inapplicable ; Inapplicable ; Inapplicable ;
; OVGA[28]            ; Pass         ; Inapplicable ; Pass         ; Inapplicable ; Inapplicable ; Pass      ; Pass         ; Inapplicable ; Pass      ; Pass      ; Inapplicable ; Inapplicable ; Inapplicable ; Inapplicable ; Inapplicable ; Inapplicable ; Inapplicable ; Inapplicable ; Inapplicable ; Inapplicable ; Inapplicable ; Inapplicable ; Inapplicable ; Inapplicable ; Inapplicable ; Inapplicable ; Inapplicable ; Inapplicable ;
; OVGA[27]            ; Pass         ; Inapplicable ; Pass         ; Inapplicable ; Inapplicable ; Pass      ; Pass         ; Inapplicable ; Pass      ; Pass      ; Inapplicable ; Inapplicable ; Inapplicable ; Inapplicable ; Inapplicable ; Inapplicable ; Inapplicable ; Inapplicable ; Inapplicable ; Inapplicable ; Inapplicable ; Inapplicable ; Inapplicable ; Inapplicable ; Inapplicable ; Inapplicable ; Inapplicable ; Inapplicable ;
; OVGA[26]            ; Pass         ; Inapplicable ; Pass         ; Inapplicable ; Inapplicable ; Pass      ; Pass         ; Inapplicable ; Pass      ; Pass      ; Inapplicable ; Inapplicable ; Inapplicable ; Inapplicable ; Inapplicable ; Inapplicable ; Inapplicable ; Inapplicable ; Inapplicable ; Inapplicable ; Inapplicable ; Inapplicable ; Inapplicable ; Inapplicable ; Inapplicable ; Inapplicable ; Inapplicable ; Inapplicable ;
; OVGA[25]            ; Pass         ; Inapplicable ; Pass         ; Inapplicable ; Inapplicable ; Pass      ; Pass         ; Inapplicable ; Pass      ; Pass      ; Inapplicable ; Inapplicable ; Inapplicable ; Inapplicable ; Inapplicable ; Inapplicable ; Inapplicable ; Inapplicable ; Inapplicable ; Inapplicable ; Inapplicable ; Inapplicable ; Inapplicable ; Inapplicable ; Inapplicable ; Inapplicable ; Inapplicable ; Inapplicable ;
; OVGA[24]            ; Pass         ; Inapplicable ; Pass         ; Inapplicable ; Inapplicable ; Pass      ; Pass         ; Inapplicable ; Pass      ; Pass      ; Inapplicable ; Inapplicable ; Inapplicable ; Inapplicable ; Inapplicable ; Inapplicable ; Inapplicable ; Inapplicable ; Inapplicable ; Inapplicable ; Inapplicable ; Inapplicable ; Inapplicable ; Inapplicable ; Inapplicable ; Inapplicable ; Inapplicable ; Inapplicable ;
; OVGA[23]            ; Pass         ; Inapplicable ; Pass         ; Inapplicable ; Inapplicable ; Pass      ; Pass         ; Inapplicable ; Pass      ; Pass      ; Inapplicable ; Inapplicable ; Inapplicable ; Inapplicable ; Inapplicable ; Inapplicable ; Inapplicable ; Inapplicable ; Inapplicable ; Inapplicable ; Inapplicable ; Inapplicable ; Inapplicable ; Inapplicable ; Inapplicable ; Inapplicable ; Inapplicable ; Inapplicable ;
; OVGA[22]            ; Pass         ; Inapplicable ; Pass         ; Inapplicable ; Inapplicable ; Pass      ; Pass         ; Inapplicable ; Pass      ; Pass      ; Inapplicable ; Inapplicable ; Inapplicable ; Inapplicable ; Inapplicable ; Inapplicable ; Inapplicable ; Inapplicable ; Inapplicable ; Inapplicable ; Inapplicable ; Inapplicable ; Inapplicable ; Inapplicable ; Inapplicable ; Inapplicable ; Inapplicable ; Inapplicable ;
; OVGA[21]            ; Pass         ; Inapplicable ; Pass         ; Inapplicable ; Inapplicable ; Pass      ; Pass         ; Inapplicable ; Pass      ; Pass      ; Inapplicable ; Inapplicable ; Inapplicable ; Inapplicable ; Inapplicable ; Inapplicable ; Inapplicable ; Inapplicable ; Inapplicable ; Inapplicable ; Inapplicable ; Inapplicable ; Inapplicable ; Inapplicable ; Inapplicable ; Inapplicable ; Inapplicable ; Inapplicable ;
; OVGA[20]            ; Pass         ; Inapplicable ; Pass         ; Inapplicable ; Inapplicable ; Pass      ; Pass         ; Inapplicable ; Pass      ; Pass      ; Inapplicable ; Inapplicable ; Inapplicable ; Inapplicable ; Inapplicable ; Inapplicable ; Inapplicable ; Inapplicable ; Inapplicable ; Inapplicable ; Inapplicable ; Inapplicable ; Inapplicable ; Inapplicable ; Inapplicable ; Inapplicable ; Inapplicable ; Inapplicable ;
; OVGA[19]            ; Pass         ; Inapplicable ; Pass         ; Inapplicable ; Inapplicable ; Pass      ; Pass         ; Inapplicable ; Pass      ; Pass      ; Inapplicable ; Inapplicable ; Inapplicable ; Inapplicable ; Inapplicable ; Inapplicable ; Inapplicable ; Inapplicable ; Inapplicable ; Inapplicable ; Inapplicable ; Inapplicable ; Inapplicable ; Inapplicable ; Inapplicable ; Inapplicable ; Inapplicable ; Inapplicable ;
; OVGA[18]            ; Pass         ; Inapplicable ; Pass         ; Inapplicable ; Inapplicable ; Pass      ; Pass         ; Inapplicable ; Pass      ; Pass      ; Inapplicable ; Inapplicable ; Inapplicable ; Inapplicable ; Inapplicable ; Inapplicable ; Inapplicable ; Inapplicable ; Inapplicable ; Inapplicable ; Inapplicable ; Inapplicable ; Inapplicable ; Inapplicable ; Inapplicable ; Inapplicable ; Inapplicable ; Inapplicable ;
; OVGA[17]            ; Pass         ; Inapplicable ; Pass         ; Inapplicable ; Inapplicable ; Pass      ; Pass         ; Inapplicable ; Pass      ; Pass      ; Inapplicable ; Inapplicable ; Inapplicable ; Inapplicable ; Inapplicable ; Inapplicable ; Inapplicable ; Inapplicable ; Inapplicable ; Inapplicable ; Inapplicable ; Inapplicable ; Inapplicable ; Inapplicable ; Inapplicable ; Inapplicable ; Inapplicable ; Inapplicable ;
; OVGA[16]            ; Pass         ; Inapplicable ; Pass         ; Inapplicable ; Inapplicable ; Pass      ; Pass         ; Inapplicable ; Pass      ; Pass      ; Inapplicable ; Inapplicable ; Inapplicable ; Inapplicable ; Inapplicable ; Inapplicable ; Inapplicable ; Inapplicable ; Inapplicable ; Inapplicable ; Inapplicable ; Inapplicable ; Inapplicable ; Inapplicable ; Inapplicable ; Inapplicable ; Inapplicable ; Inapplicable ;
; OVGA[15]            ; Pass         ; Inapplicable ; Pass         ; Inapplicable ; Inapplicable ; Pass      ; Pass         ; Inapplicable ; Pass      ; Pass      ; Inapplicable ; Inapplicable ; Inapplicable ; Inapplicable ; Inapplicable ; Inapplicable ; Inapplicable ; Inapplicable ; Inapplicable ; Inapplicable ; Inapplicable ; Inapplicable ; Inapplicable ; Inapplicable ; Inapplicable ; Inapplicable ; Inapplicable ; Inapplicable ;
; OVGA[14]            ; Pass         ; Inapplicable ; Pass         ; Inapplicable ; Inapplicable ; Pass      ; Pass         ; Inapplicable ; Pass      ; Pass      ; Inapplicable ; Inapplicable ; Inapplicable ; Inapplicable ; Inapplicable ; Inapplicable ; Inapplicable ; Inapplicable ; Inapplicable ; Inapplicable ; Inapplicable ; Inapplicable ; Inapplicable ; Inapplicable ; Inapplicable ; Inapplicable ; Inapplicable ; Inapplicable ;
; OVGA[13]            ; Pass         ; Inapplicable ; Pass         ; Inapplicable ; Inapplicable ; Pass      ; Pass         ; Inapplicable ; Pass      ; Pass      ; Inapplicable ; Inapplicable ; Inapplicable ; Inapplicable ; Inapplicable ; Inapplicable ; Inapplicable ; Inapplicable ; Inapplicable ; Inapplicable ; Inapplicable ; Inapplicable ; Inapplicable ; Inapplicable ; Inapplicable ; Inapplicable ; Inapplicable ; Inapplicable ;
; OVGA[12]            ; Pass         ; Inapplicable ; Pass         ; Inapplicable ; Inapplicable ; Pass      ; Pass         ; Inapplicable ; Pass      ; Pass      ; Inapplicable ; Inapplicable ; Inapplicable ; Inapplicable ; Inapplicable ; Inapplicable ; Inapplicable ; Inapplicable ; Inapplicable ; Inapplicable ; Inapplicable ; Inapplicable ; Inapplicable ; Inapplicable ; Inapplicable ; Inapplicable ; Inapplicable ; Inapplicable ;
; OVGA[11]            ; Pass         ; Inapplicable ; Pass         ; Inapplicable ; Inapplicable ; Pass      ; Pass         ; Inapplicable ; Pass      ; Pass      ; Inapplicable ; Inapplicable ; Inapplicable ; Inapplicable ; Inapplicable ; Inapplicable ; Inapplicable ; Inapplicable ; Inapplicable ; Inapplicable ; Inapplicable ; Inapplicable ; Inapplicable ; Inapplicable ; Inapplicable ; Inapplicable ; Inapplicable ; Inapplicable ;
; OVGA[10]            ; Pass         ; Inapplicable ; Pass         ; Inapplicable ; Inapplicable ; Pass      ; Pass         ; Inapplicable ; Pass      ; Pass      ; Inapplicable ; Inapplicable ; Inapplicable ; Inapplicable ; Inapplicable ; Inapplicable ; Inapplicable ; Inapplicable ; Inapplicable ; Inapplicable ; Inapplicable ; Inapplicable ; Inapplicable ; Inapplicable ; Inapplicable ; Inapplicable ; Inapplicable ; Inapplicable ;
; OVGA[9]             ; Pass         ; Inapplicable ; Pass         ; Inapplicable ; Inapplicable ; Pass      ; Pass         ; Inapplicable ; Pass      ; Pass      ; Inapplicable ; Inapplicable ; Inapplicable ; Inapplicable ; Inapplicable ; Inapplicable ; Inapplicable ; Inapplicable ; Inapplicable ; Inapplicable ; Inapplicable ; Inapplicable ; Inapplicable ; Inapplicable ; Inapplicable ; Inapplicable ; Inapplicable ; Inapplicable ;
; OVGA[8]             ; Pass         ; Inapplicable ; Pass         ; Inapplicable ; Inapplicable ; Pass      ; Pass         ; Inapplicable ; Pass      ; Pass      ; Inapplicable ; Inapplicable ; Inapplicable ; Inapplicable ; Inapplicable ; Inapplicable ; Inapplicable ; Inapplicable ; Inapplicable ; Inapplicable ; Inapplicable ; Inapplicable ; Inapplicable ; Inapplicable ; Inapplicable ; Inapplicable ; Inapplicable ; Inapplicable ;
; OVGA[7]             ; Pass         ; Inapplicable ; Pass         ; Inapplicable ; Inapplicable ; Pass      ; Pass         ; Inapplicable ; Pass      ; Pass      ; Inapplicable ; Inapplicable ; Inapplicable ; Inapplicable ; Inapplicable ; Inapplicable ; Inapplicable ; Inapplicable ; Inapplicable ; Inapplicable ; Inapplicable ; Inapplicable ; Inapplicable ; Inapplicable ; Inapplicable ; Inapplicable ; Inapplicable ; Inapplicable ;
; OVGA[6]             ; Pass         ; Inapplicable ; Pass         ; Inapplicable ; Inapplicable ; Pass      ; Pass         ; Inapplicable ; Pass      ; Pass      ; Inapplicable ; Inapplicable ; Inapplicable ; Inapplicable ; Inapplicable ; Inapplicable ; Inapplicable ; Inapplicable ; Inapplicable ; Inapplicable ; Inapplicable ; Inapplicable ; Inapplicable ; Inapplicable ; Inapplicable ; Inapplicable ; Inapplicable ; Inapplicable ;
; OVGA[5]             ; Pass         ; Inapplicable ; Pass         ; Inapplicable ; Inapplicable ; Pass      ; Pass         ; Inapplicable ; Pass      ; Pass      ; Inapplicable ; Inapplicable ; Inapplicable ; Inapplicable ; Inapplicable ; Inapplicable ; Inapplicable ; Inapplicable ; Inapplicable ; Inapplicable ; Inapplicable ; Inapplicable ; Inapplicable ; Inapplicable ; Inapplicable ; Inapplicable ; Inapplicable ; Inapplicable ;
; OVGA[4]             ; Pass         ; Inapplicable ; Pass         ; Inapplicable ; Inapplicable ; Pass      ; Pass         ; Inapplicable ; Pass      ; Pass      ; Inapplicable ; Inapplicable ; Inapplicable ; Inapplicable ; Inapplicable ; Inapplicable ; Inapplicable ; Inapplicable ; Inapplicable ; Inapplicable ; Inapplicable ; Inapplicable ; Inapplicable ; Inapplicable ; Inapplicable ; Inapplicable ; Inapplicable ; Inapplicable ;
; OVGA[3]             ; Pass         ; Inapplicable ; Pass         ; Inapplicable ; Inapplicable ; Pass      ; Pass         ; Inapplicable ; Pass      ; Pass      ; Inapplicable ; Inapplicable ; Inapplicable ; Inapplicable ; Inapplicable ; Inapplicable ; Inapplicable ; Inapplicable ; Inapplicable ; Inapplicable ; Inapplicable ; Inapplicable ; Inapplicable ; Inapplicable ; Inapplicable ; Inapplicable ; Inapplicable ; Inapplicable ;
; OVGA[2]             ; Pass         ; Inapplicable ; Pass         ; Inapplicable ; Inapplicable ; Pass      ; Pass         ; Inapplicable ; Pass      ; Pass      ; Inapplicable ; Inapplicable ; Inapplicable ; Inapplicable ; Inapplicable ; Inapplicable ; Inapplicable ; Inapplicable ; Inapplicable ; Inapplicable ; Inapplicable ; Inapplicable ; Inapplicable ; Inapplicable ; Inapplicable ; Inapplicable ; Inapplicable ; Inapplicable ;
; OVGA[1]             ; Pass         ; Inapplicable ; Pass         ; Inapplicable ; Inapplicable ; Pass      ; Pass         ; Inapplicable ; Pass      ; Pass      ; Inapplicable ; Inapplicable ; Inapplicable ; Inapplicable ; Inapplicable ; Inapplicable ; Inapplicable ; Inapplicable ; Inapplicable ; Inapplicable ; Inapplicable ; Inapplicable ; Inapplicable ; Inapplicable ; Inapplicable ; Inapplicable ; Inapplicable ; Inapplicable ;
; OVGA[0]             ; Pass         ; Inapplicable ; Pass         ; Inapplicable ; Inapplicable ; Pass      ; Pass         ; Inapplicable ; Pass      ; Pass      ; Inapplicable ; Inapplicable ; Inapplicable ; Inapplicable ; Inapplicable ; Inapplicable ; Inapplicable ; Inapplicable ; Inapplicable ; Inapplicable ; Inapplicable ; Inapplicable ; Inapplicable ; Inapplicable ; Inapplicable ; Inapplicable ; Inapplicable ; Inapplicable ;
; CLOCK_50            ; Pass         ; Inapplicable ; Pass         ; Inapplicable ; Inapplicable ; Pass      ; Pass         ; Inapplicable ; Pass      ; Pass      ; Inapplicable ; Inapplicable ; Inapplicable ; Inapplicable ; Inapplicable ; Inapplicable ; Inapplicable ; Inapplicable ; Inapplicable ; Inapplicable ; Inapplicable ; Inapplicable ; Inapplicable ; Inapplicable ; Inapplicable ; Inapplicable ; Inapplicable ; Inapplicable ;
; resetN_pin          ; Pass         ; Inapplicable ; Pass         ; Inapplicable ; Inapplicable ; Pass      ; Pass         ; Inapplicable ; Pass      ; Pass      ; Inapplicable ; Inapplicable ; Inapplicable ; Inapplicable ; Inapplicable ; Inapplicable ; Inapplicable ; Inapplicable ; Inapplicable ; Inapplicable ; Inapplicable ; Inapplicable ; Inapplicable ; Inapplicable ; Inapplicable ; Inapplicable ; Inapplicable ; Inapplicable ;
; KEY[3]              ; Pass         ; Inapplicable ; Pass         ; Inapplicable ; Inapplicable ; Pass      ; Pass         ; Inapplicable ; Pass      ; Pass      ; Inapplicable ; Inapplicable ; Inapplicable ; Inapplicable ; Inapplicable ; Inapplicable ; Inapplicable ; Inapplicable ; Inapplicable ; Inapplicable ; Inapplicable ; Inapplicable ; Inapplicable ; Inapplicable ; Inapplicable ; Inapplicable ; Inapplicable ; Inapplicable ;
; altera_reserved_tms ; Inapplicable ; Inapplicable ; Inapplicable ; Inapplicable ; Inapplicable ; Pass      ; Inapplicable ; Inapplicable ; Pass      ; Pass      ; Inapplicable ; Inapplicable ; Inapplicable ; Inapplicable ; Inapplicable ; Inapplicable ; Inapplicable ; Inapplicable ; Inapplicable ; Inapplicable ; Inapplicable ; Inapplicable ; Inapplicable ; Inapplicable ; Inapplicable ; Inapplicable ; Inapplicable ; Inapplicable ;
; altera_reserved_tck ; Inapplicable ; Inapplicable ; Inapplicable ; Inapplicable ; Inapplicable ; Pass      ; Inapplicable ; Inapplicable ; Pass      ; Pass      ; Inapplicable ; Inapplicable ; Inapplicable ; Inapplicable ; Inapplicable ; Inapplicable ; Inapplicable ; Inapplicable ; Inapplicable ; Inapplicable ; Inapplicable ; Inapplicable ; Inapplicable ; Inapplicable ; Inapplicable ; Inapplicable ; Inapplicable ; Inapplicable ;
; altera_reserved_tdi ; Inapplicable ; Inapplicable ; Inapplicable ; Inapplicable ; Inapplicable ; Pass      ; Inapplicable ; Inapplicable ; Pass      ; Pass      ; Inapplicable ; Inapplicable ; Inapplicable ; Inapplicable ; Inapplicable ; Inapplicable ; Inapplicable ; Inapplicable ; Inapplicable ; Inapplicable ; Inapplicable ; Inapplicable ; Inapplicable ; Inapplicable ; Inapplicable ; Inapplicable ; Inapplicable ; Inapplicable ;
; altera_reserved_tdo ; Inapplicable ; Inapplicable ; Inapplicable ; Inapplicable ; Inapplicable ; Pass      ; Inapplicable ; Inapplicable ; Pass      ; Pass      ; Inapplicable ; Inapplicable ; Inapplicable ; Inapplicable ; Inapplicable ; Inapplicable ; Inapplicable ; Inapplicable ; Inapplicable ; Inapplicable ; Inapplicable ; Inapplicable ; Inapplicable ; Inapplicable ; Inapplicable ; Inapplicable ; Inapplicable ; Inapplicable ;
+---------------------+--------------+--------------+--------------+--------------+--------------+-----------+--------------+--------------+-----------+-----------+--------------+--------------+--------------+--------------+--------------+--------------+--------------+--------------+--------------+--------------+--------------+--------------+--------------+--------------+--------------+--------------+--------------+--------------+


+------------------------------------------------------------------------------------------------+
; Fitter Device Options                                                                          ;
+------------------------------------------------------------------+-----------------------------+
; Option                                                           ; Setting                     ;
+------------------------------------------------------------------+-----------------------------+
; Enable user-supplied start-up clock (CLKUSR)                     ; Off                         ;
; Enable device-wide reset (DEV_CLRn)                              ; Off                         ;
; Enable device-wide output enable (DEV_OE)                        ; Off                         ;
; Enable INIT_DONE output                                          ; Off                         ;
; Configuration scheme                                             ; Passive Serial              ;
; Enable Error Detection CRC_ERROR pin                             ; Off                         ;
; Enable CvP_CONFDONE pin                                          ; Off                         ;
; Enable open drain on CRC_ERROR pin                               ; On                          ;
; Enable open drain on CvP_CONFDONE pin                            ; On                          ;
; Enable open drain on INIT_DONE pin                               ; On                          ;
; Enable open drain on Partial Reconfiguration pins                ; Off                         ;
; Enable open drain on nCEO pin                                    ; On                          ;
; Enable Partial Reconfiguration pins                              ; Off                         ;
; Enable input tri-state on active configuration pins in user mode ; Off                         ;
; Enable internal scrubbing                                        ; Off                         ;
; Active Serial clock source                                       ; 100 MHz Internal Oscillator ;
; Device initialization clock source                               ; Internal Oscillator         ;
; Configuration via Protocol                                       ; Off                         ;
; Configuration Voltage Level                                      ; Auto                        ;
; Force Configuration Voltage Level                                ; Off                         ;
; Enable nCEO output                                               ; Off                         ;
; Data[15..8]                                                      ; Unreserved                  ;
; Data[7..5]                                                       ; Unreserved                  ;
; Base pin-out file on sameframe device                            ; Off                         ;
+------------------------------------------------------------------+-----------------------------+


+------------------------------------+
; Operating Settings and Conditions  ;
+---------------------------+--------+
; Setting                   ; Value  ;
+---------------------------+--------+
; Nominal Core Voltage      ; 1.10 V ;
; Low Junction Temperature  ; 0 °C   ;
; High Junction Temperature ; 85 °C  ;
+---------------------------+--------+


+--------------------------------------------------------------------+
; Estimated Delay Added for Hold Timing Summary                      ;
+-------------------------+----------------------+-------------------+
; Source Clock(s)         ; Destination Clock(s) ; Delay Added in ns ;
+-------------------------+----------------------+-------------------+
; altera_reserved_tck,I/O ; altera_reserved_tck  ; 8.9               ;
+-------------------------+----------------------+-------------------+
Note: For more information on problematic transfers, consider running the Fitter again with the Optimize hold timing option (Settings Menu) turned off.
This will disable optimization of problematic paths and expose them for further analysis using the TimeQuest Timing Analyzer.


+-------------------------------------------------------------------------------------------------------------------------------------------------------------------------------------------------------------------------------------------------------------------------------------------------------------------------------------------------------------------------------------------------+
; Estimated Delay Added for Hold Timing Details                                                                                                                                                                                                                                                                                                                                                   ;
+----------------------------+------------------------------------------------------------------------------------------------------------------------------------------------------------------------------------------------------------------------------------------------------------------------------------------------------------------------------------------------+-------------------+
; Source Register            ; Destination Register                                                                                                                                                                                                                                                                                                                           ; Delay Added in ns ;
+----------------------------+------------------------------------------------------------------------------------------------------------------------------------------------------------------------------------------------------------------------------------------------------------------------------------------------------------------------------------------------+-------------------+
; altera_reserved_tck        ; sld_hub:auto_hub|alt_sld_fab_with_jtag_input:\instrumentation_fabric_with_node_gen:fabric_gen_new_way:with_jtag_input_gen:instrumentation_fabric|alt_sld_fab:instrumentation_fabric|alt_sld_fab_alt_sld_fab:alt_sld_fab|alt_sld_fab_alt_sld_fab_sldfabric:sldfabric|sld_jtag_hub:\jtag_hub_gen:real_sld_jtag_hub|identity_contrib_shift_reg[3] ; 0.622             ;
; altera_internal_jtag~FF_19 ; sld_hub:auto_hub|alt_sld_fab_with_jtag_input:\instrumentation_fabric_with_node_gen:fabric_gen_new_way:with_jtag_input_gen:instrumentation_fabric|alt_sld_fab:instrumentation_fabric|alt_sld_fab_alt_sld_fab:alt_sld_fab|alt_sld_fab_alt_sld_fab_sldfabric:sldfabric|sld_jtag_hub:\jtag_hub_gen:real_sld_jtag_hub|identity_contrib_shift_reg[3] ; 0.622             ;
; altera_internal_jtag~FF_38 ; sld_hub:auto_hub|alt_sld_fab_with_jtag_input:\instrumentation_fabric_with_node_gen:fabric_gen_new_way:with_jtag_input_gen:instrumentation_fabric|alt_sld_fab:instrumentation_fabric|alt_sld_fab_alt_sld_fab:alt_sld_fab|alt_sld_fab_alt_sld_fab_sldfabric:sldfabric|sld_jtag_hub:\jtag_hub_gen:real_sld_jtag_hub|identity_contrib_shift_reg[3] ; 0.622             ;
+----------------------------+------------------------------------------------------------------------------------------------------------------------------------------------------------------------------------------------------------------------------------------------------------------------------------------------------------------------------------------------+-------------------+
Note: This table only shows the top 3 path(s) that have the largest delay added for hold.


+-----------------+
; Fitter Messages ;
+-----------------+
Info (20030): Parallel compilation is enabled and will use 14 of the 14 processors detected
Info (119006): Selected device 5CSXFC6D6F31C6 for design "Lab1Demo"
Info (21077): Low junction temperature is 0 degrees C
Info (21077): High junction temperature is 85 degrees C
Info (171001): Fitter is performing a Fast Fit compilation, which decreases Fitter effort to reduce compilation time
Warning (15714): Some pins have incomplete I/O assignments. Refer to the I/O Assignment Warnings report for details
Info (176045): Design uses memory blocks. Violating setup or hold times of memory block address registers for either read or write operations could cause memory contents to be corrupted. Make sure that all memory block address registers meet the setup and hold time requirements.
Critical Warning (169085): No exact pin location assignment(s) for 9 pins of 91 total pins. For the list of pins please refer to the I/O Assignment Warnings table in the fitter report.
Info (184020): Starting Fitter periphery placement operations
Info (11178): Promoted 1 clock (1 global)
    Info (11162): CLK_31P5:inst7|CLK_31P5_0002:clk_31p5_inst|altera_pll:altera_pll_i|outclk_wire[0]~CLKENA0 with 5352 fanout uses global clock CLKCTRL_G7
Info (184021): Fitter periphery placement operations ending: elapsed time is 00:00:00
Warning (335093): TimeQuest Timing Analyzer is analyzing 5 combinational loops as latches. For more details, run the Check Timing command in the TimeQuest Timing Analyzer or view the "User-Specified and Inferred Latches" table in the Analysis & Synthesis report.
Info (332164): Evaluating HDL-embedded SDC commands
    Info (332165): Entity sld_hub
        Info (332166): create_clock -name altera_reserved_tck [get_ports {altera_reserved_tck}] -period 30MHz   
        Info (332166): if { [string equal quartus_fit $::TimeQuestInfo(nameofexecutable)] } { set_max_delay -to [get_ports { altera_reserved_tdo } ] 0 }
        Info (332166): set_clock_groups -asynchronous -group {altera_reserved_tck}
Info (332104): Reading SDC File: 'DE10_Standard_Audio.sdc'
Warning (332174): Ignored filter at DE10_Standard_Audio.sdc(13): AUD_BCLK could not be matched with a port File: C:/Users/USER/Documents/Work/FPGA-Snake-Arcade/DE10_Standard_Audio.sdc Line: 13
Warning (332049): Ignored create_clock at DE10_Standard_Audio.sdc(13): Argument <targets> is an empty collection File: C:/Users/USER/Documents/Work/FPGA-Snake-Arcade/DE10_Standard_Audio.sdc Line: 13
    Info (332050): create_clock -period "3.536 MHz" -name clk_audbck [get_ports AUD_BCLK] File: C:/Users/USER/Documents/Work/FPGA-Snake-Arcade/DE10_Standard_Audio.sdc Line: 13
Warning (332174): Ignored filter at DE10_Standard_Audio.sdc(15): VGA_CLK could not be matched with a port File: C:/Users/USER/Documents/Work/FPGA-Snake-Arcade/DE10_Standard_Audio.sdc Line: 15
Warning (332049): Ignored create_clock at DE10_Standard_Audio.sdc(15): Argument <targets> is an empty collection File: C:/Users/USER/Documents/Work/FPGA-Snake-Arcade/DE10_Standard_Audio.sdc Line: 15
    Info (332050): create_clock -period "25.18 MHz" -name clk_vga [get_ports VGA_CLK] File: C:/Users/USER/Documents/Work/FPGA-Snake-Arcade/DE10_Standard_Audio.sdc Line: 15
Warning (332043): Overwriting existing clock: altera_reserved_tck
Info (332110): Deriving PLL clocks
    Info (332110): create_generated_clock -source {inst7|clk_31p5_inst|altera_pll_i|general[0].gpll~FRACTIONAL_PLL|refclkin} -divide_by 5 -multiply_by 63 -duty_cycle 50.00 -name {inst7|clk_31p5_inst|altera_pll_i|general[0].gpll~FRACTIONAL_PLL|vcoph[0]} {inst7|clk_31p5_inst|altera_pll_i|general[0].gpll~FRACTIONAL_PLL|vcoph[0]}
    Info (332110): create_generated_clock -source {inst7|clk_31p5_inst|altera_pll_i|general[0].gpll~PLL_OUTPUT_COUNTER|vco0ph[0]} -divide_by 20 -duty_cycle 50.00 -name {inst7|clk_31p5_inst|altera_pll_i|general[0].gpll~PLL_OUTPUT_COUNTER|divclk} {inst7|clk_31p5_inst|altera_pll_i|general[0].gpll~PLL_OUTPUT_COUNTER|divclk}
Warning (332174): Ignored filter at DE10_Standard_Audio.sdc(33): u0|pll|altera_pll_i|general[1].gpll~PLL_OUTPUT_COUNTER|divclk could not be matched with a pin File: C:/Users/USER/Documents/Work/FPGA-Snake-Arcade/DE10_Standard_Audio.sdc Line: 33
Warning (332174): Ignored filter at DE10_Standard_Audio.sdc(34): DRAM_CLK could not be matched with a port File: C:/Users/USER/Documents/Work/FPGA-Snake-Arcade/DE10_Standard_Audio.sdc Line: 34
Critical Warning (332049): Ignored create_generated_clock at DE10_Standard_Audio.sdc(33): Argument <targets> is an empty collection File: C:/Users/USER/Documents/Work/FPGA-Snake-Arcade/DE10_Standard_Audio.sdc Line: 33
    Info (332050): create_generated_clock -source [get_pins {u0|pll|altera_pll_i|general[1].gpll~PLL_OUTPUT_COUNTER|divclk}] \
                      -name clk_dram_ext [get_ports {DRAM_CLK}] File: C:/Users/USER/Documents/Work/FPGA-Snake-Arcade/DE10_Standard_Audio.sdc Line: 33
Warning (332049): Ignored create_generated_clock at DE10_Standard_Audio.sdc(33): Argument -source is an empty collection File: C:/Users/USER/Documents/Work/FPGA-Snake-Arcade/DE10_Standard_Audio.sdc Line: 33
Warning (332049): Ignored create_generated_clock at DE10_Standard_Audio.sdc(36): Incorrect assignment for clock.  Source node: inst7|clk_31p5_inst|altera_pll_i|general[0].gpll~PLL_OUTPUT_COUNTER|divclk already has a clock(s) assigned to it.  Use the -add option to assign multiple clocks to this node.  Clock was not created or updated. File: C:/Users/USER/Documents/Work/FPGA-Snake-Arcade/DE10_Standard_Audio.sdc Line: 36
    Info (332050): create_generated_clock -source [get_ports CLOCK_50] -name clk_31p5 [get_pins {inst7|clk_31p5_inst|altera_pll_i|general[0].gpll~PLL_OUTPUT_COUNTER|divclk}] File: C:/Users/USER/Documents/Work/FPGA-Snake-Arcade/DE10_Standard_Audio.sdc Line: 36
Warning (332174): Ignored filter at DE10_Standard_Audio.sdc(38): inst7|...|divclk could not be matched with a pin File: C:/Users/USER/Documents/Work/FPGA-Snake-Arcade/DE10_Standard_Audio.sdc Line: 38
Warning (332174): Ignored filter at DE10_Standard_Audio.sdc(38): AUD_XCK could not be matched with a port File: C:/Users/USER/Documents/Work/FPGA-Snake-Arcade/DE10_Standard_Audio.sdc Line: 38
Critical Warning (332049): Ignored create_generated_clock at DE10_Standard_Audio.sdc(38): Argument <targets> is an empty collection File: C:/Users/USER/Documents/Work/FPGA-Snake-Arcade/DE10_Standard_Audio.sdc Line: 38
    Info (332050): create_generated_clock -source [get_pins {inst7|...|divclk}] -name out_aud_xck [get_ports AUD_XCK] File: C:/Users/USER/Documents/Work/FPGA-Snake-Arcade/DE10_Standard_Audio.sdc Line: 38
Warning (332049): Ignored create_generated_clock at DE10_Standard_Audio.sdc(38): Argument -source is an empty collection File: C:/Users/USER/Documents/Work/FPGA-Snake-Arcade/DE10_Standard_Audio.sdc Line: 38
Info (332151): Clock uncertainty is not calculated until you update the timing netlist.
Warning (332174): Ignored filter at DE10_Standard_Audio.sdc(59): DRAM_DQ* could not be matched with a port File: C:/Users/USER/Documents/Work/FPGA-Snake-Arcade/DE10_Standard_Audio.sdc Line: 59
Warning (332174): Ignored filter at DE10_Standard_Audio.sdc(59): clk_dram_ext could not be matched with a clock File: C:/Users/USER/Documents/Work/FPGA-Snake-Arcade/DE10_Standard_Audio.sdc Line: 59
Warning (332049): Ignored set_input_delay at DE10_Standard_Audio.sdc(59): Argument <targets> is an empty collection File: C:/Users/USER/Documents/Work/FPGA-Snake-Arcade/DE10_Standard_Audio.sdc Line: 59
    Info (332050): set_input_delay -max -clock clk_dram_ext 5.9 [get_ports DRAM_DQ*] File: C:/Users/USER/Documents/Work/FPGA-Snake-Arcade/DE10_Standard_Audio.sdc Line: 59
Warning (332049): Ignored set_input_delay at DE10_Standard_Audio.sdc(59): Argument -clock is not an object ID File: C:/Users/USER/Documents/Work/FPGA-Snake-Arcade/DE10_Standard_Audio.sdc Line: 59
Warning (332049): Ignored set_input_delay at DE10_Standard_Audio.sdc(60): Argument <targets> is an empty collection File: C:/Users/USER/Documents/Work/FPGA-Snake-Arcade/DE10_Standard_Audio.sdc Line: 60
    Info (332050): set_input_delay -min -clock clk_dram_ext 3.0 [get_ports DRAM_DQ*] File: C:/Users/USER/Documents/Work/FPGA-Snake-Arcade/DE10_Standard_Audio.sdc Line: 60
Warning (332049): Ignored set_input_delay at DE10_Standard_Audio.sdc(60): Argument -clock is not an object ID File: C:/Users/USER/Documents/Work/FPGA-Snake-Arcade/DE10_Standard_Audio.sdc Line: 60
Warning (332174): Ignored filter at DE10_Standard_Audio.sdc(64): u0|pll|altera_pll_i|general[0].gpll~PLL_OUTPUT_COUNTER|divclk could not be matched with a clock File: C:/Users/USER/Documents/Work/FPGA-Snake-Arcade/DE10_Standard_Audio.sdc Line: 64
Warning (332049): Ignored set_multicycle_path at DE10_Standard_Audio.sdc(63): Argument <from> is an empty collection File: C:/Users/USER/Documents/Work/FPGA-Snake-Arcade/DE10_Standard_Audio.sdc Line: 63
    Info (332050): set_multicycle_path -from [get_clocks {clk_dram_ext}] \
                    -to [get_clocks {u0|pll|altera_pll_i|general[0].gpll~PLL_OUTPUT_COUNTER|divclk}] \
                                                  -setup 2 File: C:/Users/USER/Documents/Work/FPGA-Snake-Arcade/DE10_Standard_Audio.sdc Line: 63
Warning (332049): Ignored set_multicycle_path at DE10_Standard_Audio.sdc(63): Argument <to> is an empty collection File: C:/Users/USER/Documents/Work/FPGA-Snake-Arcade/DE10_Standard_Audio.sdc Line: 63
Warning (332174): Ignored filter at DE10_Standard_Audio.sdc(77): DRAM_*DQM could not be matched with a port File: C:/Users/USER/Documents/Work/FPGA-Snake-Arcade/DE10_Standard_Audio.sdc Line: 77
Warning (332174): Ignored filter at DE10_Standard_Audio.sdc(77): DRAM_DQ* could not be matched with a port File: C:/Users/USER/Documents/Work/FPGA-Snake-Arcade/DE10_Standard_Audio.sdc Line: 77
Warning (332049): Ignored set_output_delay at DE10_Standard_Audio.sdc(77): Argument <targets> is an empty collection File: C:/Users/USER/Documents/Work/FPGA-Snake-Arcade/DE10_Standard_Audio.sdc Line: 77
    Info (332050): set_output_delay -max -clock clk_dram_ext 1.6  [get_ports {DRAM_DQ* DRAM_*DQM}] File: C:/Users/USER/Documents/Work/FPGA-Snake-Arcade/DE10_Standard_Audio.sdc Line: 77
Warning (332049): Ignored set_output_delay at DE10_Standard_Audio.sdc(77): Argument -clock is not an object ID File: C:/Users/USER/Documents/Work/FPGA-Snake-Arcade/DE10_Standard_Audio.sdc Line: 77
Warning (332049): Ignored set_output_delay at DE10_Standard_Audio.sdc(78): Argument <targets> is an empty collection File: C:/Users/USER/Documents/Work/FPGA-Snake-Arcade/DE10_Standard_Audio.sdc Line: 78
    Info (332050): set_output_delay -min -clock clk_dram_ext -0.9 [get_ports {DRAM_DQ* DRAM_*DQM}] File: C:/Users/USER/Documents/Work/FPGA-Snake-Arcade/DE10_Standard_Audio.sdc Line: 78
Warning (332049): Ignored set_output_delay at DE10_Standard_Audio.sdc(78): Argument -clock is not an object ID File: C:/Users/USER/Documents/Work/FPGA-Snake-Arcade/DE10_Standard_Audio.sdc Line: 78
Warning (332174): Ignored filter at DE10_Standard_Audio.sdc(79): DRAM_ADDR* could not be matched with a port File: C:/Users/USER/Documents/Work/FPGA-Snake-Arcade/DE10_Standard_Audio.sdc Line: 79
Warning (332174): Ignored filter at DE10_Standard_Audio.sdc(79): DRAM_BA* could not be matched with a port File: C:/Users/USER/Documents/Work/FPGA-Snake-Arcade/DE10_Standard_Audio.sdc Line: 79
Warning (332174): Ignored filter at DE10_Standard_Audio.sdc(79): DRAM_CAS_N could not be matched with a port File: C:/Users/USER/Documents/Work/FPGA-Snake-Arcade/DE10_Standard_Audio.sdc Line: 79
Warning (332174): Ignored filter at DE10_Standard_Audio.sdc(79): DRAM_CKE could not be matched with a port File: C:/Users/USER/Documents/Work/FPGA-Snake-Arcade/DE10_Standard_Audio.sdc Line: 79
Warning (332174): Ignored filter at DE10_Standard_Audio.sdc(79): DRAM_CS_N could not be matched with a port File: C:/Users/USER/Documents/Work/FPGA-Snake-Arcade/DE10_Standard_Audio.sdc Line: 79
Warning (332174): Ignored filter at DE10_Standard_Audio.sdc(79): DRAM_RAS_N could not be matched with a port File: C:/Users/USER/Documents/Work/FPGA-Snake-Arcade/DE10_Standard_Audio.sdc Line: 79
Warning (332174): Ignored filter at DE10_Standard_Audio.sdc(79): DRAM_WE_N could not be matched with a port File: C:/Users/USER/Documents/Work/FPGA-Snake-Arcade/DE10_Standard_Audio.sdc Line: 79
Warning (332049): Ignored set_output_delay at DE10_Standard_Audio.sdc(79): Argument <targets> is an empty collection File: C:/Users/USER/Documents/Work/FPGA-Snake-Arcade/DE10_Standard_Audio.sdc Line: 79
    Info (332050): set_output_delay -max -clock clk_dram_ext 1.6  [get_ports {DRAM_ADDR* DRAM_BA* DRAM_RAS_N DRAM_CAS_N DRAM_WE_N DRAM_CKE DRAM_CS_N}] File: C:/Users/USER/Documents/Work/FPGA-Snake-Arcade/DE10_Standard_Audio.sdc Line: 79
Warning (332049): Ignored set_output_delay at DE10_Standard_Audio.sdc(79): Argument -clock is not an object ID File: C:/Users/USER/Documents/Work/FPGA-Snake-Arcade/DE10_Standard_Audio.sdc Line: 79
Warning (332049): Ignored set_output_delay at DE10_Standard_Audio.sdc(80): Argument <targets> is an empty collection File: C:/Users/USER/Documents/Work/FPGA-Snake-Arcade/DE10_Standard_Audio.sdc Line: 80
    Info (332050): set_output_delay -min -clock clk_dram_ext -0.9 [get_ports {DRAM_ADDR* DRAM_BA* DRAM_RAS_N DRAM_CAS_N DRAM_WE_N DRAM_CKE DRAM_CS_N}] File: C:/Users/USER/Documents/Work/FPGA-Snake-Arcade/DE10_Standard_Audio.sdc Line: 80
Warning (332049): Ignored set_output_delay at DE10_Standard_Audio.sdc(80): Argument -clock is not an object ID File: C:/Users/USER/Documents/Work/FPGA-Snake-Arcade/DE10_Standard_Audio.sdc Line: 80
Info (332097): The following timing edges are non-unate.  TimeQuest will assume pos-unate behavior for these edges in the clock network.
    Info (332098): Cell: inst7|clk_31p5_inst|altera_pll_i|general[0].gpll~FRACTIONAL_PLL  from: refclkin  to: fbclk
    Info (332098): Cell: inst7|clk_31p5_inst|altera_pll_i|general[0].gpll~PLL_OUTPUT_COUNTER  from: vco0ph[0]  to: divclk
    Info (332098): Cell: inst7|clk_31p5_inst|altera_pll_i|general[0].gpll~PLL_REFCLK_SELECT  from: clkin[0]  to: clkout
Info (332123): Deriving Clock Uncertainty. Please refer to report_sdc in TimeQuest to see clock uncertainties.
Info (332129): Detected timing requirements -- optimizing circuit to achieve only the specified requirements
Info (332111): Found 4 clocks
    Info (332111):   Period   Clock Name
    Info (332111): ======== ============
    Info (332111):   40.000 altera_reserved_tck
    Info (332111):   20.000     CLOCK_50
    Info (332111):    1.587 inst7|clk_31p5_inst|altera_pll_i|general[0].gpll~FRACTIONAL_PLL|vcoph[0]
    Info (332111):   31.746 inst7|clk_31p5_inst|altera_pll_i|general[0].gpll~PLL_OUTPUT_COUNTER|divclk
Info (176233): Starting register packing
Info (176235): Finished register packing
    Extra Info (176219): No registers were packed into other blocks
Warning (15705): Ignored locations or region assignments to the following nodes
    Warning (15706): Node "ADC_CONVST" is assigned to location or region, but does not exist in design
    Warning (15706): Node "ADC_DIN" is assigned to location or region, but does not exist in design
    Warning (15706): Node "ADC_DOUT" is assigned to location or region, but does not exist in design
    Warning (15706): Node "ADC_SCLK" is assigned to location or region, but does not exist in design
    Warning (15706): Node "AUDIN[3]" is assigned to location or region, but does not exist in design
    Warning (15706): Node "AUDOUT[0]" is assigned to location or region, but does not exist in design
    Warning (15706): Node "AUDOUT[1]" is assigned to location or region, but does not exist in design
    Warning (15706): Node "AUDOUT[2]" is assigned to location or region, but does not exist in design
    Warning (15706): Node "AUDOUT[3]" is assigned to location or region, but does not exist in design
    Warning (15706): Node "AUDOUT[4]" is assigned to location or region, but does not exist in design
    Warning (15706): Node "AUD_ADCDAT" is assigned to location or region, but does not exist in design
    Warning (15706): Node "KEY[1]" is assigned to location or region, but does not exist in design
    Warning (15706): Node "KEY[2]" is assigned to location or region, but does not exist in design
    Warning (15706): Node "LEDR[3]" is assigned to location or region, but does not exist in design
    Warning (15706): Node "LEDR[4]" is assigned to location or region, but does not exist in design
    Warning (15706): Node "SW[0]" is assigned to location or region, but does not exist in design
    Warning (15706): Node "SW[1]" is assigned to location or region, but does not exist in design
    Warning (15706): Node "SW[2]" is assigned to location or region, but does not exist in design
    Warning (15706): Node "SW[3]" is assigned to location or region, but does not exist in design
    Warning (15706): Node "SW[4]" is assigned to location or region, but does not exist in design
    Warning (15706): Node "SW[5]" is assigned to location or region, but does not exist in design
    Warning (15706): Node "SW[6]" is assigned to location or region, but does not exist in design
    Warning (15706): Node "SW[7]" is assigned to location or region, but does not exist in design
    Warning (15706): Node "SW[8]" is assigned to location or region, but does not exist in design
    Warning (15706): Node "SW[9]" is assigned to location or region, but does not exist in design
    Warning (15706): Node "ball_toggle" is assigned to location or region, but does not exist in design
    Warning (15706): Node "greenLight" is assigned to location or region, but does not exist in design
    Warning (15706): Node "ir_write" is assigned to location or region, but does not exist in design
    Warning (15706): Node "numKey[0]" is assigned to location or region, but does not exist in design
    Warning (15706): Node "numKey[1]" is assigned to location or region, but does not exist in design
    Warning (15706): Node "numKey[2]" is assigned to location or region, but does not exist in design
    Warning (15706): Node "numKey[3]" is assigned to location or region, but does not exist in design
    Warning (15706): Node "redLight" is assigned to location or region, but does not exist in design
    Warning (15706): Node "sound_on" is assigned to location or region, but does not exist in design
    Warning (15706): Node "yellowLight" is assigned to location or region, but does not exist in design
Info (11798): Fitter preparation operations ending: elapsed time is 00:00:10
Info (170189): Fitter placement preparation operations beginning
Info (14951): The Fitter is using Advanced Physical Optimization.
Info (170190): Fitter placement preparation operations ending: elapsed time is 00:01:20
Info (170191): Fitter placement operations beginning
Info (170137): Fitter placement was successful
Info (170192): Fitter placement operations ending: elapsed time is 00:00:04
Info (170193): Fitter routing operations beginning
Info (170195): Router estimated average interconnect usage is 4% of the available device resources
    Info (170196): Router estimated peak interconnect usage is 18% of the available device resources in the region that extends from location X56_Y23 to location X66_Y34
Info (170194): Fitter routing operations ending: elapsed time is 00:00:05
Info (11888): Total time spent on timing analysis during the Fitter is 11.55 seconds.
Info (334003): Started post-fitting delay annotation
Info (334004): Delay annotation completed successfully
Info (334003): Started post-fitting delay annotation
Info (334004): Delay annotation completed successfully
Info (11801): Fitter post-fit operations ending: elapsed time is 00:00:15
Warning (171167): Found invalid Fitter assignments. See the Ignored Assignments panel in the Fitter Compilation Report for more information.
Info (144001): Generated suppressed messages file C:/Users/USER/Documents/Work/FPGA-Snake-Arcade/output_files/Lab1Demo.fit.smsg
Info: Quartus Prime Fitter was successful. 0 errors, 80 warnings
    Info: Peak virtual memory: 7811 megabytes
    Info: Processing ended: Fri Oct 09 18:39:30 2026
    Info: Elapsed time: 00:05:14
    Info: Total CPU time (on all processors): 00:36:20


+----------------------------+
; Fitter Suppressed Messages ;
+----------------------------+
The suppressed messages can be found in C:/Users/USER/Documents/Work/FPGA-Snake-Arcade/output_files/Lab1Demo.fit.smsg.


