Analysis & Synthesis report for Lab1Demo
Fri Oct 09 18:33:41 2026
Quartus Prime Version 17.0.0 Build 595 04/25/2017 SJ Lite Edition


---------------------
; Table of Contents ;
---------------------
  1. Legal Notice
  2. Analysis & Synthesis Summary
  3. Analysis & Synthesis Settings
  4. Parallel Compilation
  5. Analysis & Synthesis Source Files Read
  6. Analysis & Synthesis Resource Usage Summary
  7. Analysis & Synthesis Resource Utilization by Entity
  8. Analysis & Synthesis RAM Summary
  9. Analysis & Synthesis DSP Block Usage Summary
 10. Analysis & Synthesis IP Cores Summary
 11. State Machine - |TOP_VGA_DEMO|Audio_Block:inst6|AUDIO:inst|melody_player_1:inst5|SM_Maestro
 12. State Machine - |TOP_VGA_DEMO|end_message_display:inst17|messageState
 13. State Machine - |TOP_VGA_DEMO|game_controller:inst22|SMGame
 14. State Machine - |TOP_VGA_DEMO|Snake_Block:inst13|snake_head:inst3|pendingDir
 15. State Machine - |TOP_VGA_DEMO|Snake_Block:inst13|snake_head:inst3|currentDir
 16. State Machine - |TOP_VGA_DEMO|Snake_Block:inst13|snake_head:inst3|SM_Motion
 17. Registers Removed During Synthesis
 18. Removed Registers Triggering Further Register Optimizations
 19. General Register Statistics
 20. Inverted Register Statistics
 21. Multiplexer Restructuring Statistics (Restructuring Performed)
 22. Source assignments for TOP_KBD:inst16|KBDINTF:inst
 23. Source assignments for Audio_Block:inst6|AUDIO:inst|audio_codec_controller:inst
 24. Source assignments for back_ground_draw:inst4|lpm_rom:top_background_rom|altrom:srom|altsyncram:rom_block|altsyncram_pn81:auto_generated
 25. Source assignments for back_ground_draw:inst4|lpm_rom:grass_tile_rom|altrom:srom|altsyncram:rom_block|altsyncram_vu71:auto_generated
 26. Source assignments for back_ground_draw:inst4|lpm_rom:stone_tile_rom|altrom:srom|altsyncram:rom_block|altsyncram_8v71:auto_generated
 27. Source assignments for back_ground_draw:inst4|lpm_rom:rock_tile_rom|altrom:srom|altsyncram:rom_block|altsyncram_er71:auto_generated
 28. Source assignments for back_ground_draw:inst4|lpm_rom:wood_tile_rom|altrom:srom|altsyncram:rom_block|altsyncram_ss71:auto_generated
 29. Source assignments for Snake_Block:inst13|headBitMap:inst5|lpm_rom:rom_inst|altrom:srom|altsyncram:rom_block|altsyncram_lt71:auto_generated
 30. Source assignments for Snake_Block:inst13|snake_body:inst6|lpm_rom:rom_inst|altrom:srom|altsyncram:rom_block|altsyncram_hu71:auto_generated
 31. Source assignments for Apple_Block:inst10|AppleBitMap:inst3|lpm_rom:red_apple_rom|altrom:srom|altsyncram:rom_block|altsyncram_uq71:auto_generated
 32. Source assignments for Apple_Block:inst10|AppleBitMap:inst3|lpm_rom:blue_apple_rom|altrom:srom|altsyncram:rom_block|altsyncram_bu71:auto_generated
 33. Source assignments for Apple_Block:inst10|AppleBitMap:inst3|lpm_rom:black_apple_rom|altrom:srom|altsyncram:rom_block|altsyncram_0181:auto_generated
 34. Source assignments for Score_Block:inst11|NumbersBitMap:inst500|lpm_rom:rom_inst|altrom:srom|altsyncram:rom_block|altsyncram_me81:auto_generated
 35. Source assignments for end_message_display:inst17|lpm_rom:win_rom_inst|altrom:srom|altsyncram:rom_block|altsyncram_ib81:auto_generated
 36. Source assignments for end_message_display:inst17|lpm_rom:lost_rom_inst|altrom:srom|altsyncram:rom_block|altsyncram_6f81:auto_generated
 37. Source assignments for Audio_Block:inst6|AUDIO:inst|melody_player_1:inst5|lpm_rom:rom_inst|altrom:srom|altsyncram:rom_block|altsyncram_se71:auto_generated
 38. Source assignments for sld_signaltap:auto_signaltap_0
 39. Parameter Settings for User Entity Instance: back_ground_draw:inst4|lpm_rom:top_background_rom
 40. Parameter Settings for User Entity Instance: back_ground_draw:inst4|lpm_rom:grass_tile_rom
 41. Parameter Settings for User Entity Instance: back_ground_draw:inst4|lpm_rom:stone_tile_rom
 42. Parameter Settings for User Entity Instance: back_ground_draw:inst4|lpm_rom:rock_tile_rom
 43. Parameter Settings for User Entity Instance: back_ground_draw:inst4|lpm_rom:wood_tile_rom
 44. Parameter Settings for User Entity Instance: CLK_31P5:inst7|CLK_31P5_0002:clk_31p5_inst|altera_pll:altera_pll_i
 45. Parameter Settings for User Entity Instance: Snake_Block:inst13|headBitMap:inst5|lpm_rom:rom_inst
 46. Parameter Settings for User Entity Instance: Snake_Block:inst13|square_object:inst4
 47. Parameter Settings for User Entity Instance: Snake_Block:inst13|snake_head:inst3
 48. Parameter Settings for User Entity Instance: Snake_Block:inst13|snake_body:inst6
 49. Parameter Settings for User Entity Instance: Snake_Block:inst13|snake_body:inst6|lpm_rom:rom_inst
 50. Parameter Settings for User Entity Instance: Apple_Block:inst10|AppleBitMap:inst3|lpm_rom:red_apple_rom
 51. Parameter Settings for User Entity Instance: Apple_Block:inst10|AppleBitMap:inst3|lpm_rom:blue_apple_rom
 52. Parameter Settings for User Entity Instance: Apple_Block:inst10|AppleBitMap:inst3|lpm_rom:black_apple_rom
 53. Parameter Settings for User Entity Instance: Apple_Block:inst10|square_object:inst11
 54. Parameter Settings for User Entity Instance: Apple_Block:inst10|randomCounter:inst
 55. Parameter Settings for User Entity Instance: Apple_Block:inst10|square_object:inst12
 56. Parameter Settings for User Entity Instance: Apple_Block:inst10|square_object:inst13
 57. Parameter Settings for User Entity Instance: Score_Block:inst11|NumbersBitMap:inst500
 58. Parameter Settings for User Entity Instance: Score_Block:inst11|NumbersBitMap:inst500|lpm_rom:rom_inst
 59. Parameter Settings for User Entity Instance: Score_Block:inst11|square_object:inst42
 60. Parameter Settings for User Entity Instance: Score_Block:inst11|square_object:inst4
 61. Parameter Settings for User Entity Instance: end_message_display:inst17|lpm_rom:win_rom_inst
 62. Parameter Settings for User Entity Instance: end_message_display:inst17|lpm_rom:lost_rom_inst
 63. Parameter Settings for User Entity Instance: Audio_Block:inst6|AUDIO:inst|sintable:inst1
 64. Parameter Settings for User Entity Instance: Audio_Block:inst6|AUDIO:inst|addr_counter:inst9
 65. Parameter Settings for User Entity Instance: Audio_Block:inst6|AUDIO:inst|melody_player_1:inst5|lpm_rom:rom_inst
 66. Parameter Settings for User Entity Instance: Audio_Block:inst6|AUDIO:inst|melody_player_1:inst5|Mili_sec_counter:mili_sec_counter_inst
 67. Parameter Settings for Inferred Entity Instance: sld_signaltap:auto_signaltap_0
 68. Parameter Settings for Inferred Entity Instance: back_ground_draw:inst4|lpm_divide:Div1
 69. Parameter Settings for Inferred Entity Instance: back_ground_draw:inst4|lpm_divide:Div0
 70. Port Connectivity Checks: "Audio_Block:inst6|AUDIO:inst|melody_player_1:inst5|Mili_sec_counter:mili_sec_counter_inst"
 71. SignalTap II Logic Analyzer Settings
 72. Post-Synthesis Netlist Statistics for Top Partition
 73. Elapsed Time Per Partition
 74. Connections to In-System Debugging Instance "auto_signaltap_0"
 75. Analysis & Synthesis Messages



----------------
; Legal Notice ;
----------------
Copyright (C) 2017  Intel Corporation. All rights reserved.
Your use of Intel Corporation's design tools, logic functions 
and other software and tools, and its AMPP partner logic 
functions, and any output files from any of the foregoing 
(including device programming or simulation files), and any 
associated documentation or information are expressly subject 
to the terms and conditions of the Intel Program License 
Subscription Agreement, the Intel Quartus Prime License Agreement,
the Intel MegaCore Function License Agreement, or other 
applicable license agreement, including, without limitation, 
that your use is for the sole purpose of programming logic 
devices manufactured by Intel and sold by Intel or its 
authorized distributors.  Please refer to the applicable 
agreement for further details.



+-------------------------------------------------------------------------------+
; Analysis & Synthesis Summary                                                  ;
+---------------------------------+---------------------------------------------+
; Analysis & Synthesis Status     ; Successful - Fri Oct 09 18:33:41 2026       ;
; Quartus Prime Version           ; 17.0.0 Build 595 04/25/2017 SJ Lite Edition ;
; Revision Name                   ; Lab1Demo                                    ;
; Top-level Entity Name           ; TOP_VGA_DEMO                                ;
; Family                          ; Cyclone V                                   ;
; Logic utilization (in ALMs)     ; N/A                                         ;
; Total registers                 ; 5406                                        ;
; Total pins                      ; 91                                          ;
; Total virtual pins              ; 0                                           ;
; Total block memory bits         ; 1,392,128                                   ;
; Total DSP Blocks                ; 1                                           ;
; Total HSSI RX PCSs              ; 0                                           ;
; Total HSSI PMA RX Deserializers ; 0                                           ;
; Total HSSI TX PCSs              ; 0                                           ;
; Total HSSI PMA TX Serializers   ; 0                                           ;
; Total PLLs                      ; 1                                           ;
; Total DLLs                      ; 0                                           ;
+---------------------------------+---------------------------------------------+


+---------------------------------------------------------------------------------------------------------------------------+
; Analysis & Synthesis Settings                                                                                             ;
+---------------------------------------------------------------------------------+--------------------+--------------------+
; Option                                                                          ; Setting            ; Default Value      ;
+---------------------------------------------------------------------------------+--------------------+--------------------+
; Device                                                                          ; 5CSXFC6D6F31C6     ;                    ;
; Top-level entity name                                                           ; TOP_VGA_DEMO       ; Lab1Demo           ;
; Family name                                                                     ; Cyclone V          ; Cyclone V          ;
; Use smart compilation                                                           ; On                 ; Off                ;
; Maximum processors allowed for parallel compilation                             ; All                ;                    ;
; Enable parallel Assembler and TimeQuest Timing Analyzer during compilation      ; On                 ; On                 ;
; Enable compact report table                                                     ; Off                ; Off                ;
; Restructure Multiplexers                                                        ; Auto               ; Auto               ;
; MLAB Add Timing Constraints For Mixed-Port Feed-Through Mode Setting Don't Care ; Off                ; Off                ;
; Create Debugging Nodes for IP Cores                                             ; Off                ; Off                ;
; Preserve fewer node names                                                       ; On                 ; On                 ;
; OpenCore Plus hardware evaluation                                               ; Enable             ; Enable             ;
; Verilog Version                                                                 ; Verilog_2001       ; Verilog_2001       ;
; VHDL Version                                                                    ; VHDL_1993          ; VHDL_1993          ;
; State Machine Processing                                                        ; Auto               ; Auto               ;
; Safe State Machine                                                              ; Off                ; Off                ;
; Extract Verilog State Machines                                                  ; On                 ; On                 ;
; Extract VHDL State Machines                                                     ; On                 ; On                 ;
; Ignore Verilog initial constructs                                               ; Off                ; Off                ;
; Iteration limit for constant Verilog loops                                      ; 5000               ; 5000               ;
; Iteration limit for non-constant Verilog loops                                  ; 250                ; 250                ;
; Add Pass-Through Logic to Inferred RAMs                                         ; On                 ; On                 ;
; Infer RAMs from Raw Logic                                                       ; On                 ; On                 ;
; Parallel Synthesis                                                              ; On                 ; On                 ;
; DSP Block Balancing                                                             ; Auto               ; Auto               ;
; NOT Gate Push-Back                                                              ; On                 ; On                 ;
; Power-Up Don't Care                                                             ; On                 ; On                 ;
; Remove Redundant Logic Cells                                                    ; Off                ; Off                ;
; Remove Duplicate Registers                                                      ; On                 ; On                 ;
; Ignore CARRY Buffers                                                            ; Off                ; Off                ;
; Ignore CASCADE Buffers                                                          ; Off                ; Off                ;
; Ignore GLOBAL Buffers                                                           ; Off                ; Off                ;
; Ignore ROW GLOBAL Buffers                                                       ; Off                ; Off                ;
; Ignore LCELL Buffers                                                            ; Off                ; Off                ;
; Ignore SOFT Buffers                                                             ; On                 ; On                 ;
; Limit AHDL Integers to 32 Bits                                                  ; Off                ; Off                ;
; Optimization Technique                                                          ; Balanced           ; Balanced           ;
; Carry Chain Length                                                              ; 70                 ; 70                 ;
; Auto Carry Chains                                                               ; On                 ; On                 ;
; Auto Open-Drain Pins                                                            ; On                 ; On                 ;
; Perform WYSIWYG Primitive Resynthesis                                           ; Off                ; Off                ;
; Auto ROM Replacement                                                            ; On                 ; On                 ;
; Auto RAM Replacement                                                            ; On                 ; On                 ;
; Auto DSP Block Replacement                                                      ; On                 ; On                 ;
; Auto Shift Register Replacement                                                 ; Auto               ; Auto               ;
; Allow Shift Register Merging across Hierarchies                                 ; Auto               ; Auto               ;
; Auto Clock Enable Replacement                                                   ; On                 ; On                 ;
; Strict RAM Replacement                                                          ; Off                ; Off                ;
; Allow Synchronous Control Signals                                               ; On                 ; On                 ;
; Force Use of Synchronous Clear Signals                                          ; Off                ; Off                ;
; Auto Resource Sharing                                                           ; Off                ; Off                ;
; Allow Any RAM Size For Recognition                                              ; Off                ; Off                ;
; Allow Any ROM Size For Recognition                                              ; Off                ; Off                ;
; Allow Any Shift Register Size For Recognition                                   ; Off                ; Off                ;
; Use LogicLock Constraints during Resource Balancing                             ; On                 ; On                 ;
; Ignore translate_off and synthesis_off directives                               ; Off                ; Off                ;
; Timing-Driven Synthesis                                                         ; On                 ; On                 ;
; Report Parameter Settings                                                       ; On                 ; On                 ;
; Report Source Assignments                                                       ; On                 ; On                 ;
; Report Connectivity Checks                                                      ; On                 ; On                 ;
; Ignore Maximum Fan-Out Assignments                                              ; Off                ; Off                ;
; Synchronization Register Chain Length                                           ; 3                  ; 3                  ;
; PowerPlay Power Optimization During Synthesis                                   ; Normal compilation ; Normal compilation ;
; HDL message level                                                               ; Level2             ; Level2             ;
; Suppress Register Optimization Related Messages                                 ; Off                ; Off                ;
; Number of Removed Registers Reported in Synthesis Report                        ; 5000               ; 5000               ;
; Number of Swept Nodes Reported in Synthesis Report                              ; 5000               ; 5000               ;
; Number of Inverted Registers Reported in Synthesis Report                       ; 100                ; 100                ;
; Clock MUX Protection                                                            ; On                 ; On                 ;
; Auto Gated Clock Conversion                                                     ; Off                ; Off                ;
; Block Design Naming                                                             ; Auto               ; Auto               ;
; SDC constraint protection                                                       ; Off                ; Off                ;
; Synthesis Effort                                                                ; Auto               ; Auto               ;
; Shift Register Replacement - Allow Asynchronous Clear Signal                    ; On                 ; On                 ;
; Pre-Mapping Resynthesis Optimization                                            ; Off                ; Off                ;
; Analysis & Synthesis Message Level                                              ; Medium             ; Medium             ;
; Disable Register Merging Across Hierarchies                                     ; Auto               ; Auto               ;
; Resource Aware Inference For Block RAM                                          ; On                 ; On                 ;
; Automatic Parallel Synthesis                                                    ; On                 ; On                 ;
; Partial Reconfiguration Bitstream ID                                            ; Off                ; Off                ;
+---------------------------------------------------------------------------------+--------------------+--------------------+


+------------------------------------------+
; Parallel Compilation                     ;
+----------------------------+-------------+
; Processors                 ; Number      ;
+----------------------------+-------------+
; Number detected on machine ; 20          ;
; Maximum allowed            ; 14          ;
;                            ;             ;
; Average used               ; 1.00        ;
; Maximum used               ; 14          ;
;                            ;             ;
; Usage by Processor         ; % Time Used ;
;     Processor 1            ; 100.0%      ;
;     Processor 2            ;   0.0%      ;
;     Processor 3            ;   0.0%      ;
;     Processor 4            ;   0.0%      ;
;     Processor 5            ;   0.0%      ;
;     Processor 6            ;   0.0%      ;
;     Processor 7            ;   0.0%      ;
;     Processor 8            ;   0.0%      ;
;     Processors 9-14        ;   0.0%      ;
+----------------------------+-------------+


+-----------------------------------------------------------------------------------------------------------------------------------------------------------------------------------------------------------------------------------------------------------------------+
; Analysis & Synthesis Source Files Read                                                                                                                                                                                                                                ;
+--------------------------------------------------------------------+-----------------+----------------------------------------------+-------------------------------------------------------------------------------------------------------------------+-------------+
; File Name with User-Entered Path                                   ; Used in Netlist ; File Type                                    ; File Name with Absolute Path                                                                                      ; Library     ;
+--------------------------------------------------------------------+-----------------+----------------------------------------------+-------------------------------------------------------------------------------------------------------------------+-------------+
; RTL/AUDIO/AUDIO.bdf                                                ; yes             ; User Block Diagram/Schematic File            ; C:/Users/USER/Documents/Work/FPGA-Snake-Arcade/RTL/AUDIO/AUDIO.bdf                                                ;             ;
; RTL/AUDIO/ToneDecoder.sv                                           ; yes             ; User SystemVerilog HDL File                  ; C:/Users/USER/Documents/Work/FPGA-Snake-Arcade/RTL/AUDIO/ToneDecoder.sv                                           ;             ;
; RTL/AUDIO/SinTable.sv                                              ; yes             ; User SystemVerilog HDL File                  ; C:/Users/USER/Documents/Work/FPGA-Snake-Arcade/RTL/AUDIO/SinTable.sv                                              ;             ;
; RTL/AUDIO/prescaler.sv                                             ; yes             ; User SystemVerilog HDL File                  ; C:/Users/USER/Documents/Work/FPGA-Snake-Arcade/RTL/AUDIO/prescaler.sv                                             ;             ;
; RTL/AUDIO/Mili_sec_counter.sv                                      ; yes             ; User SystemVerilog HDL File                  ; C:/Users/USER/Documents/Work/FPGA-Snake-Arcade/RTL/AUDIO/Mili_sec_counter.sv                                      ;             ;
; RTL/AUDIO/melody_player_1.sv                                       ; yes             ; User SystemVerilog HDL File                  ; C:/Users/USER/Documents/Work/FPGA-Snake-Arcade/RTL/AUDIO/melody_player_1.sv                                       ;             ;
; RTL/AUDIO/addr_counter.sv                                          ; yes             ; User SystemVerilog HDL File                  ; C:/Users/USER/Documents/Work/FPGA-Snake-Arcade/RTL/AUDIO/addr_counter.sv                                          ;             ;
; RTL/AUDIO/sound_effect_controller.sv                               ; yes             ; User SystemVerilog HDL File                  ; C:/Users/USER/Documents/Work/FPGA-Snake-Arcade/RTL/AUDIO/sound_effect_controller.sv                               ;             ;
; RTL/VGA/TOP_VGA_DEMO.bdf                                           ; yes             ; User Block Diagram/Schematic File            ; C:/Users/USER/Documents/Work/FPGA-Snake-Arcade/RTL/VGA/TOP_VGA_DEMO.bdf                                           ;             ;
; RTL/VGA/game_controller.sv                                         ; yes             ; User SystemVerilog HDL File                  ; C:/Users/USER/Documents/Work/FPGA-Snake-Arcade/RTL/VGA/game_controller.sv                                         ;             ;
; RTL/VGA/objects_mux.sv                                             ; yes             ; User SystemVerilog HDL File                  ; C:/Users/USER/Documents/Work/FPGA-Snake-Arcade/RTL/VGA/objects_mux.sv                                             ;             ;
; RTL/VGA/VGA_Controller.sv                                          ; yes             ; User SystemVerilog HDL File                  ; C:/Users/USER/Documents/Work/FPGA-Snake-Arcade/RTL/VGA/VGA_Controller.sv                                          ;             ;
; RTL/VGA/square_object.sv                                           ; yes             ; User SystemVerilog HDL File                  ; C:/Users/USER/Documents/Work/FPGA-Snake-Arcade/RTL/VGA/square_object.sv                                           ;             ;
; RTL/VGA/Snake_Block.bdf                                            ; yes             ; User Block Diagram/Schematic File            ; C:/Users/USER/Documents/Work/FPGA-Snake-Arcade/RTL/VGA/Snake_Block.bdf                                            ;             ;
; RTL/VGA/headBitMap.sv                                              ; yes             ; User SystemVerilog HDL File                  ; C:/Users/USER/Documents/Work/FPGA-Snake-Arcade/RTL/VGA/headBitMap.sv                                              ;             ;
; RTL/VGA/snake_head.sv                                              ; yes             ; User SystemVerilog HDL File                  ; C:/Users/USER/Documents/Work/FPGA-Snake-Arcade/RTL/VGA/snake_head.sv                                              ;             ;
; RTL/VGA/snake_body.sv                                              ; yes             ; User SystemVerilog HDL File                  ; C:/Users/USER/Documents/Work/FPGA-Snake-Arcade/RTL/VGA/snake_body.sv                                              ;             ;
; RTL/VGA/speed_controller.sv                                        ; yes             ; User SystemVerilog HDL File                  ; C:/Users/USER/Documents/Work/FPGA-Snake-Arcade/RTL/VGA/speed_controller.sv                                        ;             ;
; RTL/VGA/Apple_Block.bdf                                            ; yes             ; User Block Diagram/Schematic File            ; C:/Users/USER/Documents/Work/FPGA-Snake-Arcade/RTL/VGA/Apple_Block.bdf                                            ;             ;
; RTL/VGA/AppleBitMap.sv                                             ; yes             ; User SystemVerilog HDL File                  ; C:/Users/USER/Documents/Work/FPGA-Snake-Arcade/RTL/VGA/AppleBitMap.sv                                             ;             ;
; RTL/VGA/blue_apple_controller.sv                                   ; yes             ; User SystemVerilog HDL File                  ; C:/Users/USER/Documents/Work/FPGA-Snake-Arcade/RTL/VGA/blue_apple_controller.sv                                   ;             ;
; RTL/VGA/apple_position_controller.sv                               ; yes             ; User SystemVerilog HDL File                  ; C:/Users/USER/Documents/Work/FPGA-Snake-Arcade/RTL/VGA/apple_position_controller.sv                               ;             ;
; RTL/VGA/apple_TopLeft_Calc.sv                                      ; yes             ; User SystemVerilog HDL File                  ; C:/Users/USER/Documents/Work/FPGA-Snake-Arcade/RTL/VGA/apple_TopLeft_Calc.sv                                      ;             ;
; RTL/VGA/randomCounter.sv                                           ; yes             ; User SystemVerilog HDL File                  ; C:/Users/USER/Documents/Work/FPGA-Snake-Arcade/RTL/VGA/randomCounter.sv                                           ;             ;
; RTL/VGA/appleCounter.sv                                            ; yes             ; User SystemVerilog HDL File                  ; C:/Users/USER/Documents/Work/FPGA-Snake-Arcade/RTL/VGA/appleCounter.sv                                            ;             ;
; RTL/VGA/Score_Block.bdf                                            ; yes             ; User Block Diagram/Schematic File            ; C:/Users/USER/Documents/Work/FPGA-Snake-Arcade/RTL/VGA/Score_Block.bdf                                            ;             ;
; RTL/VGA/NumbersBitMap.sv                                           ; yes             ; User SystemVerilog HDL File                  ; C:/Users/USER/Documents/Work/FPGA-Snake-Arcade/RTL/VGA/NumbersBitMap.sv                                           ;             ;
; RTL/VGA/ScoreConstants.sv                                          ; yes             ; User SystemVerilog HDL File                  ; C:/Users/USER/Documents/Work/FPGA-Snake-Arcade/RTL/VGA/ScoreConstants.sv                                          ;             ;
; RTL/VGA/highscoreComp.sv                                           ; yes             ; User SystemVerilog HDL File                  ; C:/Users/USER/Documents/Work/FPGA-Snake-Arcade/RTL/VGA/highscoreComp.sv                                           ;             ;
; RTL/VGA/back_ground_draw.sv                                        ; yes             ; User SystemVerilog HDL File                  ; C:/Users/USER/Documents/Work/FPGA-Snake-Arcade/RTL/VGA/back_ground_draw.sv                                        ;             ;
; RTL/VGA/End_Message_Display.sv                                     ; yes             ; User SystemVerilog HDL File                  ; C:/Users/USER/Documents/Work/FPGA-Snake-Arcade/RTL/VGA/End_Message_Display.sv                                     ;             ;
; RTL/KEYBOARDX/TOP_KBD.bdf                                          ; yes             ; User Block Diagram/Schematic File            ; C:/Users/USER/Documents/Work/FPGA-Snake-Arcade/RTL/KEYBOARDX/TOP_KBD.bdf                                          ;             ;
; RTL/KEYBOARDX/keyPad_decoder.sv                                    ; yes             ; User SystemVerilog HDL File                  ; C:/Users/USER/Documents/Work/FPGA-Snake-Arcade/RTL/KEYBOARDX/keyPad_decoder.sv                                    ;             ;
; RTL/Seg7/Hex_Block.bdf                                             ; yes             ; User Block Diagram/Schematic File            ; C:/Users/USER/Documents/Work/FPGA-Snake-Arcade/RTL/Seg7/Hex_Block.bdf                                             ;             ;
; RTL/Seg7/SEG7.SV                                                   ; yes             ; User SystemVerilog HDL File                  ; C:/Users/USER/Documents/Work/FPGA-Snake-Arcade/RTL/Seg7/SEG7.SV                                                   ;             ;
; RTL/Seg7/snakeLengthDigits.sv                                      ; yes             ; User SystemVerilog HDL File                  ; C:/Users/USER/Documents/Work/FPGA-Snake-Arcade/RTL/Seg7/snakeLengthDigits.sv                                      ;             ;
; audio_codec_controller.QXP                                         ; yes             ; User File                                    ; C:/Users/USER/Documents/Work/FPGA-Snake-Arcade/audio_codec_controller.QXP                                         ;             ;
; KBDINTF.qxp                                                        ; yes             ; User File                                    ; C:/Users/USER/Documents/Work/FPGA-Snake-Arcade/KBDINTF.qxp                                                        ;             ;
; CLK_31P5.v                                                         ; yes             ; User Wizard-Generated File                   ; C:/Users/USER/Documents/Work/FPGA-Snake-Arcade/CLK_31P5.v                                                         ; CLK_31P5    ;
; CLK_31P5/CLK_31P5_0002.v                                           ; yes             ; User Verilog HDL File                        ; C:/Users/USER/Documents/Work/FPGA-Snake-Arcade/CLK_31P5/CLK_31P5_0002.v                                           ; CLK_31P5    ;
; RTL/AUDIO/Audio_Block.bdf                                          ; yes             ; User Block Diagram/Schematic File            ; C:/Users/USER/Documents/Work/FPGA-Snake-Arcade/RTL/AUDIO/Audio_Block.bdf                                          ;             ;
; lpm_rom.tdf                                                        ; yes             ; Megafunction                                 ; c:/intelfpga_lite/17.0/quartus/libraries/megafunctions/lpm_rom.tdf                                                ;             ;
; altrom.inc                                                         ; yes             ; Megafunction                                 ; c:/intelfpga_lite/17.0/quartus/libraries/megafunctions/altrom.inc                                                 ;             ;
; aglobal170.inc                                                     ; yes             ; Megafunction                                 ; c:/intelfpga_lite/17.0/quartus/libraries/megafunctions/aglobal170.inc                                             ;             ;
; altrom.tdf                                                         ; yes             ; Megafunction                                 ; c:/intelfpga_lite/17.0/quartus/libraries/megafunctions/altrom.tdf                                                 ;             ;
; memmodes.inc                                                       ; yes             ; Megafunction                                 ; c:/intelfpga_lite/17.0/quartus/libraries/others/maxplus2/memmodes.inc                                             ;             ;
; lpm_decode.inc                                                     ; yes             ; Megafunction                                 ; c:/intelfpga_lite/17.0/quartus/libraries/megafunctions/lpm_decode.inc                                             ;             ;
; lpm_mux.inc                                                        ; yes             ; Megafunction                                 ; c:/intelfpga_lite/17.0/quartus/libraries/megafunctions/lpm_mux.inc                                                ;             ;
; altsyncram.inc                                                     ; yes             ; Megafunction                                 ; c:/intelfpga_lite/17.0/quartus/libraries/megafunctions/altsyncram.inc                                             ;             ;
; altsyncram.tdf                                                     ; yes             ; Megafunction                                 ; c:/intelfpga_lite/17.0/quartus/libraries/megafunctions/altsyncram.tdf                                             ;             ;
; stratix_ram_block.inc                                              ; yes             ; Megafunction                                 ; c:/intelfpga_lite/17.0/quartus/libraries/megafunctions/stratix_ram_block.inc                                      ;             ;
; a_rdenreg.inc                                                      ; yes             ; Megafunction                                 ; c:/intelfpga_lite/17.0/quartus/libraries/megafunctions/a_rdenreg.inc                                              ;             ;
; altram.inc                                                         ; yes             ; Megafunction                                 ; c:/intelfpga_lite/17.0/quartus/libraries/megafunctions/altram.inc                                                 ;             ;
; altdpram.inc                                                       ; yes             ; Megafunction                                 ; c:/intelfpga_lite/17.0/quartus/libraries/megafunctions/altdpram.inc                                               ;             ;
; db/altsyncram_pn81.tdf                                             ; yes             ; Auto-Generated Megafunction                  ; C:/Users/USER/Documents/Work/FPGA-Snake-Arcade/db/altsyncram_pn81.tdf                                             ;             ;
; RTL/mifs/top_background_8bit.mif                                   ; yes             ; Auto-Found Memory Initialization File        ; C:/Users/USER/Documents/Work/FPGA-Snake-Arcade/RTL/mifs/top_background_8bit.mif                                   ;             ;
; db/decode_51a.tdf                                                  ; yes             ; Auto-Generated Megafunction                  ; C:/Users/USER/Documents/Work/FPGA-Snake-Arcade/db/decode_51a.tdf                                                  ;             ;
; db/mux_sfb.tdf                                                     ; yes             ; Auto-Generated Megafunction                  ; C:/Users/USER/Documents/Work/FPGA-Snake-Arcade/db/mux_sfb.tdf                                                     ;             ;
; db/altsyncram_vu71.tdf                                             ; yes             ; Auto-Generated Megafunction                  ; C:/Users/USER/Documents/Work/FPGA-Snake-Arcade/db/altsyncram_vu71.tdf                                             ;             ;
; RTL/mifs/grass_tile_24.mif                                         ; yes             ; Auto-Found Memory Initialization File        ; C:/Users/USER/Documents/Work/FPGA-Snake-Arcade/RTL/mifs/grass_tile_24.mif                                         ;             ;
; db/altsyncram_8v71.tdf                                             ; yes             ; Auto-Generated Megafunction                  ; C:/Users/USER/Documents/Work/FPGA-Snake-Arcade/db/altsyncram_8v71.tdf                                             ;             ;
; RTL/mifs/stone_tile_24.mif                                         ; yes             ; Auto-Found Memory Initialization File        ; C:/Users/USER/Documents/Work/FPGA-Snake-Arcade/RTL/mifs/stone_tile_24.mif                                         ;             ;
; db/altsyncram_er71.tdf                                             ; yes             ; Auto-Generated Megafunction                  ; C:/Users/USER/Documents/Work/FPGA-Snake-Arcade/db/altsyncram_er71.tdf                                             ;             ;
; RTL/mifs/rock_tile_24.mif                                          ; yes             ; Auto-Found Memory Initialization File        ; C:/Users/USER/Documents/Work/FPGA-Snake-Arcade/RTL/mifs/rock_tile_24.mif                                          ;             ;
; db/altsyncram_ss71.tdf                                             ; yes             ; Auto-Generated Megafunction                  ; C:/Users/USER/Documents/Work/FPGA-Snake-Arcade/db/altsyncram_ss71.tdf                                             ;             ;
; RTL/mifs/wood_tile_32.mif                                          ; yes             ; Auto-Found Memory Initialization File        ; C:/Users/USER/Documents/Work/FPGA-Snake-Arcade/RTL/mifs/wood_tile_32.mif                                          ;             ;
; altera_pll.v                                                       ; yes             ; Megafunction                                 ; c:/intelfpga_lite/17.0/quartus/libraries/megafunctions/altera_pll.v                                               ;             ;
; db/altsyncram_lt71.tdf                                             ; yes             ; Auto-Generated Megafunction                  ; C:/Users/USER/Documents/Work/FPGA-Snake-Arcade/db/altsyncram_lt71.tdf                                             ;             ;
; RTL/mifs/snake_head_24.mif                                         ; yes             ; Auto-Found Memory Initialization File        ; C:/Users/USER/Documents/Work/FPGA-Snake-Arcade/RTL/mifs/snake_head_24.mif                                         ;             ;
; db/altsyncram_hu71.tdf                                             ; yes             ; Auto-Generated Megafunction                  ; C:/Users/USER/Documents/Work/FPGA-Snake-Arcade/db/altsyncram_hu71.tdf                                             ;             ;
; RTL/mifs/snake_body_24.mif                                         ; yes             ; Auto-Found Memory Initialization File        ; C:/Users/USER/Documents/Work/FPGA-Snake-Arcade/RTL/mifs/snake_body_24.mif                                         ;             ;
; db/altsyncram_uq71.tdf                                             ; yes             ; Auto-Generated Megafunction                  ; C:/Users/USER/Documents/Work/FPGA-Snake-Arcade/db/altsyncram_uq71.tdf                                             ;             ;
; RTL/mifs/red_apple_24.mif                                          ; yes             ; Auto-Found Memory Initialization File        ; C:/Users/USER/Documents/Work/FPGA-Snake-Arcade/RTL/mifs/red_apple_24.mif                                          ;             ;
; db/altsyncram_bu71.tdf                                             ; yes             ; Auto-Generated Megafunction                  ; C:/Users/USER/Documents/Work/FPGA-Snake-Arcade/db/altsyncram_bu71.tdf                                             ;             ;
; RTL/mifs/blue_apple_24.mif                                         ; yes             ; Auto-Found Memory Initialization File        ; C:/Users/USER/Documents/Work/FPGA-Snake-Arcade/RTL/mifs/blue_apple_24.mif                                         ;             ;
; db/altsyncram_0181.tdf                                             ; yes             ; Auto-Generated Megafunction                  ; C:/Users/USER/Documents/Work/FPGA-Snake-Arcade/db/altsyncram_0181.tdf                                             ;             ;
; RTL/mifs/black_apple_24.mif                                        ; yes             ; Auto-Found Memory Initialization File        ; C:/Users/USER/Documents/Work/FPGA-Snake-Arcade/RTL/mifs/black_apple_24.mif                                        ;             ;
; db/altsyncram_me81.tdf                                             ; yes             ; Auto-Generated Megafunction                  ; C:/Users/USER/Documents/Work/FPGA-Snake-Arcade/db/altsyncram_me81.tdf                                             ;             ;
; RTL/mifs/numbers_new_font.mif                                      ; yes             ; Auto-Found Memory Initialization File        ; C:/Users/USER/Documents/Work/FPGA-Snake-Arcade/RTL/mifs/numbers_new_font.mif                                      ;             ;
; db/altsyncram_ib81.tdf                                             ; yes             ; Auto-Generated Megafunction                  ; C:/Users/USER/Documents/Work/FPGA-Snake-Arcade/db/altsyncram_ib81.tdf                                             ;             ;
; RTL/mifs/end_message_win.mif                                       ; yes             ; Auto-Found Memory Initialization File        ; C:/Users/USER/Documents/Work/FPGA-Snake-Arcade/RTL/mifs/end_message_win.mif                                       ;             ;
; db/altsyncram_6f81.tdf                                             ; yes             ; Auto-Generated Megafunction                  ; C:/Users/USER/Documents/Work/FPGA-Snake-Arcade/db/altsyncram_6f81.tdf                                             ;             ;
; RTL/mifs/end_message_lost.mif                                      ; yes             ; Auto-Found Memory Initialization File        ; C:/Users/USER/Documents/Work/FPGA-Snake-Arcade/RTL/mifs/end_message_lost.mif                                      ;             ;
; db/altsyncram_se71.tdf                                             ; yes             ; Auto-Generated Megafunction                  ; C:/Users/USER/Documents/Work/FPGA-Snake-Arcade/db/altsyncram_se71.tdf                                             ;             ;
; RTL/AUDIO/songs.mif                                                ; yes             ; Auto-Found Memory Initialization File        ; C:/Users/USER/Documents/Work/FPGA-Snake-Arcade/RTL/AUDIO/songs.mif                                                ;             ;
; sld_signaltap.vhd                                                  ; yes             ; Megafunction                                 ; c:/intelfpga_lite/17.0/quartus/libraries/megafunctions/sld_signaltap.vhd                                          ;             ;
; sld_signaltap_impl.vhd                                             ; yes             ; Encrypted Megafunction                       ; c:/intelfpga_lite/17.0/quartus/libraries/megafunctions/sld_signaltap_impl.vhd                                     ;             ;
; sld_ela_control.vhd                                                ; yes             ; Encrypted Megafunction                       ; c:/intelfpga_lite/17.0/quartus/libraries/megafunctions/sld_ela_control.vhd                                        ;             ;
; lpm_shiftreg.tdf                                                   ; yes             ; Megafunction                                 ; c:/intelfpga_lite/17.0/quartus/libraries/megafunctions/lpm_shiftreg.tdf                                           ;             ;
; lpm_constant.inc                                                   ; yes             ; Megafunction                                 ; c:/intelfpga_lite/17.0/quartus/libraries/megafunctions/lpm_constant.inc                                           ;             ;
; dffeea.inc                                                         ; yes             ; Megafunction                                 ; c:/intelfpga_lite/17.0/quartus/libraries/megafunctions/dffeea.inc                                                 ;             ;
; sld_mbpmg.vhd                                                      ; yes             ; Encrypted Megafunction                       ; c:/intelfpga_lite/17.0/quartus/libraries/megafunctions/sld_mbpmg.vhd                                              ;             ;
; sld_ela_trigger_flow_mgr.vhd                                       ; yes             ; Encrypted Megafunction                       ; c:/intelfpga_lite/17.0/quartus/libraries/megafunctions/sld_ela_trigger_flow_mgr.vhd                               ;             ;
; sld_buffer_manager.vhd                                             ; yes             ; Encrypted Megafunction                       ; c:/intelfpga_lite/17.0/quartus/libraries/megafunctions/sld_buffer_manager.vhd                                     ;             ;
; db/altsyncram_ue84.tdf                                             ; yes             ; Auto-Generated Megafunction                  ; C:/Users/USER/Documents/Work/FPGA-Snake-Arcade/db/altsyncram_ue84.tdf                                             ;             ;
; altdpram.tdf                                                       ; yes             ; Megafunction                                 ; c:/intelfpga_lite/17.0/quartus/libraries/megafunctions/altdpram.tdf                                               ;             ;
; a_hdffe.inc                                                        ; yes             ; Megafunction                                 ; c:/intelfpga_lite/17.0/quartus/libraries/megafunctions/a_hdffe.inc                                                ;             ;
; alt_le_rden_reg.inc                                                ; yes             ; Megafunction                                 ; c:/intelfpga_lite/17.0/quartus/libraries/megafunctions/alt_le_rden_reg.inc                                        ;             ;
; lpm_mux.tdf                                                        ; yes             ; Megafunction                                 ; c:/intelfpga_lite/17.0/quartus/libraries/megafunctions/lpm_mux.tdf                                                ;             ;
; muxlut.inc                                                         ; yes             ; Megafunction                                 ; c:/intelfpga_lite/17.0/quartus/libraries/megafunctions/muxlut.inc                                                 ;             ;
; bypassff.inc                                                       ; yes             ; Megafunction                                 ; c:/intelfpga_lite/17.0/quartus/libraries/megafunctions/bypassff.inc                                               ;             ;
; altshift.inc                                                       ; yes             ; Megafunction                                 ; c:/intelfpga_lite/17.0/quartus/libraries/megafunctions/altshift.inc                                               ;             ;
; db/mux_hlc.tdf                                                     ; yes             ; Auto-Generated Megafunction                  ; C:/Users/USER/Documents/Work/FPGA-Snake-Arcade/db/mux_hlc.tdf                                                     ;             ;
; lpm_decode.tdf                                                     ; yes             ; Megafunction                                 ; c:/intelfpga_lite/17.0/quartus/libraries/megafunctions/lpm_decode.tdf                                             ;             ;
; declut.inc                                                         ; yes             ; Megafunction                                 ; c:/intelfpga_lite/17.0/quartus/libraries/megafunctions/declut.inc                                                 ;             ;
; lpm_compare.inc                                                    ; yes             ; Megafunction                                 ; c:/intelfpga_lite/17.0/quartus/libraries/megafunctions/lpm_compare.inc                                            ;             ;
; db/decode_vnf.tdf                                                  ; yes             ; Auto-Generated Megafunction                  ; C:/Users/USER/Documents/Work/FPGA-Snake-Arcade/db/decode_vnf.tdf                                                  ;             ;
; lpm_counter.tdf                                                    ; yes             ; Megafunction                                 ; c:/intelfpga_lite/17.0/quartus/libraries/megafunctions/lpm_counter.tdf                                            ;             ;
; lpm_add_sub.inc                                                    ; yes             ; Megafunction                                 ; c:/intelfpga_lite/17.0/quartus/libraries/megafunctions/lpm_add_sub.inc                                            ;             ;
; cmpconst.inc                                                       ; yes             ; Megafunction                                 ; c:/intelfpga_lite/17.0/quartus/libraries/megafunctions/cmpconst.inc                                               ;             ;
; lpm_counter.inc                                                    ; yes             ; Megafunction                                 ; c:/intelfpga_lite/17.0/quartus/libraries/megafunctions/lpm_counter.inc                                            ;             ;
; alt_counter_stratix.inc                                            ; yes             ; Megafunction                                 ; c:/intelfpga_lite/17.0/quartus/libraries/megafunctions/alt_counter_stratix.inc                                    ;             ;
; db/cntr_f7i.tdf                                                    ; yes             ; Auto-Generated Megafunction                  ; C:/Users/USER/Documents/Work/FPGA-Snake-Arcade/db/cntr_f7i.tdf                                                    ;             ;
; db/cmpr_b9c.tdf                                                    ; yes             ; Auto-Generated Megafunction                  ; C:/Users/USER/Documents/Work/FPGA-Snake-Arcade/db/cmpr_b9c.tdf                                                    ;             ;
; db/cntr_a2j.tdf                                                    ; yes             ; Auto-Generated Megafunction                  ; C:/Users/USER/Documents/Work/FPGA-Snake-Arcade/db/cntr_a2j.tdf                                                    ;             ;
; db/cntr_49i.tdf                                                    ; yes             ; Auto-Generated Megafunction                  ; C:/Users/USER/Documents/Work/FPGA-Snake-Arcade/db/cntr_49i.tdf                                                    ;             ;
; db/cmpr_d9c.tdf                                                    ; yes             ; Auto-Generated Megafunction                  ; C:/Users/USER/Documents/Work/FPGA-Snake-Arcade/db/cmpr_d9c.tdf                                                    ;             ;
; db/cntr_kri.tdf                                                    ; yes             ; Auto-Generated Megafunction                  ; C:/Users/USER/Documents/Work/FPGA-Snake-Arcade/db/cntr_kri.tdf                                                    ;             ;
; db/cmpr_99c.tdf                                                    ; yes             ; Auto-Generated Megafunction                  ; C:/Users/USER/Documents/Work/FPGA-Snake-Arcade/db/cmpr_99c.tdf                                                    ;             ;
; sld_rom_sr.vhd                                                     ; yes             ; Encrypted Megafunction                       ; c:/intelfpga_lite/17.0/quartus/libraries/megafunctions/sld_rom_sr.vhd                                             ;             ;
; sld_jtag_endpoint_adapter.vhd                                      ; yes             ; Encrypted Megafunction                       ; c:/intelfpga_lite/17.0/quartus/libraries/megafunctions/sld_jtag_endpoint_adapter.vhd                              ;             ;
; sld_jtag_endpoint_adapter_impl.sv                                  ; yes             ; Encrypted Megafunction                       ; c:/intelfpga_lite/17.0/quartus/libraries/megafunctions/sld_jtag_endpoint_adapter_impl.sv                          ;             ;
; sld_hub.vhd                                                        ; yes             ; Encrypted Megafunction                       ; c:/intelfpga_lite/17.0/quartus/libraries/megafunctions/sld_hub.vhd                                                ; altera_sld  ;
; db/ip/sld6dfc5e3d/alt_sld_fab.v                                    ; yes             ; Encrypted Auto-Found Verilog HDL File        ; C:/Users/USER/Documents/Work/FPGA-Snake-Arcade/db/ip/sld6dfc5e3d/alt_sld_fab.v                                    ; alt_sld_fab ;
; db/ip/sld6dfc5e3d/submodules/alt_sld_fab_alt_sld_fab.v             ; yes             ; Encrypted Auto-Found Verilog HDL File        ; C:/Users/USER/Documents/Work/FPGA-Snake-Arcade/db/ip/sld6dfc5e3d/submodules/alt_sld_fab_alt_sld_fab.v             ; alt_sld_fab ;
; db/ip/sld6dfc5e3d/submodules/alt_sld_fab_alt_sld_fab_ident.sv      ; yes             ; Auto-Found SystemVerilog HDL File            ; C:/Users/USER/Documents/Work/FPGA-Snake-Arcade/db/ip/sld6dfc5e3d/submodules/alt_sld_fab_alt_sld_fab_ident.sv      ; alt_sld_fab ;
; db/ip/sld6dfc5e3d/submodules/alt_sld_fab_alt_sld_fab_presplit.sv   ; yes             ; Encrypted Auto-Found SystemVerilog HDL File  ; C:/Users/USER/Documents/Work/FPGA-Snake-Arcade/db/ip/sld6dfc5e3d/submodules/alt_sld_fab_alt_sld_fab_presplit.sv   ; alt_sld_fab ;
; db/ip/sld6dfc5e3d/submodules/alt_sld_fab_alt_sld_fab_sldfabric.vhd ; yes             ; Encrypted Auto-Found VHDL File               ; C:/Users/USER/Documents/Work/FPGA-Snake-Arcade/db/ip/sld6dfc5e3d/submodules/alt_sld_fab_alt_sld_fab_sldfabric.vhd ; alt_sld_fab ;
; db/ip/sld6dfc5e3d/submodules/alt_sld_fab_alt_sld_fab_splitter.sv   ; yes             ; Encrypted Auto-Found SystemVerilog HDL File  ; C:/Users/USER/Documents/Work/FPGA-Snake-Arcade/db/ip/sld6dfc5e3d/submodules/alt_sld_fab_alt_sld_fab_splitter.sv   ; alt_sld_fab ;
; sld_jtag_hub.vhd                                                   ; yes             ; Encrypted Megafunction                       ; c:/intelfpga_lite/17.0/quartus/libraries/megafunctions/sld_jtag_hub.vhd                                           ;             ;
; lpm_divide.tdf                                                     ; yes             ; Megafunction                                 ; c:/intelfpga_lite/17.0/quartus/libraries/megafunctions/lpm_divide.tdf                                             ;             ;
; abs_divider.inc                                                    ; yes             ; Megafunction                                 ; c:/intelfpga_lite/17.0/quartus/libraries/megafunctions/abs_divider.inc                                            ;             ;
; sign_div_unsign.inc                                                ; yes             ; Megafunction                                 ; c:/intelfpga_lite/17.0/quartus/libraries/megafunctions/sign_div_unsign.inc                                        ;             ;
; db/lpm_divide_gbm.tdf                                              ; yes             ; Auto-Generated Megafunction                  ; C:/Users/USER/Documents/Work/FPGA-Snake-Arcade/db/lpm_divide_gbm.tdf                                              ;             ;
; db/sign_div_unsign_mlh.tdf                                         ; yes             ; Auto-Generated Megafunction                  ; C:/Users/USER/Documents/Work/FPGA-Snake-Arcade/db/sign_div_unsign_mlh.tdf                                         ;             ;
; db/alt_u_div_ive.tdf                                               ; yes             ; Auto-Generated Megafunction                  ; C:/Users/USER/Documents/Work/FPGA-Snake-Arcade/db/alt_u_div_ive.tdf                                               ;             ;
+--------------------------------------------------------------------+-----------------+----------------------------------------------+-------------------------------------------------------------------------------------------------------------------+-------------+


+---------------------------------------------------------------------------------------------------------------------------------+
; Analysis & Synthesis Resource Usage Summary                                                                                     ;
+---------------------------------------------+-----------------------------------------------------------------------------------+
; Resource                                    ; Usage                                                                             ;
+---------------------------------------------+-----------------------------------------------------------------------------------+
; Estimate of Logic utilization (ALMs needed) ; 6535                                                                              ;
;                                             ;                                                                                   ;
; Combinational ALUT usage for logic          ; 8553                                                                              ;
;     -- 7 input functions                    ; 76                                                                                ;
;     -- 6 input functions                    ; 1249                                                                              ;
;     -- 5 input functions                    ; 1893                                                                              ;
;     -- 4 input functions                    ; 640                                                                               ;
;     -- <=3 input functions                  ; 4695                                                                              ;
;                                             ;                                                                                   ;
; Dedicated logic registers                   ; 5406                                                                              ;
;                                             ;                                                                                   ;
; I/O pins                                    ; 91                                                                                ;
; Total MLAB memory bits                      ; 0                                                                                 ;
; Total block memory bits                     ; 1392128                                                                           ;
;                                             ;                                                                                   ;
; Total DSP Blocks                            ; 1                                                                                 ;
;                                             ;                                                                                   ;
; Total PLLs                                  ; 1                                                                                 ;
;     -- PLLs                                 ; 1                                                                                 ;
;                                             ;                                                                                   ;
; Maximum fan-out node                        ; CLK_31P5:inst7|CLK_31P5_0002:clk_31p5_inst|altera_pll:altera_pll_i|outclk_wire[0] ;
; Maximum fan-out                             ; 5366                                                                              ;
; Total fan-out                               ; 57764                                                                             ;
; Average fan-out                             ; 4.01                                                                              ;
+---------------------------------------------+-----------------------------------------------------------------------------------+


+----------------------------------------------------------------------------------------------------------------------------------------------------------------------------------------------------------------------------------------------------------------------------------------------------------------------------------------------------------------------------------------------------------------------------------------------------------------------------------------------------------------------------------------------------------------------------------------------------------------------------------------------------------------+
; Analysis & Synthesis Resource Utilization by Entity                                                                                                                                                                                                                                                                                                                                                                                                                                                                                                                                                                                                            ;
+-----------------------------------------------------------------------------------------------------------------------------------------+---------------------+---------------------------+-------------------+------------+------+--------------+----------------------------------------------------------------------------------------------------------------------------------------------------------------------------------------------------------------------------------------------------------------------------------------------------------------------------------------------------------+-----------------------------------+--------------+
; Compilation Hierarchy Node                                                                                                              ; Combinational ALUTs ; Dedicated Logic Registers ; Block Memory Bits ; DSP Blocks ; Pins ; Virtual Pins ; Full Hierarchy Name                                                                                                                                                                                                                                                                                                                                      ; Entity Name                       ; Library Name ;
+-----------------------------------------------------------------------------------------------------------------------------------------+---------------------+---------------------------+-------------------+------------+------+--------------+----------------------------------------------------------------------------------------------------------------------------------------------------------------------------------------------------------------------------------------------------------------------------------------------------------------------------------------------------------+-----------------------------------+--------------+
; |TOP_VGA_DEMO                                                                                                                           ; 8553 (1)            ; 5406 (0)                  ; 1392128           ; 1          ; 91   ; 0            ; |TOP_VGA_DEMO                                                                                                                                                                                                                                                                                                                                            ; TOP_VGA_DEMO                      ; work         ;
;    |Apple_Block:inst10|                                                                                                                 ; 294 (0)             ; 96 (0)                    ; 13824             ; 0          ; 0    ; 0            ; |TOP_VGA_DEMO|Apple_Block:inst10                                                                                                                                                                                                                                                                                                                         ; Apple_Block                       ; work         ;
;       |AppleBitMap:inst3|                                                                                                               ; 32 (32)             ; 0 (0)                     ; 13824             ; 0          ; 0    ; 0            ; |TOP_VGA_DEMO|Apple_Block:inst10|AppleBitMap:inst3                                                                                                                                                                                                                                                                                                       ; AppleBitMap                       ; work         ;
;          |lpm_rom:black_apple_rom|                                                                                                      ; 0 (0)               ; 0 (0)                     ; 4608              ; 0          ; 0    ; 0            ; |TOP_VGA_DEMO|Apple_Block:inst10|AppleBitMap:inst3|lpm_rom:black_apple_rom                                                                                                                                                                                                                                                                               ; lpm_rom                           ; work         ;
;             |altrom:srom|                                                                                                               ; 0 (0)               ; 0 (0)                     ; 4608              ; 0          ; 0    ; 0            ; |TOP_VGA_DEMO|Apple_Block:inst10|AppleBitMap:inst3|lpm_rom:black_apple_rom|altrom:srom                                                                                                                                                                                                                                                                   ; altrom                            ; work         ;
;                |altsyncram:rom_block|                                                                                                   ; 0 (0)               ; 0 (0)                     ; 4608              ; 0          ; 0    ; 0            ; |TOP_VGA_DEMO|Apple_Block:inst10|AppleBitMap:inst3|lpm_rom:black_apple_rom|altrom:srom|altsyncram:rom_block                                                                                                                                                                                                                                              ; altsyncram                        ; work         ;
;                   |altsyncram_0181:auto_generated|                                                                                      ; 0 (0)               ; 0 (0)                     ; 4608              ; 0          ; 0    ; 0            ; |TOP_VGA_DEMO|Apple_Block:inst10|AppleBitMap:inst3|lpm_rom:black_apple_rom|altrom:srom|altsyncram:rom_block|altsyncram_0181:auto_generated                                                                                                                                                                                                               ; altsyncram_0181                   ; work         ;
;          |lpm_rom:blue_apple_rom|                                                                                                       ; 0 (0)               ; 0 (0)                     ; 4608              ; 0          ; 0    ; 0            ; |TOP_VGA_DEMO|Apple_Block:inst10|AppleBitMap:inst3|lpm_rom:blue_apple_rom                                                                                                                                                                                                                                                                                ; lpm_rom                           ; work         ;
;             |altrom:srom|                                                                                                               ; 0 (0)               ; 0 (0)                     ; 4608              ; 0          ; 0    ; 0            ; |TOP_VGA_DEMO|Apple_Block:inst10|AppleBitMap:inst3|lpm_rom:blue_apple_rom|altrom:srom                                                                                                                                                                                                                                                                    ; altrom                            ; work         ;
;                |altsyncram:rom_block|                                                                                                   ; 0 (0)               ; 0 (0)                     ; 4608              ; 0          ; 0    ; 0            ; |TOP_VGA_DEMO|Apple_Block:inst10|AppleBitMap:inst3|lpm_rom:blue_apple_rom|altrom:srom|altsyncram:rom_block                                                                                                                                                                                                                                               ; altsyncram                        ; work         ;
;                   |altsyncram_bu71:auto_generated|                                                                                      ; 0 (0)               ; 0 (0)                     ; 4608              ; 0          ; 0    ; 0            ; |TOP_VGA_DEMO|Apple_Block:inst10|AppleBitMap:inst3|lpm_rom:blue_apple_rom|altrom:srom|altsyncram:rom_block|altsyncram_bu71:auto_generated                                                                                                                                                                                                                ; altsyncram_bu71                   ; work         ;
;          |lpm_rom:red_apple_rom|                                                                                                        ; 0 (0)               ; 0 (0)                     ; 4608              ; 0          ; 0    ; 0            ; |TOP_VGA_DEMO|Apple_Block:inst10|AppleBitMap:inst3|lpm_rom:red_apple_rom                                                                                                                                                                                                                                                                                 ; lpm_rom                           ; work         ;
;             |altrom:srom|                                                                                                               ; 0 (0)               ; 0 (0)                     ; 4608              ; 0          ; 0    ; 0            ; |TOP_VGA_DEMO|Apple_Block:inst10|AppleBitMap:inst3|lpm_rom:red_apple_rom|altrom:srom                                                                                                                                                                                                                                                                     ; altrom                            ; work         ;
;                |altsyncram:rom_block|                                                                                                   ; 0 (0)               ; 0 (0)                     ; 4608              ; 0          ; 0    ; 0            ; |TOP_VGA_DEMO|Apple_Block:inst10|AppleBitMap:inst3|lpm_rom:red_apple_rom|altrom:srom|altsyncram:rom_block                                                                                                                                                                                                                                                ; altsyncram                        ; work         ;
;                   |altsyncram_uq71:auto_generated|                                                                                      ; 0 (0)               ; 0 (0)                     ; 4608              ; 0          ; 0    ; 0            ; |TOP_VGA_DEMO|Apple_Block:inst10|AppleBitMap:inst3|lpm_rom:red_apple_rom|altrom:srom|altsyncram:rom_block|altsyncram_uq71:auto_generated                                                                                                                                                                                                                 ; altsyncram_uq71                   ; work         ;
;       |apple_position_controller:inst5|                                                                                                 ; 33 (33)             ; 0 (0)                     ; 0                 ; 0          ; 0    ; 0            ; |TOP_VGA_DEMO|Apple_Block:inst10|apple_position_controller:inst5                                                                                                                                                                                                                                                                                         ; apple_position_controller         ; work         ;
;       |apple_topleft_calc:inst1|                                                                                                        ; 40 (40)             ; 0 (0)                     ; 0                 ; 0          ; 0    ; 0            ; |TOP_VGA_DEMO|Apple_Block:inst10|apple_topleft_calc:inst1                                                                                                                                                                                                                                                                                                ; apple_topleft_calc                ; work         ;
;       |blue_apple_controller:inst8|                                                                                                     ; 6 (6)               ; 5 (5)                     ; 0                 ; 0          ; 0    ; 0            ; |TOP_VGA_DEMO|Apple_Block:inst10|blue_apple_controller:inst8                                                                                                                                                                                                                                                                                             ; blue_apple_controller             ; work         ;
;       |randomCounter:inst|                                                                                                              ; 71 (71)             ; 58 (58)                   ; 0                 ; 0          ; 0    ; 0            ; |TOP_VGA_DEMO|Apple_Block:inst10|randomCounter:inst                                                                                                                                                                                                                                                                                                      ; randomCounter                     ; work         ;
;       |square_object:inst11|                                                                                                            ; 37 (37)             ; 11 (11)                   ; 0                 ; 0          ; 0    ; 0            ; |TOP_VGA_DEMO|Apple_Block:inst10|square_object:inst11                                                                                                                                                                                                                                                                                                    ; square_object                     ; work         ;
;       |square_object:inst12|                                                                                                            ; 37 (37)             ; 11 (11)                   ; 0                 ; 0          ; 0    ; 0            ; |TOP_VGA_DEMO|Apple_Block:inst10|square_object:inst12                                                                                                                                                                                                                                                                                                    ; square_object                     ; work         ;
;       |square_object:inst13|                                                                                                            ; 38 (38)             ; 11 (11)                   ; 0                 ; 0          ; 0    ; 0            ; |TOP_VGA_DEMO|Apple_Block:inst10|square_object:inst13                                                                                                                                                                                                                                                                                                    ; square_object                     ; work         ;
;    |Audio_Block:inst6|                                                                                                                  ; 340 (0)             ; 197 (0)                   ; 32768             ; 0          ; 0    ; 0            ; |TOP_VGA_DEMO|Audio_Block:inst6                                                                                                                                                                                                                                                                                                                          ; Audio_Block                       ; work         ;
;       |AUDIO:inst|                                                                                                                      ; 334 (0)             ; 193 (0)                   ; 32768             ; 0          ; 0    ; 0            ; |TOP_VGA_DEMO|Audio_Block:inst6|AUDIO:inst                                                                                                                                                                                                                                                                                                               ; AUDIO                             ; work         ;
;          |ToneDecoder:inst4|                                                                                                            ; 12 (12)             ; 0 (0)                     ; 0                 ; 0          ; 0    ; 0            ; |TOP_VGA_DEMO|Audio_Block:inst6|AUDIO:inst|ToneDecoder:inst4                                                                                                                                                                                                                                                                                             ; ToneDecoder                       ; work         ;
;          |addr_counter:inst9|                                                                                                           ; 11 (11)             ; 8 (8)                     ; 0                 ; 0          ; 0    ; 0            ; |TOP_VGA_DEMO|Audio_Block:inst6|AUDIO:inst|addr_counter:inst9                                                                                                                                                                                                                                                                                            ; addr_counter                      ; work         ;
;          |audio_codec_controller:inst|                                                                                                  ; 123 (0)             ; 90 (0)                    ; 0                 ; 0          ; 0    ; 0            ; |TOP_VGA_DEMO|Audio_Block:inst6|AUDIO:inst|audio_codec_controller:inst                                                                                                                                                                                                                                                                                   ; audio_codec_controller            ; work         ;
;             |CLOCK_500:CLOCK_500_inst|                                                                                                  ; 31 (31)             ; 19 (19)                   ; 0                 ; 0          ; 0    ; 0            ; |TOP_VGA_DEMO|Audio_Block:inst6|AUDIO:inst|audio_codec_controller:inst|CLOCK_500:CLOCK_500_inst                                                                                                                                                                                                                                                          ; CLOCK_500                         ; work         ;
;             |DualSerial2parallel:DualSerial2parallel_inst|                                                                              ; 61 (61)             ; 51 (51)                   ; 0                 ; 0          ; 0    ; 0            ; |TOP_VGA_DEMO|Audio_Block:inst6|AUDIO:inst|audio_codec_controller:inst|DualSerial2parallel:DualSerial2parallel_inst                                                                                                                                                                                                                                      ; DualSerial2parallel               ; work         ;
;             |i2c:i2c_inst|                                                                                                              ; 31 (31)             ; 20 (20)                   ; 0                 ; 0          ; 0    ; 0            ; |TOP_VGA_DEMO|Audio_Block:inst6|AUDIO:inst|audio_codec_controller:inst|i2c:i2c_inst                                                                                                                                                                                                                                                                      ; i2c                               ; work         ;
;          |melody_player_1:inst5|                                                                                                        ; 92 (52)             ; 51 (18)                   ; 32768             ; 0          ; 0    ; 0            ; |TOP_VGA_DEMO|Audio_Block:inst6|AUDIO:inst|melody_player_1:inst5                                                                                                                                                                                                                                                                                         ; melody_player_1                   ; work         ;
;             |Mili_sec_counter:mili_sec_counter_inst|                                                                                    ; 40 (40)             ; 33 (33)                   ; 0                 ; 0          ; 0    ; 0            ; |TOP_VGA_DEMO|Audio_Block:inst6|AUDIO:inst|melody_player_1:inst5|Mili_sec_counter:mili_sec_counter_inst                                                                                                                                                                                                                                                  ; Mili_sec_counter                  ; work         ;
;             |lpm_rom:rom_inst|                                                                                                          ; 0 (0)               ; 0 (0)                     ; 32768             ; 0          ; 0    ; 0            ; |TOP_VGA_DEMO|Audio_Block:inst6|AUDIO:inst|melody_player_1:inst5|lpm_rom:rom_inst                                                                                                                                                                                                                                                                        ; lpm_rom                           ; work         ;
;                |altrom:srom|                                                                                                            ; 0 (0)               ; 0 (0)                     ; 32768             ; 0          ; 0    ; 0            ; |TOP_VGA_DEMO|Audio_Block:inst6|AUDIO:inst|melody_player_1:inst5|lpm_rom:rom_inst|altrom:srom                                                                                                                                                                                                                                                            ; altrom                            ; work         ;
;                   |altsyncram:rom_block|                                                                                                ; 0 (0)               ; 0 (0)                     ; 32768             ; 0          ; 0    ; 0            ; |TOP_VGA_DEMO|Audio_Block:inst6|AUDIO:inst|melody_player_1:inst5|lpm_rom:rom_inst|altrom:srom|altsyncram:rom_block                                                                                                                                                                                                                                       ; altsyncram                        ; work         ;
;                      |altsyncram_se71:auto_generated|                                                                                   ; 0 (0)               ; 0 (0)                     ; 32768             ; 0          ; 0    ; 0            ; |TOP_VGA_DEMO|Audio_Block:inst6|AUDIO:inst|melody_player_1:inst5|lpm_rom:rom_inst|altrom:srom|altsyncram:rom_block|altsyncram_se71:auto_generated                                                                                                                                                                                                        ; altsyncram_se71                   ; work         ;
;          |prescaler:inst3|                                                                                                              ; 44 (44)             ; 33 (33)                   ; 0                 ; 0          ; 0    ; 0            ; |TOP_VGA_DEMO|Audio_Block:inst6|AUDIO:inst|prescaler:inst3                                                                                                                                                                                                                                                                                               ; prescaler                         ; work         ;
;          |sintable:inst1|                                                                                                               ; 52 (52)             ; 11 (11)                   ; 0                 ; 0          ; 0    ; 0            ; |TOP_VGA_DEMO|Audio_Block:inst6|AUDIO:inst|sintable:inst1                                                                                                                                                                                                                                                                                                ; sintable                          ; work         ;
;       |sound_effect_controller:inst1|                                                                                                   ; 6 (6)               ; 4 (4)                     ; 0                 ; 0          ; 0    ; 0            ; |TOP_VGA_DEMO|Audio_Block:inst6|sound_effect_controller:inst1                                                                                                                                                                                                                                                                                            ; sound_effect_controller           ; work         ;
;    |CLK_31P5:inst7|                                                                                                                     ; 0 (0)               ; 0 (0)                     ; 0                 ; 0          ; 0    ; 0            ; |TOP_VGA_DEMO|CLK_31P5:inst7                                                                                                                                                                                                                                                                                                                             ; CLK_31P5                          ; CLK_31P5     ;
;       |CLK_31P5_0002:clk_31p5_inst|                                                                                                     ; 0 (0)               ; 0 (0)                     ; 0                 ; 0          ; 0    ; 0            ; |TOP_VGA_DEMO|CLK_31P5:inst7|CLK_31P5_0002:clk_31p5_inst                                                                                                                                                                                                                                                                                                 ; CLK_31P5_0002                     ; CLK_31P5     ;
;          |altera_pll:altera_pll_i|                                                                                                      ; 0 (0)               ; 0 (0)                     ; 0                 ; 0          ; 0    ; 0            ; |TOP_VGA_DEMO|CLK_31P5:inst7|CLK_31P5_0002:clk_31p5_inst|altera_pll:altera_pll_i                                                                                                                                                                                                                                                                         ; altera_pll                        ; work         ;
;    |Hex_Block:inst5|                                                                                                                    ; 14 (0)              ; 0 (0)                     ; 0                 ; 0          ; 0    ; 0            ; |TOP_VGA_DEMO|Hex_Block:inst5                                                                                                                                                                                                                                                                                                                            ; Hex_Block                         ; work         ;
;       |SEG7:inst34|                                                                                                                     ; 7 (7)               ; 0 (0)                     ; 0                 ; 0          ; 0    ; 0            ; |TOP_VGA_DEMO|Hex_Block:inst5|SEG7:inst34                                                                                                                                                                                                                                                                                                                ; SEG7                              ; work         ;
;       |SEG7:inst35|                                                                                                                     ; 3 (3)               ; 0 (0)                     ; 0                 ; 0          ; 0    ; 0            ; |TOP_VGA_DEMO|Hex_Block:inst5|SEG7:inst35                                                                                                                                                                                                                                                                                                                ; SEG7                              ; work         ;
;       |snakeLengthDigits:inst1|                                                                                                         ; 4 (4)               ; 0 (0)                     ; 0                 ; 0          ; 0    ; 0            ; |TOP_VGA_DEMO|Hex_Block:inst5|snakeLengthDigits:inst1                                                                                                                                                                                                                                                                                                    ; snakeLengthDigits                 ; work         ;
;    |Score_Block:inst11|                                                                                                                 ; 60 (0)              ; 38 (0)                    ; 8192              ; 0          ; 0    ; 0            ; |TOP_VGA_DEMO|Score_Block:inst11                                                                                                                                                                                                                                                                                                                         ; Score_Block                       ; work         ;
;       |NumbersBitMap:inst500|                                                                                                           ; 19 (19)             ; 0 (0)                     ; 8192              ; 0          ; 0    ; 0            ; |TOP_VGA_DEMO|Score_Block:inst11|NumbersBitMap:inst500                                                                                                                                                                                                                                                                                                   ; NumbersBitMap                     ; work         ;
;          |lpm_rom:rom_inst|                                                                                                             ; 0 (0)               ; 0 (0)                     ; 8192              ; 0          ; 0    ; 0            ; |TOP_VGA_DEMO|Score_Block:inst11|NumbersBitMap:inst500|lpm_rom:rom_inst                                                                                                                                                                                                                                                                                  ; lpm_rom                           ; work         ;
;             |altrom:srom|                                                                                                               ; 0 (0)               ; 0 (0)                     ; 8192              ; 0          ; 0    ; 0            ; |TOP_VGA_DEMO|Score_Block:inst11|NumbersBitMap:inst500|lpm_rom:rom_inst|altrom:srom                                                                                                                                                                                                                                                                      ; altrom                            ; work         ;
;                |altsyncram:rom_block|                                                                                                   ; 0 (0)               ; 0 (0)                     ; 8192              ; 0          ; 0    ; 0            ; |TOP_VGA_DEMO|Score_Block:inst11|NumbersBitMap:inst500|lpm_rom:rom_inst|altrom:srom|altsyncram:rom_block                                                                                                                                                                                                                                                 ; altsyncram                        ; work         ;
;                   |altsyncram_me81:auto_generated|                                                                                      ; 0 (0)               ; 0 (0)                     ; 8192              ; 0          ; 0    ; 0            ; |TOP_VGA_DEMO|Score_Block:inst11|NumbersBitMap:inst500|lpm_rom:rom_inst|altrom:srom|altsyncram:rom_block|altsyncram_me81:auto_generated                                                                                                                                                                                                                  ; altsyncram_me81                   ; work         ;
;       |appleCounter:inst133|                                                                                                            ; 25 (25)             ; 8 (8)                     ; 0                 ; 0          ; 0    ; 0            ; |TOP_VGA_DEMO|Score_Block:inst11|appleCounter:inst133                                                                                                                                                                                                                                                                                                    ; appleCounter                      ; work         ;
;       |highscoreComp:inst1|                                                                                                             ; 4 (4)               ; 8 (8)                     ; 0                 ; 0          ; 0    ; 0            ; |TOP_VGA_DEMO|Score_Block:inst11|highscoreComp:inst1                                                                                                                                                                                                                                                                                                     ; highscoreComp                     ; work         ;
;       |square_object:inst42|                                                                                                            ; 1 (1)               ; 11 (11)                   ; 0                 ; 0          ; 0    ; 0            ; |TOP_VGA_DEMO|Score_Block:inst11|square_object:inst42                                                                                                                                                                                                                                                                                                    ; square_object                     ; work         ;
;       |square_object:inst4|                                                                                                             ; 11 (11)             ; 11 (11)                   ; 0                 ; 0          ; 0    ; 0            ; |TOP_VGA_DEMO|Score_Block:inst11|square_object:inst4                                                                                                                                                                                                                                                                                                     ; square_object                     ; work         ;
;    |Snake_Block:inst13|                                                                                                                 ; 6878 (0)            ; 4448 (0)                  ; 9216              ; 0          ; 0    ; 0            ; |TOP_VGA_DEMO|Snake_Block:inst13                                                                                                                                                                                                                                                                                                                         ; Snake_Block                       ; work         ;
;       |headBitMap:inst5|                                                                                                                ; 31 (31)             ; 9 (9)                     ; 4608              ; 0          ; 0    ; 0            ; |TOP_VGA_DEMO|Snake_Block:inst13|headBitMap:inst5                                                                                                                                                                                                                                                                                                        ; headBitMap                        ; work         ;
;          |lpm_rom:rom_inst|                                                                                                             ; 0 (0)               ; 0 (0)                     ; 4608              ; 0          ; 0    ; 0            ; |TOP_VGA_DEMO|Snake_Block:inst13|headBitMap:inst5|lpm_rom:rom_inst                                                                                                                                                                                                                                                                                       ; lpm_rom                           ; work         ;
;             |altrom:srom|                                                                                                               ; 0 (0)               ; 0 (0)                     ; 4608              ; 0          ; 0    ; 0            ; |TOP_VGA_DEMO|Snake_Block:inst13|headBitMap:inst5|lpm_rom:rom_inst|altrom:srom                                                                                                                                                                                                                                                                           ; altrom                            ; work         ;
;                |altsyncram:rom_block|                                                                                                   ; 0 (0)               ; 0 (0)                     ; 4608              ; 0          ; 0    ; 0            ; |TOP_VGA_DEMO|Snake_Block:inst13|headBitMap:inst5|lpm_rom:rom_inst|altrom:srom|altsyncram:rom_block                                                                                                                                                                                                                                                      ; altsyncram                        ; work         ;
;                   |altsyncram_lt71:auto_generated|                                                                                      ; 0 (0)               ; 0 (0)                     ; 4608              ; 0          ; 0    ; 0            ; |TOP_VGA_DEMO|Snake_Block:inst13|headBitMap:inst5|lpm_rom:rom_inst|altrom:srom|altsyncram:rom_block|altsyncram_lt71:auto_generated                                                                                                                                                                                                                       ; altsyncram_lt71                   ; work         ;
;       |snake_body:inst6|                                                                                                                ; 6010 (6010)         ; 4252 (4252)               ; 4608              ; 0          ; 0    ; 0            ; |TOP_VGA_DEMO|Snake_Block:inst13|snake_body:inst6                                                                                                                                                                                                                                                                                                        ; snake_body                        ; work         ;
;          |lpm_rom:rom_inst|                                                                                                             ; 0 (0)               ; 0 (0)                     ; 4608              ; 0          ; 0    ; 0            ; |TOP_VGA_DEMO|Snake_Block:inst13|snake_body:inst6|lpm_rom:rom_inst                                                                                                                                                                                                                                                                                       ; lpm_rom                           ; work         ;
;             |altrom:srom|                                                                                                               ; 0 (0)               ; 0 (0)                     ; 4608              ; 0          ; 0    ; 0            ; |TOP_VGA_DEMO|Snake_Block:inst13|snake_body:inst6|lpm_rom:rom_inst|altrom:srom                                                                                                                                                                                                                                                                           ; altrom                            ; work         ;
;                |altsyncram:rom_block|                                                                                                   ; 0 (0)               ; 0 (0)                     ; 4608              ; 0          ; 0    ; 0            ; |TOP_VGA_DEMO|Snake_Block:inst13|snake_body:inst6|lpm_rom:rom_inst|altrom:srom|altsyncram:rom_block                                                                                                                                                                                                                                                      ; altsyncram                        ; work         ;
;                   |altsyncram_hu71:auto_generated|                                                                                      ; 0 (0)               ; 0 (0)                     ; 4608              ; 0          ; 0    ; 0            ; |TOP_VGA_DEMO|Snake_Block:inst13|snake_body:inst6|lpm_rom:rom_inst|altrom:srom|altsyncram:rom_block|altsyncram_hu71:auto_generated                                                                                                                                                                                                                       ; altsyncram_hu71                   ; work         ;
;       |snake_head:inst3|                                                                                                                ; 733 (733)           ; 165 (165)                 ; 0                 ; 0          ; 0    ; 0            ; |TOP_VGA_DEMO|Snake_Block:inst13|snake_head:inst3                                                                                                                                                                                                                                                                                                        ; snake_head                        ; work         ;
;       |speed_controller:inst|                                                                                                           ; 58 (58)             ; 11 (11)                   ; 0                 ; 0          ; 0    ; 0            ; |TOP_VGA_DEMO|Snake_Block:inst13|speed_controller:inst                                                                                                                                                                                                                                                                                                   ; speed_controller                  ; work         ;
;       |square_object:inst4|                                                                                                             ; 46 (46)             ; 11 (11)                   ; 0                 ; 0          ; 0    ; 0            ; |TOP_VGA_DEMO|Snake_Block:inst13|square_object:inst4                                                                                                                                                                                                                                                                                                     ; square_object                     ; work         ;
;    |TOP_KBD:inst16|                                                                                                                     ; 53 (0)              ; 58 (0)                    ; 0                 ; 0          ; 0    ; 0            ; |TOP_VGA_DEMO|TOP_KBD:inst16                                                                                                                                                                                                                                                                                                                             ; TOP_KBD                           ; work         ;
;       |KBDINTF:inst|                                                                                                                    ; 40 (0)              ; 52 (0)                    ; 0                 ; 0          ; 0    ; 0            ; |TOP_VGA_DEMO|TOP_KBD:inst16|KBDINTF:inst                                                                                                                                                                                                                                                                                                                ; KBDINTF                           ; work         ;
;          |bitrec:inst4|                                                                                                                 ; 16 (16)             ; 28 (28)                   ; 0                 ; 0          ; 0    ; 0            ; |TOP_VGA_DEMO|TOP_KBD:inst16|KBDINTF:inst|bitrec:inst4                                                                                                                                                                                                                                                                                                   ; bitrec                            ; work         ;
;          |byterec:inst3|                                                                                                                ; 19 (19)             ; 19 (19)                   ; 0                 ; 0          ; 0    ; 0            ; |TOP_VGA_DEMO|TOP_KBD:inst16|KBDINTF:inst|byterec:inst3                                                                                                                                                                                                                                                                                                  ; byterec                           ; work         ;
;          |lpf:inst5|                                                                                                                    ; 5 (5)               ; 5 (5)                     ; 0                 ; 0          ; 0    ; 0            ; |TOP_VGA_DEMO|TOP_KBD:inst16|KBDINTF:inst|lpf:inst5                                                                                                                                                                                                                                                                                                      ; lpf                               ; work         ;
;       |keyPad_decoder:inst2|                                                                                                            ; 13 (13)             ; 6 (6)                     ; 0                 ; 0          ; 0    ; 0            ; |TOP_VGA_DEMO|TOP_KBD:inst16|keyPad_decoder:inst2                                                                                                                                                                                                                                                                                                        ; keyPad_decoder                    ; work         ;
;    |VGA_Controller:inst|                                                                                                                ; 73 (73)             ; 26 (26)                   ; 0                 ; 0          ; 0    ; 0            ; |TOP_VGA_DEMO|VGA_Controller:inst                                                                                                                                                                                                                                                                                                                        ; VGA_Controller                    ; work         ;
;    |back_ground_draw:inst4|                                                                                                             ; 349 (170)           ; 3 (0)                     ; 472576            ; 0          ; 0    ; 0            ; |TOP_VGA_DEMO|back_ground_draw:inst4                                                                                                                                                                                                                                                                                                                     ; back_ground_draw                  ; work         ;
;       |lpm_divide:Div0|                                                                                                                 ; 86 (0)              ; 0 (0)                     ; 0                 ; 0          ; 0    ; 0            ; |TOP_VGA_DEMO|back_ground_draw:inst4|lpm_divide:Div0                                                                                                                                                                                                                                                                                                     ; lpm_divide                        ; work         ;
;          |lpm_divide_gbm:auto_generated|                                                                                                ; 86 (0)              ; 0 (0)                     ; 0                 ; 0          ; 0    ; 0            ; |TOP_VGA_DEMO|back_ground_draw:inst4|lpm_divide:Div0|lpm_divide_gbm:auto_generated                                                                                                                                                                                                                                                                       ; lpm_divide_gbm                    ; work         ;
;             |sign_div_unsign_mlh:divider|                                                                                               ; 86 (0)              ; 0 (0)                     ; 0                 ; 0          ; 0    ; 0            ; |TOP_VGA_DEMO|back_ground_draw:inst4|lpm_divide:Div0|lpm_divide_gbm:auto_generated|sign_div_unsign_mlh:divider                                                                                                                                                                                                                                           ; sign_div_unsign_mlh               ; work         ;
;                |alt_u_div_ive:divider|                                                                                                  ; 86 (86)             ; 0 (0)                     ; 0                 ; 0          ; 0    ; 0            ; |TOP_VGA_DEMO|back_ground_draw:inst4|lpm_divide:Div0|lpm_divide_gbm:auto_generated|sign_div_unsign_mlh:divider|alt_u_div_ive:divider                                                                                                                                                                                                                     ; alt_u_div_ive                     ; work         ;
;       |lpm_divide:Div1|                                                                                                                 ; 86 (0)              ; 0 (0)                     ; 0                 ; 0          ; 0    ; 0            ; |TOP_VGA_DEMO|back_ground_draw:inst4|lpm_divide:Div1                                                                                                                                                                                                                                                                                                     ; lpm_divide                        ; work         ;
;          |lpm_divide_gbm:auto_generated|                                                                                                ; 86 (0)              ; 0 (0)                     ; 0                 ; 0          ; 0    ; 0            ; |TOP_VGA_DEMO|back_ground_draw:inst4|lpm_divide:Div1|lpm_divide_gbm:auto_generated                                                                                                                                                                                                                                                                       ; lpm_divide_gbm                    ; work         ;
;             |sign_div_unsign_mlh:divider|                                                                                               ; 86 (0)              ; 0 (0)                     ; 0                 ; 0          ; 0    ; 0            ; |TOP_VGA_DEMO|back_ground_draw:inst4|lpm_divide:Div1|lpm_divide_gbm:auto_generated|sign_div_unsign_mlh:divider                                                                                                                                                                                                                                           ; sign_div_unsign_mlh               ; work         ;
;                |alt_u_div_ive:divider|                                                                                                  ; 86 (86)             ; 0 (0)                     ; 0                 ; 0          ; 0    ; 0            ; |TOP_VGA_DEMO|back_ground_draw:inst4|lpm_divide:Div1|lpm_divide_gbm:auto_generated|sign_div_unsign_mlh:divider|alt_u_div_ive:divider                                                                                                                                                                                                                     ; alt_u_div_ive                     ; work         ;
;       |lpm_rom:grass_tile_rom|                                                                                                          ; 0 (0)               ; 0 (0)                     ; 4608              ; 0          ; 0    ; 0            ; |TOP_VGA_DEMO|back_ground_draw:inst4|lpm_rom:grass_tile_rom                                                                                                                                                                                                                                                                                              ; lpm_rom                           ; work         ;
;          |altrom:srom|                                                                                                                  ; 0 (0)               ; 0 (0)                     ; 4608              ; 0          ; 0    ; 0            ; |TOP_VGA_DEMO|back_ground_draw:inst4|lpm_rom:grass_tile_rom|altrom:srom                                                                                                                                                                                                                                                                                  ; altrom                            ; work         ;
;             |altsyncram:rom_block|                                                                                                      ; 0 (0)               ; 0 (0)                     ; 4608              ; 0          ; 0    ; 0            ; |TOP_VGA_DEMO|back_ground_draw:inst4|lpm_rom:grass_tile_rom|altrom:srom|altsyncram:rom_block                                                                                                                                                                                                                                                             ; altsyncram                        ; work         ;
;                |altsyncram_vu71:auto_generated|                                                                                         ; 0 (0)               ; 0 (0)                     ; 4608              ; 0          ; 0    ; 0            ; |TOP_VGA_DEMO|back_ground_draw:inst4|lpm_rom:grass_tile_rom|altrom:srom|altsyncram:rom_block|altsyncram_vu71:auto_generated                                                                                                                                                                                                                              ; altsyncram_vu71                   ; work         ;
;       |lpm_rom:rock_tile_rom|                                                                                                           ; 0 (0)               ; 0 (0)                     ; 4608              ; 0          ; 0    ; 0            ; |TOP_VGA_DEMO|back_ground_draw:inst4|lpm_rom:rock_tile_rom                                                                                                                                                                                                                                                                                               ; lpm_rom                           ; work         ;
;          |altrom:srom|                                                                                                                  ; 0 (0)               ; 0 (0)                     ; 4608              ; 0          ; 0    ; 0            ; |TOP_VGA_DEMO|back_ground_draw:inst4|lpm_rom:rock_tile_rom|altrom:srom                                                                                                                                                                                                                                                                                   ; altrom                            ; work         ;
;             |altsyncram:rom_block|                                                                                                      ; 0 (0)               ; 0 (0)                     ; 4608              ; 0          ; 0    ; 0            ; |TOP_VGA_DEMO|back_ground_draw:inst4|lpm_rom:rock_tile_rom|altrom:srom|altsyncram:rom_block                                                                                                                                                                                                                                                              ; altsyncram                        ; work         ;
;                |altsyncram_er71:auto_generated|                                                                                         ; 0 (0)               ; 0 (0)                     ; 4608              ; 0          ; 0    ; 0            ; |TOP_VGA_DEMO|back_ground_draw:inst4|lpm_rom:rock_tile_rom|altrom:srom|altsyncram:rom_block|altsyncram_er71:auto_generated                                                                                                                                                                                                                               ; altsyncram_er71                   ; work         ;
;       |lpm_rom:stone_tile_rom|                                                                                                          ; 0 (0)               ; 0 (0)                     ; 4608              ; 0          ; 0    ; 0            ; |TOP_VGA_DEMO|back_ground_draw:inst4|lpm_rom:stone_tile_rom                                                                                                                                                                                                                                                                                              ; lpm_rom                           ; work         ;
;          |altrom:srom|                                                                                                                  ; 0 (0)               ; 0 (0)                     ; 4608              ; 0          ; 0    ; 0            ; |TOP_VGA_DEMO|back_ground_draw:inst4|lpm_rom:stone_tile_rom|altrom:srom                                                                                                                                                                                                                                                                                  ; altrom                            ; work         ;
;             |altsyncram:rom_block|                                                                                                      ; 0 (0)               ; 0 (0)                     ; 4608              ; 0          ; 0    ; 0            ; |TOP_VGA_DEMO|back_ground_draw:inst4|lpm_rom:stone_tile_rom|altrom:srom|altsyncram:rom_block                                                                                                                                                                                                                                                             ; altsyncram                        ; work         ;
;                |altsyncram_8v71:auto_generated|                                                                                         ; 0 (0)               ; 0 (0)                     ; 4608              ; 0          ; 0    ; 0            ; |TOP_VGA_DEMO|back_ground_draw:inst4|lpm_rom:stone_tile_rom|altrom:srom|altsyncram:rom_block|altsyncram_8v71:auto_generated                                                                                                                                                                                                                              ; altsyncram_8v71                   ; work         ;
;       |lpm_rom:top_background_rom|                                                                                                      ; 7 (0)               ; 3 (0)                     ; 450560            ; 0          ; 0    ; 0            ; |TOP_VGA_DEMO|back_ground_draw:inst4|lpm_rom:top_background_rom                                                                                                                                                                                                                                                                                          ; lpm_rom                           ; work         ;
;          |altrom:srom|                                                                                                                  ; 7 (0)               ; 3 (0)                     ; 450560            ; 0          ; 0    ; 0            ; |TOP_VGA_DEMO|back_ground_draw:inst4|lpm_rom:top_background_rom|altrom:srom                                                                                                                                                                                                                                                                              ; altrom                            ; work         ;
;             |altsyncram:rom_block|                                                                                                      ; 7 (0)               ; 3 (0)                     ; 450560            ; 0          ; 0    ; 0            ; |TOP_VGA_DEMO|back_ground_draw:inst4|lpm_rom:top_background_rom|altrom:srom|altsyncram:rom_block                                                                                                                                                                                                                                                         ; altsyncram                        ; work         ;
;                |altsyncram_pn81:auto_generated|                                                                                         ; 7 (0)               ; 3 (3)                     ; 450560            ; 0          ; 0    ; 0            ; |TOP_VGA_DEMO|back_ground_draw:inst4|lpm_rom:top_background_rom|altrom:srom|altsyncram:rom_block|altsyncram_pn81:auto_generated                                                                                                                                                                                                                          ; altsyncram_pn81                   ; work         ;
;                   |decode_51a:rden_decode|                                                                                              ; 7 (7)               ; 0 (0)                     ; 0                 ; 0          ; 0    ; 0            ; |TOP_VGA_DEMO|back_ground_draw:inst4|lpm_rom:top_background_rom|altrom:srom|altsyncram:rom_block|altsyncram_pn81:auto_generated|decode_51a:rden_decode                                                                                                                                                                                                   ; decode_51a                        ; work         ;
;       |lpm_rom:wood_tile_rom|                                                                                                           ; 0 (0)               ; 0 (0)                     ; 8192              ; 0          ; 0    ; 0            ; |TOP_VGA_DEMO|back_ground_draw:inst4|lpm_rom:wood_tile_rom                                                                                                                                                                                                                                                                                               ; lpm_rom                           ; work         ;
;          |altrom:srom|                                                                                                                  ; 0 (0)               ; 0 (0)                     ; 8192              ; 0          ; 0    ; 0            ; |TOP_VGA_DEMO|back_ground_draw:inst4|lpm_rom:wood_tile_rom|altrom:srom                                                                                                                                                                                                                                                                                   ; altrom                            ; work         ;
;             |altsyncram:rom_block|                                                                                                      ; 0 (0)               ; 0 (0)                     ; 8192              ; 0          ; 0    ; 0            ; |TOP_VGA_DEMO|back_ground_draw:inst4|lpm_rom:wood_tile_rom|altrom:srom|altsyncram:rom_block                                                                                                                                                                                                                                                              ; altsyncram                        ; work         ;
;                |altsyncram_ss71:auto_generated|                                                                                         ; 0 (0)               ; 0 (0)                     ; 8192              ; 0          ; 0    ; 0            ; |TOP_VGA_DEMO|back_ground_draw:inst4|lpm_rom:wood_tile_rom|altrom:srom|altsyncram:rom_block|altsyncram_ss71:auto_generated                                                                                                                                                                                                                               ; altsyncram_ss71                   ; work         ;
;    |end_message_display:inst17|                                                                                                         ; 49 (42)             ; 5 (2)                     ; 806400            ; 1          ; 0    ; 0            ; |TOP_VGA_DEMO|end_message_display:inst17                                                                                                                                                                                                                                                                                                                 ; end_message_display               ; work         ;
;       |lpm_rom:lost_rom_inst|                                                                                                           ; 7 (0)               ; 3 (0)                     ; 403200            ; 0          ; 0    ; 0            ; |TOP_VGA_DEMO|end_message_display:inst17|lpm_rom:lost_rom_inst                                                                                                                                                                                                                                                                                           ; lpm_rom                           ; work         ;
;          |altrom:srom|                                                                                                                  ; 7 (0)               ; 3 (0)                     ; 403200            ; 0          ; 0    ; 0            ; |TOP_VGA_DEMO|end_message_display:inst17|lpm_rom:lost_rom_inst|altrom:srom                                                                                                                                                                                                                                                                               ; altrom                            ; work         ;
;             |altsyncram:rom_block|                                                                                                      ; 7 (0)               ; 3 (0)                     ; 403200            ; 0          ; 0    ; 0            ; |TOP_VGA_DEMO|end_message_display:inst17|lpm_rom:lost_rom_inst|altrom:srom|altsyncram:rom_block                                                                                                                                                                                                                                                          ; altsyncram                        ; work         ;
;                |altsyncram_6f81:auto_generated|                                                                                         ; 7 (0)               ; 3 (3)                     ; 403200            ; 0          ; 0    ; 0            ; |TOP_VGA_DEMO|end_message_display:inst17|lpm_rom:lost_rom_inst|altrom:srom|altsyncram:rom_block|altsyncram_6f81:auto_generated                                                                                                                                                                                                                           ; altsyncram_6f81                   ; work         ;
;                   |decode_51a:rden_decode|                                                                                              ; 7 (7)               ; 0 (0)                     ; 0                 ; 0          ; 0    ; 0            ; |TOP_VGA_DEMO|end_message_display:inst17|lpm_rom:lost_rom_inst|altrom:srom|altsyncram:rom_block|altsyncram_6f81:auto_generated|decode_51a:rden_decode                                                                                                                                                                                                    ; decode_51a                        ; work         ;
;       |lpm_rom:win_rom_inst|                                                                                                            ; 0 (0)               ; 0 (0)                     ; 403200            ; 0          ; 0    ; 0            ; |TOP_VGA_DEMO|end_message_display:inst17|lpm_rom:win_rom_inst                                                                                                                                                                                                                                                                                            ; lpm_rom                           ; work         ;
;          |altrom:srom|                                                                                                                  ; 0 (0)               ; 0 (0)                     ; 403200            ; 0          ; 0    ; 0            ; |TOP_VGA_DEMO|end_message_display:inst17|lpm_rom:win_rom_inst|altrom:srom                                                                                                                                                                                                                                                                                ; altrom                            ; work         ;
;             |altsyncram:rom_block|                                                                                                      ; 0 (0)               ; 0 (0)                     ; 403200            ; 0          ; 0    ; 0            ; |TOP_VGA_DEMO|end_message_display:inst17|lpm_rom:win_rom_inst|altrom:srom|altsyncram:rom_block                                                                                                                                                                                                                                                           ; altsyncram                        ; work         ;
;                |altsyncram_ib81:auto_generated|                                                                                         ; 0 (0)               ; 0 (0)                     ; 403200            ; 0          ; 0    ; 0            ; |TOP_VGA_DEMO|end_message_display:inst17|lpm_rom:win_rom_inst|altrom:srom|altsyncram:rom_block|altsyncram_ib81:auto_generated                                                                                                                                                                                                                            ; altsyncram_ib81                   ; work         ;
;    |game_controller:inst22|                                                                                                             ; 26 (26)             ; 9 (9)                     ; 0                 ; 0          ; 0    ; 0            ; |TOP_VGA_DEMO|game_controller:inst22                                                                                                                                                                                                                                                                                                                     ; game_controller                   ; work         ;
;    |objects_mux:inst19|                                                                                                                 ; 77 (77)             ; 8 (8)                     ; 0                 ; 0          ; 0    ; 0            ; |TOP_VGA_DEMO|objects_mux:inst19                                                                                                                                                                                                                                                                                                                         ; objects_mux                       ; work         ;
;    |sld_hub:auto_hub|                                                                                                                   ; 91 (1)              ; 91 (0)                    ; 0                 ; 0          ; 0    ; 0            ; |TOP_VGA_DEMO|sld_hub:auto_hub                                                                                                                                                                                                                                                                                                                           ; sld_hub                           ; altera_sld   ;
;       |alt_sld_fab_with_jtag_input:\instrumentation_fabric_with_node_gen:fabric_gen_new_way:with_jtag_input_gen:instrumentation_fabric| ; 90 (0)              ; 91 (0)                    ; 0                 ; 0          ; 0    ; 0            ; |TOP_VGA_DEMO|sld_hub:auto_hub|alt_sld_fab_with_jtag_input:\instrumentation_fabric_with_node_gen:fabric_gen_new_way:with_jtag_input_gen:instrumentation_fabric                                                                                                                                                                                           ; alt_sld_fab_with_jtag_input       ; altera_sld   ;
;          |alt_sld_fab:instrumentation_fabric|                                                                                           ; 90 (0)              ; 91 (0)                    ; 0                 ; 0          ; 0    ; 0            ; |TOP_VGA_DEMO|sld_hub:auto_hub|alt_sld_fab_with_jtag_input:\instrumentation_fabric_with_node_gen:fabric_gen_new_way:with_jtag_input_gen:instrumentation_fabric|alt_sld_fab:instrumentation_fabric                                                                                                                                                        ; alt_sld_fab                       ; alt_sld_fab  ;
;             |alt_sld_fab_alt_sld_fab:alt_sld_fab|                                                                                       ; 90 (1)              ; 91 (5)                    ; 0                 ; 0          ; 0    ; 0            ; |TOP_VGA_DEMO|sld_hub:auto_hub|alt_sld_fab_with_jtag_input:\instrumentation_fabric_with_node_gen:fabric_gen_new_way:with_jtag_input_gen:instrumentation_fabric|alt_sld_fab:instrumentation_fabric|alt_sld_fab_alt_sld_fab:alt_sld_fab                                                                                                                    ; alt_sld_fab_alt_sld_fab           ; alt_sld_fab  ;
;                |alt_sld_fab_alt_sld_fab_sldfabric:sldfabric|                                                                            ; 89 (0)              ; 86 (0)                    ; 0                 ; 0          ; 0    ; 0            ; |TOP_VGA_DEMO|sld_hub:auto_hub|alt_sld_fab_with_jtag_input:\instrumentation_fabric_with_node_gen:fabric_gen_new_way:with_jtag_input_gen:instrumentation_fabric|alt_sld_fab:instrumentation_fabric|alt_sld_fab_alt_sld_fab:alt_sld_fab|alt_sld_fab_alt_sld_fab_sldfabric:sldfabric                                                                        ; alt_sld_fab_alt_sld_fab_sldfabric ; alt_sld_fab  ;
;                   |sld_jtag_hub:\jtag_hub_gen:real_sld_jtag_hub|                                                                        ; 89 (56)             ; 86 (58)                   ; 0                 ; 0          ; 0    ; 0            ; |TOP_VGA_DEMO|sld_hub:auto_hub|alt_sld_fab_with_jtag_input:\instrumentation_fabric_with_node_gen:fabric_gen_new_way:with_jtag_input_gen:instrumentation_fabric|alt_sld_fab:instrumentation_fabric|alt_sld_fab_alt_sld_fab:alt_sld_fab|alt_sld_fab_alt_sld_fab_sldfabric:sldfabric|sld_jtag_hub:\jtag_hub_gen:real_sld_jtag_hub                           ; sld_jtag_hub                      ; work         ;
;                      |sld_rom_sr:hub_info_reg|                                                                                          ; 15 (15)             ; 9 (9)                     ; 0                 ; 0          ; 0    ; 0            ; |TOP_VGA_DEMO|sld_hub:auto_hub|alt_sld_fab_with_jtag_input:\instrumentation_fabric_with_node_gen:fabric_gen_new_way:with_jtag_input_gen:instrumentation_fabric|alt_sld_fab:instrumentation_fabric|alt_sld_fab_alt_sld_fab:alt_sld_fab|alt_sld_fab_alt_sld_fab_sldfabric:sldfabric|sld_jtag_hub:\jtag_hub_gen:real_sld_jtag_hub|sld_rom_sr:hub_info_reg   ; sld_rom_sr                        ; work         ;
;                      |sld_shadow_jsm:shadow_jsm|                                                                                        ; 18 (18)             ; 19 (19)                   ; 0                 ; 0          ; 0    ; 0            ; |TOP_VGA_DEMO|sld_hub:auto_hub|alt_sld_fab_with_jtag_input:\instrumentation_fabric_with_node_gen:fabric_gen_new_way:with_jtag_input_gen:instrumentation_fabric|alt_sld_fab:instrumentation_fabric|alt_sld_fab_alt_sld_fab:alt_sld_fab|alt_sld_fab_alt_sld_fab_sldfabric:sldfabric|sld_jtag_hub:\jtag_hub_gen:real_sld_jtag_hub|sld_shadow_jsm:shadow_jsm ; sld_shadow_jsm                    ; altera_sld   ;
;    |sld_signaltap:auto_signaltap_0|                                                                                                     ; 248 (2)             ; 427 (7)                   ; 49152             ; 0          ; 0    ; 0            ; |TOP_VGA_DEMO|sld_signaltap:auto_signaltap_0                                                                                                                                                                                                                                                                                                             ; sld_signaltap                     ; work         ;
;       |sld_signaltap_impl:sld_signaltap_body|                                                                                           ; 246 (0)             ; 420 (0)                   ; 49152             ; 0          ; 0    ; 0            ; |TOP_VGA_DEMO|sld_signaltap:auto_signaltap_0|sld_signaltap_impl:sld_signaltap_body                                                                                                                                                                                                                                                                       ; sld_signaltap_impl                ; work         ;
;          |sld_signaltap_implb:sld_signaltap_body|                                                                                       ; 246 (67)            ; 420 (110)                 ; 49152             ; 0          ; 0    ; 0            ; |TOP_VGA_DEMO|sld_signaltap:auto_signaltap_0|sld_signaltap_impl:sld_signaltap_body|sld_signaltap_implb:sld_signaltap_body                                                                                                                                                                                                                                ; sld_signaltap_implb               ; work         ;
;             |altdpram:\stp_non_zero_ram_gen:attribute_mem_gen:attribute_mem|                                                            ; 2 (0)               ; 82 (82)                   ; 0                 ; 0          ; 0    ; 0            ; |TOP_VGA_DEMO|sld_signaltap:auto_signaltap_0|sld_signaltap_impl:sld_signaltap_body|sld_signaltap_implb:sld_signaltap_body|altdpram:\stp_non_zero_ram_gen:attribute_mem_gen:attribute_mem                                                                                                                                                                 ; altdpram                          ; work         ;
;                |lpm_decode:wdecoder|                                                                                                    ; 2 (0)               ; 0 (0)                     ; 0                 ; 0          ; 0    ; 0            ; |TOP_VGA_DEMO|sld_signaltap:auto_signaltap_0|sld_signaltap_impl:sld_signaltap_body|sld_signaltap_implb:sld_signaltap_body|altdpram:\stp_non_zero_ram_gen:attribute_mem_gen:attribute_mem|lpm_decode:wdecoder                                                                                                                                             ; lpm_decode                        ; work         ;
;                   |decode_vnf:auto_generated|                                                                                           ; 2 (2)               ; 0 (0)                     ; 0                 ; 0          ; 0    ; 0            ; |TOP_VGA_DEMO|sld_signaltap:auto_signaltap_0|sld_signaltap_impl:sld_signaltap_body|sld_signaltap_implb:sld_signaltap_body|altdpram:\stp_non_zero_ram_gen:attribute_mem_gen:attribute_mem|lpm_decode:wdecoder|decode_vnf:auto_generated                                                                                                                   ; decode_vnf                        ; work         ;
;             |altsyncram:\stp_non_zero_ram_gen:stp_buffer_ram|                                                                           ; 0 (0)               ; 0 (0)                     ; 49152             ; 0          ; 0    ; 0            ; |TOP_VGA_DEMO|sld_signaltap:auto_signaltap_0|sld_signaltap_impl:sld_signaltap_body|sld_signaltap_implb:sld_signaltap_body|altsyncram:\stp_non_zero_ram_gen:stp_buffer_ram                                                                                                                                                                                ; altsyncram                        ; work         ;
;                |altsyncram_ue84:auto_generated|                                                                                         ; 0 (0)               ; 0 (0)                     ; 49152             ; 0          ; 0    ; 0            ; |TOP_VGA_DEMO|sld_signaltap:auto_signaltap_0|sld_signaltap_impl:sld_signaltap_body|sld_signaltap_implb:sld_signaltap_body|altsyncram:\stp_non_zero_ram_gen:stp_buffer_ram|altsyncram_ue84:auto_generated                                                                                                                                                 ; altsyncram_ue84                   ; work         ;
;             |lpm_shiftreg:segment_offset_config_deserialize|                                                                            ; 0 (0)               ; 13 (13)                   ; 0                 ; 0          ; 0    ; 0            ; |TOP_VGA_DEMO|sld_signaltap:auto_signaltap_0|sld_signaltap_impl:sld_signaltap_body|sld_signaltap_implb:sld_signaltap_body|lpm_shiftreg:segment_offset_config_deserialize                                                                                                                                                                                 ; lpm_shiftreg                      ; work         ;
;             |lpm_shiftreg:status_register|                                                                                              ; 17 (17)             ; 17 (17)                   ; 0                 ; 0          ; 0    ; 0            ; |TOP_VGA_DEMO|sld_signaltap:auto_signaltap_0|sld_signaltap_impl:sld_signaltap_body|sld_signaltap_implb:sld_signaltap_body|lpm_shiftreg:status_register                                                                                                                                                                                                   ; lpm_shiftreg                      ; work         ;
;             |serial_crc_16:\tdo_crc_gen:tdo_crc_calc|                                                                                   ; 4 (4)               ; 13 (13)                   ; 0                 ; 0          ; 0    ; 0            ; |TOP_VGA_DEMO|sld_signaltap:auto_signaltap_0|sld_signaltap_impl:sld_signaltap_body|sld_signaltap_implb:sld_signaltap_body|serial_crc_16:\tdo_crc_gen:tdo_crc_calc                                                                                                                                                                                        ; serial_crc_16                     ; work         ;
;             |sld_buffer_manager:sld_buffer_manager_inst|                                                                                ; 89 (89)             ; 74 (74)                   ; 0                 ; 0          ; 0    ; 0            ; |TOP_VGA_DEMO|sld_signaltap:auto_signaltap_0|sld_signaltap_impl:sld_signaltap_body|sld_signaltap_implb:sld_signaltap_body|sld_buffer_manager:sld_buffer_manager_inst                                                                                                                                                                                     ; sld_buffer_manager                ; work         ;
;             |sld_ela_control:ela_control|                                                                                               ; 3 (1)               ; 21 (1)                    ; 0                 ; 0          ; 0    ; 0            ; |TOP_VGA_DEMO|sld_signaltap:auto_signaltap_0|sld_signaltap_impl:sld_signaltap_body|sld_signaltap_implb:sld_signaltap_body|sld_ela_control:ela_control                                                                                                                                                                                                    ; sld_ela_control                   ; work         ;
;                |lpm_shiftreg:trigger_config_deserialize|                                                                                ; 0 (0)               ; 4 (4)                     ; 0                 ; 0          ; 0    ; 0            ; |TOP_VGA_DEMO|sld_signaltap:auto_signaltap_0|sld_signaltap_impl:sld_signaltap_body|sld_signaltap_implb:sld_signaltap_body|sld_ela_control:ela_control|lpm_shiftreg:trigger_config_deserialize                                                                                                                                                            ; lpm_shiftreg                      ; work         ;
;                |sld_ela_basic_multi_level_trigger:\basic_multi_level_mbpm_trigger_gen:multi_level_mbpm|                                 ; 1 (0)               ; 5 (0)                     ; 0                 ; 0          ; 0    ; 0            ; |TOP_VGA_DEMO|sld_signaltap:auto_signaltap_0|sld_signaltap_impl:sld_signaltap_body|sld_signaltap_implb:sld_signaltap_body|sld_ela_control:ela_control|sld_ela_basic_multi_level_trigger:\basic_multi_level_mbpm_trigger_gen:multi_level_mbpm                                                                                                             ; sld_ela_basic_multi_level_trigger ; work         ;
;                   |lpm_shiftreg:trigger_condition_deserialize|                                                                          ; 0 (0)               ; 3 (3)                     ; 0                 ; 0          ; 0    ; 0            ; |TOP_VGA_DEMO|sld_signaltap:auto_signaltap_0|sld_signaltap_impl:sld_signaltap_body|sld_signaltap_implb:sld_signaltap_body|sld_ela_control:ela_control|sld_ela_basic_multi_level_trigger:\basic_multi_level_mbpm_trigger_gen:multi_level_mbpm|lpm_shiftreg:trigger_condition_deserialize                                                                  ; lpm_shiftreg                      ; work         ;
;                   |sld_mbpmg:\trigger_modules_gen:0:trigger_match|                                                                      ; 1 (0)               ; 2 (0)                     ; 0                 ; 0          ; 0    ; 0            ; |TOP_VGA_DEMO|sld_signaltap:auto_signaltap_0|sld_signaltap_impl:sld_signaltap_body|sld_signaltap_implb:sld_signaltap_body|sld_ela_control:ela_control|sld_ela_basic_multi_level_trigger:\basic_multi_level_mbpm_trigger_gen:multi_level_mbpm|sld_mbpmg:\trigger_modules_gen:0:trigger_match                                                              ; sld_mbpmg                         ; work         ;
;                      |sld_sbpmg:\gen_sbpmg_pipeline_less_than_two:sm0:0:sm1|                                                            ; 1 (1)               ; 2 (2)                     ; 0                 ; 0          ; 0    ; 0            ; |TOP_VGA_DEMO|sld_signaltap:auto_signaltap_0|sld_signaltap_impl:sld_signaltap_body|sld_signaltap_implb:sld_signaltap_body|sld_ela_control:ela_control|sld_ela_basic_multi_level_trigger:\basic_multi_level_mbpm_trigger_gen:multi_level_mbpm|sld_mbpmg:\trigger_modules_gen:0:trigger_match|sld_sbpmg:\gen_sbpmg_pipeline_less_than_two:sm0:0:sm1        ; sld_sbpmg                         ; work         ;
;                |sld_ela_trigger_flow_mgr:\builtin:ela_trigger_flow_mgr_entity|                                                          ; 1 (1)               ; 11 (1)                    ; 0                 ; 0          ; 0    ; 0            ; |TOP_VGA_DEMO|sld_signaltap:auto_signaltap_0|sld_signaltap_impl:sld_signaltap_body|sld_signaltap_implb:sld_signaltap_body|sld_ela_control:ela_control|sld_ela_trigger_flow_mgr:\builtin:ela_trigger_flow_mgr_entity                                                                                                                                      ; sld_ela_trigger_flow_mgr          ; work         ;
;                   |lpm_shiftreg:trigger_config_deserialize|                                                                             ; 0 (0)               ; 10 (10)                   ; 0                 ; 0          ; 0    ; 0            ; |TOP_VGA_DEMO|sld_signaltap:auto_signaltap_0|sld_signaltap_impl:sld_signaltap_body|sld_signaltap_implb:sld_signaltap_body|sld_ela_control:ela_control|sld_ela_trigger_flow_mgr:\builtin:ela_trigger_flow_mgr_entity|lpm_shiftreg:trigger_config_deserialize                                                                                              ; lpm_shiftreg                      ; work         ;
;             |sld_offload_buffer_mgr:\stp_non_zero_depth_offload_gen:stp_offload_buff_mgr_inst|                                          ; 44 (9)              ; 82 (0)                    ; 0                 ; 0          ; 0    ; 0            ; |TOP_VGA_DEMO|sld_signaltap:auto_signaltap_0|sld_signaltap_impl:sld_signaltap_body|sld_signaltap_implb:sld_signaltap_body|sld_offload_buffer_mgr:\stp_non_zero_depth_offload_gen:stp_offload_buff_mgr_inst                                                                                                                                               ; sld_offload_buffer_mgr            ; work         ;
;                |lpm_counter:\adv_point_3_and_more:advance_pointer_counter|                                                              ; 5 (0)               ; 3 (0)                     ; 0                 ; 0          ; 0    ; 0            ; |TOP_VGA_DEMO|sld_signaltap:auto_signaltap_0|sld_signaltap_impl:sld_signaltap_body|sld_signaltap_implb:sld_signaltap_body|sld_offload_buffer_mgr:\stp_non_zero_depth_offload_gen:stp_offload_buff_mgr_inst|lpm_counter:\adv_point_3_and_more:advance_pointer_counter                                                                                     ; lpm_counter                       ; work         ;
;                   |cntr_f7i:auto_generated|                                                                                             ; 5 (5)               ; 3 (3)                     ; 0                 ; 0          ; 0    ; 0            ; |TOP_VGA_DEMO|sld_signaltap:auto_signaltap_0|sld_signaltap_impl:sld_signaltap_body|sld_signaltap_implb:sld_signaltap_body|sld_offload_buffer_mgr:\stp_non_zero_depth_offload_gen:stp_offload_buff_mgr_inst|lpm_counter:\adv_point_3_and_more:advance_pointer_counter|cntr_f7i:auto_generated                                                             ; cntr_f7i                          ; work         ;
;                |lpm_counter:read_pointer_counter|                                                                                       ; 13 (0)              ; 13 (0)                    ; 0                 ; 0          ; 0    ; 0            ; |TOP_VGA_DEMO|sld_signaltap:auto_signaltap_0|sld_signaltap_impl:sld_signaltap_body|sld_signaltap_implb:sld_signaltap_body|sld_offload_buffer_mgr:\stp_non_zero_depth_offload_gen:stp_offload_buff_mgr_inst|lpm_counter:read_pointer_counter                                                                                                              ; lpm_counter                       ; work         ;
;                   |cntr_a2j:auto_generated|                                                                                             ; 13 (13)             ; 13 (13)                   ; 0                 ; 0          ; 0    ; 0            ; |TOP_VGA_DEMO|sld_signaltap:auto_signaltap_0|sld_signaltap_impl:sld_signaltap_body|sld_signaltap_implb:sld_signaltap_body|sld_offload_buffer_mgr:\stp_non_zero_depth_offload_gen:stp_offload_buff_mgr_inst|lpm_counter:read_pointer_counter|cntr_a2j:auto_generated                                                                                      ; cntr_a2j                          ; work         ;
;                |lpm_counter:status_advance_pointer_counter|                                                                             ; 7 (0)               ; 5 (0)                     ; 0                 ; 0          ; 0    ; 0            ; |TOP_VGA_DEMO|sld_signaltap:auto_signaltap_0|sld_signaltap_impl:sld_signaltap_body|sld_signaltap_implb:sld_signaltap_body|sld_offload_buffer_mgr:\stp_non_zero_depth_offload_gen:stp_offload_buff_mgr_inst|lpm_counter:status_advance_pointer_counter                                                                                                    ; lpm_counter                       ; work         ;
;                   |cntr_49i:auto_generated|                                                                                             ; 7 (7)               ; 5 (5)                     ; 0                 ; 0          ; 0    ; 0            ; |TOP_VGA_DEMO|sld_signaltap:auto_signaltap_0|sld_signaltap_impl:sld_signaltap_body|sld_signaltap_implb:sld_signaltap_body|sld_offload_buffer_mgr:\stp_non_zero_depth_offload_gen:stp_offload_buff_mgr_inst|lpm_counter:status_advance_pointer_counter|cntr_49i:auto_generated                                                                            ; cntr_49i                          ; work         ;
;                |lpm_counter:status_read_pointer_counter|                                                                                ; 3 (0)               ; 1 (0)                     ; 0                 ; 0          ; 0    ; 0            ; |TOP_VGA_DEMO|sld_signaltap:auto_signaltap_0|sld_signaltap_impl:sld_signaltap_body|sld_signaltap_implb:sld_signaltap_body|sld_offload_buffer_mgr:\stp_non_zero_depth_offload_gen:stp_offload_buff_mgr_inst|lpm_counter:status_read_pointer_counter                                                                                                       ; lpm_counter                       ; work         ;
;                   |cntr_kri:auto_generated|                                                                                             ; 3 (3)               ; 1 (1)                     ; 0                 ; 0          ; 0    ; 0            ; |TOP_VGA_DEMO|sld_signaltap:auto_signaltap_0|sld_signaltap_impl:sld_signaltap_body|sld_signaltap_implb:sld_signaltap_body|sld_offload_buffer_mgr:\stp_non_zero_depth_offload_gen:stp_offload_buff_mgr_inst|lpm_counter:status_read_pointer_counter|cntr_kri:auto_generated                                                                               ; cntr_kri                          ; work         ;
;                |lpm_shiftreg:info_data_shift_out|                                                                                       ; 0 (0)               ; 27 (27)                   ; 0                 ; 0          ; 0    ; 0            ; |TOP_VGA_DEMO|sld_signaltap:auto_signaltap_0|sld_signaltap_impl:sld_signaltap_body|sld_signaltap_implb:sld_signaltap_body|sld_offload_buffer_mgr:\stp_non_zero_depth_offload_gen:stp_offload_buff_mgr_inst|lpm_shiftreg:info_data_shift_out                                                                                                              ; lpm_shiftreg                      ; work         ;
;                |lpm_shiftreg:ram_data_shift_out|                                                                                        ; 6 (6)               ; 6 (6)                     ; 0                 ; 0          ; 0    ; 0            ; |TOP_VGA_DEMO|sld_signaltap:auto_signaltap_0|sld_signaltap_impl:sld_signaltap_body|sld_signaltap_implb:sld_signaltap_body|sld_offload_buffer_mgr:\stp_non_zero_depth_offload_gen:stp_offload_buff_mgr_inst|lpm_shiftreg:ram_data_shift_out                                                                                                               ; lpm_shiftreg                      ; work         ;
;                |lpm_shiftreg:status_data_shift_out|                                                                                     ; 1 (1)               ; 27 (27)                   ; 0                 ; 0          ; 0    ; 0            ; |TOP_VGA_DEMO|sld_signaltap:auto_signaltap_0|sld_signaltap_impl:sld_signaltap_body|sld_signaltap_implb:sld_signaltap_body|sld_offload_buffer_mgr:\stp_non_zero_depth_offload_gen:stp_offload_buff_mgr_inst|lpm_shiftreg:status_data_shift_out                                                                                                            ; lpm_shiftreg                      ; work         ;
;             |sld_rom_sr:crc_rom_sr|                                                                                                     ; 20 (20)             ; 8 (8)                     ; 0                 ; 0          ; 0    ; 0            ; |TOP_VGA_DEMO|sld_signaltap:auto_signaltap_0|sld_signaltap_impl:sld_signaltap_body|sld_signaltap_implb:sld_signaltap_body|sld_rom_sr:crc_rom_sr                                                                                                                                                                                                          ; sld_rom_sr                        ; work         ;
+-----------------------------------------------------------------------------------------------------------------------------------------+---------------------+---------------------------+-------------------+------------+------+--------------+----------------------------------------------------------------------------------------------------------------------------------------------------------------------------------------------------------------------------------------------------------------------------------------------------------------------------------------------------------+-----------------------------------+--------------+
Note: For table entries with two numbers listed, the numbers in parentheses indicate the number of resources of the given type used by the specific entity alone. The numbers listed outside of parentheses indicate the total resources of the given type used by the specific entity and all of its sub-entities in the hierarchy.


+-----------------------------------------------------------------------------------------------------------------------------------------------------------------------------------------------------------------------------------------------------------------------------------------------------------------------------------------+
; Analysis & Synthesis RAM Summary                                                                                                                                                                                                                                                                                                        ;
+-------------------------------------------------------------------------------------------------------------------------------------------------------------------------------------------------------+------+------------------+--------------+--------------+--------------+--------------+--------+----------------------------------+
; Name                                                                                                                                                                                                  ; Type ; Mode             ; Port A Depth ; Port A Width ; Port B Depth ; Port B Width ; Size   ; MIF                              ;
+-------------------------------------------------------------------------------------------------------------------------------------------------------------------------------------------------------+------+------------------+--------------+--------------+--------------+--------------+--------+----------------------------------+
; Apple_Block:inst10|AppleBitMap:inst3|lpm_rom:black_apple_rom|altrom:srom|altsyncram:rom_block|altsyncram_0181:auto_generated|ALTSYNCRAM                                                               ; AUTO ; ROM              ; 576          ; 8            ; --           ; --           ; 4608   ; RTL/mifs/black_apple_24.mif      ;
; Apple_Block:inst10|AppleBitMap:inst3|lpm_rom:blue_apple_rom|altrom:srom|altsyncram:rom_block|altsyncram_bu71:auto_generated|ALTSYNCRAM                                                                ; AUTO ; ROM              ; 576          ; 8            ; --           ; --           ; 4608   ; RTL/mifs/blue_apple_24.mif       ;
; Apple_Block:inst10|AppleBitMap:inst3|lpm_rom:red_apple_rom|altrom:srom|altsyncram:rom_block|altsyncram_uq71:auto_generated|ALTSYNCRAM                                                                 ; AUTO ; ROM              ; 576          ; 8            ; --           ; --           ; 4608   ; RTL/mifs/red_apple_24.mif        ;
; Audio_Block:inst6|AUDIO:inst|melody_player_1:inst5|lpm_rom:rom_inst|altrom:srom|altsyncram:rom_block|altsyncram_se71:auto_generated|ALTSYNCRAM                                                        ; AUTO ; ROM              ; 4096         ; 16           ; --           ; --           ; 65536  ; RTL/AUDIO/songs.mif              ;
; Score_Block:inst11|NumbersBitMap:inst500|lpm_rom:rom_inst|altrom:srom|altsyncram:rom_block|altsyncram_me81:auto_generated|ALTSYNCRAM                                                                  ; AUTO ; ROM              ; 8192         ; 1            ; --           ; --           ; 8192   ; RTL/mifs/numbers_new_font.mif    ;
; Snake_Block:inst13|headBitMap:inst5|lpm_rom:rom_inst|altrom:srom|altsyncram:rom_block|altsyncram_lt71:auto_generated|ALTSYNCRAM                                                                       ; AUTO ; ROM              ; 576          ; 8            ; --           ; --           ; 4608   ; RTL/mifs/snake_head_24.mif       ;
; Snake_Block:inst13|snake_body:inst6|lpm_rom:rom_inst|altrom:srom|altsyncram:rom_block|altsyncram_hu71:auto_generated|ALTSYNCRAM                                                                       ; AUTO ; ROM              ; 576          ; 8            ; --           ; --           ; 4608   ; RTL/mifs/snake_body_24.mif       ;
; back_ground_draw:inst4|lpm_rom:grass_tile_rom|altrom:srom|altsyncram:rom_block|altsyncram_vu71:auto_generated|ALTSYNCRAM                                                                              ; AUTO ; ROM              ; 576          ; 8            ; --           ; --           ; 4608   ; RTL/mifs/grass_tile_24.mif       ;
; back_ground_draw:inst4|lpm_rom:rock_tile_rom|altrom:srom|altsyncram:rom_block|altsyncram_er71:auto_generated|ALTSYNCRAM                                                                               ; AUTO ; ROM              ; 576          ; 8            ; --           ; --           ; 4608   ; RTL/mifs/rock_tile_24.mif        ;
; back_ground_draw:inst4|lpm_rom:stone_tile_rom|altrom:srom|altsyncram:rom_block|altsyncram_8v71:auto_generated|ALTSYNCRAM                                                                              ; AUTO ; ROM              ; 576          ; 8            ; --           ; --           ; 4608   ; RTL/mifs/stone_tile_24.mif       ;
; back_ground_draw:inst4|lpm_rom:top_background_rom|altrom:srom|altsyncram:rom_block|altsyncram_pn81:auto_generated|ALTSYNCRAM                                                                          ; AUTO ; ROM              ; 56320        ; 8            ; --           ; --           ; 450560 ; RTL/mifs/top_background_8bit.mif ;
; back_ground_draw:inst4|lpm_rom:wood_tile_rom|altrom:srom|altsyncram:rom_block|altsyncram_ss71:auto_generated|ALTSYNCRAM                                                                               ; AUTO ; ROM              ; 1024         ; 8            ; --           ; --           ; 8192   ; RTL/mifs/wood_tile_32.mif        ;
; end_message_display:inst17|lpm_rom:lost_rom_inst|altrom:srom|altsyncram:rom_block|altsyncram_6f81:auto_generated|ALTSYNCRAM                                                                           ; AUTO ; ROM              ; 50400        ; 8            ; --           ; --           ; 403200 ; RTL/mifs/end_message_lost.mif    ;
; end_message_display:inst17|lpm_rom:win_rom_inst|altrom:srom|altsyncram:rom_block|altsyncram_ib81:auto_generated|ALTSYNCRAM                                                                            ; AUTO ; ROM              ; 50400        ; 8            ; --           ; --           ; 403200 ; RTL/mifs/end_message_win.mif     ;
; sld_signaltap:auto_signaltap_0|sld_signaltap_impl:sld_signaltap_body|sld_signaltap_implb:sld_signaltap_body|altsyncram:\stp_non_zero_ram_gen:stp_buffer_ram|altsyncram_ue84:auto_generated|ALTSYNCRAM ; AUTO ; Simple Dual Port ; 8192         ; 6            ; 8192         ; 6            ; 49152  ; None                             ;
+-------------------------------------------------------------------------------------------------------------------------------------------------------------------------------------------------------+------+------------------+--------------+--------------+--------------+--------------+--------+----------------------------------+


+-----------------------------------------------+
; Analysis & Synthesis DSP Block Usage Summary  ;
+---------------------------------+-------------+
; Statistic                       ; Number Used ;
+---------------------------------+-------------+
; Independent 18x18 plus 36       ; 1           ;
; Total number of DSP blocks      ; 1           ;
;                                 ;             ;
; Fixed Point Unsigned Multiplier ; 1           ;
+---------------------------------+-------------+


+---------------------------------------------------------------------------------------------------------------------------------------------------------------------------------------------------------------------------------------------------------------------------------------------------------------------------------------------------------------------+
; Analysis & Synthesis IP Cores Summary                                                                                                                                                                                                                                                                                                                               ;
+--------+--------------+---------+--------------+--------------+-----------------------------------------------------------------------------------------------------------------------------------------------------------------------------------------------------------------------------------------------------------------------------------+-----------------+
; Vendor ; IP Core Name ; Version ; Release Date ; License Type ; Entity Instance                                                                                                                                                                                                                                                                   ; IP Include File ;
+--------+--------------+---------+--------------+--------------+-----------------------------------------------------------------------------------------------------------------------------------------------------------------------------------------------------------------------------------------------------------------------------------+-----------------+
; Altera ; Signal Tap   ; N/A     ; N/A          ; Licensed     ; |TOP_VGA_DEMO|sld_hub:auto_hub|alt_sld_fab_with_jtag_input:\instrumentation_fabric_with_node_gen:fabric_gen_new_way:with_jtag_input_gen:instrumentation_fabric|alt_sld_fab:instrumentation_fabric                                                                                 ;                 ;
; Altera ; Signal Tap   ; N/A     ; N/A          ; Licensed     ; |TOP_VGA_DEMO|sld_hub:auto_hub|alt_sld_fab_with_jtag_input:\instrumentation_fabric_with_node_gen:fabric_gen_new_way:with_jtag_input_gen:instrumentation_fabric|alt_sld_fab:instrumentation_fabric|alt_sld_fab_alt_sld_fab:alt_sld_fab                                             ;                 ;
; Altera ; Signal Tap   ; N/A     ; N/A          ; Licensed     ; |TOP_VGA_DEMO|sld_hub:auto_hub|alt_sld_fab_with_jtag_input:\instrumentation_fabric_with_node_gen:fabric_gen_new_way:with_jtag_input_gen:instrumentation_fabric|alt_sld_fab:instrumentation_fabric|alt_sld_fab_alt_sld_fab:alt_sld_fab|alt_sld_fab_alt_sld_fab_presplit:presplit   ;                 ;
; Altera ; Signal Tap   ; N/A     ; N/A          ; Licensed     ; |TOP_VGA_DEMO|sld_hub:auto_hub|alt_sld_fab_with_jtag_input:\instrumentation_fabric_with_node_gen:fabric_gen_new_way:with_jtag_input_gen:instrumentation_fabric|alt_sld_fab:instrumentation_fabric|alt_sld_fab_alt_sld_fab:alt_sld_fab|alt_sld_fab_alt_sld_fab_sldfabric:sldfabric ;                 ;
; Altera ; Signal Tap   ; N/A     ; N/A          ; Licensed     ; |TOP_VGA_DEMO|sld_hub:auto_hub|alt_sld_fab_with_jtag_input:\instrumentation_fabric_with_node_gen:fabric_gen_new_way:with_jtag_input_gen:instrumentation_fabric|alt_sld_fab:instrumentation_fabric|alt_sld_fab_alt_sld_fab:alt_sld_fab|alt_sld_fab_alt_sld_fab_splitter:splitter   ;                 ;
; Altera ; altera_pll   ; 20.1    ; N/A          ; N/A          ; |TOP_VGA_DEMO|CLK_31P5:inst7                                                                                                                                                                                                                                                      ; CLK_31P5.v      ;
+--------+--------------+---------+--------------+--------------+-----------------------------------------------------------------------------------------------------------------------------------------------------------------------------------------------------------------------------------------------------------------------------------+-----------------+


Encoding Type:  One-Hot
+-----------------------------------------------------------------------------------------------------------+
; State Machine - |TOP_VGA_DEMO|Audio_Block:inst6|AUDIO:inst|melody_player_1:inst5|SM_Maestro               ;
+-----------------------+--------------------+------------------+-----------------------+-------------------+
; Name                  ; SM_Maestro.s_ended ; SM_Maestro.s_gap ; SM_Maestro.s_playNote ; SM_Maestro.s_idle ;
+-----------------------+--------------------+------------------+-----------------------+-------------------+
; SM_Maestro.s_idle     ; 0                  ; 0                ; 0                     ; 0                 ;
; SM_Maestro.s_playNote ; 0                  ; 0                ; 1                     ; 1                 ;
; SM_Maestro.s_gap      ; 0                  ; 1                ; 0                     ; 1                 ;
; SM_Maestro.s_ended    ; 1                  ; 0                ; 0                     ; 1                 ;
+-----------------------+--------------------+------------------+-----------------------+-------------------+


Encoding Type:  One-Hot
+----------------------------------------------------------------------------------------------+
; State Machine - |TOP_VGA_DEMO|end_message_display:inst17|messageState                        ;
+-----------------------+-----------------------+-----------------------+----------------------+
; Name                  ; messageState.MSG_NONE ; messageState.MSG_LOST ; messageState.MSG_WIN ;
+-----------------------+-----------------------+-----------------------+----------------------+
; messageState.MSG_NONE ; 0                     ; 0                     ; 0                    ;
; messageState.MSG_WIN  ; 1                     ; 0                     ; 1                    ;
; messageState.MSG_LOST ; 1                     ; 1                     ; 0                    ;
+-----------------------+-----------------------+-----------------------+----------------------+


Encoding Type:  One-Hot
+----------------------------------------------------------------------------------------------------+
; State Machine - |TOP_VGA_DEMO|game_controller:inst22|SMGame                                        ;
+----------------------+-------------------+------------------+----------------------+---------------+
; Name                 ; SMGame.s_gameLost ; SMGame.s_gameWon ; SMGame.s_gameStarted ; SMGame.s_idle ;
+----------------------+-------------------+------------------+----------------------+---------------+
; SMGame.s_idle        ; 0                 ; 0                ; 0                    ; 0             ;
; SMGame.s_gameStarted ; 0                 ; 0                ; 1                    ; 1             ;
; SMGame.s_gameWon     ; 0                 ; 1                ; 0                    ; 1             ;
; SMGame.s_gameLost    ; 1                 ; 0                ; 0                    ; 1             ;
+----------------------+-------------------+------------------+----------------------+---------------+


Encoding Type:  One-Hot
+-----------------------------------------------------------------------------------------------------------------------------------+
; State Machine - |TOP_VGA_DEMO|Snake_Block:inst13|snake_head:inst3|pendingDir                                                      ;
+----------------------+---------------------+----------------------+-------------------+---------------------+---------------------+
; Name                 ; pendingDir.DIR_LEFT ; pendingDir.DIR_RIGHT ; pendingDir.DIR_UP ; pendingDir.DIR_NONE ; pendingDir.DIR_DOWN ;
+----------------------+---------------------+----------------------+-------------------+---------------------+---------------------+
; pendingDir.DIR_NONE  ; 0                   ; 0                    ; 0                 ; 0                   ; 0                   ;
; pendingDir.DIR_UP    ; 0                   ; 0                    ; 1                 ; 1                   ; 0                   ;
; pendingDir.DIR_RIGHT ; 0                   ; 1                    ; 0                 ; 1                   ; 0                   ;
; pendingDir.DIR_LEFT  ; 1                   ; 0                    ; 0                 ; 1                   ; 0                   ;
; pendingDir.DIR_DOWN  ; 0                   ; 0                    ; 0                 ; 1                   ; 1                   ;
+----------------------+---------------------+----------------------+-------------------+---------------------+---------------------+


Encoding Type:  One-Hot
+-----------------------------------------------------------------------------------------------------------------------------------+
; State Machine - |TOP_VGA_DEMO|Snake_Block:inst13|snake_head:inst3|currentDir                                                      ;
+----------------------+---------------------+----------------------+-------------------+---------------------+---------------------+
; Name                 ; currentDir.DIR_LEFT ; currentDir.DIR_RIGHT ; currentDir.DIR_UP ; currentDir.DIR_NONE ; currentDir.DIR_DOWN ;
+----------------------+---------------------+----------------------+-------------------+---------------------+---------------------+
; currentDir.DIR_NONE  ; 0                   ; 0                    ; 0                 ; 0                   ; 0                   ;
; currentDir.DIR_UP    ; 0                   ; 0                    ; 1                 ; 1                   ; 0                   ;
; currentDir.DIR_RIGHT ; 0                   ; 1                    ; 0                 ; 1                   ; 0                   ;
; currentDir.DIR_LEFT  ; 1                   ; 0                    ; 0                 ; 1                   ; 0                   ;
; currentDir.DIR_DOWN  ; 0                   ; 0                    ; 0                 ; 1                   ; 1                   ;
+----------------------+---------------------+----------------------+-------------------+---------------------+---------------------+


Encoding Type:  One-Hot
+-----------------------------------------------------------------------------------------------------+
; State Machine - |TOP_VGA_DEMO|Snake_Block:inst13|snake_head:inst3|SM_Motion                         ;
+------------------------------+-------------------+------------------------------+-------------------+
; Name                         ; SM_Motion.IDLE_ST ; SM_Motion.POSITION_CHANGE_ST ; SM_Motion.MOVE_ST ;
+------------------------------+-------------------+------------------------------+-------------------+
; SM_Motion.IDLE_ST            ; 0                 ; 0                            ; 0                 ;
; SM_Motion.MOVE_ST            ; 1                 ; 0                            ; 1                 ;
; SM_Motion.POSITION_CHANGE_ST ; 1                 ; 1                            ; 0                 ;
+------------------------------+-------------------+------------------------------+-------------------+


+----------------------------------------------------------------------------------------------------------------------------------------------------------------------------------------------------------------------------------------------------------------------------------+
; Registers Removed During Synthesis                                                                                                                                                                                                                                               ;
+----------------------------------------------------------------------------------------------------------------------------------+-----------------------------------------------------------------------------------------------------------------------------------------------+
; Register name                                                                                                                    ; Reason for Removal                                                                                                                            ;
+----------------------------------------------------------------------------------------------------------------------------------+-----------------------------------------------------------------------------------------------------------------------------------------------+
; end_message_display:inst17|lpm_rom:win_rom_inst|altrom:srom|altsyncram:rom_block|altsyncram_ib81:auto_generated|address_reg_a[2] ; Merged with end_message_display:inst17|lpm_rom:lost_rom_inst|altrom:srom|altsyncram:rom_block|altsyncram_6f81:auto_generated|address_reg_a[2] ;
; end_message_display:inst17|lpm_rom:win_rom_inst|altrom:srom|altsyncram:rom_block|altsyncram_ib81:auto_generated|address_reg_a[1] ; Merged with end_message_display:inst17|lpm_rom:lost_rom_inst|altrom:srom|altsyncram:rom_block|altsyncram_6f81:auto_generated|address_reg_a[1] ;
; end_message_display:inst17|lpm_rom:win_rom_inst|altrom:srom|altsyncram:rom_block|altsyncram_ib81:auto_generated|address_reg_a[0] ; Merged with end_message_display:inst17|lpm_rom:lost_rom_inst|altrom:srom|altsyncram:rom_block|altsyncram_6f81:auto_generated|address_reg_a[0] ;
; Snake_Block:inst13|snake_head:inst3|Yspeed[12..31]                                                                               ; Merged with Snake_Block:inst13|snake_head:inst3|Yspeed[11]                                                                                    ;
; Snake_Block:inst13|snake_head:inst3|Xspeed[12..31]                                                                               ; Merged with Snake_Block:inst13|snake_head:inst3|Xspeed[11]                                                                                    ;
; Apple_Block:inst10|randomCounter:inst|blueCounter[0]                                                                             ; Merged with Apple_Block:inst10|randomCounter:inst|redCounter[0]                                                                               ;
; Audio_Block:inst6|sound_effect_controller:inst1|melodySelect[3]                                                                  ; Stuck at GND due to stuck port data_in                                                                                                        ;
; Score_Block:inst11|square_object:inst4|offsetX[0]                                                                                ; Lost fanout                                                                                                                                   ;
; Score_Block:inst11|square_object:inst42|offsetX[0]                                                                               ; Lost fanout                                                                                                                                   ;
; Audio_Block:inst6|AUDIO:inst|melody_player_1:inst5|SM_Maestro~8                                                                  ; Lost fanout                                                                                                                                   ;
; Audio_Block:inst6|AUDIO:inst|melody_player_1:inst5|SM_Maestro~9                                                                  ; Lost fanout                                                                                                                                   ;
; game_controller:inst22|SMGame~8                                                                                                  ; Lost fanout                                                                                                                                   ;
; game_controller:inst22|SMGame~9                                                                                                  ; Lost fanout                                                                                                                                   ;
; Snake_Block:inst13|snake_head:inst3|pendingDir~9                                                                                 ; Lost fanout                                                                                                                                   ;
; Snake_Block:inst13|snake_head:inst3|pendingDir~10                                                                                ; Lost fanout                                                                                                                                   ;
; Snake_Block:inst13|snake_head:inst3|currentDir~4                                                                                 ; Lost fanout                                                                                                                                   ;
; Snake_Block:inst13|snake_head:inst3|currentDir~5                                                                                 ; Lost fanout                                                                                                                                   ;
; end_message_display:inst17|messageState.MSG_NONE                                                                                 ; Lost fanout                                                                                                                                   ;
; game_controller:inst22|SMGame.s_idle                                                                                             ; Lost fanout                                                                                                                                   ;
; game_controller:inst22|SMGame.s_gameWon                                                                                          ; Lost fanout                                                                                                                                   ;
; game_controller:inst22|SMGame.s_gameLost                                                                                         ; Lost fanout                                                                                                                                   ;
; game_controller:inst22|SMGame.s_gameStarted                                                                                      ; Merged with game_controller:inst22|gameStarted                                                                                                ;
; Apple_Block:inst10|randomCounter:inst|blackCounter[0]                                                                            ; Merged with Apple_Block:inst10|randomCounter:inst|redCounter[0]                                                                               ;
; Total Number of Removed Registers = 61                                                                                           ;                                                                                                                                               ;
+----------------------------------------------------------------------------------------------------------------------------------+-----------------------------------------------------------------------------------------------------------------------------------------------+


+-------------------------------------------------------------------------------------------------+
; Removed Registers Triggering Further Register Optimizations                                     ;
+---------------------------------+--------------------+------------------------------------------+
; Register name                   ; Reason for Removal ; Registers Removed due to This Register   ;
+---------------------------------+--------------------+------------------------------------------+
; game_controller:inst22|SMGame~8 ; Lost Fanouts       ; game_controller:inst22|SMGame.s_gameLost ;
; game_controller:inst22|SMGame~9 ; Lost Fanouts       ; game_controller:inst22|SMGame.s_gameWon  ;
+---------------------------------+--------------------+------------------------------------------+


+------------------------------------------------------+
; General Register Statistics                          ;
+----------------------------------------------+-------+
; Statistic                                    ; Value ;
+----------------------------------------------+-------+
; Total registers                              ; 5406  ;
; Number of registers using Synchronous Clear  ; 488   ;
; Number of registers using Synchronous Load   ; 3226  ;
; Number of registers using Asynchronous Clear ; 5046  ;
; Number of registers using Asynchronous Load  ; 0     ;
; Number of registers using Clock Enable       ; 4779  ;
; Number of registers using Preset             ; 0     ;
+----------------------------------------------+-------+


+-----------------------------------------------------------------------+
; Inverted Register Statistics                                          ;
+-------------------------------------------------------------+---------+
; Inverted Register                                           ; Fan out ;
+-------------------------------------------------------------+---------+
; Snake_Block:inst13|snake_body:inst6|snakeLength[2]          ; 40      ;
; VGA_Controller:inst|oVGA_VS                                 ; 11      ;
; VGA_Controller:inst|oVGA_HS                                 ; 4       ;
; Audio_Block:inst6|AUDIO:inst|sintable:inst1|volume_level[1] ; 11      ;
; Audio_Block:inst6|AUDIO:inst|sintable:inst1|volume_level[0] ; 12      ;
; VGA_Controller:inst|oVGA_HS_d                               ; 1       ;
; Snake_Block:inst13|snake_body:inst6|trailY[6][7]            ; 4       ;
; Snake_Block:inst13|snake_body:inst6|trailY[6][6]            ; 6       ;
; Snake_Block:inst13|snake_body:inst6|trailY[6][5]            ; 6       ;
; Snake_Block:inst13|snake_body:inst6|trailY[6][4]            ; 6       ;
; Snake_Block:inst13|snake_body:inst6|trailX[6][8]            ; 5       ;
; Snake_Block:inst13|snake_body:inst6|trailX[6][7]            ; 5       ;
; Snake_Block:inst13|snake_body:inst6|trailX[12][8]           ; 5       ;
; Snake_Block:inst13|snake_body:inst6|trailX[12][7]           ; 5       ;
; Snake_Block:inst13|snake_body:inst6|trailY[12][7]           ; 4       ;
; Snake_Block:inst13|snake_body:inst6|trailY[12][6]           ; 5       ;
; Snake_Block:inst13|snake_body:inst6|trailY[12][5]           ; 5       ;
; Snake_Block:inst13|snake_body:inst6|trailY[12][4]           ; 5       ;
; Snake_Block:inst13|snake_body:inst6|trailY[18][7]           ; 3       ;
; Snake_Block:inst13|snake_body:inst6|trailY[18][4]           ; 4       ;
; Snake_Block:inst13|snake_body:inst6|trailY[18][6]           ; 5       ;
; Snake_Block:inst13|snake_body:inst6|trailY[18][5]           ; 5       ;
; Snake_Block:inst13|snake_body:inst6|trailX[18][8]           ; 5       ;
; Snake_Block:inst13|snake_body:inst6|trailX[18][7]           ; 5       ;
; Snake_Block:inst13|snake_body:inst6|trailY[24][7]           ; 3       ;
; Snake_Block:inst13|snake_body:inst6|trailY[24][4]           ; 4       ;
; Snake_Block:inst13|snake_body:inst6|trailY[24][6]           ; 5       ;
; Snake_Block:inst13|snake_body:inst6|trailY[24][5]           ; 5       ;
; Snake_Block:inst13|snake_body:inst6|trailX[24][8]           ; 5       ;
; Snake_Block:inst13|snake_body:inst6|trailX[24][7]           ; 5       ;
; Snake_Block:inst13|snake_body:inst6|trailY[30][6]           ; 6       ;
; Snake_Block:inst13|snake_body:inst6|trailY[30][5]           ; 6       ;
; Snake_Block:inst13|snake_body:inst6|trailY[30][4]           ; 6       ;
; Snake_Block:inst13|snake_body:inst6|trailY[30][7]           ; 5       ;
; Snake_Block:inst13|snake_body:inst6|trailX[30][8]           ; 6       ;
; Snake_Block:inst13|snake_body:inst6|trailX[30][7]           ; 6       ;
; Snake_Block:inst13|snake_body:inst6|trailY[36][6]           ; 6       ;
; Snake_Block:inst13|snake_body:inst6|trailY[36][5]           ; 6       ;
; Snake_Block:inst13|snake_body:inst6|trailY[36][4]           ; 6       ;
; Snake_Block:inst13|snake_body:inst6|trailY[36][7]           ; 5       ;
; Snake_Block:inst13|snake_body:inst6|trailX[36][8]           ; 6       ;
; Snake_Block:inst13|snake_body:inst6|trailX[36][7]           ; 6       ;
; Snake_Block:inst13|snake_body:inst6|trailX[42][8]           ; 6       ;
; Snake_Block:inst13|snake_body:inst6|trailX[42][7]           ; 6       ;
; Snake_Block:inst13|snake_body:inst6|trailY[42][7]           ; 5       ;
; Snake_Block:inst13|snake_body:inst6|trailY[42][6]           ; 6       ;
; Snake_Block:inst13|snake_body:inst6|trailY[42][5]           ; 6       ;
; Snake_Block:inst13|snake_body:inst6|trailY[42][4]           ; 6       ;
; Snake_Block:inst13|snake_body:inst6|trailY[48][6]           ; 6       ;
; Snake_Block:inst13|snake_body:inst6|trailY[48][5]           ; 6       ;
; Snake_Block:inst13|snake_body:inst6|trailY[48][4]           ; 6       ;
; Snake_Block:inst13|snake_body:inst6|trailY[48][7]           ; 5       ;
; Snake_Block:inst13|snake_body:inst6|trailX[48][8]           ; 6       ;
; Snake_Block:inst13|snake_body:inst6|trailX[48][7]           ; 6       ;
; Snake_Block:inst13|snake_body:inst6|trailY[54][6]           ; 5       ;
; Snake_Block:inst13|snake_body:inst6|trailY[54][5]           ; 5       ;
; Snake_Block:inst13|snake_body:inst6|trailY[54][4]           ; 5       ;
; Snake_Block:inst13|snake_body:inst6|trailY[54][7]           ; 5       ;
; Snake_Block:inst13|snake_body:inst6|trailX[54][8]           ; 6       ;
; Snake_Block:inst13|snake_body:inst6|trailX[54][7]           ; 6       ;
; Snake_Block:inst13|snake_body:inst6|trailY[60][6]           ; 5       ;
; Snake_Block:inst13|snake_body:inst6|trailY[60][5]           ; 5       ;
; Snake_Block:inst13|snake_body:inst6|trailY[60][4]           ; 5       ;
; Snake_Block:inst13|snake_body:inst6|trailY[60][7]           ; 5       ;
; Snake_Block:inst13|snake_body:inst6|trailX[60][8]           ; 6       ;
; Snake_Block:inst13|snake_body:inst6|trailX[60][7]           ; 6       ;
; Snake_Block:inst13|snake_body:inst6|trailY[66][6]           ; 5       ;
; Snake_Block:inst13|snake_body:inst6|trailY[66][5]           ; 5       ;
; Snake_Block:inst13|snake_body:inst6|trailY[66][4]           ; 5       ;
; Snake_Block:inst13|snake_body:inst6|trailY[66][7]           ; 5       ;
; Snake_Block:inst13|snake_body:inst6|trailX[66][8]           ; 6       ;
; Snake_Block:inst13|snake_body:inst6|trailX[66][7]           ; 6       ;
; Snake_Block:inst13|snake_body:inst6|trailY[72][6]           ; 5       ;
; Snake_Block:inst13|snake_body:inst6|trailY[72][5]           ; 5       ;
; Snake_Block:inst13|snake_body:inst6|trailY[72][4]           ; 5       ;
; Snake_Block:inst13|snake_body:inst6|trailY[72][7]           ; 5       ;
; Snake_Block:inst13|snake_body:inst6|trailX[72][8]           ; 6       ;
; Snake_Block:inst13|snake_body:inst6|trailX[72][7]           ; 6       ;
; Snake_Block:inst13|snake_body:inst6|trailY[78][6]           ; 5       ;
; Snake_Block:inst13|snake_body:inst6|trailY[78][5]           ; 5       ;
; Snake_Block:inst13|snake_body:inst6|trailY[78][4]           ; 5       ;
; Snake_Block:inst13|snake_body:inst6|trailY[78][7]           ; 5       ;
; Snake_Block:inst13|snake_body:inst6|trailX[78][8]           ; 6       ;
; Snake_Block:inst13|snake_body:inst6|trailX[78][7]           ; 6       ;
; Snake_Block:inst13|snake_body:inst6|trailY[84][6]           ; 5       ;
; Snake_Block:inst13|snake_body:inst6|trailY[84][5]           ; 5       ;
; Snake_Block:inst13|snake_body:inst6|trailY[84][4]           ; 5       ;
; Snake_Block:inst13|snake_body:inst6|trailY[84][7]           ; 5       ;
; Snake_Block:inst13|snake_body:inst6|trailX[84][8]           ; 6       ;
; Snake_Block:inst13|snake_body:inst6|trailX[84][7]           ; 6       ;
; Snake_Block:inst13|snake_body:inst6|trailY[90][6]           ; 5       ;
; Snake_Block:inst13|snake_body:inst6|trailY[90][5]           ; 5       ;
; Snake_Block:inst13|snake_body:inst6|trailY[90][4]           ; 5       ;
; Snake_Block:inst13|snake_body:inst6|trailY[90][7]           ; 5       ;
; Snake_Block:inst13|snake_body:inst6|trailX[90][8]           ; 6       ;
; Snake_Block:inst13|snake_body:inst6|trailX[90][7]           ; 6       ;
; Snake_Block:inst13|snake_body:inst6|trailX[96][8]           ; 5       ;
; Snake_Block:inst13|snake_body:inst6|trailX[96][7]           ; 5       ;
; Snake_Block:inst13|snake_body:inst6|trailY[96][7]           ; 4       ;
; Snake_Block:inst13|snake_body:inst6|trailY[96][6]           ; 5       ;
; Total number of inverted registers = 1233*                  ;         ;
+-------------------------------------------------------------+---------+
* Table truncated at 100 items. To change the number of inverted registers reported, set the "Number of Inverted Registers Reported" option under Assignments->Settings->Analysis and Synthesis Settings->More Settings


+---------------------------------------------------------------------------------------------------------------------------------------------------------------------------------------------------+
; Multiplexer Restructuring Statistics (Restructuring Performed)                                                                                                                                    ;
+--------------------+-----------+---------------+----------------------+------------------------+------------+-------------------------------------------------------------------------------------+
; Multiplexer Inputs ; Bus Width ; Baseline Area ; Area if Restructured ; Saving if Restructured ; Registered ; Example Multiplexer Output                                                          ;
+--------------------+-----------+---------------+----------------------+------------------------+------------+-------------------------------------------------------------------------------------+
; 3:1                ; 5 bits    ; 10 LEs        ; 5 LEs                ; 5 LEs                  ; Yes        ; |TOP_VGA_DEMO|TOP_KBD:inst16|keyPad_decoder:inst2|keyIsPressed[8]                   ;
; 3:1                ; 2 bits    ; 4 LEs         ; 4 LEs                ; 0 LEs                  ; Yes        ; |TOP_VGA_DEMO|game_controller:inst22|gameOverPulse                                  ;
; 3:1                ; 3072 bits ; 6144 LEs      ; 0 LEs                ; 6144 LEs               ; Yes        ; |TOP_VGA_DEMO|Snake_Block:inst13|snake_body:inst6|trailY[50][3]                     ;
; 4:1                ; 3 bits    ; 6 LEs         ; 6 LEs                ; 0 LEs                  ; Yes        ; |TOP_VGA_DEMO|Apple_Block:inst10|blue_apple_controller:inst8|redModuloCounter[2]    ;
; 8:1                ; 3 bits    ; 15 LEs        ; 6 LEs                ; 9 LEs                  ; Yes        ; |TOP_VGA_DEMO|Score_Block:inst11|appleCounter:inst133|scoreLow[1]                   ;
; 8:1                ; 5 bits    ; 25 LEs        ; 20 LEs               ; 5 LEs                  ; Yes        ; |TOP_VGA_DEMO|Snake_Block:inst13|snake_body:inst6|snakeLength[3]                    ;
; 8:1                ; 2 bits    ; 10 LEs        ; 8 LEs                ; 2 LEs                  ; Yes        ; |TOP_VGA_DEMO|Audio_Block:inst6|sound_effect_controller:inst1|melodySelect[0]       ;
; 8:1                ; 3 bits    ; 15 LEs        ; 6 LEs                ; 9 LEs                  ; Yes        ; |TOP_VGA_DEMO|Score_Block:inst11|appleCounter:inst133|scoreHigh[3]                  ;
; 8:1                ; 8 bits    ; 40 LEs        ; 24 LEs               ; 16 LEs                 ; Yes        ; |TOP_VGA_DEMO|Snake_Block:inst13|speed_controller:inst|moveSpeed[4]                 ;
; 21:1               ; 6 bits    ; 84 LEs        ; 84 LEs               ; 0 LEs                  ; Yes        ; |TOP_VGA_DEMO|objects_mux:inst19|RGBOut[4]                                          ;
; 21:1               ; 2 bits    ; 28 LEs        ; 28 LEs               ; 0 LEs                  ; Yes        ; |TOP_VGA_DEMO|objects_mux:inst19|RGBOut[0]                                          ;
; 3:1                ; 1152 bits ; 2304 LEs      ; 1152 LEs             ; 1152 LEs               ; Yes        ; |TOP_VGA_DEMO|Snake_Block:inst13|snake_body:inst6|trailY[189][4]                    ;
; 8:1                ; 2 bits    ; 10 LEs        ; 8 LEs                ; 2 LEs                  ; Yes        ; |TOP_VGA_DEMO|Snake_Block:inst13|speed_controller:inst|moveSpeed[7]                 ;
; 8:1                ; 5 bits    ; 25 LEs        ; 10 LEs               ; 15 LEs                 ; Yes        ; |TOP_VGA_DEMO|Audio_Block:inst6|AUDIO:inst|melody_player_1:inst5|noteTimeCounter[2] ;
; 10:1               ; 2 bits    ; 12 LEs        ; 4 LEs                ; 8 LEs                  ; Yes        ; |TOP_VGA_DEMO|Snake_Block:inst13|snake_head:inst3|Xposition[13]                     ;
; 11:1               ; 2 bits    ; 14 LEs        ; 8 LEs                ; 6 LEs                  ; Yes        ; |TOP_VGA_DEMO|Snake_Block:inst13|snake_head:inst3|targetX[14]                       ;
; 11:1               ; 4 bits    ; 28 LEs        ; 16 LEs               ; 12 LEs                 ; Yes        ; |TOP_VGA_DEMO|Snake_Block:inst13|snake_head:inst3|targetY[13]                       ;
; 13:1               ; 4 bits    ; 32 LEs        ; 8 LEs                ; 24 LEs                 ; Yes        ; |TOP_VGA_DEMO|Snake_Block:inst13|snake_head:inst3|Yposition[13]                     ;
; 3:1                ; 4 bits    ; 8 LEs         ; 8 LEs                ; 0 LEs                  ; No         ; |TOP_VGA_DEMO|Snake_Block:inst13|snake_head:inst3|currentDir                        ;
; 3:1                ; 20 bits   ; 40 LEs        ; 40 LEs               ; 0 LEs                  ; No         ; |TOP_VGA_DEMO|back_ground_draw:inst4|tileX[1]                                       ;
; 4:1                ; 7 bits    ; 14 LEs        ; 14 LEs               ; 0 LEs                  ; No         ; |TOP_VGA_DEMO|Audio_Block:inst6|AUDIO:inst|sintable:inst1|Mux3                      ;
; 3:1                ; 9 bits    ; 18 LEs        ; 18 LEs               ; 0 LEs                  ; No         ; |TOP_VGA_DEMO|Score_Block:inst11|NumbersBitMap:inst500|address[3]                   ;
; 4:1                ; 5 bits    ; 10 LEs        ; 10 LEs               ; 0 LEs                  ; No         ; |TOP_VGA_DEMO|Audio_Block:inst6|AUDIO:inst|ToneDecoder:inst4|ShiftRight0            ;
; 4:1                ; 3 bits    ; 6 LEs         ; 6 LEs                ; 0 LEs                  ; No         ; |TOP_VGA_DEMO|end_message_display:inst17|messageState                               ;
; 3:1                ; 8 bits    ; 16 LEs        ; 16 LEs               ; 0 LEs                  ; No         ; |TOP_VGA_DEMO|Apple_Block:inst10|AppleBitMap:inst3|Selector1                        ;
; 4:1                ; 10 bits   ; 20 LEs        ; 20 LEs               ; 0 LEs                  ; No         ; |TOP_VGA_DEMO|Apple_Block:inst10|AppleBitMap:inst3|address[0]                       ;
; 4:1                ; 2 bits    ; 4 LEs         ; 4 LEs                ; 0 LEs                  ; No         ; |TOP_VGA_DEMO|Snake_Block:inst13|snake_head:inst3|requestedDir.DIR_NONE             ;
; 5:1                ; 4 bits    ; 12 LEs        ; 8 LEs                ; 4 LEs                  ; No         ; |TOP_VGA_DEMO|Snake_Block:inst13|headBitMap:inst5|Mux8                              ;
; 5:1                ; 4 bits    ; 12 LEs        ; 8 LEs                ; 4 LEs                  ; No         ; |TOP_VGA_DEMO|Snake_Block:inst13|headBitMap:inst5|Mux3                              ;
; 5:1                ; 4 bits    ; 12 LEs        ; 12 LEs               ; 0 LEs                  ; No         ; |TOP_VGA_DEMO|Audio_Block:inst6|AUDIO:inst|ToneDecoder:inst4|ShiftRight0            ;
; 4:1                ; 2 bits    ; 4 LEs         ; 4 LEs                ; 0 LEs                  ; No         ; |TOP_VGA_DEMO|Hex_Block:inst5|snakeLengthDigits:inst1|onesDigit[2]                  ;
; 5:1                ; 4 bits    ; 12 LEs        ; 12 LEs               ; 0 LEs                  ; No         ; |TOP_VGA_DEMO|Score_Block:inst11|NumbersBitMap:inst500|address[9]                   ;
; 6:1                ; 4 bits    ; 16 LEs        ; 12 LEs               ; 4 LEs                  ; No         ; |TOP_VGA_DEMO|game_controller:inst22|Selector1                                      ;
; 7:1                ; 30 bits   ; 120 LEs       ; 60 LEs               ; 60 LEs                 ; No         ; |TOP_VGA_DEMO|Snake_Block:inst13|snake_head:inst3|Xposition                         ;
; 6:1                ; 2 bits    ; 8 LEs         ; 4 LEs                ; 4 LEs                  ; No         ; |TOP_VGA_DEMO|Audio_Block:inst6|AUDIO:inst|melody_player_1:inst5|Selector16         ;
; 8:1                ; 2 bits    ; 10 LEs        ; 6 LEs                ; 4 LEs                  ; No         ; |TOP_VGA_DEMO|Audio_Block:inst6|AUDIO:inst|melody_player_1:inst5|Selector15         ;
; 8:1                ; 21 bits   ; 105 LEs       ; 63 LEs               ; 42 LEs                 ; No         ; |TOP_VGA_DEMO|Snake_Block:inst13|snake_head:inst3|targetX                           ;
; 8:1                ; 19 bits   ; 95 LEs        ; 57 LEs               ; 38 LEs                 ; No         ; |TOP_VGA_DEMO|Snake_Block:inst13|snake_head:inst3|targetY                           ;
; 10:1               ; 28 bits   ; 168 LEs       ; 56 LEs               ; 112 LEs                ; No         ; |TOP_VGA_DEMO|Snake_Block:inst13|snake_head:inst3|Yposition                         ;
; 12:1               ; 8 bits    ; 64 LEs        ; 56 LEs               ; 8 LEs                  ; No         ; |TOP_VGA_DEMO|back_ground_draw:inst4|Selector0                                      ;
; 32:1               ; 14 bits   ; 294 LEs       ; 294 LEs              ; 0 LEs                  ; No         ; |TOP_VGA_DEMO|Snake_Block:inst13|snake_body:inst6|Add8                              ;
; 34:1               ; 7 bits    ; 154 LEs       ; 14 LEs               ; 140 LEs                ; No         ; |TOP_VGA_DEMO|Snake_Block:inst13|snake_body:inst6|address[8]                        ;
; 34:1               ; 3 bits    ; 66 LEs        ; 66 LEs               ; 0 LEs                  ; No         ; |TOP_VGA_DEMO|Snake_Block:inst13|snake_body:inst6|address[1]                        ;
+--------------------+-----------+---------------+----------------------+------------------------+------------+-------------------------------------------------------------------------------------+


+---------------------------------------------------------------------------------------------------------------------------------------------------------+
; Source assignments for TOP_KBD:inst16|KBDINTF:inst                                                                                                      ;
+--------------------------------------------------------------------------------+--------------------+------+--------------------------------------------+
; Assignment                                                                     ; Value              ; From ; To                                         ;
+--------------------------------------------------------------------------------+--------------------+------+--------------------------------------------+
; LOCATION                                                                       ; PIN_Y21            ;      ; ADC_CONVST                                 ;
; LOCATION                                                                       ; PIN_W22            ;      ; ADC_DIN                                    ;
; LOCATION                                                                       ; PIN_V23            ;      ; ADC_DOUT                                   ;
; LOCATION                                                                       ; PIN_W24            ;      ; ADC_SCLK                                   ;
; LOCATION                                                                       ; PIN_AC22           ;      ; AUDOUT[0]                                  ;
; LOCATION                                                                       ; PIN_AH29           ;      ; AUDOUT[1]                                  ;
; LOCATION                                                                       ; PIN_AF30           ;      ; AUDOUT[2]                                  ;
; LOCATION                                                                       ; PIN_AF29           ;      ; AUDOUT[3]                                  ;
; LOCATION                                                                       ; PIN_AG30           ;      ; AUDOUT[4]                                  ;
; LOCATION                                                                       ; PIN_AH30           ;      ; AUDOUT[5]                                  ;
; LOCATION                                                                       ; PIN_Y24            ;      ; AUDOUT[6]                                  ;
; LOCATION                                                                       ; PIN_Y23            ;      ; AUDOUT[7]                                  ;
; LOCATION                                                                       ; PIN_AJ29           ;      ; AUD_ADCDAT                                 ;
; LOCATION                                                                       ; PIN_AF14           ;      ; CLOCK_50                                   ;
; LOCATION                                                                       ; PIN_W17            ;      ; HEX0[0]                                    ;
; LOCATION                                                                       ; PIN_V18            ;      ; HEX0[1]                                    ;
; LOCATION                                                                       ; PIN_AG17           ;      ; HEX0[2]                                    ;
; LOCATION                                                                       ; PIN_AG16           ;      ; HEX0[3]                                    ;
; LOCATION                                                                       ; PIN_AH17           ;      ; HEX0[4]                                    ;
; LOCATION                                                                       ; PIN_AG18           ;      ; HEX0[5]                                    ;
; LOCATION                                                                       ; PIN_AH18           ;      ; HEX0[6]                                    ;
; LOCATION                                                                       ; PIN_AF16           ;      ; HEX1[0]                                    ;
; LOCATION                                                                       ; PIN_V16            ;      ; HEX1[1]                                    ;
; LOCATION                                                                       ; PIN_AE16           ;      ; HEX1[2]                                    ;
; LOCATION                                                                       ; PIN_AD17           ;      ; HEX1[3]                                    ;
; LOCATION                                                                       ; PIN_AE18           ;      ; HEX1[4]                                    ;
; LOCATION                                                                       ; PIN_AE17           ;      ; HEX1[5]                                    ;
; LOCATION                                                                       ; PIN_V17            ;      ; HEX1[6]                                    ;
; LOCATION                                                                       ; PIN_AA21           ;      ; HEX2[0]                                    ;
; LOCATION                                                                       ; PIN_AB17           ;      ; HEX2[1]                                    ;
; LOCATION                                                                       ; PIN_AA18           ;      ; HEX2[2]                                    ;
; LOCATION                                                                       ; PIN_Y17            ;      ; HEX2[3]                                    ;
; LOCATION                                                                       ; PIN_Y18            ;      ; HEX2[4]                                    ;
; LOCATION                                                                       ; PIN_AF18           ;      ; HEX2[5]                                    ;
; LOCATION                                                                       ; PIN_W16            ;      ; HEX2[6]                                    ;
; LOCATION                                                                       ; PIN_Y19            ;      ; HEX3[0]                                    ;
; LOCATION                                                                       ; PIN_W19            ;      ; HEX3[1]                                    ;
; LOCATION                                                                       ; PIN_AD19           ;      ; HEX3[2]                                    ;
; LOCATION                                                                       ; PIN_AA20           ;      ; HEX3[3]                                    ;
; LOCATION                                                                       ; PIN_AC20           ;      ; HEX3[4]                                    ;
; LOCATION                                                                       ; PIN_AA19           ;      ; HEX3[5]                                    ;
; LOCATION                                                                       ; PIN_AD20           ;      ; HEX3[6]                                    ;
; LOCATION                                                                       ; PIN_AD21           ;      ; HEX4[0]                                    ;
; LOCATION                                                                       ; PIN_AG22           ;      ; HEX4[1]                                    ;
; LOCATION                                                                       ; PIN_AE22           ;      ; HEX4[2]                                    ;
; LOCATION                                                                       ; PIN_AE23           ;      ; HEX4[3]                                    ;
; LOCATION                                                                       ; PIN_AG23           ;      ; HEX4[4]                                    ;
; LOCATION                                                                       ; PIN_AF23           ;      ; HEX4[5]                                    ;
; LOCATION                                                                       ; PIN_AH22           ;      ; HEX4[6]                                    ;
; LOCATION                                                                       ; PIN_AF21           ;      ; HEX5[0]                                    ;
; LOCATION                                                                       ; PIN_AG21           ;      ; HEX5[1]                                    ;
; LOCATION                                                                       ; PIN_AF20           ;      ; HEX5[2]                                    ;
; LOCATION                                                                       ; PIN_AG20           ;      ; HEX5[3]                                    ;
; LOCATION                                                                       ; PIN_AE19           ;      ; HEX5[4]                                    ;
; LOCATION                                                                       ; PIN_AF19           ;      ; HEX5[5]                                    ;
; LOCATION                                                                       ; PIN_AB21           ;      ; HEX5[6]                                    ;
; LOCATION                                                                       ; PIN_AK4            ;      ; KEY[1]                                     ;
; LOCATION                                                                       ; PIN_AA14           ;      ; KEY[2]                                     ;
; LOCATION                                                                       ; PIN_AA15           ;      ; KEY[3]                                     ;
; LOCATION                                                                       ; PIN_AD24           ;      ; LEDR[3]                                    ;
; LOCATION                                                                       ; PIN_AG25           ;      ; LEDR[4]                                    ;
; LOCATION                                                                       ; PIN_AK29           ;      ; OVGA[0]                                    ;
; LOCATION                                                                       ; PIN_AH25           ;      ; OVGA[10]                                   ;
; LOCATION                                                                       ; PIN_AK24           ;      ; OVGA[11]                                   ;
; LOCATION                                                                       ; PIN_AJ24           ;      ; OVGA[12]                                   ;
; LOCATION                                                                       ; PIN_AH24           ;      ; OVGA[13]                                   ;
; LOCATION                                                                       ; PIN_AK23           ;      ; OVGA[14]                                   ;
; LOCATION                                                                       ; PIN_AH23           ;      ; OVGA[15]                                   ;
; LOCATION                                                                       ; PIN_AJ21           ;      ; OVGA[16]                                   ;
; LOCATION                                                                       ; PIN_AJ20           ;      ; OVGA[17]                                   ;
; LOCATION                                                                       ; PIN_AH20           ;      ; OVGA[18]                                   ;
; LOCATION                                                                       ; PIN_AJ19           ;      ; OVGA[19]                                   ;
; LOCATION                                                                       ; PIN_AK28           ;      ; OVGA[1]                                    ;
; LOCATION                                                                       ; PIN_AH19           ;      ; OVGA[20]                                   ;
; LOCATION                                                                       ; PIN_AJ17           ;      ; OVGA[21]                                   ;
; LOCATION                                                                       ; PIN_AJ16           ;      ; OVGA[22]                                   ;
; LOCATION                                                                       ; PIN_AK16           ;      ; OVGA[23]                                   ;
; LOCATION                                                                       ; PIN_AK19           ;      ; OVGA[24]                                   ;
; LOCATION                                                                       ; PIN_AK18           ;      ; OVGA[25]                                   ;
; LOCATION                                                                       ; PIN_AJ22           ;      ; OVGA[26]                                   ;
; LOCATION                                                                       ; PIN_AK22           ;      ; OVGA[27]                                   ;
; LOCATION                                                                       ; PIN_AK21           ;      ; OVGA[28]                                   ;
; LOCATION                                                                       ; PIN_AK27           ;      ; OVGA[2]                                    ;
; LOCATION                                                                       ; PIN_AJ27           ;      ; OVGA[3]                                    ;
; LOCATION                                                                       ; PIN_AH27           ;      ; OVGA[4]                                    ;
; LOCATION                                                                       ; PIN_AF26           ;      ; OVGA[5]                                    ;
; LOCATION                                                                       ; PIN_AG26           ;      ; OVGA[6]                                    ;
; LOCATION                                                                       ; PIN_AJ26           ;      ; OVGA[7]                                    ;
; LOCATION                                                                       ; PIN_AK26           ;      ; OVGA[8]                                    ;
; LOCATION                                                                       ; PIN_AJ25           ;      ; OVGA[9]                                    ;
; LOCATION                                                                       ; PIN_AB25           ;      ; PS2_CLK                                    ;
; LOCATION                                                                       ; PIN_AA25           ;      ; PS2_DAT                                    ;
; LOCATION                                                                       ; PIN_AB30           ;      ; SW[0]                                      ;
; LOCATION                                                                       ; PIN_Y27            ;      ; SW[1]                                      ;
; LOCATION                                                                       ; PIN_AB28           ;      ; SW[2]                                      ;
; LOCATION                                                                       ; PIN_AC30           ;      ; SW[3]                                      ;
; LOCATION                                                                       ; PIN_W25            ;      ; SW[4]                                      ;
; LOCATION                                                                       ; PIN_V25            ;      ; SW[5]                                      ;
; LOCATION                                                                       ; PIN_AC28           ;      ; SW[6]                                      ;
; LOCATION                                                                       ; PIN_AD30           ;      ; SW[7]                                      ;
; LOCATION                                                                       ; PIN_AC29           ;      ; SW[8]                                      ;
; LOCATION                                                                       ; PIN_AA30           ;      ; SW[9]                                      ;
; LOCATION                                                                       ; PIN_AA24           ;      ; ball_toggle                                ;
; LOCATION                                                                       ; PIN_AE11           ;      ; greenLight                                 ;
; LOCATION                                                                       ; PIN_AB23           ;      ; ir_write                                   ;
; LOCATION                                                                       ; PIN_AF25           ;      ; numKey[0]                                  ;
; LOCATION                                                                       ; PIN_AE24           ;      ; numKey[1]                                  ;
; LOCATION                                                                       ; PIN_AF24           ;      ; numKey[2]                                  ;
; LOCATION                                                                       ; PIN_AB22           ;      ; numKey[3]                                  ;
; LOCATION                                                                       ; PIN_AF9            ;      ; redLight                                   ;
; LOCATION                                                                       ; PIN_AJ4            ;      ; resetN_pin                                 ;
; LOCATION                                                                       ; PIN_AC23           ;      ; sound_on                                   ;
; LOCATION                                                                       ; PIN_AE7            ;      ; yellowLight                                ;
; ENABLE_UNUSED_RX_CLOCK_WORKAROUND                                              ; OFF                ;      ;                                            ;
; PRESERVE_UNUSED_XCVR_CHANNEL                                                   ; OFF                ;      ;                                            ;
; ADV_NETLIST_OPT_SYNTH_WYSIWYG_REMAP                                            ; OFF                ;      ;                                            ;
; SYNCHRONIZATION_REGISTER_CHAIN_LENGTH                                          ; 3                  ;      ;                                            ;
; OPTIMIZE_POWER_DURING_SYNTHESIS                                                ; NORMAL COMPILATION ;      ;                                            ;
; TXPMA_SLEW_RATE                                                                ; LOW                ;      ;                                            ;
; ADCE_ENABLED                                                                   ; AUTO               ;      ;                                            ;
; BLOCK_RAM_TO_MLAB_CELL_CONVERSION                                              ; ON                 ;      ;                                            ;
; BLOCK_RAM_AND_MLAB_EQUIVALENT_POWER_UP_CONDITIONS                              ; AUTO               ;      ;                                            ;
; BLOCK_RAM_AND_MLAB_EQUIVALENT_PAUSED_READ_CAPABILITIES                         ; CARE               ;      ;                                            ;
; OPTIMIZE_POWER_DURING_FITTING                                                  ; NORMAL COMPILATION ;      ;                                            ;
; PHYSICAL_SYNTHESIS_COMBO_LOGIC_FOR_AREA                                        ; OFF                ;      ;                                            ;
; PHYSICAL_SYNTHESIS_COMBO_LOGIC                                                 ; OFF                ;      ;                                            ;
; PHYSICAL_SYNTHESIS_REGISTER_DUPLICATION                                        ; OFF                ;      ;                                            ;
; PHYSICAL_SYNTHESIS_MAP_LOGIC_TO_MEMORY_FOR_AREA                                ; OFF                ;      ;                                            ;
; PHYSICAL_SYNTHESIS_REGISTER_RETIMING                                           ; OFF                ;      ;                                            ;
; PHYSICAL_SYNTHESIS_ASYNCHRONOUS_SIGNAL_PIPELINING                              ; OFF                ;      ;                                            ;
; ENABLE_BENEFICIAL_SKEW_OPTIMIZATION                                            ; ON                 ;      ;                                            ;
; FORM_DDR_CLUSTERING_CLIQUE                                                     ; OFF                ;      ;                                            ;
; HYPER_RETIMER_FAST_FORWARD_ADD_PIPELINING_MAX                                  ; -1                 ;      ;                                            ;
; HYPER_RETIMER_FAST_FORWARD_ASYNCH_CLEAR                                        ; AUTO               ;      ;                                            ;
; HYPER_RETIMER_FAST_FORWARD_USER_PRESERVE_RESTRICTION                           ; AUTO               ;      ;                                            ;
; HYPER_RETIMER_FAST_FORWARD_DSP_BLOCKS                                          ; ON                 ;      ;                                            ;
; HYPER_RETIMER_FAST_FORWARD_RAM_BLOCKS                                          ; ON                 ;      ;                                            ;
; POWER_REPORT_SIGNAL_ACTIVITY                                                   ; OFF                ;      ;                                            ;
; POWER_REPORT_POWER_DISSIPATION                                                 ; OFF                ;      ;                                            ;
; ARRIAIIGX_RX_CDR_LOCKUP_FIX_OVERRIDE                                           ; OFF                ;      ;                                            ;
; MUX_RESTRUCTURE                                                                ; AUTO               ;      ;                                            ;
; MLAB_ADD_TIMING_CONSTRAINTS_FOR_MIXED_PORT_FEED_THROUGH_MODE_SETTING_DONT_CARE ; OFF                ;      ;                                            ;
; STATE_MACHINE_PROCESSING                                                       ; AUTO               ;      ;                                            ;
; SAFE_STATE_MACHINE                                                             ; OFF                ;      ;                                            ;
; IGNORE_VERILOG_INITIAL_CONSTRUCTS                                              ; OFF                ;      ;                                            ;
; VERILOG_CONSTANT_LOOP_LIMIT                                                    ; 5000               ;      ;                                            ;
; VERILOG_NON_CONSTANT_LOOP_LIMIT                                                ; 250                ;      ;                                            ;
; INFER_RAMS_FROM_RAW_LOGIC                                                      ; ON                 ;      ;                                            ;
; DSP_BLOCK_BALANCING                                                            ; AUTO               ;      ;                                            ;
; NOT_GATE_PUSH_BACK                                                             ; ON                 ;      ;                                            ;
; REMOVE_REDUNDANT_LOGIC_CELLS                                                   ; OFF                ;      ;                                            ;
; REMOVE_DUPLICATE_REGISTERS                                                     ; ON                 ;      ;                                            ;
; IGNORE_CARRY_BUFFERS                                                           ; OFF                ;      ;                                            ;
; IGNORE_CASCADE_BUFFERS                                                         ; OFF                ;      ;                                            ;
; IGNORE_GLOBAL_BUFFERS                                                          ; OFF                ;      ;                                            ;
; IGNORE_ROW_GLOBAL_BUFFERS                                                      ; OFF                ;      ;                                            ;
; IGNORE_LCELL_BUFFERS                                                           ; OFF                ;      ;                                            ;
; MAX7000_IGNORE_LCELL_BUFFERS                                                   ; AUTO               ;      ;                                            ;
; IGNORE_SOFT_BUFFERS                                                            ; ON                 ;      ;                                            ;
; MAX7000_IGNORE_SOFT_BUFFERS                                                    ; OFF                ;      ;                                            ;
; AUTO_GLOBAL_CLOCK_MAX                                                          ; ON                 ;      ;                                            ;
; AUTO_GLOBAL_OE_MAX                                                             ; ON                 ;      ;                                            ;
; MAX_AUTO_GLOBAL_REGISTER_CONTROLS                                              ; ON                 ;      ;                                            ;
; AUTO_IMPLEMENT_IN_ROM                                                          ; OFF                ;      ;                                            ;
; APEX20K_TECHNOLOGY_MAPPER                                                      ; LUT                ;      ;                                            ;
; OPTIMIZATION_TECHNIQUE                                                         ; BALANCED           ;      ;                                            ;
; STRATIXII_OPTIMIZATION_TECHNIQUE                                               ; BALANCED           ;      ;                                            ;
; CYCLONE_OPTIMIZATION_TECHNIQUE                                                 ; BALANCED           ;      ;                                            ;
; CYCLONEII_OPTIMIZATION_TECHNIQUE                                               ; BALANCED           ;      ;                                            ;
; STRATIX_OPTIMIZATION_TECHNIQUE                                                 ; BALANCED           ;      ;                                            ;
; MAXII_OPTIMIZATION_TECHNIQUE                                                   ; BALANCED           ;      ;                                            ;
; MAX7000_OPTIMIZATION_TECHNIQUE                                                 ; SPEED              ;      ;                                            ;
; APEX20K_OPTIMIZATION_TECHNIQUE                                                 ; BALANCED           ;      ;                                            ;
; MERCURY_OPTIMIZATION_TECHNIQUE                                                 ; AREA               ;      ;                                            ;
; FLEX6K_OPTIMIZATION_TECHNIQUE                                                  ; AREA               ;      ;                                            ;
; FLEX10K_OPTIMIZATION_TECHNIQUE                                                 ; AREA               ;      ;                                            ;
; ALLOW_XOR_GATE_USAGE                                                           ; ON                 ;      ;                                            ;
; AUTO_LCELL_INSERTION                                                           ; ON                 ;      ;                                            ;
; CARRY_CHAIN_LENGTH                                                             ; 48                 ;      ;                                            ;
; FLEX6K_CARRY_CHAIN_LENGTH                                                      ; 32                 ;      ;                                            ;
; FLEX10K_CARRY_CHAIN_LENGTH                                                     ; 32                 ;      ;                                            ;
; MERCURY_CARRY_CHAIN_LENGTH                                                     ; 48                 ;      ;                                            ;
; STRATIX_CARRY_CHAIN_LENGTH                                                     ; 70                 ;      ;                                            ;
; STRATIXII_CARRY_CHAIN_LENGTH                                                   ; 70                 ;      ;                                            ;
; CASCADE_CHAIN_LENGTH                                                           ; 2                  ;      ;                                            ;
; PARALLEL_EXPANDER_CHAIN_LENGTH                                                 ; 16                 ;      ;                                            ;
; MAX7000_PARALLEL_EXPANDER_CHAIN_LENGTH                                         ; 4                  ;      ;                                            ;
; AUTO_CARRY_CHAINS                                                              ; ON                 ;      ;                                            ;
; AUTO_CASCADE_CHAINS                                                            ; ON                 ;      ;                                            ;
; AUTO_PARALLEL_EXPANDERS                                                        ; ON                 ;      ;                                            ;
; AUTO_OPEN_DRAIN_PINS                                                           ; ON                 ;      ;                                            ;
; AUTO_ROM_RECOGNITION                                                           ; ON                 ;      ;                                            ;
; AUTO_RAM_RECOGNITION                                                           ; ON                 ;      ;                                            ;
; AUTO_DSP_RECOGNITION                                                           ; ON                 ;      ;                                            ;
; AUTO_SHIFT_REGISTER_RECOGNITION                                                ; AUTO               ;      ;                                            ;
; ALLOW_SHIFT_REGISTER_MERGING_ACROSS_HIERARCHIES                                ; AUTO               ;      ;                                            ;
; AUTO_CLOCK_ENABLE_RECOGNITION                                                  ; ON                 ;      ;                                            ;
; STRICT_RAM_RECOGNITION                                                         ; OFF                ;      ;                                            ;
; ALLOW_SYNCH_CTRL_USAGE                                                         ; ON                 ;      ;                                            ;
; FORCE_SYNCH_CLEAR                                                              ; OFF                ;      ;                                            ;
; AUTO_RAM_TO_LCELL_CONVERSION                                                   ; OFF                ;      ;                                            ;
; AUTO_RESOURCE_SHARING                                                          ; OFF                ;      ;                                            ;
; ALLOW_ANY_RAM_SIZE_FOR_RECOGNITION                                             ; OFF                ;      ;                                            ;
; ALLOW_ANY_ROM_SIZE_FOR_RECOGNITION                                             ; OFF                ;      ;                                            ;
; ALLOW_ANY_SHIFT_REGISTER_SIZE_FOR_RECOGNITION                                  ; OFF                ;      ;                                            ;
; MAX7000_FANIN_PER_CELL                                                         ; 100                ;      ;                                            ;
; SYNTH_TIMING_DRIVEN_SYNTHESIS                                                  ; ON                 ;      ;                                            ;
; IGNORE_MAX_FANOUT_ASSIGNMENTS                                                  ; OFF                ;      ;                                            ;
; USE_HIGH_SPEED_ADDER                                                           ; AUTO               ;      ;                                            ;
; SYNTH_GATED_CLOCK_CONVERSION                                                   ; OFF                ;      ;                                            ;
; BLOCK_DESIGN_NAMING                                                            ; AUTO               ;      ;                                            ;
; SHIFT_REGISTER_RECOGNITION_ACLR_SIGNAL                                         ; ON                 ;      ;                                            ;
; PRPOF_ID                                                                       ; OFF                ;      ;                                            ;
; DISABLE_DSP_NEGATE_INFERENCING                                                 ; OFF                ;      ;                                            ;
; AUTO_MERGE_PLLS                                                                ; ON                 ;      ;                                            ;
; IGNORE_MODE_FOR_MERGE                                                          ; OFF                ;      ;                                            ;
; PERIPHERY_TO_CORE_PLACEMENT_AND_ROUTING_OPTIMIZATION                           ; OFF                ;      ;                                            ;
; SLOW_SLEW_RATE                                                                 ; OFF                ;      ;                                            ;
; PCI_IO                                                                         ; OFF                ;      ;                                            ;
; TURBO_BIT                                                                      ; ON                 ;      ;                                            ;
; WEAK_PULL_UP_RESISTOR                                                          ; OFF                ;      ;                                            ;
; ENABLE_BUS_HOLD_CIRCUITRY                                                      ; OFF                ;      ;                                            ;
; AUTO_GLOBAL_MEMORY_CONTROLS                                                    ; OFF                ;      ;                                            ;
; QII_AUTO_PACKED_REGISTERS                                                      ; AUTO               ;      ;                                            ;
; AUTO_PACKED_REGISTERS_MAX                                                      ; AUTO               ;      ;                                            ;
; NORMAL_LCELL_INSERT                                                            ; ON                 ;      ;                                            ;
; CARRY_OUT_PINS_LCELL_INSERT                                                    ; ON                 ;      ;                                            ;
; XSTL_INPUT_ALLOW_SE_BUFFER                                                     ; OFF                ;      ;                                            ;
; TREAT_BIDIR_AS_OUTPUT                                                          ; OFF                ;      ;                                            ;
; AUTO_TURBO_BIT                                                                 ; ON                 ;      ;                                            ;
; AUTO_GLOBAL_CLOCK                                                              ; ON                 ;      ;                                            ;
; AUTO_GLOBAL_OE                                                                 ; ON                 ;      ;                                            ;
; AUTO_GLOBAL_REGISTER_CONTROLS                                                  ; ON                 ;      ;                                            ;
; SYNCHRONIZER_IDENTIFICATION                                                    ; AUTO               ;      ;                                            ;
; M144K_BLOCK_READ_CLOCK_DUTY_CYCLE_DEPENDENCY                                   ; OFF                ;      ;                                            ;
; CLAMPING_DIODE                                                                 ; OFF                ;      ;                                            ;
; IMPLEMENT_MLAB_IN_16_BIT_DEEP_MODE                                             ; OFF                ;      ;                                            ;
; PLL_BANDWIDTH_PRESET                                                           ; AUTO               ;      ; *CLK_31P5_0002*|altera_pll:altera_pll_i*|* ;
; PLL_COMPENSATION_MODE                                                          ; DIRECT             ;      ; *CLK_31P5_0002*|altera_pll:altera_pll_i*|* ;
; PLL_AUTO_RESET                                                                 ; OFF                ;      ; *CLK_31P5_0002*|altera_pll:altera_pll_i*|* ;
; IO_STANDARD                                                                    ; 3.3-V LVTTL        ;      ; AUDOUT[0]                                  ;
; IO_STANDARD                                                                    ; 3.3-V LVTTL        ;      ; AUDOUT[1]                                  ;
; IO_STANDARD                                                                    ; 3.3-V LVTTL        ;      ; AUDOUT[2]                                  ;
; IO_STANDARD                                                                    ; 3.3-V LVTTL        ;      ; AUDOUT[3]                                  ;
; IO_STANDARD                                                                    ; 3.3-V LVTTL        ;      ; AUDOUT[4]                                  ;
; IO_STANDARD                                                                    ; 3.3-V LVTTL        ;      ; AUDOUT[5]                                  ;
; IO_STANDARD                                                                    ; 3.3-V LVTTL        ;      ; AUDOUT[6]                                  ;
; IO_STANDARD                                                                    ; 3.3-V LVTTL        ;      ; AUDOUT[7]                                  ;
; IO_STANDARD                                                                    ; 3.3-V LVTTL        ;      ; AUD_ADCDAT                                 ;
; IO_STANDARD                                                                    ; 3.3-V LVTTL        ;      ; BG_RGB[0]                                  ;
; IO_STANDARD                                                                    ; 3.3-V LVTTL        ;      ; BG_RGB[1]                                  ;
; IO_STANDARD                                                                    ; 3.3-V LVTTL        ;      ; BG_RGB[2]                                  ;
; IO_STANDARD                                                                    ; 3.3-V LVTTL        ;      ; BG_RGB[3]                                  ;
; IO_STANDARD                                                                    ; 3.3-V LVTTL        ;      ; BG_RGB[4]                                  ;
; IO_STANDARD                                                                    ; 3.3-V LVTTL        ;      ; BG_RGB[5]                                  ;
; IO_STANDARD                                                                    ; 3.3-V LVTTL        ;      ; BG_RGB[6]                                  ;
; IO_STANDARD                                                                    ; 3.3-V LVTTL        ;      ; BG_RGB[7]                                  ;
; IO_STANDARD                                                                    ; 3.3-V LVTTL        ;      ; CLOCK_50                                   ;
; IO_STANDARD                                                                    ; 3.3-V LVTTL        ;      ; ENABLE_SOF                                 ;
; IO_STANDARD                                                                    ; 3.3-V LVTTL        ;      ; HEX0[0]                                    ;
; IO_STANDARD                                                                    ; 3.3-V LVTTL        ;      ; HEX0[1]                                    ;
; IO_STANDARD                                                                    ; 3.3-V LVTTL        ;      ; HEX0[2]                                    ;
; IO_STANDARD                                                                    ; 3.3-V LVTTL        ;      ; HEX0[3]                                    ;
; IO_STANDARD                                                                    ; 3.3-V LVTTL        ;      ; HEX0[4]                                    ;
; IO_STANDARD                                                                    ; 3.3-V LVTTL        ;      ; HEX0[5]                                    ;
; IO_STANDARD                                                                    ; 3.3-V LVTTL        ;      ; HEX0[6]                                    ;
; IO_STANDARD                                                                    ; 3.3-V LVTTL        ;      ; OVGA[0]                                    ;
; IO_STANDARD                                                                    ; 3.3-V LVTTL        ;      ; OVGA[10]                                   ;
; IO_STANDARD                                                                    ; 3.3-V LVTTL        ;      ; OVGA[11]                                   ;
; IO_STANDARD                                                                    ; 3.3-V LVTTL        ;      ; OVGA[12]                                   ;
; IO_STANDARD                                                                    ; 3.3-V LVTTL        ;      ; OVGA[13]                                   ;
; IO_STANDARD                                                                    ; 3.3-V LVTTL        ;      ; OVGA[14]                                   ;
; IO_STANDARD                                                                    ; 3.3-V LVTTL        ;      ; OVGA[15]                                   ;
; IO_STANDARD                                                                    ; 3.3-V LVTTL        ;      ; OVGA[16]                                   ;
; IO_STANDARD                                                                    ; 3.3-V LVTTL        ;      ; OVGA[17]                                   ;
; IO_STANDARD                                                                    ; 3.3-V LVTTL        ;      ; OVGA[18]                                   ;
; IO_STANDARD                                                                    ; 3.3-V LVTTL        ;      ; OVGA[19]                                   ;
; IO_STANDARD                                                                    ; 3.3-V LVTTL        ;      ; OVGA[1]                                    ;
; IO_STANDARD                                                                    ; 3.3-V LVTTL        ;      ; OVGA[20]                                   ;
; IO_STANDARD                                                                    ; 3.3-V LVTTL        ;      ; OVGA[21]                                   ;
; IO_STANDARD                                                                    ; 3.3-V LVTTL        ;      ; OVGA[22]                                   ;
; IO_STANDARD                                                                    ; 3.3-V LVTTL        ;      ; OVGA[23]                                   ;
; IO_STANDARD                                                                    ; 3.3-V LVTTL        ;      ; OVGA[24]                                   ;
; IO_STANDARD                                                                    ; 3.3-V LVTTL        ;      ; OVGA[25]                                   ;
; IO_STANDARD                                                                    ; 3.3-V LVTTL        ;      ; OVGA[26]                                   ;
; IO_STANDARD                                                                    ; 3.3-V LVTTL        ;      ; OVGA[27]                                   ;
; IO_STANDARD                                                                    ; 3.3-V LVTTL        ;      ; OVGA[28]                                   ;
; IO_STANDARD                                                                    ; 3.3-V LVTTL        ;      ; OVGA[2]                                    ;
; IO_STANDARD                                                                    ; 3.3-V LVTTL        ;      ; OVGA[3]                                    ;
; IO_STANDARD                                                                    ; 3.3-V LVTTL        ;      ; OVGA[4]                                    ;
; IO_STANDARD                                                                    ; 3.3-V LVTTL        ;      ; OVGA[5]                                    ;
; IO_STANDARD                                                                    ; 3.3-V LVTTL        ;      ; OVGA[6]                                    ;
; IO_STANDARD                                                                    ; 3.3-V LVTTL        ;      ; OVGA[7]                                    ;
; IO_STANDARD                                                                    ; 3.3-V LVTTL        ;      ; OVGA[8]                                    ;
; IO_STANDARD                                                                    ; 3.3-V LVTTL        ;      ; OVGA[9]                                    ;
; IO_STANDARD                                                                    ; 3.3-V LVTTL        ;      ; PS2_CLK                                    ;
; IO_STANDARD                                                                    ; 3.3-V LVTTL        ;      ; PS2_DAT                                    ;
; IO_STANDARD                                                                    ; 3.3-V LVTTL        ;      ; boardersDrawReq                            ;
; IO_STANDARD                                                                    ; 3.3-V LVTTL        ;      ; greenLight                                 ;
; IO_STANDARD                                                                    ; 3.3-V LVTTL        ;      ; redLight                                   ;
; IO_STANDARD                                                                    ; 3.3-V LVTTL        ;      ; resetN_pin                                 ;
; IO_STANDARD                                                                    ; 3.3-V LVTTL        ;      ; yellowLight                                ;
+--------------------------------------------------------------------------------+--------------------+------+--------------------------------------------+


+---------------------------------------------------------------------------------------------------------------------------------------------------------+
; Source assignments for Audio_Block:inst6|AUDIO:inst|audio_codec_controller:inst                                                                         ;
+--------------------------------------------------------------------------------+--------------------+------+--------------------------------------------+
; Assignment                                                                     ; Value              ; From ; To                                         ;
+--------------------------------------------------------------------------------+--------------------+------+--------------------------------------------+
; LOCATION                                                                       ; PIN_Y21            ;      ; ADC_CONVST                                 ;
; LOCATION                                                                       ; PIN_W22            ;      ; ADC_DIN                                    ;
; LOCATION                                                                       ; PIN_V23            ;      ; ADC_DOUT                                   ;
; LOCATION                                                                       ; PIN_W24            ;      ; ADC_SCLK                                   ;
; LOCATION                                                                       ; PIN_AH29           ;      ; AUDIN[1]                                   ;
; LOCATION                                                                       ; PIN_AF30           ;      ; AUDIN[2]                                   ;
; LOCATION                                                                       ; PIN_AG30           ;      ; AUDIN[3]                                   ;
; LOCATION                                                                       ; PIN_AC22           ;      ; AUDOUT[0]                                  ;
; LOCATION                                                                       ; PIN_AF29           ;      ; AUDOUT[4]                                  ;
; LOCATION                                                                       ; PIN_AH30           ;      ; AUDOUT[5]                                  ;
; LOCATION                                                                       ; PIN_Y24            ;      ; AUDOUT[6]                                  ;
; LOCATION                                                                       ; PIN_Y23            ;      ; AUDOUT[7]                                  ;
; LOCATION                                                                       ; PIN_AJ29           ;      ; AUD_ADCDAT                                 ;
; LOCATION                                                                       ; PIN_AF14           ;      ; CLOCK_50                                   ;
; LOCATION                                                                       ; PIN_W17            ;      ; HEX0[0]                                    ;
; LOCATION                                                                       ; PIN_V18            ;      ; HEX0[1]                                    ;
; LOCATION                                                                       ; PIN_AG17           ;      ; HEX0[2]                                    ;
; LOCATION                                                                       ; PIN_AG16           ;      ; HEX0[3]                                    ;
; LOCATION                                                                       ; PIN_AH17           ;      ; HEX0[4]                                    ;
; LOCATION                                                                       ; PIN_AG18           ;      ; HEX0[5]                                    ;
; LOCATION                                                                       ; PIN_AH18           ;      ; HEX0[6]                                    ;
; LOCATION                                                                       ; PIN_AF16           ;      ; HEX1[0]                                    ;
; LOCATION                                                                       ; PIN_V16            ;      ; HEX1[1]                                    ;
; LOCATION                                                                       ; PIN_AE16           ;      ; HEX1[2]                                    ;
; LOCATION                                                                       ; PIN_AD17           ;      ; HEX1[3]                                    ;
; LOCATION                                                                       ; PIN_AE18           ;      ; HEX1[4]                                    ;
; LOCATION                                                                       ; PIN_AE17           ;      ; HEX1[5]                                    ;
; LOCATION                                                                       ; PIN_V17            ;      ; HEX1[6]                                    ;
; LOCATION                                                                       ; PIN_AA21           ;      ; HEX2[0]                                    ;
; LOCATION                                                                       ; PIN_AB17           ;      ; HEX2[1]                                    ;
; LOCATION                                                                       ; PIN_AA18           ;      ; HEX2[2]                                    ;
; LOCATION                                                                       ; PIN_Y17            ;      ; HEX2[3]                                    ;
; LOCATION                                                                       ; PIN_Y18            ;      ; HEX2[4]                                    ;
; LOCATION                                                                       ; PIN_AF18           ;      ; HEX2[5]                                    ;
; LOCATION                                                                       ; PIN_W16            ;      ; HEX2[6]                                    ;
; LOCATION                                                                       ; PIN_Y19            ;      ; HEX3[0]                                    ;
; LOCATION                                                                       ; PIN_W19            ;      ; HEX3[1]                                    ;
; LOCATION                                                                       ; PIN_AD19           ;      ; HEX3[2]                                    ;
; LOCATION                                                                       ; PIN_AA20           ;      ; HEX3[3]                                    ;
; LOCATION                                                                       ; PIN_AC20           ;      ; HEX3[4]                                    ;
; LOCATION                                                                       ; PIN_AA19           ;      ; HEX3[5]                                    ;
; LOCATION                                                                       ; PIN_AD20           ;      ; HEX3[6]                                    ;
; LOCATION                                                                       ; PIN_AD21           ;      ; HEX4[0]                                    ;
; LOCATION                                                                       ; PIN_AG22           ;      ; HEX4[1]                                    ;
; LOCATION                                                                       ; PIN_AE22           ;      ; HEX4[2]                                    ;
; LOCATION                                                                       ; PIN_AE23           ;      ; HEX4[3]                                    ;
; LOCATION                                                                       ; PIN_AG23           ;      ; HEX4[4]                                    ;
; LOCATION                                                                       ; PIN_AF23           ;      ; HEX4[5]                                    ;
; LOCATION                                                                       ; PIN_AH22           ;      ; HEX4[6]                                    ;
; LOCATION                                                                       ; PIN_AF21           ;      ; HEX5[0]                                    ;
; LOCATION                                                                       ; PIN_AG21           ;      ; HEX5[1]                                    ;
; LOCATION                                                                       ; PIN_AF20           ;      ; HEX5[2]                                    ;
; LOCATION                                                                       ; PIN_AG20           ;      ; HEX5[3]                                    ;
; LOCATION                                                                       ; PIN_AE19           ;      ; HEX5[4]                                    ;
; LOCATION                                                                       ; PIN_AF19           ;      ; HEX5[5]                                    ;
; LOCATION                                                                       ; PIN_AB21           ;      ; HEX5[6]                                    ;
; LOCATION                                                                       ; PIN_AK4            ;      ; KEY[1]                                     ;
; LOCATION                                                                       ; PIN_AA14           ;      ; KEY[2]                                     ;
; LOCATION                                                                       ; PIN_AA15           ;      ; KEY[3]                                     ;
; LOCATION                                                                       ; PIN_AD24           ;      ; LEDR[3]                                    ;
; LOCATION                                                                       ; PIN_AG25           ;      ; LEDR[4]                                    ;
; LOCATION                                                                       ; PIN_AK29           ;      ; OVGA[0]                                    ;
; LOCATION                                                                       ; PIN_AH25           ;      ; OVGA[10]                                   ;
; LOCATION                                                                       ; PIN_AK24           ;      ; OVGA[11]                                   ;
; LOCATION                                                                       ; PIN_AJ24           ;      ; OVGA[12]                                   ;
; LOCATION                                                                       ; PIN_AH24           ;      ; OVGA[13]                                   ;
; LOCATION                                                                       ; PIN_AK23           ;      ; OVGA[14]                                   ;
; LOCATION                                                                       ; PIN_AH23           ;      ; OVGA[15]                                   ;
; LOCATION                                                                       ; PIN_AJ21           ;      ; OVGA[16]                                   ;
; LOCATION                                                                       ; PIN_AJ20           ;      ; OVGA[17]                                   ;
; LOCATION                                                                       ; PIN_AH20           ;      ; OVGA[18]                                   ;
; LOCATION                                                                       ; PIN_AJ19           ;      ; OVGA[19]                                   ;
; LOCATION                                                                       ; PIN_AK28           ;      ; OVGA[1]                                    ;
; LOCATION                                                                       ; PIN_AH19           ;      ; OVGA[20]                                   ;
; LOCATION                                                                       ; PIN_AJ17           ;      ; OVGA[21]                                   ;
; LOCATION                                                                       ; PIN_AJ16           ;      ; OVGA[22]                                   ;
; LOCATION                                                                       ; PIN_AK16           ;      ; OVGA[23]                                   ;
; LOCATION                                                                       ; PIN_AK19           ;      ; OVGA[24]                                   ;
; LOCATION                                                                       ; PIN_AK18           ;      ; OVGA[25]                                   ;
; LOCATION                                                                       ; PIN_AJ22           ;      ; OVGA[26]                                   ;
; LOCATION                                                                       ; PIN_AK22           ;      ; OVGA[27]                                   ;
; LOCATION                                                                       ; PIN_AK21           ;      ; OVGA[28]                                   ;
; LOCATION                                                                       ; PIN_AK27           ;      ; OVGA[2]                                    ;
; LOCATION                                                                       ; PIN_AJ27           ;      ; OVGA[3]                                    ;
; LOCATION                                                                       ; PIN_AH27           ;      ; OVGA[4]                                    ;
; LOCATION                                                                       ; PIN_AF26           ;      ; OVGA[5]                                    ;
; LOCATION                                                                       ; PIN_AG26           ;      ; OVGA[6]                                    ;
; LOCATION                                                                       ; PIN_AJ26           ;      ; OVGA[7]                                    ;
; LOCATION                                                                       ; PIN_AK26           ;      ; OVGA[8]                                    ;
; LOCATION                                                                       ; PIN_AJ25           ;      ; OVGA[9]                                    ;
; LOCATION                                                                       ; PIN_AB25           ;      ; PS2_CLK                                    ;
; LOCATION                                                                       ; PIN_AA25           ;      ; PS2_DAT                                    ;
; LOCATION                                                                       ; PIN_AB30           ;      ; SW[0]                                      ;
; LOCATION                                                                       ; PIN_Y27            ;      ; SW[1]                                      ;
; LOCATION                                                                       ; PIN_AB28           ;      ; SW[2]                                      ;
; LOCATION                                                                       ; PIN_AC30           ;      ; SW[3]                                      ;
; LOCATION                                                                       ; PIN_W25            ;      ; SW[4]                                      ;
; LOCATION                                                                       ; PIN_V25            ;      ; SW[5]                                      ;
; LOCATION                                                                       ; PIN_AC28           ;      ; SW[6]                                      ;
; LOCATION                                                                       ; PIN_AD30           ;      ; SW[7]                                      ;
; LOCATION                                                                       ; PIN_AC29           ;      ; SW[8]                                      ;
; LOCATION                                                                       ; PIN_AA30           ;      ; SW[9]                                      ;
; LOCATION                                                                       ; PIN_AA24           ;      ; ball_toggle                                ;
; LOCATION                                                                       ; PIN_AE11           ;      ; greenLight                                 ;
; LOCATION                                                                       ; PIN_AB23           ;      ; ir_write                                   ;
; LOCATION                                                                       ; PIN_AF25           ;      ; numKey[0]                                  ;
; LOCATION                                                                       ; PIN_AE24           ;      ; numKey[1]                                  ;
; LOCATION                                                                       ; PIN_AF24           ;      ; numKey[2]                                  ;
; LOCATION                                                                       ; PIN_AB22           ;      ; numKey[3]                                  ;
; LOCATION                                                                       ; PIN_AF9            ;      ; redLight                                   ;
; LOCATION                                                                       ; PIN_AJ4            ;      ; resetN_pin                                 ;
; LOCATION                                                                       ; PIN_AC23           ;      ; sound_on                                   ;
; LOCATION                                                                       ; PIN_AE7            ;      ; yellowLight                                ;
; ENABLE_UNUSED_RX_CLOCK_WORKAROUND                                              ; OFF                ;      ;                                            ;
; PRESERVE_UNUSED_XCVR_CHANNEL                                                   ; OFF                ;      ;                                            ;
; ADV_NETLIST_OPT_SYNTH_WYSIWYG_REMAP                                            ; OFF                ;      ;                                            ;
; SYNCHRONIZATION_REGISTER_CHAIN_LENGTH                                          ; 3                  ;      ;                                            ;
; OPTIMIZE_POWER_DURING_SYNTHESIS                                                ; NORMAL COMPILATION ;      ;                                            ;
; TXPMA_SLEW_RATE                                                                ; LOW                ;      ;                                            ;
; ADCE_ENABLED                                                                   ; AUTO               ;      ;                                            ;
; BLOCK_RAM_TO_MLAB_CELL_CONVERSION                                              ; ON                 ;      ;                                            ;
; BLOCK_RAM_AND_MLAB_EQUIVALENT_POWER_UP_CONDITIONS                              ; AUTO               ;      ;                                            ;
; BLOCK_RAM_AND_MLAB_EQUIVALENT_PAUSED_READ_CAPABILITIES                         ; CARE               ;      ;                                            ;
; OPTIMIZE_POWER_DURING_FITTING                                                  ; NORMAL COMPILATION ;      ;                                            ;
; PHYSICAL_SYNTHESIS_COMBO_LOGIC_FOR_AREA                                        ; OFF                ;      ;                                            ;
; PHYSICAL_SYNTHESIS_COMBO_LOGIC                                                 ; OFF                ;      ;                                            ;
; PHYSICAL_SYNTHESIS_REGISTER_DUPLICATION                                        ; OFF                ;      ;                                            ;
; PHYSICAL_SYNTHESIS_MAP_LOGIC_TO_MEMORY_FOR_AREA                                ; OFF                ;      ;                                            ;
; PHYSICAL_SYNTHESIS_REGISTER_RETIMING                                           ; OFF                ;      ;                                            ;
; PHYSICAL_SYNTHESIS_ASYNCHRONOUS_SIGNAL_PIPELINING                              ; OFF                ;      ;                                            ;
; ENABLE_BENEFICIAL_SKEW_OPTIMIZATION                                            ; ON                 ;      ;                                            ;
; FORM_DDR_CLUSTERING_CLIQUE                                                     ; OFF                ;      ;                                            ;
; HYPER_RETIMER_FAST_FORWARD_ADD_PIPELINING_MAX                                  ; -1                 ;      ;                                            ;
; HYPER_RETIMER_FAST_FORWARD_ASYNCH_CLEAR                                        ; AUTO               ;      ;                                            ;
; HYPER_RETIMER_FAST_FORWARD_USER_PRESERVE_RESTRICTION                           ; AUTO               ;      ;                                            ;
; HYPER_RETIMER_FAST_FORWARD_DSP_BLOCKS                                          ; ON                 ;      ;                                            ;
; HYPER_RETIMER_FAST_FORWARD_RAM_BLOCKS                                          ; ON                 ;      ;                                            ;
; POWER_REPORT_SIGNAL_ACTIVITY                                                   ; OFF                ;      ;                                            ;
; POWER_REPORT_POWER_DISSIPATION                                                 ; OFF                ;      ;                                            ;
; ARRIAIIGX_RX_CDR_LOCKUP_FIX_OVERRIDE                                           ; OFF                ;      ;                                            ;
; MESSAGE_DISABLE                                                                ; 292013             ;      ;                                            ;
; MESSAGE_DISABLE                                                                ; 12240              ;      ;                                            ;
; MUX_RESTRUCTURE                                                                ; AUTO               ;      ;                                            ;
; MLAB_ADD_TIMING_CONSTRAINTS_FOR_MIXED_PORT_FEED_THROUGH_MODE_SETTING_DONT_CARE ; OFF                ;      ;                                            ;
; STATE_MACHINE_PROCESSING                                                       ; AUTO               ;      ;                                            ;
; SAFE_STATE_MACHINE                                                             ; OFF                ;      ;                                            ;
; IGNORE_VERILOG_INITIAL_CONSTRUCTS                                              ; OFF                ;      ;                                            ;
; VERILOG_CONSTANT_LOOP_LIMIT                                                    ; 5000               ;      ;                                            ;
; VERILOG_NON_CONSTANT_LOOP_LIMIT                                                ; 250                ;      ;                                            ;
; INFER_RAMS_FROM_RAW_LOGIC                                                      ; ON                 ;      ;                                            ;
; DSP_BLOCK_BALANCING                                                            ; AUTO               ;      ;                                            ;
; NOT_GATE_PUSH_BACK                                                             ; ON                 ;      ;                                            ;
; REMOVE_REDUNDANT_LOGIC_CELLS                                                   ; OFF                ;      ;                                            ;
; REMOVE_DUPLICATE_REGISTERS                                                     ; ON                 ;      ;                                            ;
; IGNORE_CARRY_BUFFERS                                                           ; OFF                ;      ;                                            ;
; IGNORE_CASCADE_BUFFERS                                                         ; OFF                ;      ;                                            ;
; IGNORE_GLOBAL_BUFFERS                                                          ; OFF                ;      ;                                            ;
; IGNORE_ROW_GLOBAL_BUFFERS                                                      ; OFF                ;      ;                                            ;
; IGNORE_LCELL_BUFFERS                                                           ; OFF                ;      ;                                            ;
; MAX7000_IGNORE_LCELL_BUFFERS                                                   ; AUTO               ;      ;                                            ;
; IGNORE_SOFT_BUFFERS                                                            ; ON                 ;      ;                                            ;
; MAX7000_IGNORE_SOFT_BUFFERS                                                    ; OFF                ;      ;                                            ;
; AUTO_GLOBAL_CLOCK_MAX                                                          ; ON                 ;      ;                                            ;
; AUTO_GLOBAL_OE_MAX                                                             ; ON                 ;      ;                                            ;
; MAX_AUTO_GLOBAL_REGISTER_CONTROLS                                              ; ON                 ;      ;                                            ;
; AUTO_IMPLEMENT_IN_ROM                                                          ; OFF                ;      ;                                            ;
; APEX20K_TECHNOLOGY_MAPPER                                                      ; LUT                ;      ;                                            ;
; OPTIMIZATION_TECHNIQUE                                                         ; BALANCED           ;      ;                                            ;
; STRATIXII_OPTIMIZATION_TECHNIQUE                                               ; BALANCED           ;      ;                                            ;
; CYCLONE_OPTIMIZATION_TECHNIQUE                                                 ; BALANCED           ;      ;                                            ;
; CYCLONEII_OPTIMIZATION_TECHNIQUE                                               ; BALANCED           ;      ;                                            ;
; STRATIX_OPTIMIZATION_TECHNIQUE                                                 ; BALANCED           ;      ;                                            ;
; MAXII_OPTIMIZATION_TECHNIQUE                                                   ; BALANCED           ;      ;                                            ;
; MAX7000_OPTIMIZATION_TECHNIQUE                                                 ; SPEED              ;      ;                                            ;
; APEX20K_OPTIMIZATION_TECHNIQUE                                                 ; BALANCED           ;      ;                                            ;
; MERCURY_OPTIMIZATION_TECHNIQUE                                                 ; AREA               ;      ;                                            ;
; FLEX6K_OPTIMIZATION_TECHNIQUE                                                  ; AREA               ;      ;                                            ;
; FLEX10K_OPTIMIZATION_TECHNIQUE                                                 ; AREA               ;      ;                                            ;
; ALLOW_XOR_GATE_USAGE                                                           ; ON                 ;      ;                                            ;
; AUTO_LCELL_INSERTION                                                           ; ON                 ;      ;                                            ;
; CARRY_CHAIN_LENGTH                                                             ; 48                 ;      ;                                            ;
; FLEX6K_CARRY_CHAIN_LENGTH                                                      ; 32                 ;      ;                                            ;
; FLEX10K_CARRY_CHAIN_LENGTH                                                     ; 32                 ;      ;                                            ;
; MERCURY_CARRY_CHAIN_LENGTH                                                     ; 48                 ;      ;                                            ;
; STRATIX_CARRY_CHAIN_LENGTH                                                     ; 70                 ;      ;                                            ;
; STRATIXII_CARRY_CHAIN_LENGTH                                                   ; 70                 ;      ;                                            ;
; CASCADE_CHAIN_LENGTH                                                           ; 2                  ;      ;                                            ;
; PARALLEL_EXPANDER_CHAIN_LENGTH                                                 ; 16                 ;      ;                                            ;
; MAX7000_PARALLEL_EXPANDER_CHAIN_LENGTH                                         ; 4                  ;      ;                                            ;
; AUTO_CARRY_CHAINS                                                              ; ON                 ;      ;                                            ;
; AUTO_CASCADE_CHAINS                                                            ; ON                 ;      ;                                            ;
; AUTO_PARALLEL_EXPANDERS                                                        ; ON                 ;      ;                                            ;
; AUTO_OPEN_DRAIN_PINS                                                           ; ON                 ;      ;                                            ;
; AUTO_ROM_RECOGNITION                                                           ; ON                 ;      ;                                            ;
; AUTO_RAM_RECOGNITION                                                           ; ON                 ;      ;                                            ;
; AUTO_DSP_RECOGNITION                                                           ; ON                 ;      ;                                            ;
; AUTO_SHIFT_REGISTER_RECOGNITION                                                ; AUTO               ;      ;                                            ;
; ALLOW_SHIFT_REGISTER_MERGING_ACROSS_HIERARCHIES                                ; AUTO               ;      ;                                            ;
; AUTO_CLOCK_ENABLE_RECOGNITION                                                  ; ON                 ;      ;                                            ;
; STRICT_RAM_RECOGNITION                                                         ; OFF                ;      ;                                            ;
; ALLOW_SYNCH_CTRL_USAGE                                                         ; ON                 ;      ;                                            ;
; FORCE_SYNCH_CLEAR                                                              ; OFF                ;      ;                                            ;
; AUTO_RAM_TO_LCELL_CONVERSION                                                   ; OFF                ;      ;                                            ;
; AUTO_RESOURCE_SHARING                                                          ; OFF                ;      ;                                            ;
; ALLOW_ANY_RAM_SIZE_FOR_RECOGNITION                                             ; OFF                ;      ;                                            ;
; ALLOW_ANY_ROM_SIZE_FOR_RECOGNITION                                             ; OFF                ;      ;                                            ;
; ALLOW_ANY_SHIFT_REGISTER_SIZE_FOR_RECOGNITION                                  ; OFF                ;      ;                                            ;
; MAX7000_FANIN_PER_CELL                                                         ; 100                ;      ;                                            ;
; SYNTH_TIMING_DRIVEN_SYNTHESIS                                                  ; ON                 ;      ;                                            ;
; IGNORE_MAX_FANOUT_ASSIGNMENTS                                                  ; OFF                ;      ;                                            ;
; USE_HIGH_SPEED_ADDER                                                           ; AUTO               ;      ;                                            ;
; SYNTH_GATED_CLOCK_CONVERSION                                                   ; OFF                ;      ;                                            ;
; BLOCK_DESIGN_NAMING                                                            ; AUTO               ;      ;                                            ;
; SHIFT_REGISTER_RECOGNITION_ACLR_SIGNAL                                         ; ON                 ;      ;                                            ;
; PRPOF_ID                                                                       ; OFF                ;      ;                                            ;
; DISABLE_DSP_NEGATE_INFERENCING                                                 ; OFF                ;      ;                                            ;
; AUTO_MERGE_PLLS                                                                ; ON                 ;      ;                                            ;
; IGNORE_MODE_FOR_MERGE                                                          ; OFF                ;      ;                                            ;
; PERIPHERY_TO_CORE_PLACEMENT_AND_ROUTING_OPTIMIZATION                           ; OFF                ;      ;                                            ;
; SLOW_SLEW_RATE                                                                 ; OFF                ;      ;                                            ;
; PCI_IO                                                                         ; OFF                ;      ;                                            ;
; TURBO_BIT                                                                      ; ON                 ;      ;                                            ;
; WEAK_PULL_UP_RESISTOR                                                          ; OFF                ;      ;                                            ;
; ENABLE_BUS_HOLD_CIRCUITRY                                                      ; OFF                ;      ;                                            ;
; AUTO_GLOBAL_MEMORY_CONTROLS                                                    ; OFF                ;      ;                                            ;
; QII_AUTO_PACKED_REGISTERS                                                      ; AUTO               ;      ;                                            ;
; AUTO_PACKED_REGISTERS_MAX                                                      ; AUTO               ;      ;                                            ;
; NORMAL_LCELL_INSERT                                                            ; ON                 ;      ;                                            ;
; CARRY_OUT_PINS_LCELL_INSERT                                                    ; ON                 ;      ;                                            ;
; XSTL_INPUT_ALLOW_SE_BUFFER                                                     ; OFF                ;      ;                                            ;
; TREAT_BIDIR_AS_OUTPUT                                                          ; OFF                ;      ;                                            ;
; AUTO_TURBO_BIT                                                                 ; ON                 ;      ;                                            ;
; AUTO_GLOBAL_CLOCK                                                              ; ON                 ;      ;                                            ;
; AUTO_GLOBAL_OE                                                                 ; ON                 ;      ;                                            ;
; AUTO_GLOBAL_REGISTER_CONTROLS                                                  ; ON                 ;      ;                                            ;
; SYNCHRONIZER_IDENTIFICATION                                                    ; AUTO               ;      ;                                            ;
; M144K_BLOCK_READ_CLOCK_DUTY_CYCLE_DEPENDENCY                                   ; OFF                ;      ;                                            ;
; CLAMPING_DIODE                                                                 ; OFF                ;      ;                                            ;
; IMPLEMENT_MLAB_IN_16_BIT_DEEP_MODE                                             ; OFF                ;      ;                                            ;
; PLL_BANDWIDTH_PRESET                                                           ; AUTO               ;      ; *CLK_31P5_0002*|altera_pll:altera_pll_i*|* ;
; PLL_COMPENSATION_MODE                                                          ; DIRECT             ;      ; *CLK_31P5_0002*|altera_pll:altera_pll_i*|* ;
; PLL_AUTO_RESET                                                                 ; OFF                ;      ; *CLK_31P5_0002*|altera_pll:altera_pll_i*|* ;
; IO_STANDARD                                                                    ; 3.3-V LVTTL        ;      ; AUDIN[1]                                   ;
; IO_STANDARD                                                                    ; 3.3-V LVTTL        ;      ; AUDIN[2]                                   ;
; IO_STANDARD                                                                    ; 3.3-V LVTTL        ;      ; AUDOUT[4]                                  ;
; IO_STANDARD                                                                    ; 3.3-V LVTTL        ;      ; AUDOUT[5]                                  ;
; IO_STANDARD                                                                    ; 3.3-V LVTTL        ;      ; AUDOUT[6]                                  ;
; IO_STANDARD                                                                    ; 3.3-V LVTTL        ;      ; AUDOUT[7]                                  ;
; IO_STANDARD                                                                    ; 3.3-V LVTTL        ;      ; BG_RGB[0]                                  ;
; IO_STANDARD                                                                    ; 3.3-V LVTTL        ;      ; BG_RGB[1]                                  ;
; IO_STANDARD                                                                    ; 3.3-V LVTTL        ;      ; BG_RGB[2]                                  ;
; IO_STANDARD                                                                    ; 3.3-V LVTTL        ;      ; BG_RGB[3]                                  ;
; IO_STANDARD                                                                    ; 3.3-V LVTTL        ;      ; BG_RGB[4]                                  ;
; IO_STANDARD                                                                    ; 3.3-V LVTTL        ;      ; BG_RGB[5]                                  ;
; IO_STANDARD                                                                    ; 3.3-V LVTTL        ;      ; BG_RGB[6]                                  ;
; IO_STANDARD                                                                    ; 3.3-V LVTTL        ;      ; BG_RGB[7]                                  ;
; IO_STANDARD                                                                    ; 3.3-V LVTTL        ;      ; CLOCK_50                                   ;
; IO_STANDARD                                                                    ; 3.3-V LVTTL        ;      ; HEX0[0]                                    ;
; IO_STANDARD                                                                    ; 3.3-V LVTTL        ;      ; HEX0[1]                                    ;
; IO_STANDARD                                                                    ; 3.3-V LVTTL        ;      ; HEX0[2]                                    ;
; IO_STANDARD                                                                    ; 3.3-V LVTTL        ;      ; HEX0[3]                                    ;
; IO_STANDARD                                                                    ; 3.3-V LVTTL        ;      ; HEX0[4]                                    ;
; IO_STANDARD                                                                    ; 3.3-V LVTTL        ;      ; HEX0[5]                                    ;
; IO_STANDARD                                                                    ; 3.3-V LVTTL        ;      ; HEX0[6]                                    ;
; IO_STANDARD                                                                    ; 3.3-V LVTTL        ;      ; HEX1[0]                                    ;
; IO_STANDARD                                                                    ; 3.3-V LVTTL        ;      ; HEX1[1]                                    ;
; IO_STANDARD                                                                    ; 3.3-V LVTTL        ;      ; HEX1[2]                                    ;
; IO_STANDARD                                                                    ; 3.3-V LVTTL        ;      ; HEX1[3]                                    ;
; IO_STANDARD                                                                    ; 3.3-V LVTTL        ;      ; HEX1[4]                                    ;
; IO_STANDARD                                                                    ; 3.3-V LVTTL        ;      ; HEX1[5]                                    ;
; IO_STANDARD                                                                    ; 3.3-V LVTTL        ;      ; HEX1[6]                                    ;
; IO_STANDARD                                                                    ; 3.3-V LVTTL        ;      ; HEX2[0]                                    ;
; IO_STANDARD                                                                    ; 3.3-V LVTTL        ;      ; HEX2[1]                                    ;
; IO_STANDARD                                                                    ; 3.3-V LVTTL        ;      ; HEX2[2]                                    ;
; IO_STANDARD                                                                    ; 3.3-V LVTTL        ;      ; HEX2[3]                                    ;
; IO_STANDARD                                                                    ; 3.3-V LVTTL        ;      ; HEX2[4]                                    ;
; IO_STANDARD                                                                    ; 3.3-V LVTTL        ;      ; HEX2[5]                                    ;
; IO_STANDARD                                                                    ; 3.3-V LVTTL        ;      ; HEX2[6]                                    ;
; IO_STANDARD                                                                    ; 3.3-V LVTTL        ;      ; HEX3[0]                                    ;
; IO_STANDARD                                                                    ; 3.3-V LVTTL        ;      ; HEX3[1]                                    ;
; IO_STANDARD                                                                    ; 3.3-V LVTTL        ;      ; HEX3[2]                                    ;
; IO_STANDARD                                                                    ; 3.3-V LVTTL        ;      ; HEX3[3]                                    ;
; IO_STANDARD                                                                    ; 3.3-V LVTTL        ;      ; HEX3[4]                                    ;
; IO_STANDARD                                                                    ; 3.3-V LVTTL        ;      ; HEX3[5]                                    ;
; IO_STANDARD                                                                    ; 3.3-V LVTTL        ;      ; HEX3[6]                                    ;
; IO_STANDARD                                                                    ; 3.3-V LVTTL        ;      ; HEX4[0]                                    ;
; IO_STANDARD                                                                    ; 3.3-V LVTTL        ;      ; HEX4[1]                                    ;
; IO_STANDARD                                                                    ; 3.3-V LVTTL        ;      ; HEX4[2]                                    ;
; IO_STANDARD                                                                    ; 3.3-V LVTTL        ;      ; HEX4[3]                                    ;
; IO_STANDARD                                                                    ; 3.3-V LVTTL        ;      ; HEX4[4]                                    ;
; IO_STANDARD                                                                    ; 3.3-V LVTTL        ;      ; HEX4[5]                                    ;
; IO_STANDARD                                                                    ; 3.3-V LVTTL        ;      ; HEX4[6]                                    ;
; IO_STANDARD                                                                    ; 3.3-V LVTTL        ;      ; HEX5[0]                                    ;
; IO_STANDARD                                                                    ; 3.3-V LVTTL        ;      ; HEX5[1]                                    ;
; IO_STANDARD                                                                    ; 3.3-V LVTTL        ;      ; HEX5[2]                                    ;
; IO_STANDARD                                                                    ; 3.3-V LVTTL        ;      ; HEX5[3]                                    ;
; IO_STANDARD                                                                    ; 3.3-V LVTTL        ;      ; HEX5[4]                                    ;
; IO_STANDARD                                                                    ; 3.3-V LVTTL        ;      ; HEX5[5]                                    ;
; IO_STANDARD                                                                    ; 3.3-V LVTTL        ;      ; HEX5[6]                                    ;
; IO_STANDARD                                                                    ; 3.3-V LVTTL        ;      ; KEY[3]                                     ;
; IO_STANDARD                                                                    ; 3.3-V LVTTL        ;      ; OVGA[0]                                    ;
; IO_STANDARD                                                                    ; 3.3-V LVTTL        ;      ; OVGA[10]                                   ;
; IO_STANDARD                                                                    ; 3.3-V LVTTL        ;      ; OVGA[11]                                   ;
; IO_STANDARD                                                                    ; 3.3-V LVTTL        ;      ; OVGA[12]                                   ;
; IO_STANDARD                                                                    ; 3.3-V LVTTL        ;      ; OVGA[13]                                   ;
; IO_STANDARD                                                                    ; 3.3-V LVTTL        ;      ; OVGA[14]                                   ;
; IO_STANDARD                                                                    ; 3.3-V LVTTL        ;      ; OVGA[15]                                   ;
; IO_STANDARD                                                                    ; 3.3-V LVTTL        ;      ; OVGA[16]                                   ;
; IO_STANDARD                                                                    ; 3.3-V LVTTL        ;      ; OVGA[17]                                   ;
; IO_STANDARD                                                                    ; 3.3-V LVTTL        ;      ; OVGA[18]                                   ;
; IO_STANDARD                                                                    ; 3.3-V LVTTL        ;      ; OVGA[19]                                   ;
; IO_STANDARD                                                                    ; 3.3-V LVTTL        ;      ; OVGA[1]                                    ;
; IO_STANDARD                                                                    ; 3.3-V LVTTL        ;      ; OVGA[20]                                   ;
; IO_STANDARD                                                                    ; 3.3-V LVTTL        ;      ; OVGA[21]                                   ;
; IO_STANDARD                                                                    ; 3.3-V LVTTL        ;      ; OVGA[22]                                   ;
; IO_STANDARD                                                                    ; 3.3-V LVTTL        ;      ; OVGA[23]                                   ;
; IO_STANDARD                                                                    ; 3.3-V LVTTL        ;      ; OVGA[24]                                   ;
; IO_STANDARD                                                                    ; 3.3-V LVTTL        ;      ; OVGA[25]                                   ;
; IO_STANDARD                                                                    ; 3.3-V LVTTL        ;      ; OVGA[26]                                   ;
; IO_STANDARD                                                                    ; 3.3-V LVTTL        ;      ; OVGA[27]                                   ;
; IO_STANDARD                                                                    ; 3.3-V LVTTL        ;      ; OVGA[28]                                   ;
; IO_STANDARD                                                                    ; 3.3-V LVTTL        ;      ; OVGA[2]                                    ;
; IO_STANDARD                                                                    ; 3.3-V LVTTL        ;      ; OVGA[3]                                    ;
; IO_STANDARD                                                                    ; 3.3-V LVTTL        ;      ; OVGA[4]                                    ;
; IO_STANDARD                                                                    ; 3.3-V LVTTL        ;      ; OVGA[5]                                    ;
; IO_STANDARD                                                                    ; 3.3-V LVTTL        ;      ; OVGA[6]                                    ;
; IO_STANDARD                                                                    ; 3.3-V LVTTL        ;      ; OVGA[7]                                    ;
; IO_STANDARD                                                                    ; 3.3-V LVTTL        ;      ; OVGA[8]                                    ;
; IO_STANDARD                                                                    ; 3.3-V LVTTL        ;      ; OVGA[9]                                    ;
; IO_STANDARD                                                                    ; 3.3-V LVTTL        ;      ; PS2_CLK                                    ;
; IO_STANDARD                                                                    ; 3.3-V LVTTL        ;      ; PS2_DAT                                    ;
; IO_STANDARD                                                                    ; 3.3-V LVTTL        ;      ; altera_reserved_tck                        ;
; IO_STANDARD                                                                    ; 3.3-V LVTTL        ;      ; altera_reserved_tdi                        ;
; IO_STANDARD                                                                    ; 3.3-V LVTTL        ;      ; altera_reserved_tdo                        ;
; IO_STANDARD                                                                    ; 3.3-V LVTTL        ;      ; altera_reserved_tms                        ;
; IO_STANDARD                                                                    ; 3.3-V LVTTL        ;      ; boardersDrawReq                            ;
; IO_STANDARD                                                                    ; 3.3-V LVTTL        ;      ; greenLight                                 ;
; IO_STANDARD                                                                    ; 3.3-V LVTTL        ;      ; redLight                                   ;
; IO_STANDARD                                                                    ; 3.3-V LVTTL        ;      ; resetN_pin                                 ;
; IO_STANDARD                                                                    ; 3.3-V LVTTL        ;      ; yellowLight                                ;
+--------------------------------------------------------------------------------+--------------------+------+--------------------------------------------+


+------------------------------------------------------------------------------------------------------------------------------------------+
; Source assignments for back_ground_draw:inst4|lpm_rom:top_background_rom|altrom:srom|altsyncram:rom_block|altsyncram_pn81:auto_generated ;
+---------------------------------+--------------------+------+----------------------------------------------------------------------------+
; Assignment                      ; Value              ; From ; To                                                                         ;
+---------------------------------+--------------------+------+----------------------------------------------------------------------------+
; OPTIMIZE_POWER_DURING_SYNTHESIS ; NORMAL_COMPILATION ; -    ; -                                                                          ;
+---------------------------------+--------------------+------+----------------------------------------------------------------------------+


+--------------------------------------------------------------------------------------------------------------------------------------+
; Source assignments for back_ground_draw:inst4|lpm_rom:grass_tile_rom|altrom:srom|altsyncram:rom_block|altsyncram_vu71:auto_generated ;
+---------------------------------+--------------------+------+------------------------------------------------------------------------+
; Assignment                      ; Value              ; From ; To                                                                     ;
+---------------------------------+--------------------+------+------------------------------------------------------------------------+
; OPTIMIZE_POWER_DURING_SYNTHESIS ; NORMAL_COMPILATION ; -    ; -                                                                      ;
+---------------------------------+--------------------+------+------------------------------------------------------------------------+


+--------------------------------------------------------------------------------------------------------------------------------------+
; Source assignments for back_ground_draw:inst4|lpm_rom:stone_tile_rom|altrom:srom|altsyncram:rom_block|altsyncram_8v71:auto_generated ;
+---------------------------------+--------------------+------+------------------------------------------------------------------------+
; Assignment                      ; Value              ; From ; To                                                                     ;
+---------------------------------+--------------------+------+------------------------------------------------------------------------+
; OPTIMIZE_POWER_DURING_SYNTHESIS ; NORMAL_COMPILATION ; -    ; -                                                                      ;
+---------------------------------+--------------------+------+------------------------------------------------------------------------+


+-------------------------------------------------------------------------------------------------------------------------------------+
; Source assignments for back_ground_draw:inst4|lpm_rom:rock_tile_rom|altrom:srom|altsyncram:rom_block|altsyncram_er71:auto_generated ;
+---------------------------------+--------------------+------+-----------------------------------------------------------------------+
; Assignment                      ; Value              ; From ; To                                                                    ;
+---------------------------------+--------------------+------+-----------------------------------------------------------------------+
; OPTIMIZE_POWER_DURING_SYNTHESIS ; NORMAL_COMPILATION ; -    ; -                                                                     ;
+---------------------------------+--------------------+------+-----------------------------------------------------------------------+


+-------------------------------------------------------------------------------------------------------------------------------------+
; Source assignments for back_ground_draw:inst4|lpm_rom:wood_tile_rom|altrom:srom|altsyncram:rom_block|altsyncram_ss71:auto_generated ;
+---------------------------------+--------------------+------+-----------------------------------------------------------------------+
; Assignment                      ; Value              ; From ; To                                                                    ;
+---------------------------------+--------------------+------+-----------------------------------------------------------------------+
; OPTIMIZE_POWER_DURING_SYNTHESIS ; NORMAL_COMPILATION ; -    ; -                                                                     ;
+---------------------------------+--------------------+------+-----------------------------------------------------------------------+


+---------------------------------------------------------------------------------------------------------------------------------------------+
; Source assignments for Snake_Block:inst13|headBitMap:inst5|lpm_rom:rom_inst|altrom:srom|altsyncram:rom_block|altsyncram_lt71:auto_generated ;
+---------------------------------+--------------------+------+-------------------------------------------------------------------------------+
; Assignment                      ; Value              ; From ; To                                                                            ;
+---------------------------------+--------------------+------+-------------------------------------------------------------------------------+
; OPTIMIZE_POWER_DURING_SYNTHESIS ; NORMAL_COMPILATION ; -    ; -                                                                             ;
+---------------------------------+--------------------+------+-------------------------------------------------------------------------------+


+---------------------------------------------------------------------------------------------------------------------------------------------+
; Source assignments for Snake_Block:inst13|snake_body:inst6|lpm_rom:rom_inst|altrom:srom|altsyncram:rom_block|altsyncram_hu71:auto_generated ;
+---------------------------------+--------------------+------+-------------------------------------------------------------------------------+
; Assignment                      ; Value              ; From ; To                                                                            ;
+---------------------------------+--------------------+------+-------------------------------------------------------------------------------+
; OPTIMIZE_POWER_DURING_SYNTHESIS ; NORMAL_COMPILATION ; -    ; -                                                                             ;
+---------------------------------+--------------------+------+-------------------------------------------------------------------------------+


+---------------------------------------------------------------------------------------------------------------------------------------------------+
; Source assignments for Apple_Block:inst10|AppleBitMap:inst3|lpm_rom:red_apple_rom|altrom:srom|altsyncram:rom_block|altsyncram_uq71:auto_generated ;
+---------------------------------+--------------------+------+-------------------------------------------------------------------------------------+
; Assignment                      ; Value              ; From ; To                                                                                  ;
+---------------------------------+--------------------+------+-------------------------------------------------------------------------------------+
; OPTIMIZE_POWER_DURING_SYNTHESIS ; NORMAL_COMPILATION ; -    ; -                                                                                   ;
+---------------------------------+--------------------+------+-------------------------------------------------------------------------------------+


+----------------------------------------------------------------------------------------------------------------------------------------------------+
; Source assignments for Apple_Block:inst10|AppleBitMap:inst3|lpm_rom:blue_apple_rom|altrom:srom|altsyncram:rom_block|altsyncram_bu71:auto_generated ;
+---------------------------------+--------------------+------+--------------------------------------------------------------------------------------+
; Assignment                      ; Value              ; From ; To                                                                                   ;
+---------------------------------+--------------------+------+--------------------------------------------------------------------------------------+
; OPTIMIZE_POWER_DURING_SYNTHESIS ; NORMAL_COMPILATION ; -    ; -                                                                                    ;
+---------------------------------+--------------------+------+--------------------------------------------------------------------------------------+


+-----------------------------------------------------------------------------------------------------------------------------------------------------+
; Source assignments for Apple_Block:inst10|AppleBitMap:inst3|lpm_rom:black_apple_rom|altrom:srom|altsyncram:rom_block|altsyncram_0181:auto_generated ;
+---------------------------------+--------------------+------+---------------------------------------------------------------------------------------+
; Assignment                      ; Value              ; From ; To                                                                                    ;
+---------------------------------+--------------------+------+---------------------------------------------------------------------------------------+
; OPTIMIZE_POWER_DURING_SYNTHESIS ; NORMAL_COMPILATION ; -    ; -                                                                                     ;
+---------------------------------+--------------------+------+---------------------------------------------------------------------------------------+


+--------------------------------------------------------------------------------------------------------------------------------------------------+
; Source assignments for Score_Block:inst11|NumbersBitMap:inst500|lpm_rom:rom_inst|altrom:srom|altsyncram:rom_block|altsyncram_me81:auto_generated ;
+---------------------------------+--------------------+------+------------------------------------------------------------------------------------+
; Assignment                      ; Value              ; From ; To                                                                                 ;
+---------------------------------+--------------------+------+------------------------------------------------------------------------------------+
; OPTIMIZE_POWER_DURING_SYNTHESIS ; NORMAL_COMPILATION ; -    ; -                                                                                  ;
+---------------------------------+--------------------+------+------------------------------------------------------------------------------------+


+----------------------------------------------------------------------------------------------------------------------------------------+
; Source assignments for end_message_display:inst17|lpm_rom:win_rom_inst|altrom:srom|altsyncram:rom_block|altsyncram_ib81:auto_generated ;
+---------------------------------+--------------------+------+--------------------------------------------------------------------------+
; Assignment                      ; Value              ; From ; To                                                                       ;
+---------------------------------+--------------------+------+--------------------------------------------------------------------------+
; OPTIMIZE_POWER_DURING_SYNTHESIS ; NORMAL_COMPILATION ; -    ; -                                                                        ;
+---------------------------------+--------------------+------+--------------------------------------------------------------------------+


+-----------------------------------------------------------------------------------------------------------------------------------------+
; Source assignments for end_message_display:inst17|lpm_rom:lost_rom_inst|altrom:srom|altsyncram:rom_block|altsyncram_6f81:auto_generated ;
+---------------------------------+--------------------+------+---------------------------------------------------------------------------+
; Assignment                      ; Value              ; From ; To                                                                        ;
+---------------------------------+--------------------+------+---------------------------------------------------------------------------+
; OPTIMIZE_POWER_DURING_SYNTHESIS ; NORMAL_COMPILATION ; -    ; -                                                                         ;
+---------------------------------+--------------------+------+---------------------------------------------------------------------------+


+------------------------------------------------------------------------------------------------------------------------------------------------------------+
; Source assignments for Audio_Block:inst6|AUDIO:inst|melody_player_1:inst5|lpm_rom:rom_inst|altrom:srom|altsyncram:rom_block|altsyncram_se71:auto_generated ;
+---------------------------------+--------------------+------+----------------------------------------------------------------------------------------------+
; Assignment                      ; Value              ; From ; To                                                                                           ;
+---------------------------------+--------------------+------+----------------------------------------------------------------------------------------------+
; OPTIMIZE_POWER_DURING_SYNTHESIS ; NORMAL_COMPILATION ; -    ; -                                                                                            ;
+---------------------------------+--------------------+------+----------------------------------------------------------------------------------------------+


+-------------------------------------------------------+
; Source assignments for sld_signaltap:auto_signaltap_0 ;
+-----------------+-------+------+----------------------+
; Assignment      ; Value ; From ; To                   ;
+-----------------+-------+------+----------------------+
; MESSAGE_DISABLE ; 13410 ; -    ; -                    ;
+-----------------+-------+------+----------------------+


+------------------------------------------------------------------------------------------------+
; Parameter Settings for User Entity Instance: back_ground_draw:inst4|lpm_rom:top_background_rom ;
+------------------------+----------------------------------+------------------------------------+
; Parameter Name         ; Value                            ; Type                               ;
+------------------------+----------------------------------+------------------------------------+
; LPM_WIDTH              ; 8                                ; Signed Integer                     ;
; LPM_WIDTHAD            ; 16                               ; Signed Integer                     ;
; LPM_NUMWORDS           ; 56320                            ; Signed Integer                     ;
; LPM_ADDRESS_CONTROL    ; REGISTERED                       ; Untyped                            ;
; LPM_OUTDATA            ; UNREGISTERED                     ; Untyped                            ;
; LPM_FILE               ; RTL/mifs/top_background_8bit.mif ; Untyped                            ;
; DEVICE_FAMILY          ; Cyclone V                        ; Untyped                            ;
; AUTO_CARRY_CHAINS      ; ON                               ; AUTO_CARRY                         ;
; IGNORE_CARRY_BUFFERS   ; OFF                              ; IGNORE_CARRY                       ;
; AUTO_CASCADE_CHAINS    ; ON                               ; AUTO_CASCADE                       ;
; IGNORE_CASCADE_BUFFERS ; OFF                              ; IGNORE_CASCADE                     ;
+------------------------+----------------------------------+------------------------------------+
Note: In order to hide this table in the UI and the text report file, please set the "Show Parameter Settings in Synthesis Report" option in "Analysis and Synthesis Settings -> More Settings" to "Off".


+--------------------------------------------------------------------------------------------+
; Parameter Settings for User Entity Instance: back_ground_draw:inst4|lpm_rom:grass_tile_rom ;
+------------------------+----------------------------+--------------------------------------+
; Parameter Name         ; Value                      ; Type                                 ;
+------------------------+----------------------------+--------------------------------------+
; LPM_WIDTH              ; 8                          ; Signed Integer                       ;
; LPM_WIDTHAD            ; 10                         ; Signed Integer                       ;
; LPM_NUMWORDS           ; 576                        ; Signed Integer                       ;
; LPM_ADDRESS_CONTROL    ; REGISTERED                 ; Untyped                              ;
; LPM_OUTDATA            ; UNREGISTERED               ; Untyped                              ;
; LPM_FILE               ; RTL/mifs/grass_tile_24.mif ; Untyped                              ;
; DEVICE_FAMILY          ; Cyclone V                  ; Untyped                              ;
; AUTO_CARRY_CHAINS      ; ON                         ; AUTO_CARRY                           ;
; IGNORE_CARRY_BUFFERS   ; OFF                        ; IGNORE_CARRY                         ;
; AUTO_CASCADE_CHAINS    ; ON                         ; AUTO_CASCADE                         ;
; IGNORE_CASCADE_BUFFERS ; OFF                        ; IGNORE_CASCADE                       ;
+------------------------+----------------------------+--------------------------------------+
Note: In order to hide this table in the UI and the text report file, please set the "Show Parameter Settings in Synthesis Report" option in "Analysis and Synthesis Settings -> More Settings" to "Off".


+--------------------------------------------------------------------------------------------+
; Parameter Settings for User Entity Instance: back_ground_draw:inst4|lpm_rom:stone_tile_rom ;
+------------------------+----------------------------+--------------------------------------+
; Parameter Name         ; Value                      ; Type                                 ;
+------------------------+----------------------------+--------------------------------------+
; LPM_WIDTH              ; 8                          ; Signed Integer                       ;
; LPM_WIDTHAD            ; 10                         ; Signed Integer                       ;
; LPM_NUMWORDS           ; 576                        ; Signed Integer                       ;
; LPM_ADDRESS_CONTROL    ; REGISTERED                 ; Untyped                              ;
; LPM_OUTDATA            ; UNREGISTERED               ; Untyped                              ;
; LPM_FILE               ; RTL/mifs/stone_tile_24.mif ; Untyped                              ;
; DEVICE_FAMILY          ; Cyclone V                  ; Untyped                              ;
; AUTO_CARRY_CHAINS      ; ON                         ; AUTO_CARRY                           ;
; IGNORE_CARRY_BUFFERS   ; OFF                        ; IGNORE_CARRY                         ;
; AUTO_CASCADE_CHAINS    ; ON                         ; AUTO_CASCADE                         ;
; IGNORE_CASCADE_BUFFERS ; OFF                        ; IGNORE_CASCADE                       ;
+------------------------+----------------------------+--------------------------------------+
Note: In order to hide this table in the UI and the text report file, please set the "Show Parameter Settings in Synthesis Report" option in "Analysis and Synthesis Settings -> More Settings" to "Off".


+-------------------------------------------------------------------------------------------+
; Parameter Settings for User Entity Instance: back_ground_draw:inst4|lpm_rom:rock_tile_rom ;
+------------------------+---------------------------+--------------------------------------+
; Parameter Name         ; Value                     ; Type                                 ;
+------------------------+---------------------------+--------------------------------------+
; LPM_WIDTH              ; 8                         ; Signed Integer                       ;
; LPM_WIDTHAD            ; 10                        ; Signed Integer                       ;
; LPM_NUMWORDS           ; 576                       ; Signed Integer                       ;
; LPM_ADDRESS_CONTROL    ; REGISTERED                ; Untyped                              ;
; LPM_OUTDATA            ; UNREGISTERED              ; Untyped                              ;
; LPM_FILE               ; RTL/mifs/rock_tile_24.mif ; Untyped                              ;
; DEVICE_FAMILY          ; Cyclone V                 ; Untyped                              ;
; AUTO_CARRY_CHAINS      ; ON                        ; AUTO_CARRY                           ;
; IGNORE_CARRY_BUFFERS   ; OFF                       ; IGNORE_CARRY                         ;
; AUTO_CASCADE_CHAINS    ; ON                        ; AUTO_CASCADE                         ;
; IGNORE_CASCADE_BUFFERS ; OFF                       ; IGNORE_CASCADE                       ;
+------------------------+---------------------------+--------------------------------------+
Note: In order to hide this table in the UI and the text report file, please set the "Show Parameter Settings in Synthesis Report" option in "Analysis and Synthesis Settings -> More Settings" to "Off".


+-------------------------------------------------------------------------------------------+
; Parameter Settings for User Entity Instance: back_ground_draw:inst4|lpm_rom:wood_tile_rom ;
+------------------------+---------------------------+--------------------------------------+
; Parameter Name         ; Value                     ; Type                                 ;
+------------------------+---------------------------+--------------------------------------+
; LPM_WIDTH              ; 8                         ; Signed Integer                       ;
; LPM_WIDTHAD            ; 10                        ; Signed Integer                       ;
; LPM_NUMWORDS           ; 1024                      ; Signed Integer                       ;
; LPM_ADDRESS_CONTROL    ; REGISTERED                ; Untyped                              ;
; LPM_OUTDATA            ; UNREGISTERED              ; Untyped                              ;
; LPM_FILE               ; RTL/mifs/wood_tile_32.mif ; Untyped                              ;
; DEVICE_FAMILY          ; Cyclone V                 ; Untyped                              ;
; AUTO_CARRY_CHAINS      ; ON                        ; AUTO_CARRY                           ;
; IGNORE_CARRY_BUFFERS   ; OFF                       ; IGNORE_CARRY                         ;
; AUTO_CASCADE_CHAINS    ; ON                        ; AUTO_CASCADE                         ;
; IGNORE_CASCADE_BUFFERS ; OFF                       ; IGNORE_CASCADE                       ;
+------------------------+---------------------------+--------------------------------------+
Note: In order to hide this table in the UI and the text report file, please set the "Show Parameter Settings in Synthesis Report" option in "Analysis and Synthesis Settings -> More Settings" to "Off".


+-----------------------------------------------------------------------------------------------------------------+
; Parameter Settings for User Entity Instance: CLK_31P5:inst7|CLK_31P5_0002:clk_31p5_inst|altera_pll:altera_pll_i ;
+--------------------------------------+------------------------+-------------------------------------------------+
; Parameter Name                       ; Value                  ; Type                                            ;
+--------------------------------------+------------------------+-------------------------------------------------+
; reference_clock_frequency            ; 50.0 MHz               ; String                                          ;
; fractional_vco_multiplier            ; false                  ; String                                          ;
; pll_type                             ; General                ; String                                          ;
; pll_subtype                          ; General                ; String                                          ;
; number_of_clocks                     ; 1                      ; Signed Integer                                  ;
; operation_mode                       ; direct                 ; String                                          ;
; deserialization_factor               ; 4                      ; Signed Integer                                  ;
; data_rate                            ; 0                      ; Signed Integer                                  ;
; sim_additional_refclk_cycles_to_lock ; 0                      ; Signed Integer                                  ;
; output_clock_frequency0              ; 31.500000 MHz          ; String                                          ;
; phase_shift0                         ; 0 ps                   ; String                                          ;
; duty_cycle0                          ; 50                     ; Signed Integer                                  ;
; output_clock_frequency1              ; 0 MHz                  ; String                                          ;
; phase_shift1                         ; 0 ps                   ; String                                          ;
; duty_cycle1                          ; 50                     ; Signed Integer                                  ;
; output_clock_frequency2              ; 0 MHz                  ; String                                          ;
; phase_shift2                         ; 0 ps                   ; String                                          ;
; duty_cycle2                          ; 50                     ; Signed Integer                                  ;
; output_clock_frequency3              ; 0 MHz                  ; String                                          ;
; phase_shift3                         ; 0 ps                   ; String                                          ;
; duty_cycle3                          ; 50                     ; Signed Integer                                  ;
; output_clock_frequency4              ; 0 MHz                  ; String                                          ;
; phase_shift4                         ; 0 ps                   ; String                                          ;
; duty_cycle4                          ; 50                     ; Signed Integer                                  ;
; output_clock_frequency5              ; 0 MHz                  ; String                                          ;
; phase_shift5                         ; 0 ps                   ; String                                          ;
; duty_cycle5                          ; 50                     ; Signed Integer                                  ;
; output_clock_frequency6              ; 0 MHz                  ; String                                          ;
; phase_shift6                         ; 0 ps                   ; String                                          ;
; duty_cycle6                          ; 50                     ; Signed Integer                                  ;
; output_clock_frequency7              ; 0 MHz                  ; String                                          ;
; phase_shift7                         ; 0 ps                   ; String                                          ;
; duty_cycle7                          ; 50                     ; Signed Integer                                  ;
; output_clock_frequency8              ; 0 MHz                  ; String                                          ;
; phase_shift8                         ; 0 ps                   ; String                                          ;
; duty_cycle8                          ; 50                     ; Signed Integer                                  ;
; output_clock_frequency9              ; 0 MHz                  ; String                                          ;
; phase_shift9                         ; 0 ps                   ; String                                          ;
; duty_cycle9                          ; 50                     ; Signed Integer                                  ;
; output_clock_frequency10             ; 0 MHz                  ; String                                          ;
; phase_shift10                        ; 0 ps                   ; String                                          ;
; duty_cycle10                         ; 50                     ; Signed Integer                                  ;
; output_clock_frequency11             ; 0 MHz                  ; String                                          ;
; phase_shift11                        ; 0 ps                   ; String                                          ;
; duty_cycle11                         ; 50                     ; Signed Integer                                  ;
; output_clock_frequency12             ; 0 MHz                  ; String                                          ;
; phase_shift12                        ; 0 ps                   ; String                                          ;
; duty_cycle12                         ; 50                     ; Signed Integer                                  ;
; output_clock_frequency13             ; 0 MHz                  ; String                                          ;
; phase_shift13                        ; 0 ps                   ; String                                          ;
; duty_cycle13                         ; 50                     ; Signed Integer                                  ;
; output_clock_frequency14             ; 0 MHz                  ; String                                          ;
; phase_shift14                        ; 0 ps                   ; String                                          ;
; duty_cycle14                         ; 50                     ; Signed Integer                                  ;
; output_clock_frequency15             ; 0 MHz                  ; String                                          ;
; phase_shift15                        ; 0 ps                   ; String                                          ;
; duty_cycle15                         ; 50                     ; Signed Integer                                  ;
; output_clock_frequency16             ; 0 MHz                  ; String                                          ;
; phase_shift16                        ; 0 ps                   ; String                                          ;
; duty_cycle16                         ; 50                     ; Signed Integer                                  ;
; output_clock_frequency17             ; 0 MHz                  ; String                                          ;
; phase_shift17                        ; 0 ps                   ; String                                          ;
; duty_cycle17                         ; 50                     ; Signed Integer                                  ;
; clock_name_0                         ;                        ; String                                          ;
; clock_name_1                         ;                        ; String                                          ;
; clock_name_2                         ;                        ; String                                          ;
; clock_name_3                         ;                        ; String                                          ;
; clock_name_4                         ;                        ; String                                          ;
; clock_name_5                         ;                        ; String                                          ;
; clock_name_6                         ;                        ; String                                          ;
; clock_name_7                         ;                        ; String                                          ;
; clock_name_8                         ;                        ; String                                          ;
; clock_name_global_0                  ; false                  ; String                                          ;
; clock_name_global_1                  ; false                  ; String                                          ;
; clock_name_global_2                  ; false                  ; String                                          ;
; clock_name_global_3                  ; false                  ; String                                          ;
; clock_name_global_4                  ; false                  ; String                                          ;
; clock_name_global_5                  ; false                  ; String                                          ;
; clock_name_global_6                  ; false                  ; String                                          ;
; clock_name_global_7                  ; false                  ; String                                          ;
; clock_name_global_8                  ; false                  ; String                                          ;
; m_cnt_hi_div                         ; 1                      ; Signed Integer                                  ;
; m_cnt_lo_div                         ; 1                      ; Signed Integer                                  ;
; m_cnt_bypass_en                      ; false                  ; String                                          ;
; m_cnt_odd_div_duty_en                ; false                  ; String                                          ;
; n_cnt_hi_div                         ; 1                      ; Signed Integer                                  ;
; n_cnt_lo_div                         ; 1                      ; Signed Integer                                  ;
; n_cnt_bypass_en                      ; false                  ; String                                          ;
; n_cnt_odd_div_duty_en                ; false                  ; String                                          ;
; c_cnt_hi_div0                        ; 1                      ; Signed Integer                                  ;
; c_cnt_lo_div0                        ; 1                      ; Signed Integer                                  ;
; c_cnt_bypass_en0                     ; false                  ; String                                          ;
; c_cnt_in_src0                        ; ph_mux_clk             ; String                                          ;
; c_cnt_odd_div_duty_en0               ; false                  ; String                                          ;
; c_cnt_prst0                          ; 1                      ; Signed Integer                                  ;
; c_cnt_ph_mux_prst0                   ; 0                      ; Signed Integer                                  ;
; c_cnt_hi_div1                        ; 1                      ; Signed Integer                                  ;
; c_cnt_lo_div1                        ; 1                      ; Signed Integer                                  ;
; c_cnt_bypass_en1                     ; false                  ; String                                          ;
; c_cnt_in_src1                        ; ph_mux_clk             ; String                                          ;
; c_cnt_odd_div_duty_en1               ; false                  ; String                                          ;
; c_cnt_prst1                          ; 1                      ; Signed Integer                                  ;
; c_cnt_ph_mux_prst1                   ; 0                      ; Signed Integer                                  ;
; c_cnt_hi_div2                        ; 1                      ; Signed Integer                                  ;
; c_cnt_lo_div2                        ; 1                      ; Signed Integer                                  ;
; c_cnt_bypass_en2                     ; false                  ; String                                          ;
; c_cnt_in_src2                        ; ph_mux_clk             ; String                                          ;
; c_cnt_odd_div_duty_en2               ; false                  ; String                                          ;
; c_cnt_prst2                          ; 1                      ; Signed Integer                                  ;
; c_cnt_ph_mux_prst2                   ; 0                      ; Signed Integer                                  ;
; c_cnt_hi_div3                        ; 1                      ; Signed Integer                                  ;
; c_cnt_lo_div3                        ; 1                      ; Signed Integer                                  ;
; c_cnt_bypass_en3                     ; false                  ; String                                          ;
; c_cnt_in_src3                        ; ph_mux_clk             ; String                                          ;
; c_cnt_odd_div_duty_en3               ; false                  ; String                                          ;
; c_cnt_prst3                          ; 1                      ; Signed Integer                                  ;
; c_cnt_ph_mux_prst3                   ; 0                      ; Signed Integer                                  ;
; c_cnt_hi_div4                        ; 1                      ; Signed Integer                                  ;
; c_cnt_lo_div4                        ; 1                      ; Signed Integer                                  ;
; c_cnt_bypass_en4                     ; false                  ; String                                          ;
; c_cnt_in_src4                        ; ph_mux_clk             ; String                                          ;
; c_cnt_odd_div_duty_en4               ; false                  ; String                                          ;
; c_cnt_prst4                          ; 1                      ; Signed Integer                                  ;
; c_cnt_ph_mux_prst4                   ; 0                      ; Signed Integer                                  ;
; c_cnt_hi_div5                        ; 1                      ; Signed Integer                                  ;
; c_cnt_lo_div5                        ; 1                      ; Signed Integer                                  ;
; c_cnt_bypass_en5                     ; false                  ; String                                          ;
; c_cnt_in_src5                        ; ph_mux_clk             ; String                                          ;
; c_cnt_odd_div_duty_en5               ; false                  ; String                                          ;
; c_cnt_prst5                          ; 1                      ; Signed Integer                                  ;
; c_cnt_ph_mux_prst5                   ; 0                      ; Signed Integer                                  ;
; c_cnt_hi_div6                        ; 1                      ; Signed Integer                                  ;
; c_cnt_lo_div6                        ; 1                      ; Signed Integer                                  ;
; c_cnt_bypass_en6                     ; false                  ; String                                          ;
; c_cnt_in_src6                        ; ph_mux_clk             ; String                                          ;
; c_cnt_odd_div_duty_en6               ; false                  ; String                                          ;
; c_cnt_prst6                          ; 1                      ; Signed Integer                                  ;
; c_cnt_ph_mux_prst6                   ; 0                      ; Signed Integer                                  ;
; c_cnt_hi_div7                        ; 1                      ; Signed Integer                                  ;
; c_cnt_lo_div7                        ; 1                      ; Signed Integer                                  ;
; c_cnt_bypass_en7                     ; false                  ; String                                          ;
; c_cnt_in_src7                        ; ph_mux_clk             ; String                                          ;
; c_cnt_odd_div_duty_en7               ; false                  ; String                                          ;
; c_cnt_prst7                          ; 1                      ; Signed Integer                                  ;
; c_cnt_ph_mux_prst7                   ; 0                      ; Signed Integer                                  ;
; c_cnt_hi_div8                        ; 1                      ; Signed Integer                                  ;
; c_cnt_lo_div8                        ; 1                      ; Signed Integer                                  ;
; c_cnt_bypass_en8                     ; false                  ; String                                          ;
; c_cnt_in_src8                        ; ph_mux_clk             ; String                                          ;
; c_cnt_odd_div_duty_en8               ; false                  ; String                                          ;
; c_cnt_prst8                          ; 1                      ; Signed Integer                                  ;
; c_cnt_ph_mux_prst8                   ; 0                      ; Signed Integer                                  ;
; c_cnt_hi_div9                        ; 1                      ; Signed Integer                                  ;
; c_cnt_lo_div9                        ; 1                      ; Signed Integer                                  ;
; c_cnt_bypass_en9                     ; false                  ; String                                          ;
; c_cnt_in_src9                        ; ph_mux_clk             ; String                                          ;
; c_cnt_odd_div_duty_en9               ; false                  ; String                                          ;
; c_cnt_prst9                          ; 1                      ; Signed Integer                                  ;
; c_cnt_ph_mux_prst9                   ; 0                      ; Signed Integer                                  ;
; c_cnt_hi_div10                       ; 1                      ; Signed Integer                                  ;
; c_cnt_lo_div10                       ; 1                      ; Signed Integer                                  ;
; c_cnt_bypass_en10                    ; false                  ; String                                          ;
; c_cnt_in_src10                       ; ph_mux_clk             ; String                                          ;
; c_cnt_odd_div_duty_en10              ; false                  ; String                                          ;
; c_cnt_prst10                         ; 1                      ; Signed Integer                                  ;
; c_cnt_ph_mux_prst10                  ; 0                      ; Signed Integer                                  ;
; c_cnt_hi_div11                       ; 1                      ; Signed Integer                                  ;
; c_cnt_lo_div11                       ; 1                      ; Signed Integer                                  ;
; c_cnt_bypass_en11                    ; false                  ; String                                          ;
; c_cnt_in_src11                       ; ph_mux_clk             ; String                                          ;
; c_cnt_odd_div_duty_en11              ; false                  ; String                                          ;
; c_cnt_prst11                         ; 1                      ; Signed Integer                                  ;
; c_cnt_ph_mux_prst11                  ; 0                      ; Signed Integer                                  ;
; c_cnt_hi_div12                       ; 1                      ; Signed Integer                                  ;
; c_cnt_lo_div12                       ; 1                      ; Signed Integer                                  ;
; c_cnt_bypass_en12                    ; false                  ; String                                          ;
; c_cnt_in_src12                       ; ph_mux_clk             ; String                                          ;
; c_cnt_odd_div_duty_en12              ; false                  ; String                                          ;
; c_cnt_prst12                         ; 1                      ; Signed Integer                                  ;
; c_cnt_ph_mux_prst12                  ; 0                      ; Signed Integer                                  ;
; c_cnt_hi_div13                       ; 1                      ; Signed Integer                                  ;
; c_cnt_lo_div13                       ; 1                      ; Signed Integer                                  ;
; c_cnt_bypass_en13                    ; false                  ; String                                          ;
; c_cnt_in_src13                       ; ph_mux_clk             ; String                                          ;
; c_cnt_odd_div_duty_en13              ; false                  ; String                                          ;
; c_cnt_prst13                         ; 1                      ; Signed Integer                                  ;
; c_cnt_ph_mux_prst13                  ; 0                      ; Signed Integer                                  ;
; c_cnt_hi_div14                       ; 1                      ; Signed Integer                                  ;
; c_cnt_lo_div14                       ; 1                      ; Signed Integer                                  ;
; c_cnt_bypass_en14                    ; false                  ; String                                          ;
; c_cnt_in_src14                       ; ph_mux_clk             ; String                                          ;
; c_cnt_odd_div_duty_en14              ; false                  ; String                                          ;
; c_cnt_prst14                         ; 1                      ; Signed Integer                                  ;
; c_cnt_ph_mux_prst14                  ; 0                      ; Signed Integer                                  ;
; c_cnt_hi_div15                       ; 1                      ; Signed Integer                                  ;
; c_cnt_lo_div15                       ; 1                      ; Signed Integer                                  ;
; c_cnt_bypass_en15                    ; false                  ; String                                          ;
; c_cnt_in_src15                       ; ph_mux_clk             ; String                                          ;
; c_cnt_odd_div_duty_en15              ; false                  ; String                                          ;
; c_cnt_prst15                         ; 1                      ; Signed Integer                                  ;
; c_cnt_ph_mux_prst15                  ; 0                      ; Signed Integer                                  ;
; c_cnt_hi_div16                       ; 1                      ; Signed Integer                                  ;
; c_cnt_lo_div16                       ; 1                      ; Signed Integer                                  ;
; c_cnt_bypass_en16                    ; false                  ; String                                          ;
; c_cnt_in_src16                       ; ph_mux_clk             ; String                                          ;
; c_cnt_odd_div_duty_en16              ; false                  ; String                                          ;
; c_cnt_prst16                         ; 1                      ; Signed Integer                                  ;
; c_cnt_ph_mux_prst16                  ; 0                      ; Signed Integer                                  ;
; c_cnt_hi_div17                       ; 1                      ; Signed Integer                                  ;
; c_cnt_lo_div17                       ; 1                      ; Signed Integer                                  ;
; c_cnt_bypass_en17                    ; false                  ; String                                          ;
; c_cnt_in_src17                       ; ph_mux_clk             ; String                                          ;
; c_cnt_odd_div_duty_en17              ; false                  ; String                                          ;
; c_cnt_prst17                         ; 1                      ; Signed Integer                                  ;
; c_cnt_ph_mux_prst17                  ; 0                      ; Signed Integer                                  ;
; pll_vco_div                          ; 1                      ; Signed Integer                                  ;
; pll_slf_rst                          ; false                  ; String                                          ;
; pll_bw_sel                           ; low                    ; String                                          ;
; pll_output_clk_frequency             ; 0 MHz                  ; String                                          ;
; pll_cp_current                       ; 0                      ; Signed Integer                                  ;
; pll_bwctrl                           ; 0                      ; Signed Integer                                  ;
; pll_fractional_division              ; 1                      ; Signed Integer                                  ;
; pll_fractional_cout                  ; 24                     ; Signed Integer                                  ;
; pll_dsm_out_sel                      ; 1st_order              ; String                                          ;
; mimic_fbclk_type                     ; gclk                   ; String                                          ;
; pll_fbclk_mux_1                      ; glb                    ; String                                          ;
; pll_fbclk_mux_2                      ; fb_1                   ; String                                          ;
; pll_m_cnt_in_src                     ; ph_mux_clk             ; String                                          ;
; pll_vcoph_div                        ; 1                      ; Signed Integer                                  ;
; refclk1_frequency                    ; 0 MHz                  ; String                                          ;
; pll_clkin_0_src                      ; clk_0                  ; String                                          ;
; pll_clkin_1_src                      ; clk_0                  ; String                                          ;
; pll_clk_loss_sw_en                   ; false                  ; String                                          ;
; pll_auto_clk_sw_en                   ; false                  ; String                                          ;
; pll_manu_clk_sw_en                   ; false                  ; String                                          ;
; pll_clk_sw_dly                       ; 0                      ; Signed Integer                                  ;
; pll_extclk_0_cnt_src                 ; pll_extclk_cnt_src_vss ; String                                          ;
; pll_extclk_1_cnt_src                 ; pll_extclk_cnt_src_vss ; String                                          ;
+--------------------------------------+------------------------+-------------------------------------------------+
Note: In order to hide this table in the UI and the text report file, please set the "Show Parameter Settings in Synthesis Report" option in "Analysis and Synthesis Settings -> More Settings" to "Off".


+---------------------------------------------------------------------------------------------------+
; Parameter Settings for User Entity Instance: Snake_Block:inst13|headBitMap:inst5|lpm_rom:rom_inst ;
+------------------------+----------------------------+---------------------------------------------+
; Parameter Name         ; Value                      ; Type                                        ;
+------------------------+----------------------------+---------------------------------------------+
; LPM_WIDTH              ; 8                          ; Signed Integer                              ;
; LPM_WIDTHAD            ; 10                         ; Signed Integer                              ;
; LPM_NUMWORDS           ; 576                        ; Signed Integer                              ;
; LPM_ADDRESS_CONTROL    ; REGISTERED                 ; Untyped                                     ;
; LPM_OUTDATA            ; UNREGISTERED               ; Untyped                                     ;
; LPM_FILE               ; RTL/mifs/snake_head_24.mif ; Untyped                                     ;
; DEVICE_FAMILY          ; Cyclone V                  ; Untyped                                     ;
; AUTO_CARRY_CHAINS      ; ON                         ; AUTO_CARRY                                  ;
; IGNORE_CARRY_BUFFERS   ; OFF                        ; IGNORE_CARRY                                ;
; AUTO_CASCADE_CHAINS    ; ON                         ; AUTO_CASCADE                                ;
; IGNORE_CASCADE_BUFFERS ; OFF                        ; IGNORE_CASCADE                              ;
+------------------------+----------------------------+---------------------------------------------+
Note: In order to hide this table in the UI and the text report file, please set the "Show Parameter Settings in Synthesis Report" option in "Analysis and Synthesis Settings -> More Settings" to "Off".


+-------------------------------------------------------------------------------------+
; Parameter Settings for User Entity Instance: Snake_Block:inst13|square_object:inst4 ;
+-----------------+----------+--------------------------------------------------------+
; Parameter Name  ; Value    ; Type                                                   ;
+-----------------+----------+--------------------------------------------------------+
; OBJECT_WIDTH_X  ; 22       ; Signed Integer                                         ;
; OBJECT_HEIGHT_Y ; 24       ; Signed Integer                                         ;
; OBJECT_COLOR    ; 00000011 ; Unsigned Binary                                        ;
+-----------------+----------+--------------------------------------------------------+
Note: In order to hide this table in the UI and the text report file, please set the "Show Parameter Settings in Synthesis Report" option in "Analysis and Synthesis Settings -> More Settings" to "Off".


+----------------------------------------------------------------------------------+
; Parameter Settings for User Entity Instance: Snake_Block:inst13|snake_head:inst3 ;
+----------------+-------+---------------------------------------------------------+
; Parameter Name ; Value ; Type                                                    ;
+----------------+-------+---------------------------------------------------------+
; INITIAL_X      ; 384   ; Signed Integer                                          ;
; INITIAL_Y      ; 240   ; Signed Integer                                          ;
+----------------+-------+---------------------------------------------------------+
Note: In order to hide this table in the UI and the text report file, please set the "Show Parameter Settings in Synthesis Report" option in "Analysis and Synthesis Settings -> More Settings" to "Off".


+----------------------------------------------------------------------------------+
; Parameter Settings for User Entity Instance: Snake_Block:inst13|snake_body:inst6 ;
+-----------------+-------+--------------------------------------------------------+
; Parameter Name  ; Value ; Type                                                   ;
+-----------------+-------+--------------------------------------------------------+
; INITIAL_X       ; 384   ; Signed Integer                                         ;
; INITIAL_Y       ; 240   ; Signed Integer                                         ;
; BODY_SIZE       ; 24    ; Signed Integer                                         ;
; MAX_SEGMENTS    ; 32    ; Signed Integer                                         ;
; INITIAL_LENGTH  ; 4     ; Signed Integer                                         ;
; SEGMENT_SPACING ; 6     ; Signed Integer                                         ;
+-----------------+-------+--------------------------------------------------------+
Note: In order to hide this table in the UI and the text report file, please set the "Show Parameter Settings in Synthesis Report" option in "Analysis and Synthesis Settings -> More Settings" to "Off".


+---------------------------------------------------------------------------------------------------+
; Parameter Settings for User Entity Instance: Snake_Block:inst13|snake_body:inst6|lpm_rom:rom_inst ;
+------------------------+----------------------------+---------------------------------------------+
; Parameter Name         ; Value                      ; Type                                        ;
+------------------------+----------------------------+---------------------------------------------+
; LPM_WIDTH              ; 8                          ; Signed Integer                              ;
; LPM_WIDTHAD            ; 10                         ; Signed Integer                              ;
; LPM_NUMWORDS           ; 576                        ; Signed Integer                              ;
; LPM_ADDRESS_CONTROL    ; REGISTERED                 ; Untyped                                     ;
; LPM_OUTDATA            ; UNREGISTERED               ; Untyped                                     ;
; LPM_FILE               ; RTL/mifs/snake_body_24.mif ; Untyped                                     ;
; DEVICE_FAMILY          ; Cyclone V                  ; Untyped                                     ;
; AUTO_CARRY_CHAINS      ; ON                         ; AUTO_CARRY                                  ;
; IGNORE_CARRY_BUFFERS   ; OFF                        ; IGNORE_CARRY                                ;
; AUTO_CASCADE_CHAINS    ; ON                         ; AUTO_CASCADE                                ;
; IGNORE_CASCADE_BUFFERS ; OFF                        ; IGNORE_CASCADE                              ;
+------------------------+----------------------------+---------------------------------------------+
Note: In order to hide this table in the UI and the text report file, please set the "Show Parameter Settings in Synthesis Report" option in "Analysis and Synthesis Settings -> More Settings" to "Off".


+---------------------------------------------------------------------------------------------------------+
; Parameter Settings for User Entity Instance: Apple_Block:inst10|AppleBitMap:inst3|lpm_rom:red_apple_rom ;
+------------------------+---------------------------+----------------------------------------------------+
; Parameter Name         ; Value                     ; Type                                               ;
+------------------------+---------------------------+----------------------------------------------------+
; LPM_WIDTH              ; 8                         ; Signed Integer                                     ;
; LPM_WIDTHAD            ; 10                        ; Signed Integer                                     ;
; LPM_NUMWORDS           ; 576                       ; Signed Integer                                     ;
; LPM_ADDRESS_CONTROL    ; REGISTERED                ; Untyped                                            ;
; LPM_OUTDATA            ; UNREGISTERED              ; Untyped                                            ;
; LPM_FILE               ; RTL/mifs/red_apple_24.mif ; Untyped                                            ;
; DEVICE_FAMILY          ; Cyclone V                 ; Untyped                                            ;
; AUTO_CARRY_CHAINS      ; ON                        ; AUTO_CARRY                                         ;
; IGNORE_CARRY_BUFFERS   ; OFF                       ; IGNORE_CARRY                                       ;
; AUTO_CASCADE_CHAINS    ; ON                        ; AUTO_CASCADE                                       ;
; IGNORE_CASCADE_BUFFERS ; OFF                       ; IGNORE_CASCADE                                     ;
+------------------------+---------------------------+----------------------------------------------------+
Note: In order to hide this table in the UI and the text report file, please set the "Show Parameter Settings in Synthesis Report" option in "Analysis and Synthesis Settings -> More Settings" to "Off".


+----------------------------------------------------------------------------------------------------------+
; Parameter Settings for User Entity Instance: Apple_Block:inst10|AppleBitMap:inst3|lpm_rom:blue_apple_rom ;
+------------------------+----------------------------+----------------------------------------------------+
; Parameter Name         ; Value                      ; Type                                               ;
+------------------------+----------------------------+----------------------------------------------------+
; LPM_WIDTH              ; 8                          ; Signed Integer                                     ;
; LPM_WIDTHAD            ; 10                         ; Signed Integer                                     ;
; LPM_NUMWORDS           ; 576                        ; Signed Integer                                     ;
; LPM_ADDRESS_CONTROL    ; REGISTERED                 ; Untyped                                            ;
; LPM_OUTDATA            ; UNREGISTERED               ; Untyped                                            ;
; LPM_FILE               ; RTL/mifs/blue_apple_24.mif ; Untyped                                            ;
; DEVICE_FAMILY          ; Cyclone V                  ; Untyped                                            ;
; AUTO_CARRY_CHAINS      ; ON                         ; AUTO_CARRY                                         ;
; IGNORE_CARRY_BUFFERS   ; OFF                        ; IGNORE_CARRY                                       ;
; AUTO_CASCADE_CHAINS    ; ON                         ; AUTO_CASCADE                                       ;
; IGNORE_CASCADE_BUFFERS ; OFF                        ; IGNORE_CASCADE                                     ;
+------------------------+----------------------------+----------------------------------------------------+
Note: In order to hide this table in the UI and the text report file, please set the "Show Parameter Settings in Synthesis Report" option in "Analysis and Synthesis Settings -> More Settings" to "Off".


+-----------------------------------------------------------------------------------------------------------+
; Parameter Settings for User Entity Instance: Apple_Block:inst10|AppleBitMap:inst3|lpm_rom:black_apple_rom ;
+------------------------+-----------------------------+----------------------------------------------------+
; Parameter Name         ; Value                       ; Type                                               ;
+------------------------+-----------------------------+----------------------------------------------------+
; LPM_WIDTH              ; 8                           ; Signed Integer                                     ;
; LPM_WIDTHAD            ; 10                          ; Signed Integer                                     ;
; LPM_NUMWORDS           ; 576                         ; Signed Integer                                     ;
; LPM_ADDRESS_CONTROL    ; REGISTERED                  ; Untyped                                            ;
; LPM_OUTDATA            ; UNREGISTERED                ; Untyped                                            ;
; LPM_FILE               ; RTL/mifs/black_apple_24.mif ; Untyped                                            ;
; DEVICE_FAMILY          ; Cyclone V                   ; Untyped                                            ;
; AUTO_CARRY_CHAINS      ; ON                          ; AUTO_CARRY                                         ;
; IGNORE_CARRY_BUFFERS   ; OFF                         ; IGNORE_CARRY                                       ;
; AUTO_CASCADE_CHAINS    ; ON                          ; AUTO_CASCADE                                       ;
; IGNORE_CASCADE_BUFFERS ; OFF                         ; IGNORE_CASCADE                                     ;
+------------------------+-----------------------------+----------------------------------------------------+
Note: In order to hide this table in the UI and the text report file, please set the "Show Parameter Settings in Synthesis Report" option in "Analysis and Synthesis Settings -> More Settings" to "Off".


+--------------------------------------------------------------------------------------+
; Parameter Settings for User Entity Instance: Apple_Block:inst10|square_object:inst11 ;
+-----------------+----------+---------------------------------------------------------+
; Parameter Name  ; Value    ; Type                                                    ;
+-----------------+----------+---------------------------------------------------------+
; OBJECT_WIDTH_X  ; 24       ; Signed Integer                                          ;
; OBJECT_HEIGHT_Y ; 24       ; Signed Integer                                          ;
; OBJECT_COLOR    ; 00000000 ; Unsigned Binary                                         ;
+-----------------+----------+---------------------------------------------------------+
Note: In order to hide this table in the UI and the text report file, please set the "Show Parameter Settings in Synthesis Report" option in "Analysis and Synthesis Settings -> More Settings" to "Off".


+------------------------------------------------------------------------------------+
; Parameter Settings for User Entity Instance: Apple_Block:inst10|randomCounter:inst ;
+----------------+----------+--------------------------------------------------------+
; Parameter Name ; Value    ; Type                                                   ;
+----------------+----------+--------------------------------------------------------+
; redSeed        ; 00110111 ; Unsigned Binary                                        ;
; blueSeed       ; 10100101 ; Unsigned Binary                                        ;
; blackSeed      ; 01101100 ; Unsigned Binary                                        ;
+----------------+----------+--------------------------------------------------------+
Note: In order to hide this table in the UI and the text report file, please set the "Show Parameter Settings in Synthesis Report" option in "Analysis and Synthesis Settings -> More Settings" to "Off".


+--------------------------------------------------------------------------------------+
; Parameter Settings for User Entity Instance: Apple_Block:inst10|square_object:inst12 ;
+-----------------+----------+---------------------------------------------------------+
; Parameter Name  ; Value    ; Type                                                    ;
+-----------------+----------+---------------------------------------------------------+
; OBJECT_WIDTH_X  ; 24       ; Signed Integer                                          ;
; OBJECT_HEIGHT_Y ; 24       ; Signed Integer                                          ;
; OBJECT_COLOR    ; 00000000 ; Unsigned Binary                                         ;
+-----------------+----------+---------------------------------------------------------+
Note: In order to hide this table in the UI and the text report file, please set the "Show Parameter Settings in Synthesis Report" option in "Analysis and Synthesis Settings -> More Settings" to "Off".


+--------------------------------------------------------------------------------------+
; Parameter Settings for User Entity Instance: Apple_Block:inst10|square_object:inst13 ;
+-----------------+----------+---------------------------------------------------------+
; Parameter Name  ; Value    ; Type                                                    ;
+-----------------+----------+---------------------------------------------------------+
; OBJECT_WIDTH_X  ; 24       ; Signed Integer                                          ;
; OBJECT_HEIGHT_Y ; 24       ; Signed Integer                                          ;
; OBJECT_COLOR    ; 00000000 ; Unsigned Binary                                         ;
+-----------------+----------+---------------------------------------------------------+
Note: In order to hide this table in the UI and the text report file, please set the "Show Parameter Settings in Synthesis Report" option in "Analysis and Synthesis Settings -> More Settings" to "Off".


+---------------------------------------------------------------------------------------+
; Parameter Settings for User Entity Instance: Score_Block:inst11|NumbersBitMap:inst500 ;
+------------------+----------+---------------------------------------------------------+
; Parameter Name   ; Value    ; Type                                                    ;
+------------------+----------+---------------------------------------------------------+
; SCORE_COLOR_LOW  ; 11111111 ; Unsigned Binary                                         ;
; SCORE_COLOR_HIGH ; 11111100 ; Unsigned Binary                                         ;
; HIGH_SCORE_COLOR ; 11100000 ; Unsigned Binary                                         ;
+------------------+----------+---------------------------------------------------------+
Note: In order to hide this table in the UI and the text report file, please set the "Show Parameter Settings in Synthesis Report" option in "Analysis and Synthesis Settings -> More Settings" to "Off".


+--------------------------------------------------------------------------------------------------------+
; Parameter Settings for User Entity Instance: Score_Block:inst11|NumbersBitMap:inst500|lpm_rom:rom_inst ;
+------------------------+-------------------------------+-----------------------------------------------+
; Parameter Name         ; Value                         ; Type                                          ;
+------------------------+-------------------------------+-----------------------------------------------+
; LPM_WIDTH              ; 1                             ; Signed Integer                                ;
; LPM_WIDTHAD            ; 13                            ; Signed Integer                                ;
; LPM_NUMWORDS           ; 8192                          ; Signed Integer                                ;
; LPM_ADDRESS_CONTROL    ; REGISTERED                    ; Untyped                                       ;
; LPM_OUTDATA            ; UNREGISTERED                  ; Untyped                                       ;
; LPM_FILE               ; RTL/mifs/numbers_new_font.mif ; Untyped                                       ;
; DEVICE_FAMILY          ; Cyclone V                     ; Untyped                                       ;
; AUTO_CARRY_CHAINS      ; ON                            ; AUTO_CARRY                                    ;
; IGNORE_CARRY_BUFFERS   ; OFF                           ; IGNORE_CARRY                                  ;
; AUTO_CASCADE_CHAINS    ; ON                            ; AUTO_CASCADE                                  ;
; IGNORE_CASCADE_BUFFERS ; OFF                           ; IGNORE_CASCADE                                ;
+------------------------+-------------------------------+-----------------------------------------------+
Note: In order to hide this table in the UI and the text report file, please set the "Show Parameter Settings in Synthesis Report" option in "Analysis and Synthesis Settings -> More Settings" to "Off".


+--------------------------------------------------------------------------------------+
; Parameter Settings for User Entity Instance: Score_Block:inst11|square_object:inst42 ;
+-----------------+----------+---------------------------------------------------------+
; Parameter Name  ; Value    ; Type                                                    ;
+-----------------+----------+---------------------------------------------------------+
; OBJECT_WIDTH_X  ; 64       ; Signed Integer                                          ;
; OBJECT_HEIGHT_Y ; 64       ; Signed Integer                                          ;
; OBJECT_COLOR    ; 00000011 ; Unsigned Binary                                         ;
+-----------------+----------+---------------------------------------------------------+
Note: In order to hide this table in the UI and the text report file, please set the "Show Parameter Settings in Synthesis Report" option in "Analysis and Synthesis Settings -> More Settings" to "Off".


+-------------------------------------------------------------------------------------+
; Parameter Settings for User Entity Instance: Score_Block:inst11|square_object:inst4 ;
+-----------------+----------+--------------------------------------------------------+
; Parameter Name  ; Value    ; Type                                                   ;
+-----------------+----------+--------------------------------------------------------+
; OBJECT_WIDTH_X  ; 64       ; Signed Integer                                         ;
; OBJECT_HEIGHT_Y ; 64       ; Signed Integer                                         ;
; OBJECT_COLOR    ; 00000011 ; Unsigned Binary                                        ;
+-----------------+----------+--------------------------------------------------------+
Note: In order to hide this table in the UI and the text report file, please set the "Show Parameter Settings in Synthesis Report" option in "Analysis and Synthesis Settings -> More Settings" to "Off".


+----------------------------------------------------------------------------------------------+
; Parameter Settings for User Entity Instance: end_message_display:inst17|lpm_rom:win_rom_inst ;
+------------------------+------------------------------+--------------------------------------+
; Parameter Name         ; Value                        ; Type                                 ;
+------------------------+------------------------------+--------------------------------------+
; LPM_WIDTH              ; 8                            ; Signed Integer                       ;
; LPM_WIDTHAD            ; 16                           ; Signed Integer                       ;
; LPM_NUMWORDS           ; 50400                        ; Signed Integer                       ;
; LPM_ADDRESS_CONTROL    ; REGISTERED                   ; Untyped                              ;
; LPM_OUTDATA            ; UNREGISTERED                 ; Untyped                              ;
; LPM_FILE               ; RTL/mifs/end_message_win.mif ; Untyped                              ;
; DEVICE_FAMILY          ; Cyclone V                    ; Untyped                              ;
; AUTO_CARRY_CHAINS      ; ON                           ; AUTO_CARRY                           ;
; IGNORE_CARRY_BUFFERS   ; OFF                          ; IGNORE_CARRY                         ;
; AUTO_CASCADE_CHAINS    ; ON                           ; AUTO_CASCADE                         ;
; IGNORE_CASCADE_BUFFERS ; OFF                          ; IGNORE_CASCADE                       ;
+------------------------+------------------------------+--------------------------------------+
Note: In order to hide this table in the UI and the text report file, please set the "Show Parameter Settings in Synthesis Report" option in "Analysis and Synthesis Settings -> More Settings" to "Off".


+-----------------------------------------------------------------------------------------------+
; Parameter Settings for User Entity Instance: end_message_display:inst17|lpm_rom:lost_rom_inst ;
+------------------------+-------------------------------+--------------------------------------+
; Parameter Name         ; Value                         ; Type                                 ;
+------------------------+-------------------------------+--------------------------------------+
; LPM_WIDTH              ; 8                             ; Signed Integer                       ;
; LPM_WIDTHAD            ; 16                            ; Signed Integer                       ;
; LPM_NUMWORDS           ; 50400                         ; Signed Integer                       ;
; LPM_ADDRESS_CONTROL    ; REGISTERED                    ; Untyped                              ;
; LPM_OUTDATA            ; UNREGISTERED                  ; Untyped                              ;
; LPM_FILE               ; RTL/mifs/end_message_lost.mif ; Untyped                              ;
; DEVICE_FAMILY          ; Cyclone V                     ; Untyped                              ;
; AUTO_CARRY_CHAINS      ; ON                            ; AUTO_CARRY                           ;
; IGNORE_CARRY_BUFFERS   ; OFF                           ; IGNORE_CARRY                         ;
; AUTO_CASCADE_CHAINS    ; ON                            ; AUTO_CASCADE                         ;
; IGNORE_CASCADE_BUFFERS ; OFF                           ; IGNORE_CASCADE                       ;
+------------------------+-------------------------------+--------------------------------------+
Note: In order to hide this table in the UI and the text report file, please set the "Show Parameter Settings in Synthesis Report" option in "Analysis and Synthesis Settings -> More Settings" to "Off".


+------------------------------------------------------------------------------------------+
; Parameter Settings for User Entity Instance: Audio_Block:inst6|AUDIO:inst|sintable:inst1 ;
+----------------+-------+-----------------------------------------------------------------+
; Parameter Name ; Value ; Type                                                            ;
+----------------+-------+-----------------------------------------------------------------+
; COUNT_SIZE     ; 8     ; Signed Integer                                                  ;
+----------------+-------+-----------------------------------------------------------------+
Note: In order to hide this table in the UI and the text report file, please set the "Show Parameter Settings in Synthesis Report" option in "Analysis and Synthesis Settings -> More Settings" to "Off".


+----------------------------------------------------------------------------------------------+
; Parameter Settings for User Entity Instance: Audio_Block:inst6|AUDIO:inst|addr_counter:inst9 ;
+----------------+-------+---------------------------------------------------------------------+
; Parameter Name ; Value ; Type                                                                ;
+----------------+-------+---------------------------------------------------------------------+
; COUNT_SIZE     ; 8     ; Signed Integer                                                      ;
+----------------+-------+---------------------------------------------------------------------+
Note: In order to hide this table in the UI and the text report file, please set the "Show Parameter Settings in Synthesis Report" option in "Analysis and Synthesis Settings -> More Settings" to "Off".


+------------------------------------------------------------------------------------------------------------------+
; Parameter Settings for User Entity Instance: Audio_Block:inst6|AUDIO:inst|melody_player_1:inst5|lpm_rom:rom_inst ;
+------------------------+---------------------+-------------------------------------------------------------------+
; Parameter Name         ; Value               ; Type                                                              ;
+------------------------+---------------------+-------------------------------------------------------------------+
; LPM_WIDTH              ; 16                  ; Signed Integer                                                    ;
; LPM_WIDTHAD            ; 12                  ; Signed Integer                                                    ;
; LPM_NUMWORDS           ; 4096                ; Signed Integer                                                    ;
; LPM_ADDRESS_CONTROL    ; REGISTERED          ; Untyped                                                           ;
; LPM_OUTDATA            ; UNREGISTERED        ; Untyped                                                           ;
; LPM_FILE               ; RTL/AUDIO/songs.mif ; Untyped                                                           ;
; DEVICE_FAMILY          ; Cyclone V           ; Untyped                                                           ;
; AUTO_CARRY_CHAINS      ; ON                  ; AUTO_CARRY                                                        ;
; IGNORE_CARRY_BUFFERS   ; OFF                 ; IGNORE_CARRY                                                      ;
; AUTO_CASCADE_CHAINS    ; ON                  ; AUTO_CASCADE                                                      ;
; IGNORE_CASCADE_BUFFERS ; OFF                 ; IGNORE_CASCADE                                                    ;
+------------------------+---------------------+-------------------------------------------------------------------+
Note: In order to hide this table in the UI and the text report file, please set the "Show Parameter Settings in Synthesis Report" option in "Analysis and Synthesis Settings -> More Settings" to "Off".


+----------------------------------------------------------------------------------------------------------------------------------------+
; Parameter Settings for User Entity Instance: Audio_Block:inst6|AUDIO:inst|melody_player_1:inst5|Mili_sec_counter:mili_sec_counter_inst ;
+-----------------+-------+--------------------------------------------------------------------------------------------------------------+
; Parameter Name  ; Value ; Type                                                                                                         ;
+-----------------+-------+--------------------------------------------------------------------------------------------------------------+
; SIMULATION_MODE ; 0     ; Unsigned Binary                                                                                              ;
; mSecPerTick     ; 30    ; Signed Integer                                                                                               ;
; PLLClock        ; 315   ; Signed Integer                                                                                               ;
+-----------------+-------+--------------------------------------------------------------------------------------------------------------+
Note: In order to hide this table in the UI and the text report file, please set the "Show Parameter Settings in Synthesis Report" option in "Analysis and Synthesis Settings -> More Settings" to "Off".


+---------------------------------------------------------------------------------------------------+
; Parameter Settings for Inferred Entity Instance: sld_signaltap:auto_signaltap_0                   ;
+-------------------------------------------------+--------------------------------+----------------+
; Parameter Name                                  ; Value                          ; Type           ;
+-------------------------------------------------+--------------------------------+----------------+
; lpm_type                                        ; sld_signaltap                  ; String         ;
; sld_node_info                                   ; 805334528                      ; Untyped        ;
; SLD_SECTION_ID                                  ; hdl_signaltap_0                ; String         ;
; SLD_IP_VERSION                                  ; 6                              ; Signed Integer ;
; SLD_IP_MINOR_VERSION                            ; 0                              ; Signed Integer ;
; SLD_COMMON_IP_VERSION                           ; 0                              ; Signed Integer ;
; sld_data_bits                                   ; 6                              ; Untyped        ;
; sld_trigger_bits                                ; 1                              ; Untyped        ;
; SLD_NODE_CRC_BITS                               ; 32                             ; Signed Integer ;
; SLD_NODE_CRC_HIWORD                             ; 41394                          ; Signed Integer ;
; SLD_NODE_CRC_LOWORD                             ; 50132                          ; Signed Integer ;
; sld_incremental_routing                         ; 1                              ; Untyped        ;
; sld_sample_depth                                ; 8192                           ; Untyped        ;
; sld_segment_size                                ; 8192                           ; Untyped        ;
; sld_ram_block_type                              ; AUTO                           ; Untyped        ;
; sld_state_bits                                  ; 11                             ; Untyped        ;
; sld_buffer_full_stop                            ; 1                              ; Untyped        ;
; SLD_MEM_ADDRESS_BITS                            ; 7                              ; Signed Integer ;
; SLD_DATA_BIT_CNTR_BITS                          ; 4                              ; Signed Integer ;
; sld_trigger_level                               ; 1                              ; Untyped        ;
; sld_trigger_in_enabled                          ; 0                              ; Untyped        ;
; SLD_HPS_TRIGGER_IN_ENABLED                      ; 0                              ; Signed Integer ;
; SLD_HPS_TRIGGER_OUT_ENABLED                     ; 0                              ; Signed Integer ;
; SLD_HPS_EVENT_ENABLED                           ; 0                              ; Signed Integer ;
; SLD_HPS_EVENT_ID                                ; 0                              ; Signed Integer ;
; sld_advanced_trigger_entity                     ; basic,1,                       ; Untyped        ;
; sld_trigger_level_pipeline                      ; 1                              ; Untyped        ;
; sld_trigger_pipeline                            ; 0                              ; Untyped        ;
; sld_ram_pipeline                                ; 0                              ; Untyped        ;
; sld_counter_pipeline                            ; 0                              ; Untyped        ;
; sld_enable_advanced_trigger                     ; 0                              ; Untyped        ;
; SLD_ADVANCED_TRIGGER_1                          ; NONE                           ; String         ;
; SLD_ADVANCED_TRIGGER_2                          ; NONE                           ; String         ;
; SLD_ADVANCED_TRIGGER_3                          ; NONE                           ; String         ;
; SLD_ADVANCED_TRIGGER_4                          ; NONE                           ; String         ;
; SLD_ADVANCED_TRIGGER_5                          ; NONE                           ; String         ;
; SLD_ADVANCED_TRIGGER_6                          ; NONE                           ; String         ;
; SLD_ADVANCED_TRIGGER_7                          ; NONE                           ; String         ;
; SLD_ADVANCED_TRIGGER_8                          ; NONE                           ; String         ;
; SLD_ADVANCED_TRIGGER_9                          ; NONE                           ; String         ;
; SLD_ADVANCED_TRIGGER_10                         ; NONE                           ; String         ;
; sld_inversion_mask_length                       ; 30                             ; Untyped        ;
; sld_inversion_mask                              ; 000000000000000000000000000000 ; Untyped        ;
; sld_power_up_trigger                            ; 0                              ; Untyped        ;
; SLD_STATE_FLOW_MGR_ENTITY                       ; state_flow_mgr_entity.vhd      ; String         ;
; sld_state_flow_use_generated                    ; 0                              ; Untyped        ;
; sld_current_resource_width                      ; 1                              ; Untyped        ;
; sld_attribute_mem_mode                          ; OFF                            ; Untyped        ;
; sld_storage_qualifier_bits                      ; 6                              ; Untyped        ;
; SLD_STORAGE_QUALIFIER_GAP_RECORD                ; 0                              ; Signed Integer ;
; SLD_STORAGE_QUALIFIER_MODE                      ; OFF                            ; String         ;
; SLD_STORAGE_QUALIFIER_ENABLE_ADVANCED_CONDITION ; 0                              ; Signed Integer ;
; sld_storage_qualifier_inversion_mask_length     ; 0                              ; Untyped        ;
; SLD_STORAGE_QUALIFIER_ADVANCED_CONDITION_ENTITY ; basic                          ; String         ;
; SLD_STORAGE_QUALIFIER_PIPELINE                  ; 0                              ; Signed Integer ;
; SLD_CREATE_MONITOR_INTERFACE                    ; 0                              ; Signed Integer ;
; SLD_USE_JTAG_SIGNAL_ADAPTER                     ; 1                              ; Signed Integer ;
+-------------------------------------------------+--------------------------------+----------------+
Note: In order to hide this table in the UI and the text report file, please set the "Show Parameter Settings in Synthesis Report" option in "Analysis and Synthesis Settings -> More Settings" to "Off".


+-----------------------------------------------------------------------------------------+
; Parameter Settings for Inferred Entity Instance: back_ground_draw:inst4|lpm_divide:Div1 ;
+------------------------+----------------+-----------------------------------------------+
; Parameter Name         ; Value          ; Type                                          ;
+------------------------+----------------+-----------------------------------------------+
; LPM_WIDTHN             ; 11             ; Untyped                                       ;
; LPM_WIDTHD             ; 5              ; Untyped                                       ;
; LPM_NREPRESENTATION    ; UNSIGNED       ; Untyped                                       ;
; LPM_DREPRESENTATION    ; UNSIGNED       ; Untyped                                       ;
; LPM_PIPELINE           ; 0              ; Untyped                                       ;
; LPM_REMAINDERPOSITIVE  ; TRUE           ; Untyped                                       ;
; MAXIMIZE_SPEED         ; 5              ; Untyped                                       ;
; CBXI_PARAMETER         ; lpm_divide_gbm ; Untyped                                       ;
; CARRY_CHAIN            ; MANUAL         ; Untyped                                       ;
; OPTIMIZE_FOR_SPEED     ; 5              ; Untyped                                       ;
; AUTO_CARRY_CHAINS      ; ON             ; AUTO_CARRY                                    ;
; IGNORE_CARRY_BUFFERS   ; OFF            ; IGNORE_CARRY                                  ;
; AUTO_CASCADE_CHAINS    ; ON             ; AUTO_CASCADE                                  ;
; IGNORE_CASCADE_BUFFERS ; OFF            ; IGNORE_CASCADE                                ;
+------------------------+----------------+-----------------------------------------------+
Note: In order to hide this table in the UI and the text report file, please set the "Show Parameter Settings in Synthesis Report" option in "Analysis and Synthesis Settings -> More Settings" to "Off".


+-----------------------------------------------------------------------------------------+
; Parameter Settings for Inferred Entity Instance: back_ground_draw:inst4|lpm_divide:Div0 ;
+------------------------+----------------+-----------------------------------------------+
; Parameter Name         ; Value          ; Type                                          ;
+------------------------+----------------+-----------------------------------------------+
; LPM_WIDTHN             ; 11             ; Untyped                                       ;
; LPM_WIDTHD             ; 5              ; Untyped                                       ;
; LPM_NREPRESENTATION    ; UNSIGNED       ; Untyped                                       ;
; LPM_DREPRESENTATION    ; UNSIGNED       ; Untyped                                       ;
; LPM_PIPELINE           ; 0              ; Untyped                                       ;
; LPM_REMAINDERPOSITIVE  ; TRUE           ; Untyped                                       ;
; MAXIMIZE_SPEED         ; 5              ; Untyped                                       ;
; CBXI_PARAMETER         ; lpm_divide_gbm ; Untyped                                       ;
; CARRY_CHAIN            ; MANUAL         ; Untyped                                       ;
; OPTIMIZE_FOR_SPEED     ; 5              ; Untyped                                       ;
; AUTO_CARRY_CHAINS      ; ON             ; AUTO_CARRY                                    ;
; IGNORE_CARRY_BUFFERS   ; OFF            ; IGNORE_CARRY                                  ;
; AUTO_CASCADE_CHAINS    ; ON             ; AUTO_CASCADE                                  ;
; IGNORE_CASCADE_BUFFERS ; OFF            ; IGNORE_CASCADE                                ;
+------------------------+----------------+-----------------------------------------------+
Note: In order to hide this table in the UI and the text report file, please set the "Show Parameter Settings in Synthesis Report" option in "Analysis and Synthesis Settings -> More Settings" to "Off".


+-----------------------------------------------------------------------------------------------------------------------+
; Port Connectivity Checks: "Audio_Block:inst6|AUDIO:inst|melody_player_1:inst5|Mili_sec_counter:mili_sec_counter_inst" ;
+-------+-------+----------+--------------------------------------------------------------------------------------------+
; Port  ; Type  ; Severity ; Details                                                                                    ;
+-------+-------+----------+--------------------------------------------------------------------------------------------+
; turbo ; Input ; Info     ; Stuck at GND                                                                               ;
+-------+-------+----------+--------------------------------------------------------------------------------------------+


+-------------------------------------------------------------------------------------------------------------------------------------------------------------------------------------------------------------------------------------------------------------------------+
; SignalTap II Logic Analyzer Settings                                                                                                                                                                                                                                    ;
+----------------+------------------+---------------------+------------------+--------------+----------+------------------------+----------------------+--------------------+-----------------------------+-----------------+------------------+--------------------------+
; Instance Index ; Instance Name    ; Trigger Input Width ; Data Input Width ; Sample Depth ; Segments ; Storage Qualifier Type ; Trigger Flow Control ; Trigger Conditions ; Advanced Trigger Conditions ; Trigger In Used ; Trigger Out Used ; Power-Up Trigger Enabled ;
+----------------+------------------+---------------------+------------------+--------------+----------+------------------------+----------------------+--------------------+-----------------------------+-----------------+------------------+--------------------------+
; 0              ; auto_signaltap_0 ; 1                   ; 6                ; 8192         ; 1        ; continuous             ; sequential           ; 1                  ; 0                           ; no              ; no               ; no                       ;
+----------------+------------------+---------------------+------------------+--------------+----------+------------------------+----------------------+--------------------+-----------------------------+-----------------+------------------+--------------------------+


+-----------------------------------------------------+
; Post-Synthesis Netlist Statistics for Top Partition ;
+----------------------------------------+------------+
; Type                                   ; Count      ;
+----------------------------------------+------------+
; arriav_ff                              ; 4746       ;
;     CLR                                ; 105        ;
;     CLR SCLR                           ; 290        ;
;     CLR SCLR SLD                       ; 1          ;
;     CLR SLD                            ; 1          ;
;     ENA CLR                            ; 1243       ;
;     ENA CLR SCLR                       ; 20         ;
;     ENA CLR SCLR SLD                   ; 8          ;
;     ENA CLR SLD                        ; 3072       ;
;     plain                              ; 6          ;
; arriav_lcell_comb                      ; 8059       ;
;     arith                              ; 3362       ;
;         0 data inputs                  ; 274        ;
;         1 data inputs                  ; 2003       ;
;         2 data inputs                  ; 382        ;
;         3 data inputs                  ; 50         ;
;         4 data inputs                  ; 109        ;
;         5 data inputs                  ; 544        ;
;     extend                             ; 75         ;
;         7 data inputs                  ; 75         ;
;     normal                             ; 4610       ;
;         0 data inputs                  ; 2          ;
;         1 data inputs                  ; 31         ;
;         2 data inputs                  ; 410        ;
;         3 data inputs                  ; 1312       ;
;         4 data inputs                  ; 463        ;
;         5 data inputs                  ; 1240       ;
;         6 data inputs                  ; 1152       ;
;     shared                             ; 12         ;
;         0 data inputs                  ; 2          ;
;         1 data inputs                  ; 10         ;
; arriav_mac                             ; 1          ;
; blackbox                               ; 2          ;
;             udio_codec_controller:inst ; 1          ;
;         BDINTF:inst                    ; 1          ;
; boundary_port                          ; 96         ;
; generic_pll                            ; 1          ;
; stratixv_ram_block                     ; 257        ;
;                                        ;            ;
; Max LUT depth                          ; 20.10      ;
; Average LUT depth                      ; 7.77       ;
+----------------------------------------+------------+


+-------------------------------+
; Elapsed Time Per Partition    ;
+----------------+--------------+
; Partition Name ; Elapsed Time ;
+----------------+--------------+
; Top            ; 00:00:15     ;
+----------------+--------------+


+------------------------------------------------------------------------------------------------------------------------------------------------------------------------------------------------------------------------------------------------------------------------------------------------------------------+
; Connections to In-System Debugging Instance "auto_signaltap_0"                                                                                                                                                                                                                                                   ;
+--------------------------------------------------+---------------+-----------+--------------------------------+-------------------+-----------------------------------------------------------------------------------+------------------------------------------------------------------------------------------+
; Name                                             ; Type          ; Status    ; Partition Name                 ; Netlist Type Used ; Actual Connection                                                                 ; Details                                                                                  ;
+--------------------------------------------------+---------------+-----------+--------------------------------+-------------------+-----------------------------------------------------------------------------------+------------------------------------------------------------------------------------------+
; clk                                              ; pre-synthesis ; connected ; Top                            ; post-synthesis    ; CLK_31P5:inst7|CLK_31P5_0002:clk_31p5_inst|altera_pll:altera_pll_i|outclk_wire[0] ; N/A                                                                                      ;
; end_message_display:inst17|messageState.MSG_LOST ; pre-synthesis ; connected ; Top                            ; post-synthesis    ; end_message_display:inst17|messageState.MSG_LOST                                  ; N/A                                                                                      ;
; gameOverPulse                                    ; pre-synthesis ; connected ; Top                            ; post-synthesis    ; game_controller:inst22|gameOverPulse                                              ; N/A                                                                                      ;
; gameStarted                                      ; pre-synthesis ; connected ; Top                            ; post-synthesis    ; game_controller:inst22|gameStarted                                                ; N/A                                                                                      ;
; snakeHead_DR                                     ; pre-synthesis ; connected ; Top                            ; post-synthesis    ; Snake_Block:inst13|headBitMap:inst5|drawingRequest                                ; N/A                                                                                      ;
; auto_signaltap_0|gnd                             ; post-fitting  ; connected ; sld_signaltap:auto_signaltap_0 ; post-synthesis    ; sld_signaltap:auto_signaltap_0|~GND                                               ; N/A                                                                                      ;
; auto_signaltap_0|gnd                             ; post-fitting  ; connected ; sld_signaltap:auto_signaltap_0 ; post-synthesis    ; sld_signaltap:auto_signaltap_0|~GND                                               ; N/A                                                                                      ;
; auto_signaltap_0|gnd                             ; post-fitting  ; connected ; sld_signaltap:auto_signaltap_0 ; post-synthesis    ; sld_signaltap:auto_signaltap_0|~GND                                               ; N/A                                                                                      ;
; auto_signaltap_0|gnd                             ; post-fitting  ; connected ; sld_signaltap:auto_signaltap_0 ; post-synthesis    ; sld_signaltap:auto_signaltap_0|~GND                                               ; N/A                                                                                      ;
; auto_signaltap_0|gnd                             ; post-fitting  ; connected ; sld_signaltap:auto_signaltap_0 ; post-synthesis    ; sld_signaltap:auto_signaltap_0|~GND                                               ; N/A                                                                                      ;
; auto_signaltap_0|gnd                             ; post-fitting  ; connected ; sld_signaltap:auto_signaltap_0 ; post-synthesis    ; sld_signaltap:auto_signaltap_0|~GND                                               ; N/A                                                                                      ;
; auto_signaltap_0|gnd                             ; post-fitting  ; connected ; sld_signaltap:auto_signaltap_0 ; post-synthesis    ; sld_signaltap:auto_signaltap_0|~GND                                               ; N/A                                                                                      ;
; auto_signaltap_0|gnd                             ; post-fitting  ; connected ; sld_signaltap:auto_signaltap_0 ; post-synthesis    ; sld_signaltap:auto_signaltap_0|~GND                                               ; N/A                                                                                      ;
; auto_signaltap_0|gnd                             ; post-fitting  ; connected ; sld_signaltap:auto_signaltap_0 ; post-synthesis    ; sld_signaltap:auto_signaltap_0|~GND                                               ; N/A                                                                                      ;
; auto_signaltap_0|gnd                             ; post-fitting  ; connected ; sld_signaltap:auto_signaltap_0 ; post-synthesis    ; sld_signaltap:auto_signaltap_0|~GND                                               ; N/A                                                                                      ;
; auto_signaltap_0|vcc                             ; post-fitting  ; connected ; sld_signaltap:auto_signaltap_0 ; post-synthesis    ; sld_signaltap:auto_signaltap_0|~VCC                                               ; N/A                                                                                      ;
; auto_signaltap_0|vcc                             ; post-fitting  ; connected ; sld_signaltap:auto_signaltap_0 ; post-synthesis    ; sld_signaltap:auto_signaltap_0|~VCC                                               ; N/A                                                                                      ;
; auto_signaltap_0|vcc                             ; post-fitting  ; connected ; sld_signaltap:auto_signaltap_0 ; post-synthesis    ; sld_signaltap:auto_signaltap_0|~VCC                                               ; N/A                                                                                      ;
; auto_signaltap_0|vcc                             ; post-fitting  ; connected ; sld_signaltap:auto_signaltap_0 ; post-synthesis    ; sld_signaltap:auto_signaltap_0|~VCC                                               ; N/A                                                                                      ;
; auto_signaltap_0|vcc                             ; post-fitting  ; connected ; sld_signaltap:auto_signaltap_0 ; post-synthesis    ; sld_signaltap:auto_signaltap_0|~VCC                                               ; N/A                                                                                      ;
; auto_signaltap_0|vcc                             ; post-fitting  ; connected ; sld_signaltap:auto_signaltap_0 ; post-synthesis    ; sld_signaltap:auto_signaltap_0|~VCC                                               ; N/A                                                                                      ;
; auto_signaltap_0|vcc                             ; post-fitting  ; connected ; sld_signaltap:auto_signaltap_0 ; post-synthesis    ; sld_signaltap:auto_signaltap_0|~VCC                                               ; N/A                                                                                      ;
; auto_signaltap_0|vcc                             ; post-fitting  ; connected ; sld_signaltap:auto_signaltap_0 ; post-synthesis    ; sld_signaltap:auto_signaltap_0|~VCC                                               ; N/A                                                                                      ;
; auto_signaltap_0|vcc                             ; post-fitting  ; connected ; sld_signaltap:auto_signaltap_0 ; post-synthesis    ; sld_signaltap:auto_signaltap_0|~VCC                                               ; N/A                                                                                      ;
; auto_signaltap_0|vcc                             ; post-fitting  ; connected ; sld_signaltap:auto_signaltap_0 ; post-synthesis    ; sld_signaltap:auto_signaltap_0|~VCC                                               ; N/A                                                                                      ;
; auto_signaltap_0|vcc                             ; post-fitting  ; connected ; sld_signaltap:auto_signaltap_0 ; post-synthesis    ; sld_signaltap:auto_signaltap_0|~VCC                                               ; N/A                                                                                      ;
; auto_signaltap_0|vcc                             ; post-fitting  ; connected ; sld_signaltap:auto_signaltap_0 ; post-synthesis    ; sld_signaltap:auto_signaltap_0|~VCC                                               ; N/A                                                                                      ;
; auto_signaltap_0|vcc                             ; post-fitting  ; connected ; sld_signaltap:auto_signaltap_0 ; post-synthesis    ; sld_signaltap:auto_signaltap_0|~VCC                                               ; N/A                                                                                      ;
; auto_signaltap_0|vcc                             ; post-fitting  ; connected ; sld_signaltap:auto_signaltap_0 ; post-synthesis    ; sld_signaltap:auto_signaltap_0|~VCC                                               ; N/A                                                                                      ;
; auto_signaltap_0|vcc                             ; post-fitting  ; connected ; sld_signaltap:auto_signaltap_0 ; post-synthesis    ; sld_signaltap:auto_signaltap_0|~VCC                                               ; N/A                                                                                      ;
; auto_signaltap_0|vcc                             ; post-fitting  ; connected ; sld_signaltap:auto_signaltap_0 ; post-synthesis    ; sld_signaltap:auto_signaltap_0|~VCC                                               ; N/A                                                                                      ;
; auto_signaltap_0|vcc                             ; post-fitting  ; connected ; sld_signaltap:auto_signaltap_0 ; post-synthesis    ; sld_signaltap:auto_signaltap_0|~VCC                                               ; N/A                                                                                      ;
; auto_signaltap_0|vcc                             ; post-fitting  ; connected ; sld_signaltap:auto_signaltap_0 ; post-synthesis    ; sld_signaltap:auto_signaltap_0|~VCC                                               ; N/A                                                                                      ;
; auto_signaltap_0|vcc                             ; post-fitting  ; connected ; sld_signaltap:auto_signaltap_0 ; post-synthesis    ; sld_signaltap:auto_signaltap_0|~VCC                                               ; N/A                                                                                      ;
; auto_signaltap_0|vcc                             ; post-fitting  ; connected ; sld_signaltap:auto_signaltap_0 ; post-synthesis    ; sld_signaltap:auto_signaltap_0|~VCC                                               ; N/A                                                                                      ;
; auto_signaltap_0|vcc                             ; post-fitting  ; connected ; sld_signaltap:auto_signaltap_0 ; post-synthesis    ; sld_signaltap:auto_signaltap_0|~VCC                                               ; N/A                                                                                      ;
; auto_signaltap_0|vcc                             ; post-fitting  ; connected ; sld_signaltap:auto_signaltap_0 ; post-synthesis    ; sld_signaltap:auto_signaltap_0|~VCC                                               ; N/A                                                                                      ;
; game_controller:inst22|collision~0               ; post-fitting  ; connected ; Top                            ; post-synthesis    ; game_controller:inst22|collision~0                                                ; N/A                                                                                      ;
; game_controller:inst22|collision~0               ; post-fitting  ; connected ; Top                            ; post-synthesis    ; game_controller:inst22|collision~0                                                ; N/A                                                                                      ;
; obstacles:inst1|obstacle_DR                      ; post-fitting  ; missing   ; Top                            ; post-synthesis    ; GND                                                                               ; The post-fitting netlist is not being used.  Set the partition's netlist type to source. ;
+--------------------------------------------------+---------------+-----------+--------------------------------+-------------------+-----------------------------------------------------------------------------------+------------------------------------------------------------------------------------------+


+-------------------------------+
; Analysis & Synthesis Messages ;
+-------------------------------+
Info: *******************************************************************
Info: Running Quartus Prime Analysis & Synthesis
    Info: Version 17.0.0 Build 595 04/25/2017 SJ Lite Edition
    Info: Copyright (C) 2017  Intel Corporation. All rights reserved.
    Info: Your use of Intel Corporation's design tools, logic functions 
    Info: and other software and tools, and its AMPP partner logic 
    Info: functions, and any output files from any of the foregoing 
    Info: (including device programming or simulation files), and any 
    Info: associated documentation or information are expressly subject 
    Info: to the terms and conditions of the Intel Program License 
    Info: Subscription Agreement, the Intel Quartus Prime License Agreement,
    Info: the Intel MegaCore Function License Agreement, or other 
    Info: applicable license agreement, including, without limitation, 
    Info: that your use is for the sole purpose of programming logic 
    Info: devices manufactured by Intel and sold by Intel or its 
    Info: authorized distributors.  Please refer to the applicable 
    Info: agreement for further details.
    Info: Processing started: Fri Oct 09 18:32:53 2026
Info: Command: quartus_map Lab1Demo -c Lab1Demo --read_settings_files=on --write_settings_files=off
Info (20030): Parallel compilation is enabled and will use 14 of the 14 processors detected
Info (12021): Found 1 design units, including 1 entities, in source file rtl/audio/audio.bdf
    Info (12023): Found entity 1: AUDIO
Info (12021): Found 1 design units, including 1 entities, in source file rtl/audio/tonedecoder.sv
    Info (12023): Found entity 1: ToneDecoder File: C:/Users/USER/Documents/Work/FPGA-Snake-Arcade/RTL/AUDIO/ToneDecoder.sv Line: 7
Info (12021): Found 1 design units, including 1 entities, in source file rtl/audio/sintable.sv
    Info (12023): Found entity 1: sintable File: C:/Users/USER/Documents/Work/FPGA-Snake-Arcade/RTL/AUDIO/SinTable.sv Line: 9
Info (12021): Found 1 design units, including 1 entities, in source file rtl/audio/prescaler.sv
    Info (12023): Found entity 1: prescaler File: C:/Users/USER/Documents/Work/FPGA-Snake-Arcade/RTL/AUDIO/prescaler.sv Line: 12
Info (12021): Found 1 design units, including 1 entities, in source file rtl/audio/mili_sec_counter.sv
    Info (12023): Found entity 1: Mili_sec_counter File: C:/Users/USER/Documents/Work/FPGA-Snake-Arcade/RTL/AUDIO/Mili_sec_counter.sv Line: 8
Info (12021): Found 1 design units, including 1 entities, in source file rtl/audio/melody_player_1.sv
    Info (12023): Found entity 1: melody_player_1 File: C:/Users/USER/Documents/Work/FPGA-Snake-Arcade/RTL/AUDIO/melody_player_1.sv Line: 23
Info (12021): Found 1 design units, including 1 entities, in source file rtl/audio/jukebox1.sv
    Info (12023): Found entity 1: JukeBox1 File: C:/Users/USER/Documents/Work/FPGA-Snake-Arcade/RTL/AUDIO/JukeBox1.sv Line: 9
Info (12021): Found 1 design units, including 1 entities, in source file rtl/audio/addr_counter.sv
    Info (12023): Found entity 1: addr_counter File: C:/Users/USER/Documents/Work/FPGA-Snake-Arcade/RTL/AUDIO/addr_counter.sv Line: 4
Info (12021): Found 1 design units, including 1 entities, in source file rtl/audio/sound_effect_controller.sv
    Info (12023): Found entity 1: sound_effect_controller File: C:/Users/USER/Documents/Work/FPGA-Snake-Arcade/RTL/AUDIO/sound_effect_controller.sv Line: 1
Info (12021): Found 1 design units, including 1 entities, in source file rtl/vga/top_vga_demo.bdf
    Info (12023): Found entity 1: TOP_VGA_DEMO
Info (12021): Found 1 design units, including 1 entities, in source file rtl/vga/game_controller.sv
    Info (12023): Found entity 1: game_controller File: C:/Users/USER/Documents/Work/FPGA-Snake-Arcade/RTL/VGA/game_controller.sv Line: 1
Info (12021): Found 1 design units, including 1 entities, in source file rtl/vga/objects_mux.sv
    Info (12023): Found entity 1: objects_mux File: C:/Users/USER/Documents/Work/FPGA-Snake-Arcade/RTL/VGA/objects_mux.sv Line: 1
Info (12021): Found 1 design units, including 1 entities, in source file rtl/vga/vga_controller.sv
    Info (12023): Found entity 1: VGA_Controller File: C:/Users/USER/Documents/Work/FPGA-Snake-Arcade/RTL/VGA/VGA_Controller.sv Line: 11
Info (12021): Found 1 design units, including 1 entities, in source file rtl/vga/square_object.sv
    Info (12023): Found entity 1: square_object File: C:/Users/USER/Documents/Work/FPGA-Snake-Arcade/RTL/VGA/square_object.sv Line: 1
Info (12021): Found 1 design units, including 1 entities, in source file rtl/vga/snake_block.bdf
    Info (12023): Found entity 1: Snake_Block
Info (12021): Found 1 design units, including 1 entities, in source file rtl/vga/headbitmap.sv
    Info (12023): Found entity 1: headBitMap File: C:/Users/USER/Documents/Work/FPGA-Snake-Arcade/RTL/VGA/headBitMap.sv Line: 1
Info (12021): Found 1 design units, including 1 entities, in source file rtl/vga/snake_head.sv
    Info (12023): Found entity 1: snake_head File: C:/Users/USER/Documents/Work/FPGA-Snake-Arcade/RTL/VGA/snake_head.sv Line: 1
Info (12021): Found 1 design units, including 1 entities, in source file rtl/vga/snake_body.sv
    Info (12023): Found entity 1: snake_body File: C:/Users/USER/Documents/Work/FPGA-Snake-Arcade/RTL/VGA/snake_body.sv Line: 1
Info (12021): Found 1 design units, including 1 entities, in source file rtl/vga/speed_controller.sv
    Info (12023): Found entity 1: speed_controller File: C:/Users/USER/Documents/Work/FPGA-Snake-Arcade/RTL/VGA/speed_controller.sv Line: 1
Info (12021): Found 1 design units, including 1 entities, in source file rtl/vga/apple_block.bdf
    Info (12023): Found entity 1: Apple_Block
Info (12021): Found 1 design units, including 1 entities, in source file rtl/vga/applebitmap.sv
    Info (12023): Found entity 1: AppleBitMap File: C:/Users/USER/Documents/Work/FPGA-Snake-Arcade/RTL/VGA/AppleBitMap.sv Line: 1
Info (12021): Found 1 design units, including 1 entities, in source file rtl/vga/blue_apple_controller.sv
    Info (12023): Found entity 1: blue_apple_controller File: C:/Users/USER/Documents/Work/FPGA-Snake-Arcade/RTL/VGA/blue_apple_controller.sv Line: 1
Info (12021): Found 1 design units, including 1 entities, in source file rtl/vga/apple_position_controller.sv
    Info (12023): Found entity 1: apple_position_controller File: C:/Users/USER/Documents/Work/FPGA-Snake-Arcade/RTL/VGA/apple_position_controller.sv Line: 1
Info (12021): Found 1 design units, including 1 entities, in source file rtl/vga/apple_topleft_calc.sv
    Info (12023): Found entity 1: apple_topleft_calc File: C:/Users/USER/Documents/Work/FPGA-Snake-Arcade/RTL/VGA/apple_TopLeft_Calc.sv Line: 1
Info (12021): Found 1 design units, including 1 entities, in source file rtl/vga/randomcounter.sv
    Info (12023): Found entity 1: randomCounter File: C:/Users/USER/Documents/Work/FPGA-Snake-Arcade/RTL/VGA/randomCounter.sv Line: 1
Info (12021): Found 1 design units, including 1 entities, in source file rtl/vga/applecounter.sv
    Info (12023): Found entity 1: appleCounter File: C:/Users/USER/Documents/Work/FPGA-Snake-Arcade/RTL/VGA/appleCounter.sv Line: 1
Info (12021): Found 1 design units, including 1 entities, in source file rtl/vga/score_block.bdf
    Info (12023): Found entity 1: Score_Block
Info (12021): Found 1 design units, including 1 entities, in source file rtl/vga/numbersbitmap.sv
    Info (12023): Found entity 1: NumbersBitMap File: C:/Users/USER/Documents/Work/FPGA-Snake-Arcade/RTL/VGA/NumbersBitMap.sv Line: 1
Info (12021): Found 1 design units, including 1 entities, in source file rtl/vga/scoreconstants.sv
    Info (12023): Found entity 1: ScoreConstants File: C:/Users/USER/Documents/Work/FPGA-Snake-Arcade/RTL/VGA/ScoreConstants.sv Line: 1
Info (12021): Found 1 design units, including 1 entities, in source file rtl/vga/highscorecomp.sv
    Info (12023): Found entity 1: highscoreComp File: C:/Users/USER/Documents/Work/FPGA-Snake-Arcade/RTL/VGA/highscoreComp.sv Line: 1
Info (12021): Found 1 design units, including 1 entities, in source file rtl/vga/back_ground_draw.sv
    Info (12023): Found entity 1: back_ground_draw File: C:/Users/USER/Documents/Work/FPGA-Snake-Arcade/RTL/VGA/back_ground_draw.sv Line: 1
Info (12021): Found 1 design units, including 1 entities, in source file rtl/vga/end_message_display.sv
    Info (12023): Found entity 1: end_message_display File: C:/Users/USER/Documents/Work/FPGA-Snake-Arcade/RTL/VGA/End_Message_Display.sv Line: 1
Info (12021): Found 1 design units, including 1 entities, in source file rtl/keyboardx/top_kbd.bdf
    Info (12023): Found entity 1: TOP_KBD
Info (12021): Found 1 design units, including 1 entities, in source file rtl/keyboardx/keypad_decoder.sv
    Info (12023): Found entity 1: keyPad_decoder File: C:/Users/USER/Documents/Work/FPGA-Snake-Arcade/RTL/KEYBOARDX/keyPad_decoder.sv Line: 1
Info (12021): Found 1 design units, including 1 entities, in source file rtl/keyboardx/simple_up_counter.sv
    Info (12023): Found entity 1: simple_up_counter File: C:/Users/USER/Documents/Work/FPGA-Snake-Arcade/RTL/KEYBOARDX/simple_up_counter.sv Line: 2
Info (12021): Found 1 design units, including 1 entities, in source file rtl/seg7/hex_block.bdf
    Info (12023): Found entity 1: Hex_Block
Info (12021): Found 1 design units, including 1 entities, in source file rtl/seg7/seg7.sv
    Info (12023): Found entity 1: SEG7 File: C:/Users/USER/Documents/Work/FPGA-Snake-Arcade/RTL/Seg7/SEG7.SV Line: 2
Info (12021): Found 1 design units, including 1 entities, in source file rtl/seg7/snakelengthdigits.sv
    Info (12023): Found entity 1: snakeLengthDigits File: C:/Users/USER/Documents/Work/FPGA-Snake-Arcade/RTL/Seg7/snakeLengthDigits.sv Line: 1
Info (12021): Found 1 design units, including 1 entities, in source file audio_codec_controller.qxp
    Info (12023): Found entity 1: audio_codec_controller File: C:/Users/USER/Documents/Work/FPGA-Snake-Arcade/audio_codec_controller.QXP Line: -1
Info (12021): Found 1 design units, including 1 entities, in source file kbdintf.qxp
    Info (12023): Found entity 1: KBDINTF File: C:/Users/USER/Documents/Work/FPGA-Snake-Arcade/KBDINTF.qxp Line: -1
Info (12021): Found 1 design units, including 1 entities, in source file clk_31p5.v
    Info (12023): Found entity 1: CLK_31P5 File: C:/Users/USER/Documents/Work/FPGA-Snake-Arcade/CLK_31P5.v Line: 8
Info (12021): Found 1 design units, including 1 entities, in source file clk_31p5/clk_31p5_0002.v
    Info (12023): Found entity 1: CLK_31P5_0002 File: C:/Users/USER/Documents/Work/FPGA-Snake-Arcade/CLK_31P5/CLK_31P5_0002.v Line: 2
Info (12021): Found 1 design units, including 1 entities, in source file rtl/audio/audio_block.bdf
    Info (12023): Found entity 1: Audio_Block
Info (12127): Elaborating entity "TOP_VGA_DEMO" for the top level hierarchy
Info (12128): Elaborating entity "back_ground_draw" for hierarchy "back_ground_draw:inst4"
Warning (10230): Verilog HDL assignment warning at back_ground_draw.sv(146): truncated value with size 32 to match size of target (16) File: C:/Users/USER/Documents/Work/FPGA-Snake-Arcade/RTL/VGA/back_ground_draw.sv Line: 146
Warning (10230): Verilog HDL assignment warning at back_ground_draw.sv(156): truncated value with size 32 to match size of target (11) File: C:/Users/USER/Documents/Work/FPGA-Snake-Arcade/RTL/VGA/back_ground_draw.sv Line: 156
Warning (10230): Verilog HDL assignment warning at back_ground_draw.sv(157): truncated value with size 32 to match size of target (11) File: C:/Users/USER/Documents/Work/FPGA-Snake-Arcade/RTL/VGA/back_ground_draw.sv Line: 157
Warning (10230): Verilog HDL assignment warning at back_ground_draw.sv(160): truncated value with size 32 to match size of target (5) File: C:/Users/USER/Documents/Work/FPGA-Snake-Arcade/RTL/VGA/back_ground_draw.sv Line: 160
Warning (10230): Verilog HDL assignment warning at back_ground_draw.sv(161): truncated value with size 32 to match size of target (5) File: C:/Users/USER/Documents/Work/FPGA-Snake-Arcade/RTL/VGA/back_ground_draw.sv Line: 161
Warning (10230): Verilog HDL assignment warning at back_ground_draw.sv(164): truncated value with size 32 to match size of target (5) File: C:/Users/USER/Documents/Work/FPGA-Snake-Arcade/RTL/VGA/back_ground_draw.sv Line: 164
Warning (10230): Verilog HDL assignment warning at back_ground_draw.sv(165): truncated value with size 32 to match size of target (5) File: C:/Users/USER/Documents/Work/FPGA-Snake-Arcade/RTL/VGA/back_ground_draw.sv Line: 165
Warning (10230): Verilog HDL assignment warning at back_ground_draw.sv(167): truncated value with size 32 to match size of target (10) File: C:/Users/USER/Documents/Work/FPGA-Snake-Arcade/RTL/VGA/back_ground_draw.sv Line: 167
Warning (10230): Verilog HDL assignment warning at back_ground_draw.sv(174): truncated value with size 32 to match size of target (10) File: C:/Users/USER/Documents/Work/FPGA-Snake-Arcade/RTL/VGA/back_ground_draw.sv Line: 174
Warning (10230): Verilog HDL assignment warning at back_ground_draw.sv(212): truncated value with size 32 to match size of target (6) File: C:/Users/USER/Documents/Work/FPGA-Snake-Arcade/RTL/VGA/back_ground_draw.sv Line: 212
Warning (10270): Verilog HDL Case Statement warning at back_ground_draw.sv(330): incomplete case statement has no default case item File: C:/Users/USER/Documents/Work/FPGA-Snake-Arcade/RTL/VGA/back_ground_draw.sv Line: 330
Info (10264): Verilog HDL Case Statement information at back_ground_draw.sv(330): all case item expressions in this case statement are onehot File: C:/Users/USER/Documents/Work/FPGA-Snake-Arcade/RTL/VGA/back_ground_draw.sv Line: 330
Info (12128): Elaborating entity "lpm_rom" for hierarchy "back_ground_draw:inst4|lpm_rom:top_background_rom" File: C:/Users/USER/Documents/Work/FPGA-Snake-Arcade/RTL/VGA/back_ground_draw.sv Line: 246
Info (12130): Elaborated megafunction instantiation "back_ground_draw:inst4|lpm_rom:top_background_rom" File: C:/Users/USER/Documents/Work/FPGA-Snake-Arcade/RTL/VGA/back_ground_draw.sv Line: 246
Info (12133): Instantiated megafunction "back_ground_draw:inst4|lpm_rom:top_background_rom" with the following parameter: File: C:/Users/USER/Documents/Work/FPGA-Snake-Arcade/RTL/VGA/back_ground_draw.sv Line: 246
    Info (12134): Parameter "LPM_WIDTH" = "8"
    Info (12134): Parameter "LPM_WIDTHAD" = "16"
    Info (12134): Parameter "LPM_NUMWORDS" = "56320"
    Info (12134): Parameter "LPM_FILE" = "RTL/mifs/top_background_8bit.mif"
    Info (12134): Parameter "LPM_TYPE" = "LPM_ROM"
    Info (12134): Parameter "LPM_ADDRESS_CONTROL" = "REGISTERED"
    Info (12134): Parameter "LPM_OUTDATA" = "UNREGISTERED"
    Info (12134): Parameter "AUTO_CARRY_CHAINS" = "ON"
    Info (12134): Parameter "AUTO_CASCADE_BUFFERS" = "ON"
    Info (12134): Parameter "INTENDED_DEVICE_FAMILY" = "Cyclone V"
Info (12128): Elaborating entity "altrom" for hierarchy "back_ground_draw:inst4|lpm_rom:top_background_rom|altrom:srom" File: c:/intelfpga_lite/17.0/quartus/libraries/megafunctions/lpm_rom.tdf Line: 55
Info (12131): Elaborated megafunction instantiation "back_ground_draw:inst4|lpm_rom:top_background_rom|altrom:srom", which is child of megafunction instantiation "back_ground_draw:inst4|lpm_rom:top_background_rom" File: c:/intelfpga_lite/17.0/quartus/libraries/megafunctions/lpm_rom.tdf Line: 55
Info (12128): Elaborating entity "altsyncram" for hierarchy "back_ground_draw:inst4|lpm_rom:top_background_rom|altrom:srom|altsyncram:rom_block" File: c:/intelfpga_lite/17.0/quartus/libraries/megafunctions/altrom.tdf Line: 89
Info (12131): Elaborated megafunction instantiation "back_ground_draw:inst4|lpm_rom:top_background_rom|altrom:srom|altsyncram:rom_block", which is child of megafunction instantiation "back_ground_draw:inst4|lpm_rom:top_background_rom" File: c:/intelfpga_lite/17.0/quartus/libraries/megafunctions/altrom.tdf Line: 89
Info (12021): Found 1 design units, including 1 entities, in source file db/altsyncram_pn81.tdf
    Info (12023): Found entity 1: altsyncram_pn81 File: C:/Users/USER/Documents/Work/FPGA-Snake-Arcade/db/altsyncram_pn81.tdf Line: 32
Info (12128): Elaborating entity "altsyncram_pn81" for hierarchy "back_ground_draw:inst4|lpm_rom:top_background_rom|altrom:srom|altsyncram:rom_block|altsyncram_pn81:auto_generated" File: c:/intelfpga_lite/17.0/quartus/libraries/megafunctions/altsyncram.tdf Line: 792
Info (12021): Found 1 design units, including 1 entities, in source file db/decode_51a.tdf
    Info (12023): Found entity 1: decode_51a File: C:/Users/USER/Documents/Work/FPGA-Snake-Arcade/db/decode_51a.tdf Line: 23
Info (12128): Elaborating entity "decode_51a" for hierarchy "back_ground_draw:inst4|lpm_rom:top_background_rom|altrom:srom|altsyncram:rom_block|altsyncram_pn81:auto_generated|decode_51a:rden_decode" File: C:/Users/USER/Documents/Work/FPGA-Snake-Arcade/db/altsyncram_pn81.tdf Line: 40
Info (12021): Found 1 design units, including 1 entities, in source file db/mux_sfb.tdf
    Info (12023): Found entity 1: mux_sfb File: C:/Users/USER/Documents/Work/FPGA-Snake-Arcade/db/mux_sfb.tdf Line: 23
Info (12128): Elaborating entity "mux_sfb" for hierarchy "back_ground_draw:inst4|lpm_rom:top_background_rom|altrom:srom|altsyncram:rom_block|altsyncram_pn81:auto_generated|mux_sfb:mux2" File: C:/Users/USER/Documents/Work/FPGA-Snake-Arcade/db/altsyncram_pn81.tdf Line: 41
Info (12128): Elaborating entity "lpm_rom" for hierarchy "back_ground_draw:inst4|lpm_rom:grass_tile_rom" File: C:/Users/USER/Documents/Work/FPGA-Snake-Arcade/RTL/VGA/back_ground_draw.sv Line: 265
Info (12130): Elaborated megafunction instantiation "back_ground_draw:inst4|lpm_rom:grass_tile_rom" File: C:/Users/USER/Documents/Work/FPGA-Snake-Arcade/RTL/VGA/back_ground_draw.sv Line: 265
Info (12133): Instantiated megafunction "back_ground_draw:inst4|lpm_rom:grass_tile_rom" with the following parameter: File: C:/Users/USER/Documents/Work/FPGA-Snake-Arcade/RTL/VGA/back_ground_draw.sv Line: 265
    Info (12134): Parameter "LPM_WIDTH" = "8"
    Info (12134): Parameter "LPM_WIDTHAD" = "10"
    Info (12134): Parameter "LPM_NUMWORDS" = "576"
    Info (12134): Parameter "LPM_FILE" = "RTL/mifs/grass_tile_24.mif"
    Info (12134): Parameter "LPM_TYPE" = "LPM_ROM"
    Info (12134): Parameter "LPM_ADDRESS_CONTROL" = "REGISTERED"
    Info (12134): Parameter "LPM_OUTDATA" = "UNREGISTERED"
    Info (12134): Parameter "AUTO_CARRY_CHAINS" = "ON"
    Info (12134): Parameter "AUTO_CASCADE_BUFFERS" = "ON"
    Info (12134): Parameter "INTENDED_DEVICE_FAMILY" = "Cyclone V"
Info (12128): Elaborating entity "altrom" for hierarchy "back_ground_draw:inst4|lpm_rom:grass_tile_rom|altrom:srom" File: c:/intelfpga_lite/17.0/quartus/libraries/megafunctions/lpm_rom.tdf Line: 55
Info (12131): Elaborated megafunction instantiation "back_ground_draw:inst4|lpm_rom:grass_tile_rom|altrom:srom", which is child of megafunction instantiation "back_ground_draw:inst4|lpm_rom:grass_tile_rom" File: c:/intelfpga_lite/17.0/quartus/libraries/megafunctions/lpm_rom.tdf Line: 55
Info (12128): Elaborating entity "altsyncram" for hierarchy "back_ground_draw:inst4|lpm_rom:grass_tile_rom|altrom:srom|altsyncram:rom_block" File: c:/intelfpga_lite/17.0/quartus/libraries/megafunctions/altrom.tdf Line: 89
Info (12131): Elaborated megafunction instantiation "back_ground_draw:inst4|lpm_rom:grass_tile_rom|altrom:srom|altsyncram:rom_block", which is child of megafunction instantiation "back_ground_draw:inst4|lpm_rom:grass_tile_rom" File: c:/intelfpga_lite/17.0/quartus/libraries/megafunctions/altrom.tdf Line: 89
Info (12021): Found 1 design units, including 1 entities, in source file db/altsyncram_vu71.tdf
    Info (12023): Found entity 1: altsyncram_vu71 File: C:/Users/USER/Documents/Work/FPGA-Snake-Arcade/db/altsyncram_vu71.tdf Line: 28
Info (12128): Elaborating entity "altsyncram_vu71" for hierarchy "back_ground_draw:inst4|lpm_rom:grass_tile_rom|altrom:srom|altsyncram:rom_block|altsyncram_vu71:auto_generated" File: c:/intelfpga_lite/17.0/quartus/libraries/megafunctions/altsyncram.tdf Line: 792
Info (12128): Elaborating entity "lpm_rom" for hierarchy "back_ground_draw:inst4|lpm_rom:stone_tile_rom" File: C:/Users/USER/Documents/Work/FPGA-Snake-Arcade/RTL/VGA/back_ground_draw.sv Line: 284
Info (12130): Elaborated megafunction instantiation "back_ground_draw:inst4|lpm_rom:stone_tile_rom" File: C:/Users/USER/Documents/Work/FPGA-Snake-Arcade/RTL/VGA/back_ground_draw.sv Line: 284
Info (12133): Instantiated megafunction "back_ground_draw:inst4|lpm_rom:stone_tile_rom" with the following parameter: File: C:/Users/USER/Documents/Work/FPGA-Snake-Arcade/RTL/VGA/back_ground_draw.sv Line: 284
    Info (12134): Parameter "LPM_WIDTH" = "8"
    Info (12134): Parameter "LPM_WIDTHAD" = "10"
    Info (12134): Parameter "LPM_NUMWORDS" = "576"
    Info (12134): Parameter "LPM_FILE" = "RTL/mifs/stone_tile_24.mif"
    Info (12134): Parameter "LPM_TYPE" = "LPM_ROM"
    Info (12134): Parameter "LPM_ADDRESS_CONTROL" = "REGISTERED"
    Info (12134): Parameter "LPM_OUTDATA" = "UNREGISTERED"
    Info (12134): Parameter "AUTO_CARRY_CHAINS" = "ON"
    Info (12134): Parameter "AUTO_CASCADE_BUFFERS" = "ON"
    Info (12134): Parameter "INTENDED_DEVICE_FAMILY" = "Cyclone V"
Info (12128): Elaborating entity "altrom" for hierarchy "back_ground_draw:inst4|lpm_rom:stone_tile_rom|altrom:srom" File: c:/intelfpga_lite/17.0/quartus/libraries/megafunctions/lpm_rom.tdf Line: 55
Info (12131): Elaborated megafunction instantiation "back_ground_draw:inst4|lpm_rom:stone_tile_rom|altrom:srom", which is child of megafunction instantiation "back_ground_draw:inst4|lpm_rom:stone_tile_rom" File: c:/intelfpga_lite/17.0/quartus/libraries/megafunctions/lpm_rom.tdf Line: 55
Info (12128): Elaborating entity "altsyncram" for hierarchy "back_ground_draw:inst4|lpm_rom:stone_tile_rom|altrom:srom|altsyncram:rom_block" File: c:/intelfpga_lite/17.0/quartus/libraries/megafunctions/altrom.tdf Line: 89
Info (12131): Elaborated megafunction instantiation "back_ground_draw:inst4|lpm_rom:stone_tile_rom|altrom:srom|altsyncram:rom_block", which is child of megafunction instantiation "back_ground_draw:inst4|lpm_rom:stone_tile_rom" File: c:/intelfpga_lite/17.0/quartus/libraries/megafunctions/altrom.tdf Line: 89
Info (12021): Found 1 design units, including 1 entities, in source file db/altsyncram_8v71.tdf
    Info (12023): Found entity 1: altsyncram_8v71 File: C:/Users/USER/Documents/Work/FPGA-Snake-Arcade/db/altsyncram_8v71.tdf Line: 28
Info (12128): Elaborating entity "altsyncram_8v71" for hierarchy "back_ground_draw:inst4|lpm_rom:stone_tile_rom|altrom:srom|altsyncram:rom_block|altsyncram_8v71:auto_generated" File: c:/intelfpga_lite/17.0/quartus/libraries/megafunctions/altsyncram.tdf Line: 792
Info (12128): Elaborating entity "lpm_rom" for hierarchy "back_ground_draw:inst4|lpm_rom:rock_tile_rom" File: C:/Users/USER/Documents/Work/FPGA-Snake-Arcade/RTL/VGA/back_ground_draw.sv Line: 303
Info (12130): Elaborated megafunction instantiation "back_ground_draw:inst4|lpm_rom:rock_tile_rom" File: C:/Users/USER/Documents/Work/FPGA-Snake-Arcade/RTL/VGA/back_ground_draw.sv Line: 303
Info (12133): Instantiated megafunction "back_ground_draw:inst4|lpm_rom:rock_tile_rom" with the following parameter: File: C:/Users/USER/Documents/Work/FPGA-Snake-Arcade/RTL/VGA/back_ground_draw.sv Line: 303
    Info (12134): Parameter "LPM_WIDTH" = "8"
    Info (12134): Parameter "LPM_WIDTHAD" = "10"
    Info (12134): Parameter "LPM_NUMWORDS" = "576"
    Info (12134): Parameter "LPM_FILE" = "RTL/mifs/rock_tile_24.mif"
    Info (12134): Parameter "LPM_TYPE" = "LPM_ROM"
    Info (12134): Parameter "LPM_ADDRESS_CONTROL" = "REGISTERED"
    Info (12134): Parameter "LPM_OUTDATA" = "UNREGISTERED"
    Info (12134): Parameter "AUTO_CARRY_CHAINS" = "ON"
    Info (12134): Parameter "AUTO_CASCADE_BUFFERS" = "ON"
    Info (12134): Parameter "INTENDED_DEVICE_FAMILY" = "Cyclone V"
Info (12128): Elaborating entity "altrom" for hierarchy "back_ground_draw:inst4|lpm_rom:rock_tile_rom|altrom:srom" File: c:/intelfpga_lite/17.0/quartus/libraries/megafunctions/lpm_rom.tdf Line: 55
Info (12131): Elaborated megafunction instantiation "back_ground_draw:inst4|lpm_rom:rock_tile_rom|altrom:srom", which is child of megafunction instantiation "back_ground_draw:inst4|lpm_rom:rock_tile_rom" File: c:/intelfpga_lite/17.0/quartus/libraries/megafunctions/lpm_rom.tdf Line: 55
Info (12128): Elaborating entity "altsyncram" for hierarchy "back_ground_draw:inst4|lpm_rom:rock_tile_rom|altrom:srom|altsyncram:rom_block" File: c:/intelfpga_lite/17.0/quartus/libraries/megafunctions/altrom.tdf Line: 89
Info (12131): Elaborated megafunction instantiation "back_ground_draw:inst4|lpm_rom:rock_tile_rom|altrom:srom|altsyncram:rom_block", which is child of megafunction instantiation "back_ground_draw:inst4|lpm_rom:rock_tile_rom" File: c:/intelfpga_lite/17.0/quartus/libraries/megafunctions/altrom.tdf Line: 89
Info (12021): Found 1 design units, including 1 entities, in source file db/altsyncram_er71.tdf
    Info (12023): Found entity 1: altsyncram_er71 File: C:/Users/USER/Documents/Work/FPGA-Snake-Arcade/db/altsyncram_er71.tdf Line: 28
Info (12128): Elaborating entity "altsyncram_er71" for hierarchy "back_ground_draw:inst4|lpm_rom:rock_tile_rom|altrom:srom|altsyncram:rom_block|altsyncram_er71:auto_generated" File: c:/intelfpga_lite/17.0/quartus/libraries/megafunctions/altsyncram.tdf Line: 792
Info (12128): Elaborating entity "lpm_rom" for hierarchy "back_ground_draw:inst4|lpm_rom:wood_tile_rom" File: C:/Users/USER/Documents/Work/FPGA-Snake-Arcade/RTL/VGA/back_ground_draw.sv Line: 322
Info (12130): Elaborated megafunction instantiation "back_ground_draw:inst4|lpm_rom:wood_tile_rom" File: C:/Users/USER/Documents/Work/FPGA-Snake-Arcade/RTL/VGA/back_ground_draw.sv Line: 322
Info (12133): Instantiated megafunction "back_ground_draw:inst4|lpm_rom:wood_tile_rom" with the following parameter: File: C:/Users/USER/Documents/Work/FPGA-Snake-Arcade/RTL/VGA/back_ground_draw.sv Line: 322
    Info (12134): Parameter "LPM_WIDTH" = "8"
    Info (12134): Parameter "LPM_WIDTHAD" = "10"
    Info (12134): Parameter "LPM_NUMWORDS" = "1024"
    Info (12134): Parameter "LPM_FILE" = "RTL/mifs/wood_tile_32.mif"
    Info (12134): Parameter "LPM_TYPE" = "LPM_ROM"
    Info (12134): Parameter "LPM_ADDRESS_CONTROL" = "REGISTERED"
    Info (12134): Parameter "LPM_OUTDATA" = "UNREGISTERED"
    Info (12134): Parameter "AUTO_CARRY_CHAINS" = "ON"
    Info (12134): Parameter "AUTO_CASCADE_BUFFERS" = "ON"
    Info (12134): Parameter "INTENDED_DEVICE_FAMILY" = "Cyclone V"
Info (12128): Elaborating entity "altrom" for hierarchy "back_ground_draw:inst4|lpm_rom:wood_tile_rom|altrom:srom" File: c:/intelfpga_lite/17.0/quartus/libraries/megafunctions/lpm_rom.tdf Line: 55
Info (12131): Elaborated megafunction instantiation "back_ground_draw:inst4|lpm_rom:wood_tile_rom|altrom:srom", which is child of megafunction instantiation "back_ground_draw:inst4|lpm_rom:wood_tile_rom" File: c:/intelfpga_lite/17.0/quartus/libraries/megafunctions/lpm_rom.tdf Line: 55
Info (12128): Elaborating entity "altsyncram" for hierarchy "back_ground_draw:inst4|lpm_rom:wood_tile_rom|altrom:srom|altsyncram:rom_block" File: c:/intelfpga_lite/17.0/quartus/libraries/megafunctions/altrom.tdf Line: 89
Info (12131): Elaborated megafunction instantiation "back_ground_draw:inst4|lpm_rom:wood_tile_rom|altrom:srom|altsyncram:rom_block", which is child of megafunction instantiation "back_ground_draw:inst4|lpm_rom:wood_tile_rom" File: c:/intelfpga_lite/17.0/quartus/libraries/megafunctions/altrom.tdf Line: 89
Info (12021): Found 1 design units, including 1 entities, in source file db/altsyncram_ss71.tdf
    Info (12023): Found entity 1: altsyncram_ss71 File: C:/Users/USER/Documents/Work/FPGA-Snake-Arcade/db/altsyncram_ss71.tdf Line: 28
Info (12128): Elaborating entity "altsyncram_ss71" for hierarchy "back_ground_draw:inst4|lpm_rom:wood_tile_rom|altrom:srom|altsyncram:rom_block|altsyncram_ss71:auto_generated" File: c:/intelfpga_lite/17.0/quartus/libraries/megafunctions/altsyncram.tdf Line: 792
Info (12128): Elaborating entity "CLK_31P5" for hierarchy "CLK_31P5:inst7"
Info (12128): Elaborating entity "CLK_31P5_0002" for hierarchy "CLK_31P5:inst7|CLK_31P5_0002:clk_31p5_inst" File: C:/Users/USER/Documents/Work/FPGA-Snake-Arcade/CLK_31P5.v Line: 20
Info (12128): Elaborating entity "altera_pll" for hierarchy "CLK_31P5:inst7|CLK_31P5_0002:clk_31p5_inst|altera_pll:altera_pll_i" File: C:/Users/USER/Documents/Work/FPGA-Snake-Arcade/CLK_31P5/CLK_31P5_0002.v Line: 85
Info (10008): Verilog HDL or VHDL information: EDA Netlist Writer cannot regroup multidimensional array "wire_to_nowhere_64" into its bus
Info (12130): Elaborated megafunction instantiation "CLK_31P5:inst7|CLK_31P5_0002:clk_31p5_inst|altera_pll:altera_pll_i" File: C:/Users/USER/Documents/Work/FPGA-Snake-Arcade/CLK_31P5/CLK_31P5_0002.v Line: 85
Info (12133): Instantiated megafunction "CLK_31P5:inst7|CLK_31P5_0002:clk_31p5_inst|altera_pll:altera_pll_i" with the following parameter: File: C:/Users/USER/Documents/Work/FPGA-Snake-Arcade/CLK_31P5/CLK_31P5_0002.v Line: 85
    Info (12134): Parameter "fractional_vco_multiplier" = "false"
    Info (12134): Parameter "reference_clock_frequency" = "50.0 MHz"
    Info (12134): Parameter "operation_mode" = "direct"
    Info (12134): Parameter "number_of_clocks" = "1"
    Info (12134): Parameter "output_clock_frequency0" = "31.500000 MHz"
    Info (12134): Parameter "phase_shift0" = "0 ps"
    Info (12134): Parameter "duty_cycle0" = "50"
    Info (12134): Parameter "output_clock_frequency1" = "0 MHz"
    Info (12134): Parameter "phase_shift1" = "0 ps"
    Info (12134): Parameter "duty_cycle1" = "50"
    Info (12134): Parameter "output_clock_frequency2" = "0 MHz"
    Info (12134): Parameter "phase_shift2" = "0 ps"
    Info (12134): Parameter "duty_cycle2" = "50"
    Info (12134): Parameter "output_clock_frequency3" = "0 MHz"
    Info (12134): Parameter "phase_shift3" = "0 ps"
    Info (12134): Parameter "duty_cycle3" = "50"
    Info (12134): Parameter "output_clock_frequency4" = "0 MHz"
    Info (12134): Parameter "phase_shift4" = "0 ps"
    Info (12134): Parameter "duty_cycle4" = "50"
    Info (12134): Parameter "output_clock_frequency5" = "0 MHz"
    Info (12134): Parameter "phase_shift5" = "0 ps"
    Info (12134): Parameter "duty_cycle5" = "50"
    Info (12134): Parameter "output_clock_frequency6" = "0 MHz"
    Info (12134): Parameter "phase_shift6" = "0 ps"
    Info (12134): Parameter "duty_cycle6" = "50"
    Info (12134): Parameter "output_clock_frequency7" = "0 MHz"
    Info (12134): Parameter "phase_shift7" = "0 ps"
    Info (12134): Parameter "duty_cycle7" = "50"
    Info (12134): Parameter "output_clock_frequency8" = "0 MHz"
    Info (12134): Parameter "phase_shift8" = "0 ps"
    Info (12134): Parameter "duty_cycle8" = "50"
    Info (12134): Parameter "output_clock_frequency9" = "0 MHz"
    Info (12134): Parameter "phase_shift9" = "0 ps"
    Info (12134): Parameter "duty_cycle9" = "50"
    Info (12134): Parameter "output_clock_frequency10" = "0 MHz"
    Info (12134): Parameter "phase_shift10" = "0 ps"
    Info (12134): Parameter "duty_cycle10" = "50"
    Info (12134): Parameter "output_clock_frequency11" = "0 MHz"
    Info (12134): Parameter "phase_shift11" = "0 ps"
    Info (12134): Parameter "duty_cycle11" = "50"
    Info (12134): Parameter "output_clock_frequency12" = "0 MHz"
    Info (12134): Parameter "phase_shift12" = "0 ps"
    Info (12134): Parameter "duty_cycle12" = "50"
    Info (12134): Parameter "output_clock_frequency13" = "0 MHz"
    Info (12134): Parameter "phase_shift13" = "0 ps"
    Info (12134): Parameter "duty_cycle13" = "50"
    Info (12134): Parameter "output_clock_frequency14" = "0 MHz"
    Info (12134): Parameter "phase_shift14" = "0 ps"
    Info (12134): Parameter "duty_cycle14" = "50"
    Info (12134): Parameter "output_clock_frequency15" = "0 MHz"
    Info (12134): Parameter "phase_shift15" = "0 ps"
    Info (12134): Parameter "duty_cycle15" = "50"
    Info (12134): Parameter "output_clock_frequency16" = "0 MHz"
    Info (12134): Parameter "phase_shift16" = "0 ps"
    Info (12134): Parameter "duty_cycle16" = "50"
    Info (12134): Parameter "output_clock_frequency17" = "0 MHz"
    Info (12134): Parameter "phase_shift17" = "0 ps"
    Info (12134): Parameter "duty_cycle17" = "50"
    Info (12134): Parameter "pll_type" = "General"
    Info (12134): Parameter "pll_subtype" = "General"
Info (12128): Elaborating entity "VGA_Controller" for hierarchy "VGA_Controller:inst"
Info (12128): Elaborating entity "objects_mux" for hierarchy "objects_mux:inst19"
Info (12128): Elaborating entity "Snake_Block" for hierarchy "Snake_Block:inst13"
Info (12128): Elaborating entity "headBitMap" for hierarchy "Snake_Block:inst13|headBitMap:inst5"
Warning (10230): Verilog HDL assignment warning at headBitMap.sv(111): truncated value with size 32 to match size of target (10) File: C:/Users/USER/Documents/Work/FPGA-Snake-Arcade/RTL/VGA/headBitMap.sv Line: 111
Info (12128): Elaborating entity "lpm_rom" for hierarchy "Snake_Block:inst13|headBitMap:inst5|lpm_rom:rom_inst" File: C:/Users/USER/Documents/Work/FPGA-Snake-Arcade/RTL/VGA/headBitMap.sv Line: 130
Info (12130): Elaborated megafunction instantiation "Snake_Block:inst13|headBitMap:inst5|lpm_rom:rom_inst" File: C:/Users/USER/Documents/Work/FPGA-Snake-Arcade/RTL/VGA/headBitMap.sv Line: 130
Info (12133): Instantiated megafunction "Snake_Block:inst13|headBitMap:inst5|lpm_rom:rom_inst" with the following parameter: File: C:/Users/USER/Documents/Work/FPGA-Snake-Arcade/RTL/VGA/headBitMap.sv Line: 130
    Info (12134): Parameter "LPM_WIDTH" = "8"
    Info (12134): Parameter "LPM_WIDTHAD" = "10"
    Info (12134): Parameter "LPM_NUMWORDS" = "576"
    Info (12134): Parameter "LPM_FILE" = "RTL/mifs/snake_head_24.mif"
    Info (12134): Parameter "LPM_TYPE" = "LPM_ROM"
    Info (12134): Parameter "LPM_ADDRESS_CONTROL" = "REGISTERED"
    Info (12134): Parameter "LPM_OUTDATA" = "UNREGISTERED"
    Info (12134): Parameter "AUTO_CARRY_CHAINS" = "ON"
    Info (12134): Parameter "AUTO_CASCADE_BUFFERS" = "ON"
    Info (12134): Parameter "INTENDED_DEVICE_FAMILY" = "Cyclone V"
Info (12128): Elaborating entity "altrom" for hierarchy "Snake_Block:inst13|headBitMap:inst5|lpm_rom:rom_inst|altrom:srom" File: c:/intelfpga_lite/17.0/quartus/libraries/megafunctions/lpm_rom.tdf Line: 55
Info (12131): Elaborated megafunction instantiation "Snake_Block:inst13|headBitMap:inst5|lpm_rom:rom_inst|altrom:srom", which is child of megafunction instantiation "Snake_Block:inst13|headBitMap:inst5|lpm_rom:rom_inst" File: c:/intelfpga_lite/17.0/quartus/libraries/megafunctions/lpm_rom.tdf Line: 55
Info (12128): Elaborating entity "altsyncram" for hierarchy "Snake_Block:inst13|headBitMap:inst5|lpm_rom:rom_inst|altrom:srom|altsyncram:rom_block" File: c:/intelfpga_lite/17.0/quartus/libraries/megafunctions/altrom.tdf Line: 89
Info (12131): Elaborated megafunction instantiation "Snake_Block:inst13|headBitMap:inst5|lpm_rom:rom_inst|altrom:srom|altsyncram:rom_block", which is child of megafunction instantiation "Snake_Block:inst13|headBitMap:inst5|lpm_rom:rom_inst" File: c:/intelfpga_lite/17.0/quartus/libraries/megafunctions/altrom.tdf Line: 89
Info (12021): Found 1 design units, including 1 entities, in source file db/altsyncram_lt71.tdf
    Info (12023): Found entity 1: altsyncram_lt71 File: C:/Users/USER/Documents/Work/FPGA-Snake-Arcade/db/altsyncram_lt71.tdf Line: 28
Info (12128): Elaborating entity "altsyncram_lt71" for hierarchy "Snake_Block:inst13|headBitMap:inst5|lpm_rom:rom_inst|altrom:srom|altsyncram:rom_block|altsyncram_lt71:auto_generated" File: c:/intelfpga_lite/17.0/quartus/libraries/megafunctions/altsyncram.tdf Line: 792
Info (12128): Elaborating entity "square_object" for hierarchy "Snake_Block:inst13|square_object:inst4"
Warning (10230): Verilog HDL assignment warning at square_object.sv(42): truncated value with size 32 to match size of target (12) File: C:/Users/USER/Documents/Work/FPGA-Snake-Arcade/RTL/VGA/square_object.sv Line: 42
Warning (10230): Verilog HDL assignment warning at square_object.sv(43): truncated value with size 32 to match size of target (12) File: C:/Users/USER/Documents/Work/FPGA-Snake-Arcade/RTL/VGA/square_object.sv Line: 43
Info (12128): Elaborating entity "snake_head" for hierarchy "Snake_Block:inst13|snake_head:inst3"
Info (10264): Verilog HDL Case Statement information at snake_head.sv(213): all case item expressions in this case statement are onehot File: C:/Users/USER/Documents/Work/FPGA-Snake-Arcade/RTL/VGA/snake_head.sv Line: 213
Info (10264): Verilog HDL Case Statement information at snake_head.sv(276): all case item expressions in this case statement are onehot File: C:/Users/USER/Documents/Work/FPGA-Snake-Arcade/RTL/VGA/snake_head.sv Line: 276
Info (10264): Verilog HDL Case Statement information at snake_head.sv(341): all case item expressions in this case statement are onehot File: C:/Users/USER/Documents/Work/FPGA-Snake-Arcade/RTL/VGA/snake_head.sv Line: 341
Info (10264): Verilog HDL Case Statement information at snake_head.sv(406): all case item expressions in this case statement are onehot File: C:/Users/USER/Documents/Work/FPGA-Snake-Arcade/RTL/VGA/snake_head.sv Line: 406
Info (10264): Verilog HDL Case Statement information at snake_head.sv(471): all case item expressions in this case statement are onehot File: C:/Users/USER/Documents/Work/FPGA-Snake-Arcade/RTL/VGA/snake_head.sv Line: 471
Warning (10230): Verilog HDL assignment warning at snake_head.sv(561): truncated value with size 32 to match size of target (11) File: C:/Users/USER/Documents/Work/FPGA-Snake-Arcade/RTL/VGA/snake_head.sv Line: 561
Warning (10230): Verilog HDL assignment warning at snake_head.sv(562): truncated value with size 32 to match size of target (11) File: C:/Users/USER/Documents/Work/FPGA-Snake-Arcade/RTL/VGA/snake_head.sv Line: 562
Info (12128): Elaborating entity "speed_controller" for hierarchy "Snake_Block:inst13|speed_controller:inst"
Info (12128): Elaborating entity "snake_body" for hierarchy "Snake_Block:inst13|snake_body:inst6"
Warning (10230): Verilog HDL assignment warning at snake_body.sv(107): truncated value with size 32 to match size of target (6) File: C:/Users/USER/Documents/Work/FPGA-Snake-Arcade/RTL/VGA/snake_body.sv Line: 107
Warning (10230): Verilog HDL assignment warning at snake_body.sv(110): truncated value with size 32 to match size of target (11) File: C:/Users/USER/Documents/Work/FPGA-Snake-Arcade/RTL/VGA/snake_body.sv Line: 110
Warning (10230): Verilog HDL assignment warning at snake_body.sv(111): truncated value with size 32 to match size of target (11) File: C:/Users/USER/Documents/Work/FPGA-Snake-Arcade/RTL/VGA/snake_body.sv Line: 111
Warning (10230): Verilog HDL assignment warning at snake_body.sv(121): truncated value with size 32 to match size of target (6) File: C:/Users/USER/Documents/Work/FPGA-Snake-Arcade/RTL/VGA/snake_body.sv Line: 121
Warning (10230): Verilog HDL assignment warning at snake_body.sv(138): truncated value with size 32 to match size of target (6) File: C:/Users/USER/Documents/Work/FPGA-Snake-Arcade/RTL/VGA/snake_body.sv Line: 138
Warning (10230): Verilog HDL assignment warning at snake_body.sv(158): truncated value with size 32 to match size of target (6) File: C:/Users/USER/Documents/Work/FPGA-Snake-Arcade/RTL/VGA/snake_body.sv Line: 158
Warning (10230): Verilog HDL assignment warning at snake_body.sv(213): truncated value with size 32 to match size of target (10) File: C:/Users/USER/Documents/Work/FPGA-Snake-Arcade/RTL/VGA/snake_body.sv Line: 213
Info (12128): Elaborating entity "lpm_rom" for hierarchy "Snake_Block:inst13|snake_body:inst6|lpm_rom:rom_inst" File: C:/Users/USER/Documents/Work/FPGA-Snake-Arcade/RTL/VGA/snake_body.sv Line: 98
Info (12130): Elaborated megafunction instantiation "Snake_Block:inst13|snake_body:inst6|lpm_rom:rom_inst" File: C:/Users/USER/Documents/Work/FPGA-Snake-Arcade/RTL/VGA/snake_body.sv Line: 98
Info (12133): Instantiated megafunction "Snake_Block:inst13|snake_body:inst6|lpm_rom:rom_inst" with the following parameter: File: C:/Users/USER/Documents/Work/FPGA-Snake-Arcade/RTL/VGA/snake_body.sv Line: 98
    Info (12134): Parameter "LPM_WIDTH" = "8"
    Info (12134): Parameter "LPM_WIDTHAD" = "10"
    Info (12134): Parameter "LPM_NUMWORDS" = "576"
    Info (12134): Parameter "LPM_FILE" = "RTL/mifs/snake_body_24.mif"
    Info (12134): Parameter "LPM_TYPE" = "LPM_ROM"
    Info (12134): Parameter "LPM_ADDRESS_CONTROL" = "REGISTERED"
    Info (12134): Parameter "LPM_OUTDATA" = "UNREGISTERED"
    Info (12134): Parameter "AUTO_CARRY_CHAINS" = "ON"
    Info (12134): Parameter "AUTO_CASCADE_BUFFERS" = "ON"
    Info (12134): Parameter "INTENDED_DEVICE_FAMILY" = "Cyclone V"
Info (12128): Elaborating entity "altrom" for hierarchy "Snake_Block:inst13|snake_body:inst6|lpm_rom:rom_inst|altrom:srom" File: c:/intelfpga_lite/17.0/quartus/libraries/megafunctions/lpm_rom.tdf Line: 55
Info (12131): Elaborated megafunction instantiation "Snake_Block:inst13|snake_body:inst6|lpm_rom:rom_inst|altrom:srom", which is child of megafunction instantiation "Snake_Block:inst13|snake_body:inst6|lpm_rom:rom_inst" File: c:/intelfpga_lite/17.0/quartus/libraries/megafunctions/lpm_rom.tdf Line: 55
Info (12128): Elaborating entity "altsyncram" for hierarchy "Snake_Block:inst13|snake_body:inst6|lpm_rom:rom_inst|altrom:srom|altsyncram:rom_block" File: c:/intelfpga_lite/17.0/quartus/libraries/megafunctions/altrom.tdf Line: 89
Info (12131): Elaborated megafunction instantiation "Snake_Block:inst13|snake_body:inst6|lpm_rom:rom_inst|altrom:srom|altsyncram:rom_block", which is child of megafunction instantiation "Snake_Block:inst13|snake_body:inst6|lpm_rom:rom_inst" File: c:/intelfpga_lite/17.0/quartus/libraries/megafunctions/altrom.tdf Line: 89
Info (12021): Found 1 design units, including 1 entities, in source file db/altsyncram_hu71.tdf
    Info (12023): Found entity 1: altsyncram_hu71 File: C:/Users/USER/Documents/Work/FPGA-Snake-Arcade/db/altsyncram_hu71.tdf Line: 28
Info (12128): Elaborating entity "altsyncram_hu71" for hierarchy "Snake_Block:inst13|snake_body:inst6|lpm_rom:rom_inst|altrom:srom|altsyncram:rom_block|altsyncram_hu71:auto_generated" File: c:/intelfpga_lite/17.0/quartus/libraries/megafunctions/altsyncram.tdf Line: 792
Info (12128): Elaborating entity "TOP_KBD" for hierarchy "TOP_KBD:inst16"
Info (12128): Elaborating entity "keyPad_decoder" for hierarchy "TOP_KBD:inst16|keyPad_decoder:inst2"
Info (12128): Elaborating entity "KBDINTF" for hierarchy "TOP_KBD:inst16|KBDINTF:inst"
Info (12128): Elaborating entity "game_controller" for hierarchy "game_controller:inst22"
Info (12128): Elaborating entity "Apple_Block" for hierarchy "Apple_Block:inst10"
Info (12128): Elaborating entity "AppleBitMap" for hierarchy "Apple_Block:inst10|AppleBitMap:inst3"
Warning (10230): Verilog HDL assignment warning at AppleBitMap.sv(102): truncated value with size 32 to match size of target (10) File: C:/Users/USER/Documents/Work/FPGA-Snake-Arcade/RTL/VGA/AppleBitMap.sv Line: 102
Info (12128): Elaborating entity "lpm_rom" for hierarchy "Apple_Block:inst10|AppleBitMap:inst3|lpm_rom:red_apple_rom" File: C:/Users/USER/Documents/Work/FPGA-Snake-Arcade/RTL/VGA/AppleBitMap.sv Line: 130
Info (12130): Elaborated megafunction instantiation "Apple_Block:inst10|AppleBitMap:inst3|lpm_rom:red_apple_rom" File: C:/Users/USER/Documents/Work/FPGA-Snake-Arcade/RTL/VGA/AppleBitMap.sv Line: 130
Info (12133): Instantiated megafunction "Apple_Block:inst10|AppleBitMap:inst3|lpm_rom:red_apple_rom" with the following parameter: File: C:/Users/USER/Documents/Work/FPGA-Snake-Arcade/RTL/VGA/AppleBitMap.sv Line: 130
    Info (12134): Parameter "LPM_WIDTH" = "8"
    Info (12134): Parameter "LPM_WIDTHAD" = "10"
    Info (12134): Parameter "LPM_NUMWORDS" = "576"
    Info (12134): Parameter "LPM_FILE" = "RTL/mifs/red_apple_24.mif"
    Info (12134): Parameter "LPM_TYPE" = "LPM_ROM"
    Info (12134): Parameter "LPM_ADDRESS_CONTROL" = "REGISTERED"
    Info (12134): Parameter "LPM_OUTDATA" = "UNREGISTERED"
    Info (12134): Parameter "AUTO_CARRY_CHAINS" = "ON"
    Info (12134): Parameter "AUTO_CASCADE_BUFFERS" = "ON"
    Info (12134): Parameter "INTENDED_DEVICE_FAMILY" = "Cyclone V"
Info (12128): Elaborating entity "altrom" for hierarchy "Apple_Block:inst10|AppleBitMap:inst3|lpm_rom:red_apple_rom|altrom:srom" File: c:/intelfpga_lite/17.0/quartus/libraries/megafunctions/lpm_rom.tdf Line: 55
Info (12131): Elaborated megafunction instantiation "Apple_Block:inst10|AppleBitMap:inst3|lpm_rom:red_apple_rom|altrom:srom", which is child of megafunction instantiation "Apple_Block:inst10|AppleBitMap:inst3|lpm_rom:red_apple_rom" File: c:/intelfpga_lite/17.0/quartus/libraries/megafunctions/lpm_rom.tdf Line: 55
Info (12128): Elaborating entity "altsyncram" for hierarchy "Apple_Block:inst10|AppleBitMap:inst3|lpm_rom:red_apple_rom|altrom:srom|altsyncram:rom_block" File: c:/intelfpga_lite/17.0/quartus/libraries/megafunctions/altrom.tdf Line: 89
Info (12131): Elaborated megafunction instantiation "Apple_Block:inst10|AppleBitMap:inst3|lpm_rom:red_apple_rom|altrom:srom|altsyncram:rom_block", which is child of megafunction instantiation "Apple_Block:inst10|AppleBitMap:inst3|lpm_rom:red_apple_rom" File: c:/intelfpga_lite/17.0/quartus/libraries/megafunctions/altrom.tdf Line: 89
Info (12021): Found 1 design units, including 1 entities, in source file db/altsyncram_uq71.tdf
    Info (12023): Found entity 1: altsyncram_uq71 File: C:/Users/USER/Documents/Work/FPGA-Snake-Arcade/db/altsyncram_uq71.tdf Line: 28
Info (12128): Elaborating entity "altsyncram_uq71" for hierarchy "Apple_Block:inst10|AppleBitMap:inst3|lpm_rom:red_apple_rom|altrom:srom|altsyncram:rom_block|altsyncram_uq71:auto_generated" File: c:/intelfpga_lite/17.0/quartus/libraries/megafunctions/altsyncram.tdf Line: 792
Info (12128): Elaborating entity "lpm_rom" for hierarchy "Apple_Block:inst10|AppleBitMap:inst3|lpm_rom:blue_apple_rom" File: C:/Users/USER/Documents/Work/FPGA-Snake-Arcade/RTL/VGA/AppleBitMap.sv Line: 149
Info (12130): Elaborated megafunction instantiation "Apple_Block:inst10|AppleBitMap:inst3|lpm_rom:blue_apple_rom" File: C:/Users/USER/Documents/Work/FPGA-Snake-Arcade/RTL/VGA/AppleBitMap.sv Line: 149
Info (12133): Instantiated megafunction "Apple_Block:inst10|AppleBitMap:inst3|lpm_rom:blue_apple_rom" with the following parameter: File: C:/Users/USER/Documents/Work/FPGA-Snake-Arcade/RTL/VGA/AppleBitMap.sv Line: 149
    Info (12134): Parameter "LPM_WIDTH" = "8"
    Info (12134): Parameter "LPM_WIDTHAD" = "10"
    Info (12134): Parameter "LPM_NUMWORDS" = "576"
    Info (12134): Parameter "LPM_FILE" = "RTL/mifs/blue_apple_24.mif"
    Info (12134): Parameter "LPM_TYPE" = "LPM_ROM"
    Info (12134): Parameter "LPM_ADDRESS_CONTROL" = "REGISTERED"
    Info (12134): Parameter "LPM_OUTDATA" = "UNREGISTERED"
    Info (12134): Parameter "AUTO_CARRY_CHAINS" = "ON"
    Info (12134): Parameter "AUTO_CASCADE_BUFFERS" = "ON"
    Info (12134): Parameter "INTENDED_DEVICE_FAMILY" = "Cyclone V"
Info (12128): Elaborating entity "altrom" for hierarchy "Apple_Block:inst10|AppleBitMap:inst3|lpm_rom:blue_apple_rom|altrom:srom" File: c:/intelfpga_lite/17.0/quartus/libraries/megafunctions/lpm_rom.tdf Line: 55
Info (12131): Elaborated megafunction instantiation "Apple_Block:inst10|AppleBitMap:inst3|lpm_rom:blue_apple_rom|altrom:srom", which is child of megafunction instantiation "Apple_Block:inst10|AppleBitMap:inst3|lpm_rom:blue_apple_rom" File: c:/intelfpga_lite/17.0/quartus/libraries/megafunctions/lpm_rom.tdf Line: 55
Info (12128): Elaborating entity "altsyncram" for hierarchy "Apple_Block:inst10|AppleBitMap:inst3|lpm_rom:blue_apple_rom|altrom:srom|altsyncram:rom_block" File: c:/intelfpga_lite/17.0/quartus/libraries/megafunctions/altrom.tdf Line: 89
Info (12131): Elaborated megafunction instantiation "Apple_Block:inst10|AppleBitMap:inst3|lpm_rom:blue_apple_rom|altrom:srom|altsyncram:rom_block", which is child of megafunction instantiation "Apple_Block:inst10|AppleBitMap:inst3|lpm_rom:blue_apple_rom" File: c:/intelfpga_lite/17.0/quartus/libraries/megafunctions/altrom.tdf Line: 89
Info (12021): Found 1 design units, including 1 entities, in source file db/altsyncram_bu71.tdf
    Info (12023): Found entity 1: altsyncram_bu71 File: C:/Users/USER/Documents/Work/FPGA-Snake-Arcade/db/altsyncram_bu71.tdf Line: 28
Info (12128): Elaborating entity "altsyncram_bu71" for hierarchy "Apple_Block:inst10|AppleBitMap:inst3|lpm_rom:blue_apple_rom|altrom:srom|altsyncram:rom_block|altsyncram_bu71:auto_generated" File: c:/intelfpga_lite/17.0/quartus/libraries/megafunctions/altsyncram.tdf Line: 792
Info (12128): Elaborating entity "lpm_rom" for hierarchy "Apple_Block:inst10|AppleBitMap:inst3|lpm_rom:black_apple_rom" File: C:/Users/USER/Documents/Work/FPGA-Snake-Arcade/RTL/VGA/AppleBitMap.sv Line: 168
Info (12130): Elaborated megafunction instantiation "Apple_Block:inst10|AppleBitMap:inst3|lpm_rom:black_apple_rom" File: C:/Users/USER/Documents/Work/FPGA-Snake-Arcade/RTL/VGA/AppleBitMap.sv Line: 168
Info (12133): Instantiated megafunction "Apple_Block:inst10|AppleBitMap:inst3|lpm_rom:black_apple_rom" with the following parameter: File: C:/Users/USER/Documents/Work/FPGA-Snake-Arcade/RTL/VGA/AppleBitMap.sv Line: 168
    Info (12134): Parameter "LPM_WIDTH" = "8"
    Info (12134): Parameter "LPM_WIDTHAD" = "10"
    Info (12134): Parameter "LPM_NUMWORDS" = "576"
    Info (12134): Parameter "LPM_FILE" = "RTL/mifs/black_apple_24.mif"
    Info (12134): Parameter "LPM_TYPE" = "LPM_ROM"
    Info (12134): Parameter "LPM_ADDRESS_CONTROL" = "REGISTERED"
    Info (12134): Parameter "LPM_OUTDATA" = "UNREGISTERED"
    Info (12134): Parameter "AUTO_CARRY_CHAINS" = "ON"
    Info (12134): Parameter "AUTO_CASCADE_BUFFERS" = "ON"
    Info (12134): Parameter "INTENDED_DEVICE_FAMILY" = "Cyclone V"
Info (12128): Elaborating entity "altrom" for hierarchy "Apple_Block:inst10|AppleBitMap:inst3|lpm_rom:black_apple_rom|altrom:srom" File: c:/intelfpga_lite/17.0/quartus/libraries/megafunctions/lpm_rom.tdf Line: 55
Info (12131): Elaborated megafunction instantiation "Apple_Block:inst10|AppleBitMap:inst3|lpm_rom:black_apple_rom|altrom:srom", which is child of megafunction instantiation "Apple_Block:inst10|AppleBitMap:inst3|lpm_rom:black_apple_rom" File: c:/intelfpga_lite/17.0/quartus/libraries/megafunctions/lpm_rom.tdf Line: 55
Info (12128): Elaborating entity "altsyncram" for hierarchy "Apple_Block:inst10|AppleBitMap:inst3|lpm_rom:black_apple_rom|altrom:srom|altsyncram:rom_block" File: c:/intelfpga_lite/17.0/quartus/libraries/megafunctions/altrom.tdf Line: 89
Info (12131): Elaborated megafunction instantiation "Apple_Block:inst10|AppleBitMap:inst3|lpm_rom:black_apple_rom|altrom:srom|altsyncram:rom_block", which is child of megafunction instantiation "Apple_Block:inst10|AppleBitMap:inst3|lpm_rom:black_apple_rom" File: c:/intelfpga_lite/17.0/quartus/libraries/megafunctions/altrom.tdf Line: 89
Info (12021): Found 1 design units, including 1 entities, in source file db/altsyncram_0181.tdf
    Info (12023): Found entity 1: altsyncram_0181 File: C:/Users/USER/Documents/Work/FPGA-Snake-Arcade/db/altsyncram_0181.tdf Line: 28
Info (12128): Elaborating entity "altsyncram_0181" for hierarchy "Apple_Block:inst10|AppleBitMap:inst3|lpm_rom:black_apple_rom|altrom:srom|altsyncram:rom_block|altsyncram_0181:auto_generated" File: c:/intelfpga_lite/17.0/quartus/libraries/megafunctions/altsyncram.tdf Line: 792
Info (12128): Elaborating entity "square_object" for hierarchy "Apple_Block:inst10|square_object:inst11"
Warning (10230): Verilog HDL assignment warning at square_object.sv(42): truncated value with size 32 to match size of target (12) File: C:/Users/USER/Documents/Work/FPGA-Snake-Arcade/RTL/VGA/square_object.sv Line: 42
Warning (10230): Verilog HDL assignment warning at square_object.sv(43): truncated value with size 32 to match size of target (12) File: C:/Users/USER/Documents/Work/FPGA-Snake-Arcade/RTL/VGA/square_object.sv Line: 43
Info (12128): Elaborating entity "apple_topleft_calc" for hierarchy "Apple_Block:inst10|apple_topleft_calc:inst1"
Warning (10230): Verilog HDL assignment warning at apple_TopLeft_Calc.sv(35): truncated value with size 32 to match size of target (11) File: C:/Users/USER/Documents/Work/FPGA-Snake-Arcade/RTL/VGA/apple_TopLeft_Calc.sv Line: 35
Warning (10230): Verilog HDL assignment warning at apple_TopLeft_Calc.sv(36): truncated value with size 32 to match size of target (11) File: C:/Users/USER/Documents/Work/FPGA-Snake-Arcade/RTL/VGA/apple_TopLeft_Calc.sv Line: 36
Warning (10230): Verilog HDL assignment warning at apple_TopLeft_Calc.sv(38): truncated value with size 32 to match size of target (11) File: C:/Users/USER/Documents/Work/FPGA-Snake-Arcade/RTL/VGA/apple_TopLeft_Calc.sv Line: 38
Warning (10230): Verilog HDL assignment warning at apple_TopLeft_Calc.sv(39): truncated value with size 32 to match size of target (11) File: C:/Users/USER/Documents/Work/FPGA-Snake-Arcade/RTL/VGA/apple_TopLeft_Calc.sv Line: 39
Warning (10230): Verilog HDL assignment warning at apple_TopLeft_Calc.sv(41): truncated value with size 32 to match size of target (11) File: C:/Users/USER/Documents/Work/FPGA-Snake-Arcade/RTL/VGA/apple_TopLeft_Calc.sv Line: 41
Warning (10230): Verilog HDL assignment warning at apple_TopLeft_Calc.sv(42): truncated value with size 32 to match size of target (11) File: C:/Users/USER/Documents/Work/FPGA-Snake-Arcade/RTL/VGA/apple_TopLeft_Calc.sv Line: 42
Info (12128): Elaborating entity "apple_position_controller" for hierarchy "Apple_Block:inst10|apple_position_controller:inst5"
Info (12128): Elaborating entity "randomCounter" for hierarchy "Apple_Block:inst10|randomCounter:inst"
Info (12128): Elaborating entity "blue_apple_controller" for hierarchy "Apple_Block:inst10|blue_apple_controller:inst8"
Info (12128): Elaborating entity "Score_Block" for hierarchy "Score_Block:inst11"
Info (12128): Elaborating entity "NumbersBitMap" for hierarchy "Score_Block:inst11|NumbersBitMap:inst500"
Warning (10230): Verilog HDL assignment warning at NumbersBitMap.sv(109): truncated value with size 32 to match size of target (5) File: C:/Users/USER/Documents/Work/FPGA-Snake-Arcade/RTL/VGA/NumbersBitMap.sv Line: 109
Warning (10230): Verilog HDL assignment warning at NumbersBitMap.sv(128): truncated value with size 32 to match size of target (5) File: C:/Users/USER/Documents/Work/FPGA-Snake-Arcade/RTL/VGA/NumbersBitMap.sv Line: 128
Warning (10230): Verilog HDL assignment warning at NumbersBitMap.sv(142): truncated value with size 32 to match size of target (13) File: C:/Users/USER/Documents/Work/FPGA-Snake-Arcade/RTL/VGA/NumbersBitMap.sv Line: 142
Info (12128): Elaborating entity "lpm_rom" for hierarchy "Score_Block:inst11|NumbersBitMap:inst500|lpm_rom:rom_inst" File: C:/Users/USER/Documents/Work/FPGA-Snake-Arcade/RTL/VGA/NumbersBitMap.sv Line: 164
Info (12130): Elaborated megafunction instantiation "Score_Block:inst11|NumbersBitMap:inst500|lpm_rom:rom_inst" File: C:/Users/USER/Documents/Work/FPGA-Snake-Arcade/RTL/VGA/NumbersBitMap.sv Line: 164
Info (12133): Instantiated megafunction "Score_Block:inst11|NumbersBitMap:inst500|lpm_rom:rom_inst" with the following parameter: File: C:/Users/USER/Documents/Work/FPGA-Snake-Arcade/RTL/VGA/NumbersBitMap.sv Line: 164
    Info (12134): Parameter "LPM_WIDTH" = "1"
    Info (12134): Parameter "LPM_WIDTHAD" = "13"
    Info (12134): Parameter "LPM_NUMWORDS" = "8192"
    Info (12134): Parameter "LPM_FILE" = "RTL/mifs/numbers_new_font.mif"
    Info (12134): Parameter "LPM_TYPE" = "LPM_ROM"
    Info (12134): Parameter "LPM_ADDRESS_CONTROL" = "REGISTERED"
    Info (12134): Parameter "LPM_OUTDATA" = "UNREGISTERED"
    Info (12134): Parameter "AUTO_CARRY_CHAINS" = "ON"
    Info (12134): Parameter "AUTO_CASCADE_BUFFERS" = "ON"
    Info (12134): Parameter "INTENDED_DEVICE_FAMILY" = "Cyclone V"
Info (12128): Elaborating entity "altrom" for hierarchy "Score_Block:inst11|NumbersBitMap:inst500|lpm_rom:rom_inst|altrom:srom" File: c:/intelfpga_lite/17.0/quartus/libraries/megafunctions/lpm_rom.tdf Line: 55
Info (12131): Elaborated megafunction instantiation "Score_Block:inst11|NumbersBitMap:inst500|lpm_rom:rom_inst|altrom:srom", which is child of megafunction instantiation "Score_Block:inst11|NumbersBitMap:inst500|lpm_rom:rom_inst" File: c:/intelfpga_lite/17.0/quartus/libraries/megafunctions/lpm_rom.tdf Line: 55
Info (12128): Elaborating entity "altsyncram" for hierarchy "Score_Block:inst11|NumbersBitMap:inst500|lpm_rom:rom_inst|altrom:srom|altsyncram:rom_block" File: c:/intelfpga_lite/17.0/quartus/libraries/megafunctions/altrom.tdf Line: 89
Info (12131): Elaborated megafunction instantiation "Score_Block:inst11|NumbersBitMap:inst500|lpm_rom:rom_inst|altrom:srom|altsyncram:rom_block", which is child of megafunction instantiation "Score_Block:inst11|NumbersBitMap:inst500|lpm_rom:rom_inst" File: c:/intelfpga_lite/17.0/quartus/libraries/megafunctions/altrom.tdf Line: 89
Info (12021): Found 1 design units, including 1 entities, in source file db/altsyncram_me81.tdf
    Info (12023): Found entity 1: altsyncram_me81 File: C:/Users/USER/Documents/Work/FPGA-Snake-Arcade/db/altsyncram_me81.tdf Line: 28
Info (12128): Elaborating entity "altsyncram_me81" for hierarchy "Score_Block:inst11|NumbersBitMap:inst500|lpm_rom:rom_inst|altrom:srom|altsyncram:rom_block|altsyncram_me81:auto_generated" File: c:/intelfpga_lite/17.0/quartus/libraries/megafunctions/altsyncram.tdf Line: 792
Info (12128): Elaborating entity "square_object" for hierarchy "Score_Block:inst11|square_object:inst42"
Warning (10230): Verilog HDL assignment warning at square_object.sv(42): truncated value with size 32 to match size of target (12) File: C:/Users/USER/Documents/Work/FPGA-Snake-Arcade/RTL/VGA/square_object.sv Line: 42
Warning (10230): Verilog HDL assignment warning at square_object.sv(43): truncated value with size 32 to match size of target (12) File: C:/Users/USER/Documents/Work/FPGA-Snake-Arcade/RTL/VGA/square_object.sv Line: 43
Info (12128): Elaborating entity "ScoreConstants" for hierarchy "Score_Block:inst11|ScoreConstants:inst2"
Warning (10230): Verilog HDL assignment warning at ScoreConstants.sv(23): truncated value with size 32 to match size of target (11) File: C:/Users/USER/Documents/Work/FPGA-Snake-Arcade/RTL/VGA/ScoreConstants.sv Line: 23
Warning (10230): Verilog HDL assignment warning at ScoreConstants.sv(24): truncated value with size 32 to match size of target (11) File: C:/Users/USER/Documents/Work/FPGA-Snake-Arcade/RTL/VGA/ScoreConstants.sv Line: 24
Warning (10230): Verilog HDL assignment warning at ScoreConstants.sv(26): truncated value with size 32 to match size of target (11) File: C:/Users/USER/Documents/Work/FPGA-Snake-Arcade/RTL/VGA/ScoreConstants.sv Line: 26
Warning (10230): Verilog HDL assignment warning at ScoreConstants.sv(27): truncated value with size 32 to match size of target (11) File: C:/Users/USER/Documents/Work/FPGA-Snake-Arcade/RTL/VGA/ScoreConstants.sv Line: 27
Info (12128): Elaborating entity "highscoreComp" for hierarchy "Score_Block:inst11|highscoreComp:inst1"
Info (12128): Elaborating entity "appleCounter" for hierarchy "Score_Block:inst11|appleCounter:inst133"
Info (12128): Elaborating entity "end_message_display" for hierarchy "end_message_display:inst17"
Warning (10230): Verilog HDL assignment warning at End_Message_Display.sv(70): truncated value with size 32 to match size of target (11) File: C:/Users/USER/Documents/Work/FPGA-Snake-Arcade/RTL/VGA/End_Message_Display.sv Line: 70
Warning (10230): Verilog HDL assignment warning at End_Message_Display.sv(71): truncated value with size 32 to match size of target (11) File: C:/Users/USER/Documents/Work/FPGA-Snake-Arcade/RTL/VGA/End_Message_Display.sv Line: 71
Warning (10230): Verilog HDL assignment warning at End_Message_Display.sv(73): truncated value with size 32 to match size of target (16) File: C:/Users/USER/Documents/Work/FPGA-Snake-Arcade/RTL/VGA/End_Message_Display.sv Line: 73
Info (12128): Elaborating entity "lpm_rom" for hierarchy "end_message_display:inst17|lpm_rom:win_rom_inst" File: C:/Users/USER/Documents/Work/FPGA-Snake-Arcade/RTL/VGA/End_Message_Display.sv Line: 124
Info (12130): Elaborated megafunction instantiation "end_message_display:inst17|lpm_rom:win_rom_inst" File: C:/Users/USER/Documents/Work/FPGA-Snake-Arcade/RTL/VGA/End_Message_Display.sv Line: 124
Info (12133): Instantiated megafunction "end_message_display:inst17|lpm_rom:win_rom_inst" with the following parameter: File: C:/Users/USER/Documents/Work/FPGA-Snake-Arcade/RTL/VGA/End_Message_Display.sv Line: 124
    Info (12134): Parameter "LPM_WIDTH" = "8"
    Info (12134): Parameter "LPM_WIDTHAD" = "16"
    Info (12134): Parameter "LPM_NUMWORDS" = "50400"
    Info (12134): Parameter "LPM_FILE" = "RTL/mifs/end_message_win.mif"
    Info (12134): Parameter "LPM_TYPE" = "LPM_ROM"
    Info (12134): Parameter "LPM_ADDRESS_CONTROL" = "REGISTERED"
    Info (12134): Parameter "LPM_OUTDATA" = "UNREGISTERED"
    Info (12134): Parameter "AUTO_CARRY_CHAINS" = "ON"
    Info (12134): Parameter "AUTO_CASCADE_BUFFERS" = "ON"
    Info (12134): Parameter "INTENDED_DEVICE_FAMILY" = "Cyclone V"
Info (12128): Elaborating entity "altrom" for hierarchy "end_message_display:inst17|lpm_rom:win_rom_inst|altrom:srom" File: c:/intelfpga_lite/17.0/quartus/libraries/megafunctions/lpm_rom.tdf Line: 55
Info (12131): Elaborated megafunction instantiation "end_message_display:inst17|lpm_rom:win_rom_inst|altrom:srom", which is child of megafunction instantiation "end_message_display:inst17|lpm_rom:win_rom_inst" File: c:/intelfpga_lite/17.0/quartus/libraries/megafunctions/lpm_rom.tdf Line: 55
Info (12128): Elaborating entity "altsyncram" for hierarchy "end_message_display:inst17|lpm_rom:win_rom_inst|altrom:srom|altsyncram:rom_block" File: c:/intelfpga_lite/17.0/quartus/libraries/megafunctions/altrom.tdf Line: 89
Info (12131): Elaborated megafunction instantiation "end_message_display:inst17|lpm_rom:win_rom_inst|altrom:srom|altsyncram:rom_block", which is child of megafunction instantiation "end_message_display:inst17|lpm_rom:win_rom_inst" File: c:/intelfpga_lite/17.0/quartus/libraries/megafunctions/altrom.tdf Line: 89
Info (12021): Found 1 design units, including 1 entities, in source file db/altsyncram_ib81.tdf
    Info (12023): Found entity 1: altsyncram_ib81 File: C:/Users/USER/Documents/Work/FPGA-Snake-Arcade/db/altsyncram_ib81.tdf Line: 32
Info (12128): Elaborating entity "altsyncram_ib81" for hierarchy "end_message_display:inst17|lpm_rom:win_rom_inst|altrom:srom|altsyncram:rom_block|altsyncram_ib81:auto_generated" File: c:/intelfpga_lite/17.0/quartus/libraries/megafunctions/altsyncram.tdf Line: 792
Info (12128): Elaborating entity "lpm_rom" for hierarchy "end_message_display:inst17|lpm_rom:lost_rom_inst" File: C:/Users/USER/Documents/Work/FPGA-Snake-Arcade/RTL/VGA/End_Message_Display.sv Line: 143
Info (12130): Elaborated megafunction instantiation "end_message_display:inst17|lpm_rom:lost_rom_inst" File: C:/Users/USER/Documents/Work/FPGA-Snake-Arcade/RTL/VGA/End_Message_Display.sv Line: 143
Info (12133): Instantiated megafunction "end_message_display:inst17|lpm_rom:lost_rom_inst" with the following parameter: File: C:/Users/USER/Documents/Work/FPGA-Snake-Arcade/RTL/VGA/End_Message_Display.sv Line: 143
    Info (12134): Parameter "LPM_WIDTH" = "8"
    Info (12134): Parameter "LPM_WIDTHAD" = "16"
    Info (12134): Parameter "LPM_NUMWORDS" = "50400"
    Info (12134): Parameter "LPM_FILE" = "RTL/mifs/end_message_lost.mif"
    Info (12134): Parameter "LPM_TYPE" = "LPM_ROM"
    Info (12134): Parameter "LPM_ADDRESS_CONTROL" = "REGISTERED"
    Info (12134): Parameter "LPM_OUTDATA" = "UNREGISTERED"
    Info (12134): Parameter "AUTO_CARRY_CHAINS" = "ON"
    Info (12134): Parameter "AUTO_CASCADE_BUFFERS" = "ON"
    Info (12134): Parameter "INTENDED_DEVICE_FAMILY" = "Cyclone V"
Info (12128): Elaborating entity "altrom" for hierarchy "end_message_display:inst17|lpm_rom:lost_rom_inst|altrom:srom" File: c:/intelfpga_lite/17.0/quartus/libraries/megafunctions/lpm_rom.tdf Line: 55
Info (12131): Elaborated megafunction instantiation "end_message_display:inst17|lpm_rom:lost_rom_inst|altrom:srom", which is child of megafunction instantiation "end_message_display:inst17|lpm_rom:lost_rom_inst" File: c:/intelfpga_lite/17.0/quartus/libraries/megafunctions/lpm_rom.tdf Line: 55
Info (12128): Elaborating entity "altsyncram" for hierarchy "end_message_display:inst17|lpm_rom:lost_rom_inst|altrom:srom|altsyncram:rom_block" File: c:/intelfpga_lite/17.0/quartus/libraries/megafunctions/altrom.tdf Line: 89
Info (12131): Elaborated megafunction instantiation "end_message_display:inst17|lpm_rom:lost_rom_inst|altrom:srom|altsyncram:rom_block", which is child of megafunction instantiation "end_message_display:inst17|lpm_rom:lost_rom_inst" File: c:/intelfpga_lite/17.0/quartus/libraries/megafunctions/altrom.tdf Line: 89
Info (12021): Found 1 design units, including 1 entities, in source file db/altsyncram_6f81.tdf
    Info (12023): Found entity 1: altsyncram_6f81 File: C:/Users/USER/Documents/Work/FPGA-Snake-Arcade/db/altsyncram_6f81.tdf Line: 32
Info (12128): Elaborating entity "altsyncram_6f81" for hierarchy "end_message_display:inst17|lpm_rom:lost_rom_inst|altrom:srom|altsyncram:rom_block|altsyncram_6f81:auto_generated" File: c:/intelfpga_lite/17.0/quartus/libraries/megafunctions/altsyncram.tdf Line: 792
Info (12128): Elaborating entity "Audio_Block" for hierarchy "Audio_Block:inst6"
Info (12128): Elaborating entity "AUDIO" for hierarchy "Audio_Block:inst6|AUDIO:inst"
Info (12128): Elaborating entity "audio_codec_controller" for hierarchy "Audio_Block:inst6|AUDIO:inst|audio_codec_controller:inst"
Info (12128): Elaborating entity "sintable" for hierarchy "Audio_Block:inst6|AUDIO:inst|sintable:inst1"
Info (12128): Elaborating entity "addr_counter" for hierarchy "Audio_Block:inst6|AUDIO:inst|addr_counter:inst9"
Info (12128): Elaborating entity "melody_player_1" for hierarchy "Audio_Block:inst6|AUDIO:inst|melody_player_1:inst5"
Info (12128): Elaborating entity "lpm_rom" for hierarchy "Audio_Block:inst6|AUDIO:inst|melody_player_1:inst5|lpm_rom:rom_inst" File: C:/Users/USER/Documents/Work/FPGA-Snake-Arcade/RTL/AUDIO/melody_player_1.sv Line: 72
Info (12130): Elaborated megafunction instantiation "Audio_Block:inst6|AUDIO:inst|melody_player_1:inst5|lpm_rom:rom_inst" File: C:/Users/USER/Documents/Work/FPGA-Snake-Arcade/RTL/AUDIO/melody_player_1.sv Line: 72
Info (12133): Instantiated megafunction "Audio_Block:inst6|AUDIO:inst|melody_player_1:inst5|lpm_rom:rom_inst" with the following parameter: File: C:/Users/USER/Documents/Work/FPGA-Snake-Arcade/RTL/AUDIO/melody_player_1.sv Line: 72
    Info (12134): Parameter "LPM_WIDTH" = "16"
    Info (12134): Parameter "LPM_WIDTHAD" = "12"
    Info (12134): Parameter "LPM_NUMWORDS" = "4096"
    Info (12134): Parameter "LPM_FILE" = "RTL/AUDIO/songs.mif"
    Info (12134): Parameter "LPM_TYPE" = "LPM_ROM"
    Info (12134): Parameter "LPM_ADDRESS_CONTROL" = "REGISTERED"
    Info (12134): Parameter "LPM_OUTDATA" = "UNREGISTERED"
    Info (12134): Parameter "AUTO_CARRY_CHAINS" = "ON"
    Info (12134): Parameter "AUTO_CASCADE_BUFFERS" = "ON"
    Info (12134): Parameter "INTENDED_DEVICE_FAMILY" = "Cyclone V"
Info (12128): Elaborating entity "altrom" for hierarchy "Audio_Block:inst6|AUDIO:inst|melody_player_1:inst5|lpm_rom:rom_inst|altrom:srom" File: c:/intelfpga_lite/17.0/quartus/libraries/megafunctions/lpm_rom.tdf Line: 55
Info (12131): Elaborated megafunction instantiation "Audio_Block:inst6|AUDIO:inst|melody_player_1:inst5|lpm_rom:rom_inst|altrom:srom", which is child of megafunction instantiation "Audio_Block:inst6|AUDIO:inst|melody_player_1:inst5|lpm_rom:rom_inst" File: c:/intelfpga_lite/17.0/quartus/libraries/megafunctions/lpm_rom.tdf Line: 55
Info (12128): Elaborating entity "altsyncram" for hierarchy "Audio_Block:inst6|AUDIO:inst|melody_player_1:inst5|lpm_rom:rom_inst|altrom:srom|altsyncram:rom_block" File: c:/intelfpga_lite/17.0/quartus/libraries/megafunctions/altrom.tdf Line: 89
Info (12131): Elaborated megafunction instantiation "Audio_Block:inst6|AUDIO:inst|melody_player_1:inst5|lpm_rom:rom_inst|altrom:srom|altsyncram:rom_block", which is child of megafunction instantiation "Audio_Block:inst6|AUDIO:inst|melody_player_1:inst5|lpm_rom:rom_inst" File: c:/intelfpga_lite/17.0/quartus/libraries/megafunctions/altrom.tdf Line: 89
Info (12021): Found 1 design units, including 1 entities, in source file db/altsyncram_se71.tdf
    Info (12023): Found entity 1: altsyncram_se71 File: C:/Users/USER/Documents/Work/FPGA-Snake-Arcade/db/altsyncram_se71.tdf Line: 28
Info (12128): Elaborating entity "altsyncram_se71" for hierarchy "Audio_Block:inst6|AUDIO:inst|melody_player_1:inst5|lpm_rom:rom_inst|altrom:srom|altsyncram:rom_block|altsyncram_se71:auto_generated" File: c:/intelfpga_lite/17.0/quartus/libraries/megafunctions/altsyncram.tdf Line: 792
Info (12128): Elaborating entity "Mili_sec_counter" for hierarchy "Audio_Block:inst6|AUDIO:inst|melody_player_1:inst5|Mili_sec_counter:mili_sec_counter_inst" File: C:/Users/USER/Documents/Work/FPGA-Snake-Arcade/RTL/AUDIO/melody_player_1.sv Line: 80
Info (12128): Elaborating entity "prescaler" for hierarchy "Audio_Block:inst6|AUDIO:inst|prescaler:inst3"
Info (12128): Elaborating entity "ToneDecoder" for hierarchy "Audio_Block:inst6|AUDIO:inst|ToneDecoder:inst4"
Info (12128): Elaborating entity "sound_effect_controller" for hierarchy "Audio_Block:inst6|sound_effect_controller:inst1"
Info (12128): Elaborating entity "Hex_Block" for hierarchy "Hex_Block:inst5"
Info (12128): Elaborating entity "SEG7" for hierarchy "Hex_Block:inst5|SEG7:inst34"
Info (12128): Elaborating entity "snakeLengthDigits" for hierarchy "Hex_Block:inst5|snakeLengthDigits:inst1"
Warning (10230): Verilog HDL assignment warning at snakeLengthDigits.sv(23): truncated value with size 6 to match size of target (4) File: C:/Users/USER/Documents/Work/FPGA-Snake-Arcade/RTL/Seg7/snakeLengthDigits.sv Line: 23
Warning (10230): Verilog HDL assignment warning at snakeLengthDigits.sv(28): truncated value with size 6 to match size of target (4) File: C:/Users/USER/Documents/Work/FPGA-Snake-Arcade/RTL/Seg7/snakeLengthDigits.sv Line: 28
Warning (10230): Verilog HDL assignment warning at snakeLengthDigits.sv(33): truncated value with size 6 to match size of target (4) File: C:/Users/USER/Documents/Work/FPGA-Snake-Arcade/RTL/Seg7/snakeLengthDigits.sv Line: 33
Warning (12001): Port "highScoreOffsetX[10]" does not exist in entity definition of "NumbersBitMap".  The port's range differs between the entity definition and its actual instantiation, "Score_Block:inst11|NumbersBitMap:inst500".
Warning (12001): Port "highScoreOffsetX[6]" does not exist in entity definition of "NumbersBitMap".  The port's range differs between the entity definition and its actual instantiation, "Score_Block:inst11|NumbersBitMap:inst500".
Warning (12001): Port "highScoreOffsetX[7]" does not exist in entity definition of "NumbersBitMap".  The port's range differs between the entity definition and its actual instantiation, "Score_Block:inst11|NumbersBitMap:inst500".
Warning (12001): Port "highScoreOffsetX[8]" does not exist in entity definition of "NumbersBitMap".  The port's range differs between the entity definition and its actual instantiation, "Score_Block:inst11|NumbersBitMap:inst500".
Warning (12001): Port "highScoreOffsetX[9]" does not exist in entity definition of "NumbersBitMap".  The port's range differs between the entity definition and its actual instantiation, "Score_Block:inst11|NumbersBitMap:inst500".
Warning (12001): Port "highScoreOffsetY[10]" does not exist in entity definition of "NumbersBitMap".  The port's range differs between the entity definition and its actual instantiation, "Score_Block:inst11|NumbersBitMap:inst500".
Warning (12001): Port "highScoreOffsetY[6]" does not exist in entity definition of "NumbersBitMap".  The port's range differs between the entity definition and its actual instantiation, "Score_Block:inst11|NumbersBitMap:inst500".
Warning (12001): Port "highScoreOffsetY[7]" does not exist in entity definition of "NumbersBitMap".  The port's range differs between the entity definition and its actual instantiation, "Score_Block:inst11|NumbersBitMap:inst500".
Warning (12001): Port "highScoreOffsetY[8]" does not exist in entity definition of "NumbersBitMap".  The port's range differs between the entity definition and its actual instantiation, "Score_Block:inst11|NumbersBitMap:inst500".
Warning (12001): Port "highScoreOffsetY[9]" does not exist in entity definition of "NumbersBitMap".  The port's range differs between the entity definition and its actual instantiation, "Score_Block:inst11|NumbersBitMap:inst500".
Warning (12001): Port "scoreOffsetX[10]" does not exist in entity definition of "NumbersBitMap".  The port's range differs between the entity definition and its actual instantiation, "Score_Block:inst11|NumbersBitMap:inst500".
Warning (12001): Port "scoreOffsetX[6]" does not exist in entity definition of "NumbersBitMap".  The port's range differs between the entity definition and its actual instantiation, "Score_Block:inst11|NumbersBitMap:inst500".
Warning (12001): Port "scoreOffsetX[7]" does not exist in entity definition of "NumbersBitMap".  The port's range differs between the entity definition and its actual instantiation, "Score_Block:inst11|NumbersBitMap:inst500".
Warning (12001): Port "scoreOffsetX[8]" does not exist in entity definition of "NumbersBitMap".  The port's range differs between the entity definition and its actual instantiation, "Score_Block:inst11|NumbersBitMap:inst500".
Warning (12001): Port "scoreOffsetX[9]" does not exist in entity definition of "NumbersBitMap".  The port's range differs between the entity definition and its actual instantiation, "Score_Block:inst11|NumbersBitMap:inst500".
Warning (12001): Port "scoreOffsetY[10]" does not exist in entity definition of "NumbersBitMap".  The port's range differs between the entity definition and its actual instantiation, "Score_Block:inst11|NumbersBitMap:inst500".
Warning (12001): Port "scoreOffsetY[6]" does not exist in entity definition of "NumbersBitMap".  The port's range differs between the entity definition and its actual instantiation, "Score_Block:inst11|NumbersBitMap:inst500".
Warning (12001): Port "scoreOffsetY[7]" does not exist in entity definition of "NumbersBitMap".  The port's range differs between the entity definition and its actual instantiation, "Score_Block:inst11|NumbersBitMap:inst500".
Warning (12001): Port "scoreOffsetY[8]" does not exist in entity definition of "NumbersBitMap".  The port's range differs between the entity definition and its actual instantiation, "Score_Block:inst11|NumbersBitMap:inst500".
Warning (12001): Port "scoreOffsetY[9]" does not exist in entity definition of "NumbersBitMap".  The port's range differs between the entity definition and its actual instantiation, "Score_Block:inst11|NumbersBitMap:inst500".
Info (12021): Found 1 design units, including 1 entities, in source file db/altsyncram_ue84.tdf
    Info (12023): Found entity 1: altsyncram_ue84 File: C:/Users/USER/Documents/Work/FPGA-Snake-Arcade/db/altsyncram_ue84.tdf Line: 28
Info (12021): Found 1 design units, including 1 entities, in source file db/mux_hlc.tdf
    Info (12023): Found entity 1: mux_hlc File: C:/Users/USER/Documents/Work/FPGA-Snake-Arcade/db/mux_hlc.tdf Line: 23
Info (12021): Found 1 design units, including 1 entities, in source file db/decode_vnf.tdf
    Info (12023): Found entity 1: decode_vnf File: C:/Users/USER/Documents/Work/FPGA-Snake-Arcade/db/decode_vnf.tdf Line: 23
Info (12021): Found 1 design units, including 1 entities, in source file db/cntr_f7i.tdf
    Info (12023): Found entity 1: cntr_f7i File: C:/Users/USER/Documents/Work/FPGA-Snake-Arcade/db/cntr_f7i.tdf Line: 28
Info (12021): Found 1 design units, including 1 entities, in source file db/cmpr_b9c.tdf
    Info (12023): Found entity 1: cmpr_b9c File: C:/Users/USER/Documents/Work/FPGA-Snake-Arcade/db/cmpr_b9c.tdf Line: 23
Info (12021): Found 1 design units, including 1 entities, in source file db/cntr_a2j.tdf
    Info (12023): Found entity 1: cntr_a2j File: C:/Users/USER/Documents/Work/FPGA-Snake-Arcade/db/cntr_a2j.tdf Line: 26
Info (12021): Found 1 design units, including 1 entities, in source file db/cntr_49i.tdf
    Info (12023): Found entity 1: cntr_49i File: C:/Users/USER/Documents/Work/FPGA-Snake-Arcade/db/cntr_49i.tdf Line: 28
Info (12021): Found 1 design units, including 1 entities, in source file db/cmpr_d9c.tdf
    Info (12023): Found entity 1: cmpr_d9c File: C:/Users/USER/Documents/Work/FPGA-Snake-Arcade/db/cmpr_d9c.tdf Line: 23
Info (12021): Found 1 design units, including 1 entities, in source file db/cntr_kri.tdf
    Info (12023): Found entity 1: cntr_kri File: C:/Users/USER/Documents/Work/FPGA-Snake-Arcade/db/cntr_kri.tdf Line: 28
Info (12021): Found 1 design units, including 1 entities, in source file db/cmpr_99c.tdf
    Info (12023): Found entity 1: cmpr_99c File: C:/Users/USER/Documents/Work/FPGA-Snake-Arcade/db/cmpr_99c.tdf Line: 23
Info (12033): Analysis and Synthesis generated SignalTap II or debug node instance "auto_signaltap_0"
Info (11170): Starting IP generation for the debug fabric: alt_sld_fab.
Info (11172): 2026.10.09.18:33:15 Progress: Loading sld6dfc5e3d/alt_sld_fab_wrapper_hw.tcl
Info (11172): Alt_sld_fab.alt_sld_fab: SLD fabric agents which did not specify prefer_host were connected to JTAG
Info (11172): Alt_sld_fab: Generating alt_sld_fab "alt_sld_fab" for QUARTUS_SYNTH
Info (11172): Alt_sld_fab: "alt_sld_fab" instantiated alt_sld_fab "alt_sld_fab"
Info (11172): Presplit: "alt_sld_fab" instantiated altera_super_splitter "presplit"
Info (11172): Splitter: "alt_sld_fab" instantiated altera_sld_splitter "splitter"
Info (11172): Sldfabric: "alt_sld_fab" instantiated altera_sld_jtag_hub "sldfabric"
Info (11172): Ident: "alt_sld_fab" instantiated altera_connection_identification_hub "ident"
Info (11172): Alt_sld_fab: Done "alt_sld_fab" with 6 modules, 6 files
Info (11171): Finished IP generation for the debug fabric: alt_sld_fab.
Info (12021): Found 1 design units, including 1 entities, in source file db/ip/sld6dfc5e3d/alt_sld_fab.v
    Info (12023): Found entity 1: alt_sld_fab File: C:/Users/USER/Documents/Work/FPGA-Snake-Arcade/db/ip/sld6dfc5e3d/alt_sld_fab.v Line: 9
Info (12021): Found 1 design units, including 1 entities, in source file db/ip/sld6dfc5e3d/submodules/alt_sld_fab_alt_sld_fab.v
    Info (12023): Found entity 1: alt_sld_fab_alt_sld_fab File: C:/Users/USER/Documents/Work/FPGA-Snake-Arcade/db/ip/sld6dfc5e3d/submodules/alt_sld_fab_alt_sld_fab.v Line: 9
Info (12021): Found 1 design units, including 1 entities, in source file db/ip/sld6dfc5e3d/submodules/alt_sld_fab_alt_sld_fab_ident.sv
    Info (12023): Found entity 1: alt_sld_fab_alt_sld_fab_ident File: C:/Users/USER/Documents/Work/FPGA-Snake-Arcade/db/ip/sld6dfc5e3d/submodules/alt_sld_fab_alt_sld_fab_ident.sv Line: 33
Info (12021): Found 1 design units, including 1 entities, in source file db/ip/sld6dfc5e3d/submodules/alt_sld_fab_alt_sld_fab_presplit.sv
    Info (12023): Found entity 1: alt_sld_fab_alt_sld_fab_presplit File: C:/Users/USER/Documents/Work/FPGA-Snake-Arcade/db/ip/sld6dfc5e3d/submodules/alt_sld_fab_alt_sld_fab_presplit.sv Line: 3
Info (12021): Found 2 design units, including 1 entities, in source file db/ip/sld6dfc5e3d/submodules/alt_sld_fab_alt_sld_fab_sldfabric.vhd
    Info (12022): Found design unit 1: alt_sld_fab_alt_sld_fab_sldfabric-rtl File: C:/Users/USER/Documents/Work/FPGA-Snake-Arcade/db/ip/sld6dfc5e3d/submodules/alt_sld_fab_alt_sld_fab_sldfabric.vhd Line: 102
    Info (12023): Found entity 1: alt_sld_fab_alt_sld_fab_sldfabric File: C:/Users/USER/Documents/Work/FPGA-Snake-Arcade/db/ip/sld6dfc5e3d/submodules/alt_sld_fab_alt_sld_fab_sldfabric.vhd Line: 11
Info (12021): Found 1 design units, including 1 entities, in source file db/ip/sld6dfc5e3d/submodules/alt_sld_fab_alt_sld_fab_splitter.sv
    Info (12023): Found entity 1: alt_sld_fab_alt_sld_fab_splitter File: C:/Users/USER/Documents/Work/FPGA-Snake-Arcade/db/ip/sld6dfc5e3d/submodules/alt_sld_fab_alt_sld_fab_splitter.sv Line: 3
Warning (13046): Tri-state node(s) do not directly drive top-level pin(s)
    Warning (13049): Converted tri-state buffer "Audio_Block:inst6|AUDIO:inst|melody_player_1:inst5|lpm_rom:rom_inst|otri[15]" feeding internal logic into a wire File: c:/intelfpga_lite/17.0/quartus/libraries/megafunctions/lpm_rom.tdf Line: 68
    Warning (13049): Converted tri-state buffer "Audio_Block:inst6|AUDIO:inst|melody_player_1:inst5|lpm_rom:rom_inst|otri[14]" feeding internal logic into a wire File: c:/intelfpga_lite/17.0/quartus/libraries/megafunctions/lpm_rom.tdf Line: 68
    Warning (13049): Converted tri-state buffer "Audio_Block:inst6|AUDIO:inst|melody_player_1:inst5|lpm_rom:rom_inst|otri[13]" feeding internal logic into a wire File: c:/intelfpga_lite/17.0/quartus/libraries/megafunctions/lpm_rom.tdf Line: 68
    Warning (13049): Converted tri-state buffer "Audio_Block:inst6|AUDIO:inst|melody_player_1:inst5|lpm_rom:rom_inst|otri[12]" feeding internal logic into a wire File: c:/intelfpga_lite/17.0/quartus/libraries/megafunctions/lpm_rom.tdf Line: 68
    Warning (13049): Converted tri-state buffer "Audio_Block:inst6|AUDIO:inst|melody_player_1:inst5|lpm_rom:rom_inst|otri[11]" feeding internal logic into a wire File: c:/intelfpga_lite/17.0/quartus/libraries/megafunctions/lpm_rom.tdf Line: 68
    Warning (13049): Converted tri-state buffer "Audio_Block:inst6|AUDIO:inst|melody_player_1:inst5|lpm_rom:rom_inst|otri[10]" feeding internal logic into a wire File: c:/intelfpga_lite/17.0/quartus/libraries/megafunctions/lpm_rom.tdf Line: 68
    Warning (13049): Converted tri-state buffer "Audio_Block:inst6|AUDIO:inst|melody_player_1:inst5|lpm_rom:rom_inst|otri[9]" feeding internal logic into a wire File: c:/intelfpga_lite/17.0/quartus/libraries/megafunctions/lpm_rom.tdf Line: 68
    Warning (13049): Converted tri-state buffer "Audio_Block:inst6|AUDIO:inst|melody_player_1:inst5|lpm_rom:rom_inst|otri[8]" feeding internal logic into a wire File: c:/intelfpga_lite/17.0/quartus/libraries/megafunctions/lpm_rom.tdf Line: 68
    Warning (13049): Converted tri-state buffer "Audio_Block:inst6|AUDIO:inst|melody_player_1:inst5|lpm_rom:rom_inst|otri[7]" feeding internal logic into a wire File: c:/intelfpga_lite/17.0/quartus/libraries/megafunctions/lpm_rom.tdf Line: 68
    Warning (13049): Converted tri-state buffer "Audio_Block:inst6|AUDIO:inst|melody_player_1:inst5|lpm_rom:rom_inst|otri[6]" feeding internal logic into a wire File: c:/intelfpga_lite/17.0/quartus/libraries/megafunctions/lpm_rom.tdf Line: 68
    Warning (13049): Converted tri-state buffer "Audio_Block:inst6|AUDIO:inst|melody_player_1:inst5|lpm_rom:rom_inst|otri[5]" feeding internal logic into a wire File: c:/intelfpga_lite/17.0/quartus/libraries/megafunctions/lpm_rom.tdf Line: 68
    Warning (13049): Converted tri-state buffer "Audio_Block:inst6|AUDIO:inst|melody_player_1:inst5|lpm_rom:rom_inst|otri[4]" feeding internal logic into a wire File: c:/intelfpga_lite/17.0/quartus/libraries/megafunctions/lpm_rom.tdf Line: 68
    Warning (13049): Converted tri-state buffer "Audio_Block:inst6|AUDIO:inst|melody_player_1:inst5|lpm_rom:rom_inst|otri[3]" feeding internal logic into a wire File: c:/intelfpga_lite/17.0/quartus/libraries/megafunctions/lpm_rom.tdf Line: 68
    Warning (13049): Converted tri-state buffer "Audio_Block:inst6|AUDIO:inst|melody_player_1:inst5|lpm_rom:rom_inst|otri[2]" feeding internal logic into a wire File: c:/intelfpga_lite/17.0/quartus/libraries/megafunctions/lpm_rom.tdf Line: 68
    Warning (13049): Converted tri-state buffer "Audio_Block:inst6|AUDIO:inst|melody_player_1:inst5|lpm_rom:rom_inst|otri[1]" feeding internal logic into a wire File: c:/intelfpga_lite/17.0/quartus/libraries/megafunctions/lpm_rom.tdf Line: 68
    Warning (13049): Converted tri-state buffer "Audio_Block:inst6|AUDIO:inst|melody_player_1:inst5|lpm_rom:rom_inst|otri[0]" feeding internal logic into a wire File: c:/intelfpga_lite/17.0/quartus/libraries/megafunctions/lpm_rom.tdf Line: 68
    Warning (13049): Converted tri-state buffer "end_message_display:inst17|lpm_rom:lost_rom_inst|otri[7]" feeding internal logic into a wire File: c:/intelfpga_lite/17.0/quartus/libraries/megafunctions/lpm_rom.tdf Line: 68
    Warning (13049): Converted tri-state buffer "end_message_display:inst17|lpm_rom:lost_rom_inst|otri[6]" feeding internal logic into a wire File: c:/intelfpga_lite/17.0/quartus/libraries/megafunctions/lpm_rom.tdf Line: 68
    Warning (13049): Converted tri-state buffer "end_message_display:inst17|lpm_rom:lost_rom_inst|otri[5]" feeding internal logic into a wire File: c:/intelfpga_lite/17.0/quartus/libraries/megafunctions/lpm_rom.tdf Line: 68
    Warning (13049): Converted tri-state buffer "end_message_display:inst17|lpm_rom:lost_rom_inst|otri[4]" feeding internal logic into a wire File: c:/intelfpga_lite/17.0/quartus/libraries/megafunctions/lpm_rom.tdf Line: 68
    Warning (13049): Converted tri-state buffer "end_message_display:inst17|lpm_rom:lost_rom_inst|otri[3]" feeding internal logic into a wire File: c:/intelfpga_lite/17.0/quartus/libraries/megafunctions/lpm_rom.tdf Line: 68
    Warning (13049): Converted tri-state buffer "end_message_display:inst17|lpm_rom:lost_rom_inst|otri[2]" feeding internal logic into a wire File: c:/intelfpga_lite/17.0/quartus/libraries/megafunctions/lpm_rom.tdf Line: 68
    Warning (13049): Converted tri-state buffer "end_message_display:inst17|lpm_rom:lost_rom_inst|otri[1]" feeding internal logic into a wire File: c:/intelfpga_lite/17.0/quartus/libraries/megafunctions/lpm_rom.tdf Line: 68
    Warning (13049): Converted tri-state buffer "end_message_display:inst17|lpm_rom:lost_rom_inst|otri[0]" feeding internal logic into a wire File: c:/intelfpga_lite/17.0/quartus/libraries/megafunctions/lpm_rom.tdf Line: 68
    Warning (13049): Converted tri-state buffer "end_message_display:inst17|lpm_rom:win_rom_inst|otri[7]" feeding internal logic into a wire File: c:/intelfpga_lite/17.0/quartus/libraries/megafunctions/lpm_rom.tdf Line: 68
    Warning (13049): Converted tri-state buffer "end_message_display:inst17|lpm_rom:win_rom_inst|otri[6]" feeding internal logic into a wire File: c:/intelfpga_lite/17.0/quartus/libraries/megafunctions/lpm_rom.tdf Line: 68
    Warning (13049): Converted tri-state buffer "end_message_display:inst17|lpm_rom:win_rom_inst|otri[5]" feeding internal logic into a wire File: c:/intelfpga_lite/17.0/quartus/libraries/megafunctions/lpm_rom.tdf Line: 68
    Warning (13049): Converted tri-state buffer "end_message_display:inst17|lpm_rom:win_rom_inst|otri[4]" feeding internal logic into a wire File: c:/intelfpga_lite/17.0/quartus/libraries/megafunctions/lpm_rom.tdf Line: 68
    Warning (13049): Converted tri-state buffer "end_message_display:inst17|lpm_rom:win_rom_inst|otri[3]" feeding internal logic into a wire File: c:/intelfpga_lite/17.0/quartus/libraries/megafunctions/lpm_rom.tdf Line: 68
    Warning (13049): Converted tri-state buffer "end_message_display:inst17|lpm_rom:win_rom_inst|otri[2]" feeding internal logic into a wire File: c:/intelfpga_lite/17.0/quartus/libraries/megafunctions/lpm_rom.tdf Line: 68
    Warning (13049): Converted tri-state buffer "end_message_display:inst17|lpm_rom:win_rom_inst|otri[1]" feeding internal logic into a wire File: c:/intelfpga_lite/17.0/quartus/libraries/megafunctions/lpm_rom.tdf Line: 68
    Warning (13049): Converted tri-state buffer "end_message_display:inst17|lpm_rom:win_rom_inst|otri[0]" feeding internal logic into a wire File: c:/intelfpga_lite/17.0/quartus/libraries/megafunctions/lpm_rom.tdf Line: 68
    Warning (13049): Converted tri-state buffer "Score_Block:inst11|NumbersBitMap:inst500|lpm_rom:rom_inst|otri[0]" feeding internal logic into a wire File: c:/intelfpga_lite/17.0/quartus/libraries/megafunctions/lpm_rom.tdf Line: 68
    Warning (13049): Converted tri-state buffer "Apple_Block:inst10|AppleBitMap:inst3|lpm_rom:black_apple_rom|otri[7]" feeding internal logic into a wire File: c:/intelfpga_lite/17.0/quartus/libraries/megafunctions/lpm_rom.tdf Line: 68
    Warning (13049): Converted tri-state buffer "Apple_Block:inst10|AppleBitMap:inst3|lpm_rom:black_apple_rom|otri[6]" feeding internal logic into a wire File: c:/intelfpga_lite/17.0/quartus/libraries/megafunctions/lpm_rom.tdf Line: 68
    Warning (13049): Converted tri-state buffer "Apple_Block:inst10|AppleBitMap:inst3|lpm_rom:black_apple_rom|otri[5]" feeding internal logic into a wire File: c:/intelfpga_lite/17.0/quartus/libraries/megafunctions/lpm_rom.tdf Line: 68
    Warning (13049): Converted tri-state buffer "Apple_Block:inst10|AppleBitMap:inst3|lpm_rom:black_apple_rom|otri[4]" feeding internal logic into a wire File: c:/intelfpga_lite/17.0/quartus/libraries/megafunctions/lpm_rom.tdf Line: 68
    Warning (13049): Converted tri-state buffer "Apple_Block:inst10|AppleBitMap:inst3|lpm_rom:black_apple_rom|otri[3]" feeding internal logic into a wire File: c:/intelfpga_lite/17.0/quartus/libraries/megafunctions/lpm_rom.tdf Line: 68
    Warning (13049): Converted tri-state buffer "Apple_Block:inst10|AppleBitMap:inst3|lpm_rom:black_apple_rom|otri[2]" feeding internal logic into a wire File: c:/intelfpga_lite/17.0/quartus/libraries/megafunctions/lpm_rom.tdf Line: 68
    Warning (13049): Converted tri-state buffer "Apple_Block:inst10|AppleBitMap:inst3|lpm_rom:black_apple_rom|otri[1]" feeding internal logic into a wire File: c:/intelfpga_lite/17.0/quartus/libraries/megafunctions/lpm_rom.tdf Line: 68
    Warning (13049): Converted tri-state buffer "Apple_Block:inst10|AppleBitMap:inst3|lpm_rom:black_apple_rom|otri[0]" feeding internal logic into a wire File: c:/intelfpga_lite/17.0/quartus/libraries/megafunctions/lpm_rom.tdf Line: 68
    Warning (13049): Converted tri-state buffer "Apple_Block:inst10|AppleBitMap:inst3|lpm_rom:blue_apple_rom|otri[7]" feeding internal logic into a wire File: c:/intelfpga_lite/17.0/quartus/libraries/megafunctions/lpm_rom.tdf Line: 68
    Warning (13049): Converted tri-state buffer "Apple_Block:inst10|AppleBitMap:inst3|lpm_rom:blue_apple_rom|otri[6]" feeding internal logic into a wire File: c:/intelfpga_lite/17.0/quartus/libraries/megafunctions/lpm_rom.tdf Line: 68
    Warning (13049): Converted tri-state buffer "Apple_Block:inst10|AppleBitMap:inst3|lpm_rom:blue_apple_rom|otri[5]" feeding internal logic into a wire File: c:/intelfpga_lite/17.0/quartus/libraries/megafunctions/lpm_rom.tdf Line: 68
    Warning (13049): Converted tri-state buffer "Apple_Block:inst10|AppleBitMap:inst3|lpm_rom:blue_apple_rom|otri[4]" feeding internal logic into a wire File: c:/intelfpga_lite/17.0/quartus/libraries/megafunctions/lpm_rom.tdf Line: 68
    Warning (13049): Converted tri-state buffer "Apple_Block:inst10|AppleBitMap:inst3|lpm_rom:blue_apple_rom|otri[3]" feeding internal logic into a wire File: c:/intelfpga_lite/17.0/quartus/libraries/megafunctions/lpm_rom.tdf Line: 68
    Warning (13049): Converted tri-state buffer "Apple_Block:inst10|AppleBitMap:inst3|lpm_rom:blue_apple_rom|otri[2]" feeding internal logic into a wire File: c:/intelfpga_lite/17.0/quartus/libraries/megafunctions/lpm_rom.tdf Line: 68
    Warning (13049): Converted tri-state buffer "Apple_Block:inst10|AppleBitMap:inst3|lpm_rom:blue_apple_rom|otri[1]" feeding internal logic into a wire File: c:/intelfpga_lite/17.0/quartus/libraries/megafunctions/lpm_rom.tdf Line: 68
    Warning (13049): Converted tri-state buffer "Apple_Block:inst10|AppleBitMap:inst3|lpm_rom:blue_apple_rom|otri[0]" feeding internal logic into a wire File: c:/intelfpga_lite/17.0/quartus/libraries/megafunctions/lpm_rom.tdf Line: 68
    Warning (13049): Converted tri-state buffer "Apple_Block:inst10|AppleBitMap:inst3|lpm_rom:red_apple_rom|otri[7]" feeding internal logic into a wire File: c:/intelfpga_lite/17.0/quartus/libraries/megafunctions/lpm_rom.tdf Line: 68
    Warning (13049): Converted tri-state buffer "Apple_Block:inst10|AppleBitMap:inst3|lpm_rom:red_apple_rom|otri[6]" feeding internal logic into a wire File: c:/intelfpga_lite/17.0/quartus/libraries/megafunctions/lpm_rom.tdf Line: 68
    Warning (13049): Converted tri-state buffer "Apple_Block:inst10|AppleBitMap:inst3|lpm_rom:red_apple_rom|otri[5]" feeding internal logic into a wire File: c:/intelfpga_lite/17.0/quartus/libraries/megafunctions/lpm_rom.tdf Line: 68
    Warning (13049): Converted tri-state buffer "Apple_Block:inst10|AppleBitMap:inst3|lpm_rom:red_apple_rom|otri[4]" feeding internal logic into a wire File: c:/intelfpga_lite/17.0/quartus/libraries/megafunctions/lpm_rom.tdf Line: 68
    Warning (13049): Converted tri-state buffer "Apple_Block:inst10|AppleBitMap:inst3|lpm_rom:red_apple_rom|otri[3]" feeding internal logic into a wire File: c:/intelfpga_lite/17.0/quartus/libraries/megafunctions/lpm_rom.tdf Line: 68
    Warning (13049): Converted tri-state buffer "Apple_Block:inst10|AppleBitMap:inst3|lpm_rom:red_apple_rom|otri[2]" feeding internal logic into a wire File: c:/intelfpga_lite/17.0/quartus/libraries/megafunctions/lpm_rom.tdf Line: 68
    Warning (13049): Converted tri-state buffer "Apple_Block:inst10|AppleBitMap:inst3|lpm_rom:red_apple_rom|otri[1]" feeding internal logic into a wire File: c:/intelfpga_lite/17.0/quartus/libraries/megafunctions/lpm_rom.tdf Line: 68
    Warning (13049): Converted tri-state buffer "Apple_Block:inst10|AppleBitMap:inst3|lpm_rom:red_apple_rom|otri[0]" feeding internal logic into a wire File: c:/intelfpga_lite/17.0/quartus/libraries/megafunctions/lpm_rom.tdf Line: 68
    Warning (13049): Converted tri-state buffer "Snake_Block:inst13|snake_body:inst6|lpm_rom:rom_inst|otri[7]" feeding internal logic into a wire File: c:/intelfpga_lite/17.0/quartus/libraries/megafunctions/lpm_rom.tdf Line: 68
    Warning (13049): Converted tri-state buffer "Snake_Block:inst13|snake_body:inst6|lpm_rom:rom_inst|otri[6]" feeding internal logic into a wire File: c:/intelfpga_lite/17.0/quartus/libraries/megafunctions/lpm_rom.tdf Line: 68
    Warning (13049): Converted tri-state buffer "Snake_Block:inst13|snake_body:inst6|lpm_rom:rom_inst|otri[5]" feeding internal logic into a wire File: c:/intelfpga_lite/17.0/quartus/libraries/megafunctions/lpm_rom.tdf Line: 68
    Warning (13049): Converted tri-state buffer "Snake_Block:inst13|snake_body:inst6|lpm_rom:rom_inst|otri[4]" feeding internal logic into a wire File: c:/intelfpga_lite/17.0/quartus/libraries/megafunctions/lpm_rom.tdf Line: 68
    Warning (13049): Converted tri-state buffer "Snake_Block:inst13|snake_body:inst6|lpm_rom:rom_inst|otri[3]" feeding internal logic into a wire File: c:/intelfpga_lite/17.0/quartus/libraries/megafunctions/lpm_rom.tdf Line: 68
    Warning (13049): Converted tri-state buffer "Snake_Block:inst13|snake_body:inst6|lpm_rom:rom_inst|otri[2]" feeding internal logic into a wire File: c:/intelfpga_lite/17.0/quartus/libraries/megafunctions/lpm_rom.tdf Line: 68
    Warning (13049): Converted tri-state buffer "Snake_Block:inst13|snake_body:inst6|lpm_rom:rom_inst|otri[1]" feeding internal logic into a wire File: c:/intelfpga_lite/17.0/quartus/libraries/megafunctions/lpm_rom.tdf Line: 68
    Warning (13049): Converted tri-state buffer "Snake_Block:inst13|snake_body:inst6|lpm_rom:rom_inst|otri[0]" feeding internal logic into a wire File: c:/intelfpga_lite/17.0/quartus/libraries/megafunctions/lpm_rom.tdf Line: 68
    Warning (13049): Converted tri-state buffer "Snake_Block:inst13|headBitMap:inst5|lpm_rom:rom_inst|otri[7]" feeding internal logic into a wire File: c:/intelfpga_lite/17.0/quartus/libraries/megafunctions/lpm_rom.tdf Line: 68
    Warning (13049): Converted tri-state buffer "Snake_Block:inst13|headBitMap:inst5|lpm_rom:rom_inst|otri[6]" feeding internal logic into a wire File: c:/intelfpga_lite/17.0/quartus/libraries/megafunctions/lpm_rom.tdf Line: 68
    Warning (13049): Converted tri-state buffer "Snake_Block:inst13|headBitMap:inst5|lpm_rom:rom_inst|otri[5]" feeding internal logic into a wire File: c:/intelfpga_lite/17.0/quartus/libraries/megafunctions/lpm_rom.tdf Line: 68
    Warning (13049): Converted tri-state buffer "Snake_Block:inst13|headBitMap:inst5|lpm_rom:rom_inst|otri[4]" feeding internal logic into a wire File: c:/intelfpga_lite/17.0/quartus/libraries/megafunctions/lpm_rom.tdf Line: 68
    Warning (13049): Converted tri-state buffer "Snake_Block:inst13|headBitMap:inst5|lpm_rom:rom_inst|otri[3]" feeding internal logic into a wire File: c:/intelfpga_lite/17.0/quartus/libraries/megafunctions/lpm_rom.tdf Line: 68
    Warning (13049): Converted tri-state buffer "Snake_Block:inst13|headBitMap:inst5|lpm_rom:rom_inst|otri[2]" feeding internal logic into a wire File: c:/intelfpga_lite/17.0/quartus/libraries/megafunctions/lpm_rom.tdf Line: 68
    Warning (13049): Converted tri-state buffer "Snake_Block:inst13|headBitMap:inst5|lpm_rom:rom_inst|otri[1]" feeding internal logic into a wire File: c:/intelfpga_lite/17.0/quartus/libraries/megafunctions/lpm_rom.tdf Line: 68
    Warning (13049): Converted tri-state buffer "Snake_Block:inst13|headBitMap:inst5|lpm_rom:rom_inst|otri[0]" feeding internal logic into a wire File: c:/intelfpga_lite/17.0/quartus/libraries/megafunctions/lpm_rom.tdf Line: 68
    Warning (13049): Converted tri-state buffer "back_ground_draw:inst4|lpm_rom:wood_tile_rom|otri[7]" feeding internal logic into a wire File: c:/intelfpga_lite/17.0/quartus/libraries/megafunctions/lpm_rom.tdf Line: 68
    Warning (13049): Converted tri-state buffer "back_ground_draw:inst4|lpm_rom:wood_tile_rom|otri[6]" feeding internal logic into a wire File: c:/intelfpga_lite/17.0/quartus/libraries/megafunctions/lpm_rom.tdf Line: 68
    Warning (13049): Converted tri-state buffer "back_ground_draw:inst4|lpm_rom:wood_tile_rom|otri[5]" feeding internal logic into a wire File: c:/intelfpga_lite/17.0/quartus/libraries/megafunctions/lpm_rom.tdf Line: 68
    Warning (13049): Converted tri-state buffer "back_ground_draw:inst4|lpm_rom:wood_tile_rom|otri[4]" feeding internal logic into a wire File: c:/intelfpga_lite/17.0/quartus/libraries/megafunctions/lpm_rom.tdf Line: 68
    Warning (13049): Converted tri-state buffer "back_ground_draw:inst4|lpm_rom:wood_tile_rom|otri[3]" feeding internal logic into a wire File: c:/intelfpga_lite/17.0/quartus/libraries/megafunctions/lpm_rom.tdf Line: 68
    Warning (13049): Converted tri-state buffer "back_ground_draw:inst4|lpm_rom:wood_tile_rom|otri[2]" feeding internal logic into a wire File: c:/intelfpga_lite/17.0/quartus/libraries/megafunctions/lpm_rom.tdf Line: 68
    Warning (13049): Converted tri-state buffer "back_ground_draw:inst4|lpm_rom:wood_tile_rom|otri[1]" feeding internal logic into a wire File: c:/intelfpga_lite/17.0/quartus/libraries/megafunctions/lpm_rom.tdf Line: 68
    Warning (13049): Converted tri-state buffer "back_ground_draw:inst4|lpm_rom:wood_tile_rom|otri[0]" feeding internal logic into a wire File: c:/intelfpga_lite/17.0/quartus/libraries/megafunctions/lpm_rom.tdf Line: 68
    Warning (13049): Converted tri-state buffer "back_ground_draw:inst4|lpm_rom:rock_tile_rom|otri[7]" feeding internal logic into a wire File: c:/intelfpga_lite/17.0/quartus/libraries/megafunctions/lpm_rom.tdf Line: 68
    Warning (13049): Converted tri-state buffer "back_ground_draw:inst4|lpm_rom:rock_tile_rom|otri[6]" feeding internal logic into a wire File: c:/intelfpga_lite/17.0/quartus/libraries/megafunctions/lpm_rom.tdf Line: 68
    Warning (13049): Converted tri-state buffer "back_ground_draw:inst4|lpm_rom:rock_tile_rom|otri[5]" feeding internal logic into a wire File: c:/intelfpga_lite/17.0/quartus/libraries/megafunctions/lpm_rom.tdf Line: 68
    Warning (13049): Converted tri-state buffer "back_ground_draw:inst4|lpm_rom:rock_tile_rom|otri[4]" feeding internal logic into a wire File: c:/intelfpga_lite/17.0/quartus/libraries/megafunctions/lpm_rom.tdf Line: 68
    Warning (13049): Converted tri-state buffer "back_ground_draw:inst4|lpm_rom:rock_tile_rom|otri[3]" feeding internal logic into a wire File: c:/intelfpga_lite/17.0/quartus/libraries/megafunctions/lpm_rom.tdf Line: 68
    Warning (13049): Converted tri-state buffer "back_ground_draw:inst4|lpm_rom:rock_tile_rom|otri[2]" feeding internal logic into a wire File: c:/intelfpga_lite/17.0/quartus/libraries/megafunctions/lpm_rom.tdf Line: 68
    Warning (13049): Converted tri-state buffer "back_ground_draw:inst4|lpm_rom:rock_tile_rom|otri[1]" feeding internal logic into a wire File: c:/intelfpga_lite/17.0/quartus/libraries/megafunctions/lpm_rom.tdf Line: 68
    Warning (13049): Converted tri-state buffer "back_ground_draw:inst4|lpm_rom:rock_tile_rom|otri[0]" feeding internal logic into a wire File: c:/intelfpga_lite/17.0/quartus/libraries/megafunctions/lpm_rom.tdf Line: 68
    Warning (13049): Converted tri-state buffer "back_ground_draw:inst4|lpm_rom:stone_tile_rom|otri[7]" feeding internal logic into a wire File: c:/intelfpga_lite/17.0/quartus/libraries/megafunctions/lpm_rom.tdf Line: 68
    Warning (13049): Converted tri-state buffer "back_ground_draw:inst4|lpm_rom:stone_tile_rom|otri[6]" feeding internal logic into a wire File: c:/intelfpga_lite/17.0/quartus/libraries/megafunctions/lpm_rom.tdf Line: 68
    Warning (13049): Converted tri-state buffer "back_ground_draw:inst4|lpm_rom:stone_tile_rom|otri[5]" feeding internal logic into a wire File: c:/intelfpga_lite/17.0/quartus/libraries/megafunctions/lpm_rom.tdf Line: 68
    Warning (13049): Converted tri-state buffer "back_ground_draw:inst4|lpm_rom:stone_tile_rom|otri[4]" feeding internal logic into a wire File: c:/intelfpga_lite/17.0/quartus/libraries/megafunctions/lpm_rom.tdf Line: 68
    Warning (13049): Converted tri-state buffer "back_ground_draw:inst4|lpm_rom:stone_tile_rom|otri[3]" feeding internal logic into a wire File: c:/intelfpga_lite/17.0/quartus/libraries/megafunctions/lpm_rom.tdf Line: 68
    Warning (13049): Converted tri-state buffer "back_ground_draw:inst4|lpm_rom:stone_tile_rom|otri[2]" feeding internal logic into a wire File: c:/intelfpga_lite/17.0/quartus/libraries/megafunctions/lpm_rom.tdf Line: 68
    Warning (13049): Converted tri-state buffer "back_ground_draw:inst4|lpm_rom:stone_tile_rom|otri[1]" feeding internal logic into a wire File: c:/intelfpga_lite/17.0/quartus/libraries/megafunctions/lpm_rom.tdf Line: 68
    Warning (13049): Converted tri-state buffer "back_ground_draw:inst4|lpm_rom:stone_tile_rom|otri[0]" feeding internal logic into a wire File: c:/intelfpga_lite/17.0/quartus/libraries/megafunctions/lpm_rom.tdf Line: 68
    Warning (13049): Converted tri-state buffer "back_ground_draw:inst4|lpm_rom:grass_tile_rom|otri[7]" feeding internal logic into a wire File: c:/intelfpga_lite/17.0/quartus/libraries/megafunctions/lpm_rom.tdf Line: 68
    Warning (13049): Converted tri-state buffer "back_ground_draw:inst4|lpm_rom:grass_tile_rom|otri[6]" feeding internal logic into a wire File: c:/intelfpga_lite/17.0/quartus/libraries/megafunctions/lpm_rom.tdf Line: 68
    Warning (13049): Converted tri-state buffer "back_ground_draw:inst4|lpm_rom:grass_tile_rom|otri[5]" feeding internal logic into a wire File: c:/intelfpga_lite/17.0/quartus/libraries/megafunctions/lpm_rom.tdf Line: 68
    Warning (13049): Converted tri-state buffer "back_ground_draw:inst4|lpm_rom:grass_tile_rom|otri[4]" feeding internal logic into a wire File: c:/intelfpga_lite/17.0/quartus/libraries/megafunctions/lpm_rom.tdf Line: 68
    Warning (13049): Converted tri-state buffer "back_ground_draw:inst4|lpm_rom:grass_tile_rom|otri[3]" feeding internal logic into a wire File: c:/intelfpga_lite/17.0/quartus/libraries/megafunctions/lpm_rom.tdf Line: 68
    Warning (13049): Converted tri-state buffer "back_ground_draw:inst4|lpm_rom:grass_tile_rom|otri[2]" feeding internal logic into a wire File: c:/intelfpga_lite/17.0/quartus/libraries/megafunctions/lpm_rom.tdf Line: 68
    Warning (13049): Converted tri-state buffer "back_ground_draw:inst4|lpm_rom:grass_tile_rom|otri[1]" feeding internal logic into a wire File: c:/intelfpga_lite/17.0/quartus/libraries/megafunctions/lpm_rom.tdf Line: 68
    Warning (13049): Converted tri-state buffer "back_ground_draw:inst4|lpm_rom:grass_tile_rom|otri[0]" feeding internal logic into a wire File: c:/intelfpga_lite/17.0/quartus/libraries/megafunctions/lpm_rom.tdf Line: 68
    Warning (13049): Converted tri-state buffer "back_ground_draw:inst4|lpm_rom:top_background_rom|otri[7]" feeding internal logic into a wire File: c:/intelfpga_lite/17.0/quartus/libraries/megafunctions/lpm_rom.tdf Line: 68
    Warning (13049): Converted tri-state buffer "back_ground_draw:inst4|lpm_rom:top_background_rom|otri[6]" feeding internal logic into a wire File: c:/intelfpga_lite/17.0/quartus/libraries/megafunctions/lpm_rom.tdf Line: 68
    Warning (13049): Converted tri-state buffer "back_ground_draw:inst4|lpm_rom:top_background_rom|otri[5]" feeding internal logic into a wire File: c:/intelfpga_lite/17.0/quartus/libraries/megafunctions/lpm_rom.tdf Line: 68
    Warning (13049): Converted tri-state buffer "back_ground_draw:inst4|lpm_rom:top_background_rom|otri[4]" feeding internal logic into a wire File: c:/intelfpga_lite/17.0/quartus/libraries/megafunctions/lpm_rom.tdf Line: 68
    Warning (13049): Converted tri-state buffer "back_ground_draw:inst4|lpm_rom:top_background_rom|otri[3]" feeding internal logic into a wire File: c:/intelfpga_lite/17.0/quartus/libraries/megafunctions/lpm_rom.tdf Line: 68
    Warning (13049): Converted tri-state buffer "back_ground_draw:inst4|lpm_rom:top_background_rom|otri[2]" feeding internal logic into a wire File: c:/intelfpga_lite/17.0/quartus/libraries/megafunctions/lpm_rom.tdf Line: 68
    Warning (13049): Converted tri-state buffer "back_ground_draw:inst4|lpm_rom:top_background_rom|otri[1]" feeding internal logic into a wire File: c:/intelfpga_lite/17.0/quartus/libraries/megafunctions/lpm_rom.tdf Line: 68
    Warning (13049): Converted tri-state buffer "back_ground_draw:inst4|lpm_rom:top_background_rom|otri[0]" feeding internal logic into a wire File: c:/intelfpga_lite/17.0/quartus/libraries/megafunctions/lpm_rom.tdf Line: 68
Info (278001): Inferred 2 megafunctions from design logic
    Info (278004): Inferred divider/modulo megafunction ("lpm_divide") from the following logic: "back_ground_draw:inst4|Div1" File: C:/Users/USER/Documents/Work/FPGA-Snake-Arcade/RTL/VGA/back_ground_draw.sv Line: 161
    Info (278004): Inferred divider/modulo megafunction ("lpm_divide") from the following logic: "back_ground_draw:inst4|Div0" File: C:/Users/USER/Documents/Work/FPGA-Snake-Arcade/RTL/VGA/back_ground_draw.sv Line: 160
Info (12130): Elaborated megafunction instantiation "back_ground_draw:inst4|lpm_divide:Div1" File: C:/Users/USER/Documents/Work/FPGA-Snake-Arcade/RTL/VGA/back_ground_draw.sv Line: 161
Info (12133): Instantiated megafunction "back_ground_draw:inst4|lpm_divide:Div1" with the following parameter: File: C:/Users/USER/Documents/Work/FPGA-Snake-Arcade/RTL/VGA/back_ground_draw.sv Line: 161
    Info (12134): Parameter "LPM_WIDTHN" = "11"
    Info (12134): Parameter "LPM_WIDTHD" = "5"
    Info (12134): Parameter "LPM_NREPRESENTATION" = "UNSIGNED"
    Info (12134): Parameter "LPM_DREPRESENTATION" = "UNSIGNED"
Info (12021): Found 1 design units, including 1 entities, in source file db/lpm_divide_gbm.tdf
    Info (12023): Found entity 1: lpm_divide_gbm File: C:/Users/USER/Documents/Work/FPGA-Snake-Arcade/db/lpm_divide_gbm.tdf Line: 25
Info (12021): Found 1 design units, including 1 entities, in source file db/sign_div_unsign_mlh.tdf
    Info (12023): Found entity 1: sign_div_unsign_mlh File: C:/Users/USER/Documents/Work/FPGA-Snake-Arcade/db/sign_div_unsign_mlh.tdf Line: 25
Info (12021): Found 1 design units, including 1 entities, in source file db/alt_u_div_ive.tdf
    Info (12023): Found entity 1: alt_u_div_ive File: C:/Users/USER/Documents/Work/FPGA-Snake-Arcade/db/alt_u_div_ive.tdf Line: 23
Warning (13004): Presettable and clearable registers converted to equivalent circuits with latches. Registers power-up to an undefined state, and DEVCLRn places the registers in an undefined state.
    Warning (13310): Register "Audio_Block:inst6|AUDIO:inst|melody_player_1:inst5|noteTimeCounter[4]" is converted into an equivalent circuit using register "Audio_Block:inst6|AUDIO:inst|melody_player_1:inst5|noteTimeCounter[4]~_emulated" and latch "Audio_Block:inst6|AUDIO:inst|melody_player_1:inst5|noteTimeCounter[4]~1" File: C:/Users/USER/Documents/Work/FPGA-Snake-Arcade/RTL/AUDIO/melody_player_1.sv Line: 98
    Warning (13310): Register "Audio_Block:inst6|AUDIO:inst|melody_player_1:inst5|noteTimeCounter[3]" is converted into an equivalent circuit using register "Audio_Block:inst6|AUDIO:inst|melody_player_1:inst5|noteTimeCounter[3]~_emulated" and latch "Audio_Block:inst6|AUDIO:inst|melody_player_1:inst5|noteTimeCounter[3]~5" File: C:/Users/USER/Documents/Work/FPGA-Snake-Arcade/RTL/AUDIO/melody_player_1.sv Line: 98
    Warning (13310): Register "Audio_Block:inst6|AUDIO:inst|melody_player_1:inst5|noteTimeCounter[2]" is converted into an equivalent circuit using register "Audio_Block:inst6|AUDIO:inst|melody_player_1:inst5|noteTimeCounter[2]~_emulated" and latch "Audio_Block:inst6|AUDIO:inst|melody_player_1:inst5|noteTimeCounter[2]~9" File: C:/Users/USER/Documents/Work/FPGA-Snake-Arcade/RTL/AUDIO/melody_player_1.sv Line: 98
    Warning (13310): Register "Audio_Block:inst6|AUDIO:inst|melody_player_1:inst5|noteTimeCounter[1]" is converted into an equivalent circuit using register "Audio_Block:inst6|AUDIO:inst|melody_player_1:inst5|noteTimeCounter[1]~_emulated" and latch "Audio_Block:inst6|AUDIO:inst|melody_player_1:inst5|noteTimeCounter[1]~13" File: C:/Users/USER/Documents/Work/FPGA-Snake-Arcade/RTL/AUDIO/melody_player_1.sv Line: 98
    Warning (13310): Register "Audio_Block:inst6|AUDIO:inst|melody_player_1:inst5|noteTimeCounter[0]" is converted into an equivalent circuit using register "Audio_Block:inst6|AUDIO:inst|melody_player_1:inst5|noteTimeCounter[0]~_emulated" and latch "Audio_Block:inst6|AUDIO:inst|melody_player_1:inst5|noteTimeCounter[0]~17" File: C:/Users/USER/Documents/Work/FPGA-Snake-Arcade/RTL/AUDIO/melody_player_1.sv Line: 98
Warning (13024): Output pins are stuck at VCC or GND
    Warning (13410): Pin "HEX1[1]" is stuck at GND
    Warning (13410): Pin "HEX2[6]" is stuck at VCC
    Warning (13410): Pin "HEX2[5]" is stuck at VCC
    Warning (13410): Pin "HEX2[4]" is stuck at VCC
    Warning (13410): Pin "HEX2[3]" is stuck at VCC
    Warning (13410): Pin "HEX2[2]" is stuck at VCC
    Warning (13410): Pin "HEX2[1]" is stuck at VCC
    Warning (13410): Pin "HEX2[0]" is stuck at VCC
    Warning (13410): Pin "HEX3[6]" is stuck at VCC
    Warning (13410): Pin "HEX3[5]" is stuck at VCC
    Warning (13410): Pin "HEX3[4]" is stuck at VCC
    Warning (13410): Pin "HEX3[3]" is stuck at VCC
    Warning (13410): Pin "HEX3[2]" is stuck at VCC
    Warning (13410): Pin "HEX3[1]" is stuck at VCC
    Warning (13410): Pin "HEX3[0]" is stuck at VCC
    Warning (13410): Pin "HEX4[6]" is stuck at VCC
    Warning (13410): Pin "HEX4[5]" is stuck at VCC
    Warning (13410): Pin "HEX4[4]" is stuck at VCC
    Warning (13410): Pin "HEX4[3]" is stuck at VCC
    Warning (13410): Pin "HEX4[2]" is stuck at VCC
    Warning (13410): Pin "HEX4[1]" is stuck at VCC
    Warning (13410): Pin "HEX4[0]" is stuck at VCC
    Warning (13410): Pin "HEX5[6]" is stuck at VCC
    Warning (13410): Pin "HEX5[5]" is stuck at VCC
    Warning (13410): Pin "HEX5[4]" is stuck at VCC
    Warning (13410): Pin "HEX5[3]" is stuck at VCC
    Warning (13410): Pin "HEX5[2]" is stuck at VCC
    Warning (13410): Pin "HEX5[1]" is stuck at VCC
    Warning (13410): Pin "HEX5[0]" is stuck at VCC
Info (286031): Timing-Driven Synthesis is running on partition "Top"
Info (17049): 14 registers lost all their fanouts during netlist optimizations.
Info (17036): Removed 1 MSB VCC or GND address nodes from RAM block "Audio_Block:inst6|AUDIO:inst|melody_player_1:inst5|lpm_rom:rom_inst|altrom:srom|altsyncram:rom_block|altsyncram_se71:auto_generated|ALTSYNCRAM" File: C:/Users/USER/Documents/Work/FPGA-Snake-Arcade/db/altsyncram_se71.tdf Line: 32
Critical Warning (35025): Partially connected in-system debug instance "auto_signaltap_0" to 39 of its 40 required data inputs, trigger inputs, acquisition clocks, and dynamic pins.  There were 0 illegal, 0 inaccessible, and 1 missing sources or connections.
Info (35026): Attempting to remove 161 I/O cell(s) that do not connect to top-level pins or have illegal connectivity
    Info (35027): Removed I/O cell "TOP_KBD:inst16|KBDINTF:inst|make~output"
    Info (35027): Removed I/O cell "TOP_KBD:inst16|KBDINTF:inst|make"
    Info (35027): Removed I/O cell "TOP_KBD:inst16|KBDINTF:inst|break~output"
    Info (35027): Removed I/O cell "TOP_KBD:inst16|KBDINTF:inst|break"
    Info (35027): Removed I/O cell "TOP_KBD:inst16|KBDINTF:inst|keyCode[8]~output"
    Info (35027): Removed I/O cell "TOP_KBD:inst16|KBDINTF:inst|keyCode[8]"
    Info (35027): Removed I/O cell "TOP_KBD:inst16|KBDINTF:inst|keyCode[7]~output"
    Info (35027): Removed I/O cell "TOP_KBD:inst16|KBDINTF:inst|keyCode[7]"
    Info (35027): Removed I/O cell "TOP_KBD:inst16|KBDINTF:inst|keyCode[6]~output"
    Info (35027): Removed I/O cell "TOP_KBD:inst16|KBDINTF:inst|keyCode[6]"
    Info (35027): Removed I/O cell "TOP_KBD:inst16|KBDINTF:inst|keyCode[5]~output"
    Info (35027): Removed I/O cell "TOP_KBD:inst16|KBDINTF:inst|keyCode[5]"
    Info (35027): Removed I/O cell "TOP_KBD:inst16|KBDINTF:inst|keyCode[4]~output"
    Info (35027): Removed I/O cell "TOP_KBD:inst16|KBDINTF:inst|keyCode[4]"
    Info (35027): Removed I/O cell "TOP_KBD:inst16|KBDINTF:inst|keyCode[3]~output"
    Info (35027): Removed I/O cell "TOP_KBD:inst16|KBDINTF:inst|keyCode[3]"
    Info (35027): Removed I/O cell "TOP_KBD:inst16|KBDINTF:inst|keyCode[2]~output"
    Info (35027): Removed I/O cell "TOP_KBD:inst16|KBDINTF:inst|keyCode[2]"
    Info (35027): Removed I/O cell "TOP_KBD:inst16|KBDINTF:inst|keyCode[1]~output"
    Info (35027): Removed I/O cell "TOP_KBD:inst16|KBDINTF:inst|keyCode[1]"
    Info (35027): Removed I/O cell "TOP_KBD:inst16|KBDINTF:inst|keyCode[0]~output"
    Info (35027): Removed I/O cell "TOP_KBD:inst16|KBDINTF:inst|keyCode[0]"
    Info (35027): Removed I/O cell "TOP_KBD:inst16|KBDINTF:inst|CLOCK_50~input"
    Info (35027): Removed I/O cell "TOP_KBD:inst16|KBDINTF:inst|CLOCK_50"
    Info (35027): Removed I/O cell "TOP_KBD:inst16|KBDINTF:inst|resetN~input"
    Info (35027): Removed I/O cell "TOP_KBD:inst16|KBDINTF:inst|resetN"
    Info (35027): Removed I/O cell "Audio_Block:inst6|AUDIO:inst|audio_codec_controller:inst|AUD_I2C_SDAT~output"
    Info (35027): Removed I/O cell "Audio_Block:inst6|AUDIO:inst|audio_codec_controller:inst|adcdata_left[0]~output"
    Info (35027): Removed I/O cell "Audio_Block:inst6|AUDIO:inst|audio_codec_controller:inst|adcdata_left[0]"
    Info (35027): Removed I/O cell "Audio_Block:inst6|AUDIO:inst|audio_codec_controller:inst|adcdata_left[1]~output"
    Info (35027): Removed I/O cell "Audio_Block:inst6|AUDIO:inst|audio_codec_controller:inst|adcdata_left[1]"
    Info (35027): Removed I/O cell "Audio_Block:inst6|AUDIO:inst|audio_codec_controller:inst|adcdata_left[2]~output"
    Info (35027): Removed I/O cell "Audio_Block:inst6|AUDIO:inst|audio_codec_controller:inst|adcdata_left[2]"
    Info (35027): Removed I/O cell "Audio_Block:inst6|AUDIO:inst|audio_codec_controller:inst|adcdata_left[3]~output"
    Info (35027): Removed I/O cell "Audio_Block:inst6|AUDIO:inst|audio_codec_controller:inst|adcdata_left[3]"
    Info (35027): Removed I/O cell "Audio_Block:inst6|AUDIO:inst|audio_codec_controller:inst|adcdata_left[4]~output"
    Info (35027): Removed I/O cell "Audio_Block:inst6|AUDIO:inst|audio_codec_controller:inst|adcdata_left[4]"
    Info (35027): Removed I/O cell "Audio_Block:inst6|AUDIO:inst|audio_codec_controller:inst|adcdata_left[5]~output"
    Info (35027): Removed I/O cell "Audio_Block:inst6|AUDIO:inst|audio_codec_controller:inst|adcdata_left[5]"
    Info (35027): Removed I/O cell "Audio_Block:inst6|AUDIO:inst|audio_codec_controller:inst|adcdata_left[6]~output"
    Info (35027): Removed I/O cell "Audio_Block:inst6|AUDIO:inst|audio_codec_controller:inst|adcdata_left[6]"
    Info (35027): Removed I/O cell "Audio_Block:inst6|AUDIO:inst|audio_codec_controller:inst|adcdata_left[7]~output"
    Info (35027): Removed I/O cell "Audio_Block:inst6|AUDIO:inst|audio_codec_controller:inst|adcdata_left[7]"
    Info (35027): Removed I/O cell "Audio_Block:inst6|AUDIO:inst|audio_codec_controller:inst|adcdata_left[8]~output"
    Info (35027): Removed I/O cell "Audio_Block:inst6|AUDIO:inst|audio_codec_controller:inst|adcdata_left[8]"
    Info (35027): Removed I/O cell "Audio_Block:inst6|AUDIO:inst|audio_codec_controller:inst|adcdata_left[9]~output"
    Info (35027): Removed I/O cell "Audio_Block:inst6|AUDIO:inst|audio_codec_controller:inst|adcdata_left[9]"
    Info (35027): Removed I/O cell "Audio_Block:inst6|AUDIO:inst|audio_codec_controller:inst|adcdata_left[10]~output"
    Info (35027): Removed I/O cell "Audio_Block:inst6|AUDIO:inst|audio_codec_controller:inst|adcdata_left[10]"
    Info (35027): Removed I/O cell "Audio_Block:inst6|AUDIO:inst|audio_codec_controller:inst|adcdata_left[11]~output"
    Info (35027): Removed I/O cell "Audio_Block:inst6|AUDIO:inst|audio_codec_controller:inst|adcdata_left[11]"
    Info (35027): Removed I/O cell "Audio_Block:inst6|AUDIO:inst|audio_codec_controller:inst|adcdata_left[12]~output"
    Info (35027): Removed I/O cell "Audio_Block:inst6|AUDIO:inst|audio_codec_controller:inst|adcdata_left[12]"
    Info (35027): Removed I/O cell "Audio_Block:inst6|AUDIO:inst|audio_codec_controller:inst|adcdata_left[13]~output"
    Info (35027): Removed I/O cell "Audio_Block:inst6|AUDIO:inst|audio_codec_controller:inst|adcdata_left[13]"
    Info (35027): Removed I/O cell "Audio_Block:inst6|AUDIO:inst|audio_codec_controller:inst|adcdata_left[14]~output"
    Info (35027): Removed I/O cell "Audio_Block:inst6|AUDIO:inst|audio_codec_controller:inst|adcdata_left[14]"
    Info (35027): Removed I/O cell "Audio_Block:inst6|AUDIO:inst|audio_codec_controller:inst|adcdata_left[15]~output"
    Info (35027): Removed I/O cell "Audio_Block:inst6|AUDIO:inst|audio_codec_controller:inst|adcdata_left[15]"
    Info (35027): Removed I/O cell "Audio_Block:inst6|AUDIO:inst|audio_codec_controller:inst|adcdata_right[0]~output"
    Info (35027): Removed I/O cell "Audio_Block:inst6|AUDIO:inst|audio_codec_controller:inst|adcdata_right[0]"
    Info (35027): Removed I/O cell "Audio_Block:inst6|AUDIO:inst|audio_codec_controller:inst|adcdata_right[1]~output"
    Info (35027): Removed I/O cell "Audio_Block:inst6|AUDIO:inst|audio_codec_controller:inst|adcdata_right[1]"
    Info (35027): Removed I/O cell "Audio_Block:inst6|AUDIO:inst|audio_codec_controller:inst|adcdata_right[2]~output"
    Info (35027): Removed I/O cell "Audio_Block:inst6|AUDIO:inst|audio_codec_controller:inst|adcdata_right[2]"
    Info (35027): Removed I/O cell "Audio_Block:inst6|AUDIO:inst|audio_codec_controller:inst|adcdata_right[3]~output"
    Info (35027): Removed I/O cell "Audio_Block:inst6|AUDIO:inst|audio_codec_controller:inst|adcdata_right[3]"
    Info (35027): Removed I/O cell "Audio_Block:inst6|AUDIO:inst|audio_codec_controller:inst|adcdata_right[4]~output"
    Info (35027): Removed I/O cell "Audio_Block:inst6|AUDIO:inst|audio_codec_controller:inst|adcdata_right[4]"
    Info (35027): Removed I/O cell "Audio_Block:inst6|AUDIO:inst|audio_codec_controller:inst|adcdata_right[5]~output"
    Info (35027): Removed I/O cell "Audio_Block:inst6|AUDIO:inst|audio_codec_controller:inst|adcdata_right[5]"
    Info (35027): Removed I/O cell "Audio_Block:inst6|AUDIO:inst|audio_codec_controller:inst|adcdata_right[6]~output"
    Info (35027): Removed I/O cell "Audio_Block:inst6|AUDIO:inst|audio_codec_controller:inst|adcdata_right[6]"
    Info (35027): Removed I/O cell "Audio_Block:inst6|AUDIO:inst|audio_codec_controller:inst|adcdata_right[7]~output"
    Info (35027): Removed I/O cell "Audio_Block:inst6|AUDIO:inst|audio_codec_controller:inst|adcdata_right[7]"
    Info (35027): Removed I/O cell "Audio_Block:inst6|AUDIO:inst|audio_codec_controller:inst|adcdata_right[8]~output"
    Info (35027): Removed I/O cell "Audio_Block:inst6|AUDIO:inst|audio_codec_controller:inst|adcdata_right[8]"
    Info (35027): Removed I/O cell "Audio_Block:inst6|AUDIO:inst|audio_codec_controller:inst|adcdata_right[9]~output"
    Info (35027): Removed I/O cell "Audio_Block:inst6|AUDIO:inst|audio_codec_controller:inst|adcdata_right[9]"
    Info (35027): Removed I/O cell "Audio_Block:inst6|AUDIO:inst|audio_codec_controller:inst|adcdata_right[10]~output"
    Info (35027): Removed I/O cell "Audio_Block:inst6|AUDIO:inst|audio_codec_controller:inst|adcdata_right[10]"
    Info (35027): Removed I/O cell "Audio_Block:inst6|AUDIO:inst|audio_codec_controller:inst|adcdata_right[11]~output"
    Info (35027): Removed I/O cell "Audio_Block:inst6|AUDIO:inst|audio_codec_controller:inst|adcdata_right[11]"
    Info (35027): Removed I/O cell "Audio_Block:inst6|AUDIO:inst|audio_codec_controller:inst|adcdata_right[12]~output"
    Info (35027): Removed I/O cell "Audio_Block:inst6|AUDIO:inst|audio_codec_controller:inst|adcdata_right[12]"
    Info (35027): Removed I/O cell "Audio_Block:inst6|AUDIO:inst|audio_codec_controller:inst|adcdata_right[13]~output"
    Info (35027): Removed I/O cell "Audio_Block:inst6|AUDIO:inst|audio_codec_controller:inst|adcdata_right[13]"
    Info (35027): Removed I/O cell "Audio_Block:inst6|AUDIO:inst|audio_codec_controller:inst|adcdata_right[14]~output"
    Info (35027): Removed I/O cell "Audio_Block:inst6|AUDIO:inst|audio_codec_controller:inst|adcdata_right[14]"
    Info (35027): Removed I/O cell "Audio_Block:inst6|AUDIO:inst|audio_codec_controller:inst|adcdata_right[15]~output"
    Info (35027): Removed I/O cell "Audio_Block:inst6|AUDIO:inst|audio_codec_controller:inst|adcdata_right[15]"
    Info (35027): Removed I/O cell "Audio_Block:inst6|AUDIO:inst|audio_codec_controller:inst|AUD_I2C_SDAT"
    Info (35027): Removed I/O cell "Audio_Block:inst6|AUDIO:inst|audio_codec_controller:inst|AUD_I2C_SDAT~input"
    Info (35027): Removed I/O cell "Audio_Block:inst6|AUDIO:inst|audio_codec_controller:inst|CLOCK31_5~input"
    Info (35027): Removed I/O cell "Audio_Block:inst6|AUDIO:inst|audio_codec_controller:inst|CLOCK31_5"
    Info (35027): Removed I/O cell "Audio_Block:inst6|AUDIO:inst|audio_codec_controller:inst|resetN~input"
    Info (35027): Removed I/O cell "Audio_Block:inst6|AUDIO:inst|audio_codec_controller:inst|resetN"
    Info (35027): Removed I/O cell "Audio_Block:inst6|AUDIO:inst|audio_codec_controller:inst|dacdata_left[15]~input"
    Info (35027): Removed I/O cell "Audio_Block:inst6|AUDIO:inst|audio_codec_controller:inst|dacdata_left[15]"
    Info (35027): Removed I/O cell "Audio_Block:inst6|AUDIO:inst|audio_codec_controller:inst|dacdata_right[15]~input"
    Info (35027): Removed I/O cell "Audio_Block:inst6|AUDIO:inst|audio_codec_controller:inst|dacdata_right[15]"
    Info (35027): Removed I/O cell "Audio_Block:inst6|AUDIO:inst|audio_codec_controller:inst|dacdata_left[14]~input"
    Info (35027): Removed I/O cell "Audio_Block:inst6|AUDIO:inst|audio_codec_controller:inst|dacdata_left[14]"
    Info (35027): Removed I/O cell "Audio_Block:inst6|AUDIO:inst|audio_codec_controller:inst|dacdata_right[14]~input"
    Info (35027): Removed I/O cell "Audio_Block:inst6|AUDIO:inst|audio_codec_controller:inst|dacdata_right[14]"
    Info (35027): Removed I/O cell "Audio_Block:inst6|AUDIO:inst|audio_codec_controller:inst|dacdata_left[13]~input"
    Info (35027): Removed I/O cell "Audio_Block:inst6|AUDIO:inst|audio_codec_controller:inst|dacdata_left[13]"
    Info (35027): Removed I/O cell "Audio_Block:inst6|AUDIO:inst|audio_codec_controller:inst|dacdata_right[13]~input"
    Info (35027): Removed I/O cell "Audio_Block:inst6|AUDIO:inst|audio_codec_controller:inst|dacdata_right[13]"
    Info (35027): Removed I/O cell "Audio_Block:inst6|AUDIO:inst|audio_codec_controller:inst|dacdata_left[12]~input"
    Info (35027): Removed I/O cell "Audio_Block:inst6|AUDIO:inst|audio_codec_controller:inst|dacdata_left[12]"
    Info (35027): Removed I/O cell "Audio_Block:inst6|AUDIO:inst|audio_codec_controller:inst|dacdata_right[12]~input"
    Info (35027): Removed I/O cell "Audio_Block:inst6|AUDIO:inst|audio_codec_controller:inst|dacdata_right[12]"
    Info (35027): Removed I/O cell "Audio_Block:inst6|AUDIO:inst|audio_codec_controller:inst|dacdata_left[11]~input"
    Info (35027): Removed I/O cell "Audio_Block:inst6|AUDIO:inst|audio_codec_controller:inst|dacdata_left[11]"
    Info (35027): Removed I/O cell "Audio_Block:inst6|AUDIO:inst|audio_codec_controller:inst|dacdata_right[11]~input"
    Info (35027): Removed I/O cell "Audio_Block:inst6|AUDIO:inst|audio_codec_controller:inst|dacdata_right[11]"
    Info (35027): Removed I/O cell "Audio_Block:inst6|AUDIO:inst|audio_codec_controller:inst|dacdata_left[10]~input"
    Info (35027): Removed I/O cell "Audio_Block:inst6|AUDIO:inst|audio_codec_controller:inst|dacdata_left[10]"
    Info (35027): Removed I/O cell "Audio_Block:inst6|AUDIO:inst|audio_codec_controller:inst|dacdata_right[10]~input"
    Info (35027): Removed I/O cell "Audio_Block:inst6|AUDIO:inst|audio_codec_controller:inst|dacdata_right[10]"
    Info (35027): Removed I/O cell "Audio_Block:inst6|AUDIO:inst|audio_codec_controller:inst|dacdata_left[9]~input"
    Info (35027): Removed I/O cell "Audio_Block:inst6|AUDIO:inst|audio_codec_controller:inst|dacdata_left[9]"
    Info (35027): Removed I/O cell "Audio_Block:inst6|AUDIO:inst|audio_codec_controller:inst|dacdata_right[9]~input"
    Info (35027): Removed I/O cell "Audio_Block:inst6|AUDIO:inst|audio_codec_controller:inst|dacdata_right[9]"
    Info (35027): Removed I/O cell "Audio_Block:inst6|AUDIO:inst|audio_codec_controller:inst|dacdata_left[8]~input"
    Info (35027): Removed I/O cell "Audio_Block:inst6|AUDIO:inst|audio_codec_controller:inst|dacdata_left[8]"
    Info (35027): Removed I/O cell "Audio_Block:inst6|AUDIO:inst|audio_codec_controller:inst|dacdata_right[8]~input"
    Info (35027): Removed I/O cell "Audio_Block:inst6|AUDIO:inst|audio_codec_controller:inst|dacdata_right[8]"
    Info (35027): Removed I/O cell "Audio_Block:inst6|AUDIO:inst|audio_codec_controller:inst|dacdata_left[7]~input"
    Info (35027): Removed I/O cell "Audio_Block:inst6|AUDIO:inst|audio_codec_controller:inst|dacdata_left[7]"
    Info (35027): Removed I/O cell "Audio_Block:inst6|AUDIO:inst|audio_codec_controller:inst|dacdata_right[7]~input"
    Info (35027): Removed I/O cell "Audio_Block:inst6|AUDIO:inst|audio_codec_controller:inst|dacdata_right[7]"
    Info (35027): Removed I/O cell "Audio_Block:inst6|AUDIO:inst|audio_codec_controller:inst|dacdata_left[6]~input"
    Info (35027): Removed I/O cell "Audio_Block:inst6|AUDIO:inst|audio_codec_controller:inst|dacdata_left[6]"
    Info (35027): Removed I/O cell "Audio_Block:inst6|AUDIO:inst|audio_codec_controller:inst|dacdata_right[6]~input"
    Info (35027): Removed I/O cell "Audio_Block:inst6|AUDIO:inst|audio_codec_controller:inst|dacdata_right[6]"
    Info (35027): Removed I/O cell "Audio_Block:inst6|AUDIO:inst|audio_codec_controller:inst|dacdata_left[5]~input"
    Info (35027): Removed I/O cell "Audio_Block:inst6|AUDIO:inst|audio_codec_controller:inst|dacdata_left[5]"
    Info (35027): Removed I/O cell "Audio_Block:inst6|AUDIO:inst|audio_codec_controller:inst|dacdata_right[5]~input"
    Info (35027): Removed I/O cell "Audio_Block:inst6|AUDIO:inst|audio_codec_controller:inst|dacdata_right[5]"
    Info (35027): Removed I/O cell "Audio_Block:inst6|AUDIO:inst|audio_codec_controller:inst|dacdata_left[4]~input"
    Info (35027): Removed I/O cell "Audio_Block:inst6|AUDIO:inst|audio_codec_controller:inst|dacdata_left[4]"
    Info (35027): Removed I/O cell "Audio_Block:inst6|AUDIO:inst|audio_codec_controller:inst|dacdata_right[4]~input"
    Info (35027): Removed I/O cell "Audio_Block:inst6|AUDIO:inst|audio_codec_controller:inst|dacdata_right[4]"
    Info (35027): Removed I/O cell "Audio_Block:inst6|AUDIO:inst|audio_codec_controller:inst|dacdata_left[3]~input"
    Info (35027): Removed I/O cell "Audio_Block:inst6|AUDIO:inst|audio_codec_controller:inst|dacdata_left[3]"
    Info (35027): Removed I/O cell "Audio_Block:inst6|AUDIO:inst|audio_codec_controller:inst|dacdata_right[3]~input"
    Info (35027): Removed I/O cell "Audio_Block:inst6|AUDIO:inst|audio_codec_controller:inst|dacdata_right[3]"
    Info (35027): Removed I/O cell "Audio_Block:inst6|AUDIO:inst|audio_codec_controller:inst|dacdata_left[2]~input"
    Info (35027): Removed I/O cell "Audio_Block:inst6|AUDIO:inst|audio_codec_controller:inst|dacdata_left[2]"
    Info (35027): Removed I/O cell "Audio_Block:inst6|AUDIO:inst|audio_codec_controller:inst|dacdata_right[2]~input"
    Info (35027): Removed I/O cell "Audio_Block:inst6|AUDIO:inst|audio_codec_controller:inst|dacdata_right[2]"
    Info (35027): Removed I/O cell "Audio_Block:inst6|AUDIO:inst|audio_codec_controller:inst|dacdata_left[1]~input"
    Info (35027): Removed I/O cell "Audio_Block:inst6|AUDIO:inst|audio_codec_controller:inst|dacdata_left[1]"
    Info (35027): Removed I/O cell "Audio_Block:inst6|AUDIO:inst|audio_codec_controller:inst|dacdata_right[1]~input"
    Info (35027): Removed I/O cell "Audio_Block:inst6|AUDIO:inst|audio_codec_controller:inst|dacdata_right[1]"
    Info (35027): Removed I/O cell "Audio_Block:inst6|AUDIO:inst|audio_codec_controller:inst|dacdata_left[0]~input"
    Info (35027): Removed I/O cell "Audio_Block:inst6|AUDIO:inst|audio_codec_controller:inst|dacdata_left[0]"
    Info (35027): Removed I/O cell "Audio_Block:inst6|AUDIO:inst|audio_codec_controller:inst|dacdata_right[0]~input"
    Info (35027): Removed I/O cell "Audio_Block:inst6|AUDIO:inst|audio_codec_controller:inst|dacdata_right[0]"
Info (16010): Generating hard_block partition "hard_block:auto_generated_inst"
    Info (16011): Adding 18 node(s), including 0 DDIO, 1 PLL, 0 transceiver and 0 LCELL
Info (21057): Implemented 12443 device resources after synthesis - the final resource count might be different
    Info (21058): Implemented 10 input pins
    Info (21059): Implemented 85 output pins
    Info (21061): Implemented 12082 logic cells
    Info (21064): Implemented 263 RAM segments
    Info (21065): Implemented 1 PLLs
    Info (21062): Implemented 1 DSP elements
Info: Quartus Prime Analysis & Synthesis was successful. 0 errors, 218 warnings
    Info: Peak virtual memory: 5093 megabytes
    Info: Processing ended: Fri Oct 09 18:33:41 2026
    Info: Elapsed time: 00:00:48
    Info: Total CPU time (on all processors): 00:00:57


